user_id,email,signup_date,country
u02-000000,user0@uni.edu,2026-08-14,AU
u02-000001,user1@example.com,2026-07-26,IN
u02-000002,user2@mail.co.in,2026-04-11,DE
u02-000003,user3@example.com,2026-09-14,SG
u02-000004,user4@mail.co.in,2026-05-24,AU
u02-000005,user5@uni.edu,2026-02-26,SG
u02-000006,user6@corp.io,2026-05-12,IN
u02-000007,user7@corp.io,2026-02-12,DE
u02-000008,user8@uni.edu,2026-03-23,IN
u02-000009,user9@corp.io,2026-02-26,SG
u02-000010,user10@mail.co.in,2026-01-13,IN
u02-000011,user11@corp.io,2026-02-25,IN
u02-000012,user12@corp.io,2026-05-10,IN
u02-000013,user13@mail.co.in,2026-03-13,SG
u02-000014,user14@example.com,2026-02-17,IN
u02-000015,user15@mail.co.in,2026-01-17,DE
u02-000016,user16@uni.edu,2026-07-25,US
u02-000017,user17@uni.edu,2026-04-22,SG
u02-000018,user18@example.com,2026-07-14,IN
u02-000019,user19@example.com,2026-05-28,AU
u02-000020,user20@uni.edu,2026-07-11,SG
u02-000021,user21@corp.io,2026-06-11,IN
u02-000022,user22@uni.edu,2026-09-23,IN
u02-000023,user23@corp.io,2026-03-13,AU
u02-000024,user24@uni.edu,2026-02-11,US
u02-000025,user25@corp.io,2026-07-19,AU
u02-000026,user26@uni.edu,2026-05-24,AU
u02-000027,user27@mail.co.in,2026-04-18,US
u02-000028,user28@example.com,2026-07-18,IN
u02-000029,user29@uni.edu,2026-09-19,DE
u02-000030,user30@corp.io,2026-01-20,GB
u02-000031,user31@mail.co.in,2026-08-12,GB
u02-000032,user32@example.com,2026-04-15,SG
u02-000033,user33@example.com,2026-03-21,DE
u02-000034,user34@uni.edu,2026-05-15,IN
u02-000035,user35@corp.io,2026-02-19,US
u02-000036,user36@example.com,2026-09-11,IN
u02-000037,user37@mail.co.in,2026-04-20,DE
u02-000038,user38@uni.edu,2026-07-17,SG
u02-000039,user39@corp.io,2026-08-10,GB
u02-000040,user40@uni.edu,2026-04-27,IN
u02-000041,user41@corp.io,2026-06-14,SG
u02-000042,user42@mail.co.in,2026-07-12,DE
u02-000043,user43@corp.io,2026-03-16,DE
u02-000044,user44@corp.io,2026-03-10,SG
u02-000045,user45@uni.edu,2026-05-15,AU
u02-000046,user46@corp.io,2026-04-10,IN
u02-000047,user47@mail.co.in,2026-08-24,GB
u02-000048,user48@corp.io,2026-01-24,US
u02-000049,user49@example.com,2026-07-21,GB
u02-000050,user50@example.com,2026-09-18,AU
u02-000051,user51@example.com,2026-09-27,AU
u02-000052,user52@corp.io,2026-05-12,AU
u02-000053,user53@example.com,2026-05-19,IN
u02-000054,user54@corp.io,2026-08-13,US
u02-000055,user55@mail.co.in,2026-09-25,US
u02-000056,user56@mail.co.in,2026-09-19,DE
u02-000057,user57@mail.co.in,2026-05-13,DE
u02-000058,user58@example.com,2026-03-12,IN
u02-000059,user59@uni.edu,2026-05-10,AU
u02-000060,user60@mail.co.in,2026-03-27,AU
u02-000061,user61@mail.co.in,2026-05-23,SG
u02-000062,user62@example.com,2026-02-11,IN
u02-000063,user63@uni.edu,2026-08-21,IN
u02-000064,user64@mail.co.in,2026-01-14,US
u02-000065,user65@example.com,2026-01-11,DE
u02-000066,user66@corp.io,2026-01-14,GB
u02-000067,user67@mail.co.in,2026-07-13,SG
u02-000068,user68@mail.co.in,2026-01-11,AU
u02-000069,user69@mail.co.in,2026-05-16,DE
u02-000070,user70@example.com,2026-07-23,SG
u02-000071,user71@uni.edu,2026-05-19,SG
u02-000072,user72@corp.io,2026-04-10,AU
u02-000073,user73@mail.co.in,2026-01-12,IN
u02-000074,user74@mail.co.in,2026-05-15,SG
u02-000075,user75@corp.io,2026-09-20,AU
u02-000076,user76@uni.edu,2026-07-14,SG
u02-000077,user77@corp.io,2026-02-20,IN
u02-000078,user78@example.com,2026-03-23,GB
u02-000079,user79@mail.co.in,2026-02-17,GB
u02-000080,user80@uni.edu,2026-01-12,SG
u02-000081,user81@uni.edu,2026-04-10,GB
u02-000082,user82@mail.co.in,2026-05-13,GB
u02-000083,user83@mail.co.in,2026-08-25,GB
u02-000084,user84@corp.io,2026-03-14,SG
u02-000085,user85@corp.io,2026-06-20,US
u02-000086,user86@example.com,2026-01-25,GB
u02-000087,user87@mail.co.in,2026-05-26,SG
u02-000088,user88@mail.co.in,2026-09-28,DE
u02-000089,user89@example.com,2026-01-16,SG
u02-000090,user90@corp.io,2026-04-19,SG
u02-000091,user91@uni.edu,2026-01-15,AU
u02-000092,user92@example.com,2026-02-25,DE
u02-000093,user93@mail.co.in,2026-05-25,AU
u02-000094,user94@example.com,2026-07-23,GB
u02-000095,user95@corp.io,2026-08-14,IN
u02-000096,user96@mail.co.in,2026-05-24,AU
u02-000097,user97@mail.co.in,2026-03-23,IN
u02-000098,user98@example.com,2026-02-26,AU
u02-000099,user99@uni.edu,2026-09-15,IN
u02-000100,user100@corp.io,2026-05-14,AU
u02-000101,user101@example.com,2026-07-10,SG
u02-000102,user102@uni.edu,2026-08-20,GB
u02-000103,user103@uni.edu,2026-05-27,AU
u02-000104,user104@mail.co.in,2026-05-14,GB
u02-000105,user105@example.com,2026-09-26,DE
u02-000106,user106@corp.io,2026-06-19,US
u02-000107,user107@corp.io,2026-01-17,AU
u02-000108,user108@uni.edu,2026-08-19,IN
u02-000109,user109@uni.edu,2026-07-13,DE
u02-000110,user110@example.com,2026-09-20,GB
u02-000111,user111@uni.edu,2026-08-22,DE
u02-000112,user112@uni.edu,2026-07-28,GB
u02-000113,user113@corp.io,2026-05-26,SG
u02-000114,user114@mail.co.in,2026-08-22,US
u02-000115,user115@mail.co.in,2026-08-15,SG
u02-000116,user116@uni.edu,2026-09-19,DE
u02-000117,user117@mail.co.in,2026-03-21,US
u02-000118,user118@uni.edu,2026-02-15,US
u02-000119,user119@example.com,2026-03-20,DE
u02-000120,user120@example.com,2026-05-22,SG
u02-000121,user121@uni.edu,2026-05-28,SG
u02-000122,user122@uni.edu,2026-03-27,GB
u02-000123,user123@corp.io,2026-04-19,AU
u02-000124,user124@example.com,2026-01-14,US
u02-000125,user125@example.com,2026-08-10,US
u02-000126,user126@mail.co.in,2026-03-18,GB
u02-000127,user127@uni.edu,2026-02-22,DE
u02-000128,user128@example.com,2026-01-28,SG
u02-000129,user129@uni.edu,2026-04-18,AU
u02-000130,user130@corp.io,2026-06-27,AU
u02-000131,user131@corp.io,2026-05-10,US
u02-000132,user132@corp.io,2026-09-14,SG
u02-000133,user133@example.com,2026-06-15,GB
u02-000134,user134@uni.edu,2026-03-19,AU
u02-000135,user135@uni.edu,2026-09-28,IN
u02-000136,user136@mail.co.in,2026-05-14,SG
u02-000137,user137@example.com,2026-03-24,AU
u02-000138,user138@uni.edu,2026-05-20,GB
u02-000139,user139@corp.io,2026-03-18,AU
u02-000140,user140@mail.co.in,2026-01-24,IN
u02-000141,user141@mail.co.in,2026-03-11,GB
u02-000142,user142@corp.io,2026-05-27,DE
u02-000143,user143@example.com,2026-08-22,AU
u02-000144,user144@uni.edu,2026-07-25,DE
u02-000145,user145@uni.edu,2026-08-15,DE
u02-000146,user146@mail.co.in,2026-07-26,SG
u02-000147,user147@example.com,2026-06-25,AU
u02-000148,user148@mail.co.in,2026-04-27,IN
u02-000149,user149@corp.io,2026-09-11,GB
u02-000150,user150@example.com,2026-01-25,AU
u02-000151,user151@uni.edu,2026-06-12,DE
u02-000152,user152@corp.io,2026-08-25,AU
u02-000153,user153@uni.edu,2026-03-24,US
u02-000154,user154@mail.co.in,2026-09-26,SG
u02-000155,user155@corp.io,2026-02-26,GB
u02-000156,user156@example.com,2026-02-21,US
u02-000157,user157@corp.io,2026-05-22,IN
u02-000158,user158@mail.co.in,2026-05-18,SG
u02-000159,user159@corp.io,2026-05-28,DE
u02-000160,user160@corp.io,2026-09-15,US
u02-000161,user161@uni.edu,2026-04-16,US
u02-000162,user162@mail.co.in,2026-01-20,DE
u02-000163,user163@uni.edu,2026-06-10,IN
u02-000164,user164@uni.edu,2026-05-26,IN
u02-000165,user165@corp.io,2026-09-11,US
u02-000166,user166@example.com,2026-02-28,US
u02-000167,user167@example.com,2026-06-21,SG
u02-000168,user168@example.com,2026-08-18,SG
u02-000169,user169@example.com,2026-09-10,AU
u02-000170,user170@mail.co.in,2026-04-21,US
u02-000171,user171@mail.co.in,2026-01-28,SG
u02-000172,user172@corp.io,2026-08-19,IN
u02-000173,user173@corp.io,2026-09-15,SG
u02-000174,user174@uni.edu,2026-04-16,GB
u02-000175,user175@example.com,2026-09-18,GB
u02-000176,user176@mail.co.in,2026-03-16,US
u02-000177,user177@example.com,2026-05-14,US
u02-000178,user178@example.com,2026-05-19,DE
u02-000179,user179@uni.edu,2026-07-18,IN
u02-000180,user180@example.com,2026-02-25,US
u02-000181,user181@uni.edu,2026-07-28,GB
u02-000182,user182@example.com,2026-09-19,AU
u02-000183,user183@example.com,2026-02-21,SG
u02-000184,user184@uni.edu,2026-06-19,IN
u02-000185,user185@mail.co.in,2026-06-16,DE
u02-000186,user186@uni.edu,2026-06-16,IN
u02-000187,user187@mail.co.in,2026-06-17,AU
u02-000188,user188@uni.edu,2026-08-16,GB
u02-000189,user189@example.com,2026-01-24,DE
u02-000190,user190@mail.co.in,2026-02-28,GB
u02-000191,user191@corp.io,2026-07-26,SG
u02-000192,user192@uni.edu,2026-05-17,GB
u02-000193,user193@corp.io,2026-02-27,GB
u02-000194,user194@uni.edu,2026-03-18,US
u02-000195,user195@corp.io,2026-06-10,AU
u02-000196,user196@uni.edu,2026-05-11,GB
u02-000197,user197@mail.co.in,2026-07-22,GB
u02-000198,user198@example.com,2026-08-24,AU
u02-000199,user199@example.com,2026-03-27,AU
u02-000200,user200@corp.io,2026-02-23,US
u02-000201,user201@example.com,2026-01-22,SG
u02-000202,user202@uni.edu,2026-04-11,US
u02-000203,user203@uni.edu,2026-03-13,SG
u02-000204,user204@mail.co.in,2026-08-14,US
u02-000205,user205@mail.co.in,2026-01-14,US
u02-000206,user206@uni.edu,2026-04-14,SG
u02-000207,user207@example.com,2026-06-27,DE
u02-000208,user208@uni.edu,2026-02-26,US
u02-000209,user209@mail.co.in,2026-08-25,GB
u02-000210,user210@mail.co.in,2026-08-25,DE
u02-000211,user211@corp.io,2026-09-22,AU
u02-000212,user212@uni.edu,2026-04-12,US
u02-000213,user213@corp.io,2026-04-21,DE
u02-000214,user214@example.com,2026-08-18,IN
u02-000215,user215@example.com,2026-08-15,AU
u02-000216,user216@example.com,2026-07-17,DE
u02-000217,user217@corp.io,2026-02-16,DE
u02-000218,user218@example.com,2026-08-26,AU
u02-000219,user219@corp.io,2026-09-28,IN
u02-000220,user220@mail.co.in,2026-07-20,AU
u02-000221,user221@uni.edu,2026-03-23,IN
u02-000222,user222@corp.io,2026-05-19,GB
u02-000223,user223@uni.edu,2026-06-26,DE
u02-000224,user224@uni.edu,2026-06-12,AU
u02-000225,user225@corp.io,2026-05-19,GB
u02-000226,user226@example.com,2026-04-26,US
u02-000227,user227@corp.io,2026-04-25,US
u02-000228,user228@corp.io,2026-04-20,DE
u02-000229,user229@uni.edu,2026-04-17,US
u02-000230,user230@corp.io,2026-01-26,AU
u02-000231,user231@corp.io,2026-09-11,IN
u02-000232,user232@uni.edu,2026-07-20,AU
u02-000233,user233@corp.io,2026-06-12,GB
u02-000234,user234@example.com,2026-04-21,GB
u02-000235,user235@mail.co.in,2026-07-11,SG
u02-000236,user236@uni.edu,2026-03-19,GB
u02-000237,user237@uni.edu,2026-09-25,AU
u02-000238,user238@mail.co.in,2026-02-18,AU
u02-000239,user239@example.com,2026-03-14,US
u02-000240,user240@example.com,2026-04-27,IN
u02-000241,user241@example.com,2026-07-18,GB
u02-000242,user242@uni.edu,2026-01-21,GB
u02-000243,user243@example.com,2026-07-15,DE
u02-000244,user244@corp.io,2026-09-21,AU
u02-000245,user245@corp.io,2026-02-26,GB
u02-000246,user246@mail.co.in,2026-05-15,SG
u02-000247,user247@uni.edu,2026-04-12,US
u02-000248,user248@corp.io,2026-03-11,SG
u02-000249,user249@uni.edu,2026-06-23,AU
u02-000250,user250@mail.co.in,2026-09-24,AU
u02-000251,user251@example.com,2026-04-22,DE
u02-000252,user252@uni.edu,2026-06-13,GB
u02-000253,user253@uni.edu,2026-07-12,SG
u02-000254,user254@uni.edu,2026-01-12,DE
u02-000255,user255@example.com,2026-02-19,AU
u02-000256,user256@uni.edu,2026-05-28,GB
u02-000257,user257@example.com,2026-07-18,GB
u02-000258,user258@mail.co.in,2026-05-15,IN
u02-000259,user259@example.com,2026-08-18,US
u02-000260,user260@mail.co.in,2026-07-22,SG
u02-000261,user261@uni.edu,2026-08-18,GB
u02-000262,user262@corp.io,2026-03-28,US
u02-000263,user263@mail.co.in,2026-08-20,SG
u02-000264,user264@uni.edu,2026-08-26,SG
u02-000265,user265@example.com,2026-09-20,SG
u02-000266,user266@example.com,2026-05-23,AU
u02-000267,user267@example.com,2026-05-15,GB
u02-000268,user268@example.com,2026-01-18,SG
u02-000269,user269@example.com,2026-05-15,AU
u02-000270,user270@mail.co.in,2026-06-10,SG
u02-000271,user271@uni.edu,2026-02-21,SG
u02-000272,user272@mail.co.in,2026-01-26,GB
u02-000273,user273@uni.edu,2026-04-13,AU
u02-000274,user274@mail.co.in,2026-02-14,SG
u02-000275,user275@example.com,2026-04-18,US
u02-000276,user276@mail.co.in,2026-05-18,AU
u02-000277,user277@example.com,2026-04-23,GB
u02-000278,user278@corp.io,2026-06-21,US
u02-000279,user279@uni.edu,2026-08-26,GB
u02-000280,user280@mail.co.in,2026-08-19,SG
u02-000281,user281@uni.edu,2026-07-13,DE
u02-000282,user282@corp.io,2026-08-25,SG
u02-000283,user283@corp.io,2026-08-10,US
u02-000284,user284@uni.edu,2026-04-16,DE
u02-000285,user285@corp.io,2026-01-10,DE
u02-000286,user286@example.com,2026-02-28,AU
u02-000287,user287@mail.co.in,2026-08-14,GB
u02-000288,user288@example.com,2026-05-25,DE
u02-000289,user289@mail.co.in,2026-03-15,SG
u02-000290,user290@uni.edu,2026-06-11,US
u02-000291,user291@uni.edu,2026-02-26,AU
u02-000292,user292@example.com,2026-01-24,GB
u02-000293,user293@corp.io,2026-05-16,DE
u02-000294,user294@mail.co.in,2026-01-21,SG
u02-000295,user295@mail.co.in,2026-09-19,US
u02-000296,user296@corp.io,2026-06-16,IN
u02-000297,user297@uni.edu,2026-07-12,AU
u02-000298,user298@uni.edu,2026-07-27,GB
u02-000299,user299@mail.co.in,2026-04-13,SG
u02-000300,user300@example.com,2026-04-18,AU
u02-000301,user301@uni.edu,2026-02-27,DE
u02-000302,user302@corp.io,2026-03-18,US
u02-000303,user303@corp.io,2026-08-23,US
u02-000304,user304@corp.io,2026-02-21,US
u02-000305,user305@mail.co.in,2026-05-18,DE
u02-000306,user306@corp.io,2026-01-23,US
u02-000307,user307@uni.edu,2026-04-12,US
u02-000308,user308@mail.co.in,2026-03-21,AU
u02-000309,user309@example.com,2026-08-15,SG
u02-000310,user310@uni.edu,2026-01-25,US
u02-000311,user311@uni.edu,2026-01-18,IN
u02-000312,user312@mail.co.in,2026-06-16,SG
u02-000313,user313@mail.co.in,2026-09-12,GB
u02-000314,user314@uni.edu,2026-08-12,US
u02-000315,user315@uni.edu,2026-01-22,SG
u02-000316,user316@mail.co.in,2026-03-11,US
u02-000317,user317@uni.edu,2026-09-18,IN
u02-000318,user318@mail.co.in,2026-02-10,AU
u02-000319,user319@example.com,2026-07-17,IN
u02-000320,user320@mail.co.in,2026-02-24,GB
u02-000321,user321@corp.io,2026-08-28,US
u02-000322,user322@uni.edu,2026-01-19,SG
u02-000323,user323@corp.io,2026-09-10,AU
u02-000324,user324@example.com,2026-07-22,AU
u02-000325,user325@example.com,2026-02-16,GB
u02-000326,user326@uni.edu,2026-06-23,SG
u02-000327,user327@mail.co.in,2026-05-14,AU
u02-000328,user328@uni.edu,2026-07-23,IN
u02-000329,user329@mail.co.in,2026-08-28,US
u02-000330,user330@corp.io,2026-06-27,DE
u02-000331,user331@example.com,2026-06-28,IN
u02-000332,user332@uni.edu,2026-05-23,GB
u02-000333,user333@example.com,2026-01-25,IN
u02-000334,user334@mail.co.in,2026-04-21,DE
u02-000335,user335@mail.co.in,2026-02-13,SG
u02-000336,user336@corp.io,2026-05-18,DE
u02-000337,user337@mail.co.in,2026-07-14,IN
u02-000338,user338@example.com,2026-01-10,SG
u02-000339,user339@corp.io,2026-04-20,IN
u02-000340,user340@corp.io,2026-02-21,DE
u02-000341,user341@example.com,2026-03-13,IN
u02-000342,user342@uni.edu,2026-07-14,SG
u02-000343,user343@uni.edu,2026-07-20,IN
u02-000344,user344@mail.co.in,2026-07-24,AU
u02-000345,user345@uni.edu,2026-06-12,DE
u02-000346,user346@corp.io,2026-07-26,DE
u02-000347,user347@mail.co.in,2026-07-13,IN
u02-000348,user348@example.com,2026-05-26,US
u02-000349,user349@mail.co.in,2026-09-20,AU
u02-000350,user350@uni.edu,2026-07-21,AU
u02-000351,user351@mail.co.in,2026-05-21,DE
u02-000352,user352@uni.edu,2026-05-28,SG
u02-000353,user353@example.com,2026-08-27,AU
u02-000354,user354@uni.edu,2026-08-27,US
u02-000355,user355@corp.io,2026-02-22,US
u02-000356,user356@mail.co.in,2026-06-17,AU
u02-000357,user357@uni.edu,2026-03-20,AU
u02-000358,user358@uni.edu,2026-07-17,IN
u02-000359,user359@corp.io,2026-08-19,US
u02-000360,user360@corp.io,2026-03-12,IN
u02-000361,user361@uni.edu,2026-04-27,IN
u02-000362,user362@uni.edu,2026-08-18,GB
u02-000363,user363@example.com,2026-09-13,GB
u02-000364,user364@example.com,2026-03-18,IN
u02-000365,user365@mail.co.in,2026-08-19,GB
u02-000366,user366@mail.co.in,2026-05-28,US
u02-000367,user367@uni.edu,2026-05-20,IN
u02-000368,user368@corp.io,2026-01-22,SG
u02-000369,user369@uni.edu,2026-04-18,IN
u02-000370,user370@mail.co.in,2026-08-26,AU
u02-000371,user371@mail.co.in,2026-05-20,US
u02-000372,user372@mail.co.in,2026-04-11,US
u02-000373,user373@mail.co.in,2026-07-16,IN
u02-000374,user374@example.com,2026-08-26,US
u02-000375,user375@uni.edu,2026-01-11,DE
u02-000376,user376@mail.co.in,2026-06-27,IN
u02-000377,user377@mail.co.in,2026-02-21,US
u02-000378,user378@example.com,2026-03-13,SG
u02-000379,user379@mail.co.in,2026-08-17,IN
u02-000380,user380@uni.edu,2026-03-26,DE
u02-000381,user381@corp.io,2026-04-28,GB
u02-000382,user382@example.com,2026-04-11,US
u02-000383,user383@example.com,2026-06-16,GB
u02-000384,user384@mail.co.in,2026-06-24,DE
u02-000385,user385@corp.io,2026-01-26,SG
u02-000386,user386@uni.edu,2026-09-15,DE
u02-000387,user387@uni.edu,2026-01-27,IN
u02-000388,user388@corp.io,2026-05-10,DE
u02-000389,user389@corp.io,2026-07-13,AU
u02-000390,user390@corp.io,2026-05-21,AU
u02-000391,user391@example.com,2026-05-23,SG
u02-000392,user392@mail.co.in,2026-01-26,IN
u02-000393,user393@example.com,2026-08-21,IN
u02-000394,user394@corp.io,2026-02-15,DE
u02-000395,user395@mail.co.in,2026-05-18,SG
u02-000396,user396@example.com,2026-01-19,IN
u02-000397,user397@uni.edu,2026-02-12,SG
u02-000398,user398@mail.co.in,2026-03-27,US
u02-000399,user399@example.com,2026-07-16,DE
u02-000400,user400@example.com,2026-03-10,SG
u02-000401,user401@example.com,2026-01-19,US
u02-000402,user402@example.com,2026-08-13,AU
u02-000403,user403@mail.co.in,2026-04-15,AU
u02-000404,user404@mail.co.in,2026-03-10,SG
u02-000405,user405@example.com,2026-06-28,DE
u02-000406,user406@uni.edu,2026-08-19,DE
u02-000407,user407@corp.io,2026-06-12,GB
u02-000408,user408@example.com,2026-06-22,AU
u02-000409,user409@corp.io,2026-07-16,US
u02-000410,user410@corp.io,2026-05-25,AU
u02-000411,user411@corp.io,2026-05-11,US
u02-000412,user412@mail.co.in,2026-02-16,AU
u02-000413,user413@example.com,2026-04-11,US
u02-000414,user414@corp.io,2026-04-17,AU
u02-000415,user415@uni.edu,2026-07-27,US
u02-000416,user416@corp.io,2026-07-25,AU
u02-000417,user417@example.com,2026-09-22,AU
u02-000418,user418@mail.co.in,2026-01-23,AU
u02-000419,user419@example.com,2026-03-11,AU
u02-000420,user420@mail.co.in,2026-06-14,GB
u02-000421,user421@mail.co.in,2026-08-10,SG
u02-000422,user422@uni.edu,2026-01-24,GB
u02-000423,user423@corp.io,2026-03-19,US
u02-000424,user424@example.com,2026-07-19,DE
u02-000425,user425@uni.edu,2026-08-23,IN
u02-000426,user426@mail.co.in,2026-09-24,US
u02-000427,user427@example.com,2026-03-11,US
u02-000428,user428@example.com,2026-01-17,SG
u02-000429,user429@mail.co.in,2026-06-11,AU
u02-000430,user430@uni.edu,2026-03-19,GB
u02-000431,user431@mail.co.in,2026-05-23,US
u02-000432,user432@example.com,2026-01-17,AU
u02-000433,user433@corp.io,2026-07-25,IN
u02-000434,user434@mail.co.in,2026-04-13,AU
u02-000435,user435@mail.co.in,2026-02-10,AU
u02-000436,user436@mail.co.in,2026-08-17,DE
u02-000437,user437@mail.co.in,2026-09-18,US
u02-000438,user438@corp.io,2026-07-17,AU
u02-000439,user439@mail.co.in,2026-05-27,US
u02-000440,user440@example.com,2026-04-14,US
u02-000441,user441@mail.co.in,2026-05-13,US
u02-000442,user442@example.com,2026-01-23,AU
u02-000443,user443@uni.edu,2026-07-23,AU
u02-000444,user444@corp.io,2026-08-21,IN
u02-000445,user445@example.com,2026-04-21,GB
u02-000446,user446@example.com,2026-01-19,SG
u02-000447,user447@mail.co.in,2026-09-12,GB
u02-000448,user448@example.com,2026-04-13,IN
u02-000449,user449@uni.edu,2026-01-12,SG
u02-000450,user450@corp.io,2026-07-21,AU
u02-000451,user451@example.com,2026-06-17,US
u02-000452,user452@example.com,2026-06-22,IN
u02-000453,user453@example.com,2026-01-27,SG
u02-000454,user454@example.com,2026-09-23,DE
u02-000455,user455@mail.co.in,2026-09-26,AU
u02-000456,user456@corp.io,2026-01-16,AU
u02-000457,user457@corp.io,2026-05-11,DE
u02-000458,user458@example.com,2026-06-21,SG
u02-000459,user459@example.com,2026-05-25,SG
u02-000460,user460@uni.edu,2026-06-16,SG
u02-000461,user461@example.com,2026-04-20,IN
u02-000462,user462@uni.edu,2026-09-17,GB
u02-000463,user463@mail.co.in,2026-05-26,GB
u02-000464,user464@example.com,2026-03-16,IN
u02-000465,user465@mail.co.in,2026-08-18,US
u02-000466,user466@example.com,2026-08-18,DE
u02-000467,user467@mail.co.in,2026-08-19,GB
u02-000468,user468@example.com,2026-01-27,DE
u02-000469,user469@mail.co.in,2026-04-22,SG
u02-000470,user470@corp.io,2026-07-10,GB
u02-000471,user471@uni.edu,2026-07-13,DE
u02-000472,user472@example.com,2026-02-12,DE
u02-000473,user473@uni.edu,2026-01-18,US
u02-000474,user474@example.com,2026-08-23,GB
u02-000475,user475@mail.co.in,2026-04-28,SG
u02-000476,user476@corp.io,2026-07-17,IN
u02-000477,user477@mail.co.in,2026-09-14,GB
u02-000478,user478@corp.io,2026-02-24,US
u02-000479,user479@example.com,2026-04-25,SG
u02-000480,user480@example.com,2026-02-15,GB
u02-000481,user481@uni.edu,2026-08-10,IN
u02-000482,user482@uni.edu,2026-08-13,SG
u02-000483,user483@corp.io,2026-08-15,IN
u02-000484,user484@example.com,2026-05-17,DE
u02-000485,user485@mail.co.in,2026-04-25,SG
u02-000486,user486@mail.co.in,2026-02-23,US
u02-000487,user487@example.com,2026-02-27,GB
u02-000488,user488@example.com,2026-07-26,AU
u02-000489,user489@mail.co.in,2026-02-13,GB
u02-000490,user490@corp.io,2026-01-26,DE
u02-000491,user491@corp.io,2026-05-15,GB
u02-000492,user492@uni.edu,2026-03-18,GB
u02-000493,user493@example.com,2026-08-13,US
u02-000494,user494@example.com,2026-03-24,DE
u02-000495,user495@uni.edu,2026-06-25,GB
u02-000496,user496@mail.co.in,2026-07-17,US
u02-000497,user497@mail.co.in,2026-02-19,DE
u02-000498,user498@corp.io,2026-01-23,US
u02-000499,user499@corp.io,2026-06-13,US
u02-000500,user500@mail.co.in,2026-08-23,IN
u02-000501,user501@example.com,2026-05-19,SG
u02-000502,user502@uni.edu,2026-01-24,IN
u02-000503,user503@example.com,2026-09-12,GB
u02-000504,user504@mail.co.in,2026-01-17,SG
u02-000505,user505@uni.edu,2026-02-28,AU
u02-000506,user506@mail.co.in,2026-05-22,AU
u02-000507,user507@example.com,2026-04-16,DE
u02-000508,user508@corp.io,2026-05-14,SG
u02-000509,user509@mail.co.in,2026-08-19,US
u02-000510,user510@uni.edu,2026-06-28,IN
u02-000511,user511@mail.co.in,2026-03-16,GB
u02-000512,user512@example.com,2026-08-20,DE
u02-000513,user513@corp.io,2026-06-18,GB
u02-000514,user514@example.com,2026-02-18,US
u02-000515,user515@example.com,2026-07-26,US
u02-000516,user516@mail.co.in,2026-04-28,IN
u02-000517,user517@example.com,2026-05-17,AU
u02-000518,user518@mail.co.in,2026-04-15,SG
u02-000519,user519@example.com,2026-03-27,DE
u02-000520,user520@mail.co.in,2026-07-23,US
u02-000521,user521@uni.edu,2026-07-26,DE
u02-000522,user522@mail.co.in,2026-05-19,IN
u02-000523,user523@uni.edu,2026-05-27,US
u02-000524,user524@uni.edu,2026-03-26,US
u02-000525,user525@corp.io,2026-06-12,IN
u02-000526,user526@mail.co.in,2026-07-22,SG
u02-000527,user527@corp.io,2026-02-17,GB
u02-000528,user528@example.com,2026-05-10,AU
u02-000529,user529@corp.io,2026-08-24,US
u02-000530,user530@example.com,2026-05-28,DE
u02-000531,user531@example.com,2026-07-22,DE
u02-000532,user532@example.com,2026-08-27,IN
u02-000533,user533@corp.io,2026-01-22,US
u02-000534,user534@example.com,2026-08-24,AU
u02-000535,user535@mail.co.in,2026-01-15,GB
u02-000536,user536@example.com,2026-09-17,GB
u02-000537,user537@uni.edu,2026-03-12,SG
u02-000538,user538@uni.edu,2026-08-27,AU
u02-000539,user539@uni.edu,2026-09-20,DE
u02-000540,user540@corp.io,2026-04-12,US
u02-000541,user541@corp.io,2026-01-25,GB
u02-000542,user542@uni.edu,2026-04-16,IN
u02-000543,user543@uni.edu,2026-01-24,US
u02-000544,user544@example.com,2026-08-20,US
u02-000545,user545@example.com,2026-03-25,GB
u02-000546,user546@mail.co.in,2026-08-16,SG
u02-000547,user547@mail.co.in,2026-07-14,GB
u02-000548,user548@example.com,2026-04-19,GB
u02-000549,user549@corp.io,2026-02-15,IN
u02-000550,user550@corp.io,2026-02-20,DE
u02-000551,user551@corp.io,2026-03-27,US
u02-000552,user552@mail.co.in,2026-07-23,IN
u02-000553,user553@mail.co.in,2026-08-13,SG
u02-000554,user554@uni.edu,2026-04-24,GB
u02-000555,user555@uni.edu,2026-02-27,US
u02-000556,user556@uni.edu,2026-05-17,DE
u02-000557,user557@corp.io,2026-02-13,SG
u02-000558,user558@corp.io,2026-03-28,SG
u02-000559,user559@corp.io,2026-01-14,AU
u02-000560,user560@corp.io,2026-02-10,GB
u02-000561,user561@corp.io,2026-04-18,AU
u02-000562,user562@mail.co.in,2026-05-15,US
u02-000563,user563@mail.co.in,2026-07-15,SG
u02-000564,user564@mail.co.in,2026-05-26,SG
u02-000565,user565@uni.edu,2026-03-10,SG
u02-000566,user566@example.com,2026-02-25,SG
u02-000567,user567@mail.co.in,2026-05-24,IN
u02-000568,user568@example.com,2026-09-12,GB
u02-000569,user569@example.com,2026-03-18,US
u02-000570,user570@corp.io,2026-05-11,US
u02-000571,user571@corp.io,2026-04-10,GB
u02-000572,user572@example.com,2026-07-21,AU
u02-000573,user573@uni.edu,2026-05-19,IN
u02-000574,user574@mail.co.in,2026-05-13,US
u02-000575,user575@example.com,2026-04-18,AU
u02-000576,user576@corp.io,2026-05-21,GB
u02-000577,user577@corp.io,2026-04-12,US
u02-000578,user578@example.com,2026-06-14,SG
u02-000579,user579@example.com,2026-05-25,SG
u02-000580,user580@corp.io,2026-03-26,US
u02-000581,user581@example.com,2026-04-25,AU
u02-000582,user582@mail.co.in,2026-01-23,GB
u02-000583,user583@example.com,2026-07-16,SG
u02-000584,user584@corp.io,2026-03-15,AU
u02-000585,user585@example.com,2026-02-16,IN
u02-000586,user586@corp.io,2026-01-26,GB
u02-000587,user587@corp.io,2026-03-17,US
u02-000588,user588@mail.co.in,2026-08-12,US
u02-000589,user589@corp.io,2026-02-24,IN
u02-000590,user590@example.com,2026-08-10,US
u02-000591,user591@corp.io,2026-01-18,IN
u02-000592,user592@example.com,2026-06-28,US
u02-000593,user593@uni.edu,2026-05-13,IN
u02-000594,user594@uni.edu,2026-03-10,AU
u02-000595,user595@corp.io,2026-01-17,GB
u02-000596,user596@example.com,2026-09-15,AU
u02-000597,user597@uni.edu,2026-01-28,GB
u02-000598,user598@mail.co.in,2026-05-19,SG
u02-000599,user599@example.com,2026-09-22,US
u02-000600,user600@example.com,2026-03-26,US
u02-000601,user601@corp.io,2026-05-21,SG
u02-000602,user602@example.com,2026-03-10,IN
u02-000603,user603@uni.edu,2026-05-16,DE
u02-000604,user604@corp.io,2026-07-27,AU
u02-000605,user605@corp.io,2026-09-18,US
u02-000606,user606@corp.io,2026-06-28,AU
u02-000607,user607@mail.co.in,2026-07-10,AU
u02-000608,user608@mail.co.in,2026-06-16,SG
u02-000609,user609@corp.io,2026-05-27,DE
u02-000610,user610@uni.edu,2026-03-24,US
u02-000611,user611@uni.edu,2026-05-26,SG
u02-000612,user612@uni.edu,2026-09-27,AU
u02-000613,user613@corp.io,2026-05-12,GB
u02-000614,user614@uni.edu,2026-09-13,AU
u02-000615,user615@mail.co.in,2026-01-15,DE
u02-000616,user616@uni.edu,2026-04-21,GB
u02-000617,user617@mail.co.in,2026-01-16,DE
u02-000618,user618@mail.co.in,2026-06-10,GB
u02-000619,user619@uni.edu,2026-03-20,US
u02-000620,user620@mail.co.in,2026-04-17,US
u02-000621,user621@corp.io,2026-03-26,SG
u02-000622,user622@example.com,2026-04-20,US
u02-000623,user623@mail.co.in,2026-07-20,GB
u02-000624,user624@example.com,2026-03-19,IN
u02-000625,user625@corp.io,2026-05-28,IN
u02-000626,user626@uni.edu,2026-04-28,GB
u02-000627,user627@mail.co.in,2026-08-20,GB
u02-000628,user628@example.com,2026-02-23,GB
u02-000629,user629@corp.io,2026-08-19,DE
u02-000630,user630@corp.io,2026-06-24,SG
u02-000631,user631@example.com,2026-03-15,AU
u02-000632,user632@corp.io,2026-02-23,GB
u02-000633,user633@uni.edu,2026-09-26,IN
u02-000634,user634@corp.io,2026-09-22,US
u02-000635,user635@corp.io,2026-04-10,GB
u02-000636,user636@mail.co.in,2026-03-12,US
u02-000637,user637@corp.io,2026-03-20,SG
u02-000638,user638@uni.edu,2026-09-16,IN
u02-000639,user639@example.com,2026-02-15,DE
u02-000640,user640@uni.edu,2026-07-20,AU
u02-000641,user641@corp.io,2026-06-12,DE
u02-000642,user642@corp.io,2026-03-17,US
u02-000643,user643@uni.edu,2026-09-11,SG
u02-000644,user644@uni.edu,2026-07-27,SG
u02-000645,user645@corp.io,2026-02-10,IN
u02-000646,user646@corp.io,2026-05-27,IN
u02-000647,user647@uni.edu,2026-09-20,SG
u02-000648,user648@uni.edu,2026-01-17,AU
u02-000649,user649@corp.io,2026-01-16,DE
u02-000650,user650@mail.co.in,2026-07-27,DE
u02-000651,user651@corp.io,2026-07-10,SG
u02-000652,user652@uni.edu,2026-04-20,IN
u02-000653,user653@corp.io,2026-02-22,GB
u02-000654,user654@example.com,2026-05-10,IN
u02-000655,user655@mail.co.in,2026-08-27,SG
u02-000656,user656@corp.io,2026-04-18,IN
u02-000657,user657@uni.edu,2026-06-19,US
u02-000658,user658@corp.io,2026-03-16,IN
u02-000659,user659@example.com,2026-01-28,AU
u02-000660,user660@corp.io,2026-03-15,DE
u02-000661,user661@corp.io,2026-08-19,GB
u02-000662,user662@example.com,2026-02-26,GB
u02-000663,user663@mail.co.in,2026-09-23,SG
u02-000664,user664@example.com,2026-04-24,AU
u02-000665,user665@corp.io,2026-02-27,IN
u02-000666,user666@example.com,2026-08-15,SG
u02-000667,user667@corp.io,2026-04-14,AU
u02-000668,user668@corp.io,2026-06-13,IN
u02-000669,user669@uni.edu,2026-09-12,IN
u02-000670,user670@uni.edu,2026-01-23,SG
u02-000671,user671@corp.io,2026-03-23,AU
u02-000672,user672@corp.io,2026-08-23,IN
u02-000673,user673@example.com,2026-09-21,IN
u02-000674,user674@example.com,2026-07-13,GB
u02-000675,user675@uni.edu,2026-04-11,DE
u02-000676,user676@corp.io,2026-07-24,AU
u02-000677,user677@example.com,2026-04-11,IN
u02-000678,user678@corp.io,2026-07-12,SG
u02-000679,user679@mail.co.in,2026-08-12,SG
u02-000680,user680@corp.io,2026-02-14,IN
u02-000681,user681@corp.io,2026-02-27,IN
u02-000682,user682@uni.edu,2026-04-13,SG
u02-000683,user683@corp.io,2026-07-22,SG
u02-000684,user684@example.com,2026-04-27,AU
u02-000685,user685@mail.co.in,2026-04-11,IN
u02-000686,user686@example.com,2026-03-14,GB
u02-000687,user687@example.com,2026-09-27,AU
u02-000688,user688@example.com,2026-03-18,IN
u02-000689,user689@example.com,2026-04-11,SG
u02-000690,user690@corp.io,2026-03-19,IN
u02-000691,user691@corp.io,2026-08-18,AU
u02-000692,user692@mail.co.in,2026-03-19,AU
u02-000693,user693@corp.io,2026-01-15,US
u02-000694,user694@mail.co.in,2026-02-28,GB
u02-000695,user695@corp.io,2026-01-22,IN
u02-000696,user696@uni.edu,2026-06-23,DE
u02-000697,user697@mail.co.in,2026-04-22,IN
u02-000698,user698@uni.edu,2026-06-14,IN
u02-000699,user699@uni.edu,2026-06-11,DE
u02-000700,user700@uni.edu,2026-08-15,SG
u02-000701,user701@example.com,2026-03-18,US
u02-000702,user702@uni.edu,2026-02-24,IN
u02-000703,user703@example.com,2026-06-25,DE
u02-000704,user704@mail.co.in,2026-03-28,SG
u02-000705,user705@mail.co.in,2026-03-28,GB
u02-000706,user706@mail.co.in,2026-09-25,IN
u02-000707,user707@corp.io,2026-05-17,IN
u02-000708,user708@mail.co.in,2026-01-21,SG
u02-000709,user709@example.com,2026-02-26,DE
u02-000710,user710@example.com,2026-06-25,US
u02-000711,user711@uni.edu,2026-05-17,AU
u02-000712,user712@example.com,2026-03-14,US
u02-000713,user713@mail.co.in,2026-02-12,AU
u02-000714,user714@mail.co.in,2026-05-16,AU
u02-000715,user715@corp.io,2026-01-17,GB
u02-000716,user716@uni.edu,2026-02-16,SG
u02-000717,user717@mail.co.in,2026-01-17,AU
u02-000718,user718@mail.co.in,2026-06-16,IN
u02-000719,user719@example.com,2026-06-28,DE
u02-000720,user720@uni.edu,2026-05-23,IN
u02-000721,user721@corp.io,2026-03-24,IN
u02-000722,user722@example.com,2026-07-27,AU
u02-000723,user723@mail.co.in,2026-04-24,IN
u02-000724,user724@uni.edu,2026-04-10,IN
u02-000725,user725@corp.io,2026-05-19,AU
u02-000726,user726@mail.co.in,2026-02-19,US
u02-000727,user727@corp.io,2026-01-24,GB
u02-000728,user728@uni.edu,2026-08-13,SG
u02-000729,user729@uni.edu,2026-07-15,DE
u02-000730,user730@corp.io,2026-02-19,AU
u02-000731,user731@corp.io,2026-02-11,IN
u02-000732,user732@example.com,2026-05-11,US
u02-000733,user733@example.com,2026-06-17,US
u02-000734,user734@uni.edu,2026-01-22,AU
u02-000735,user735@uni.edu,2026-09-10,DE
u02-000736,user736@corp.io,2026-09-21,IN
u02-000737,user737@example.com,2026-03-23,US
u02-000738,user738@example.com,2026-08-18,SG
u02-000739,user739@corp.io,2026-06-23,GB
u02-000740,user740@uni.edu,2026-07-13,GB
u02-000741,user741@corp.io,2026-06-23,US
u02-000742,user742@mail.co.in,2026-05-27,DE
u02-000743,user743@corp.io,2026-05-25,IN
u02-000744,user744@mail.co.in,2026-05-23,DE
u02-000745,user745@uni.edu,2026-07-23,DE
u02-000746,user746@corp.io,2026-08-24,GB
u02-000747,user747@example.com,2026-07-14,IN
u02-000748,user748@mail.co.in,2026-02-28,AU
u02-000749,user749@corp.io,2026-02-20,AU
u02-000750,user750@example.com,2026-07-11,IN
u02-000751,user751@example.com,2026-05-11,SG
u02-000752,user752@corp.io,2026-04-24,GB
u02-000753,user753@example.com,2026-06-24,US
u02-000754,user754@uni.edu,2026-04-17,DE
u02-000755,user755@corp.io,2026-04-19,DE
u02-000756,user756@corp.io,2026-04-27,IN
u02-000757,user757@mail.co.in,2026-03-18,DE
u02-000758,user758@uni.edu,2026-08-13,AU
u02-000759,user759@example.com,2026-09-10,SG
u02-000760,user760@corp.io,2026-05-16,GB
u02-000761,user761@example.com,2026-02-18,AU
u02-000762,user762@mail.co.in,2026-02-15,IN
u02-000763,user763@example.com,2026-04-12,IN
u02-000764,user764@example.com,2026-05-19,US
u02-000765,user765@mail.co.in,2026-07-14,AU
u02-000766,user766@mail.co.in,2026-09-14,GB
u02-000767,user767@corp.io,2026-05-28,AU
u02-000768,user768@corp.io,2026-05-15,SG
u02-000769,user769@mail.co.in,2026-03-20,AU
u02-000770,user770@example.com,2026-04-13,US
u02-000771,user771@example.com,2026-07-22,GB
u02-000772,user772@mail.co.in,2026-06-10,AU
u02-000773,user773@example.com,2026-04-11,SG
u02-000774,user774@uni.edu,2026-04-20,IN
u02-000775,user775@uni.edu,2026-06-25,DE
u02-000776,user776@uni.edu,2026-04-27,US
u02-000777,user777@uni.edu,2026-03-12,AU
u02-000778,user778@uni.edu,2026-06-12,SG
u02-000779,user779@example.com,2026-09-12,GB
u02-000780,user780@mail.co.in,2026-03-10,AU
u02-000781,user781@uni.edu,2026-06-23,SG
u02-000782,user782@mail.co.in,2026-06-25,GB
u02-000783,user783@example.com,2026-04-17,DE
u02-000784,user784@mail.co.in,2026-04-23,US
u02-000785,user785@example.com,2026-09-10,AU
u02-000786,user786@uni.edu,2026-06-20,GB
u02-000787,user787@example.com,2026-01-26,DE
u02-000788,user788@example.com,2026-06-16,AU
u02-000789,user789@corp.io,2026-02-14,SG
u02-000790,user790@uni.edu,2026-08-28,US
u02-000791,user791@uni.edu,2026-05-19,SG
u02-000792,user792@uni.edu,2026-09-12,IN
u02-000793,user793@example.com,2026-08-18,US
u02-000794,user794@corp.io,2026-08-10,IN
u02-000795,user795@uni.edu,2026-06-25,US
u02-000796,user796@example.com,2026-06-11,AU
u02-000797,user797@corp.io,2026-02-10,AU
u02-000798,user798@corp.io,2026-06-12,GB
u02-000799,user799@mail.co.in,2026-02-15,GB
u02-000800,user800@corp.io,2026-07-14,US
u02-000801,user801@example.com,2026-05-16,AU
u02-000802,user802@mail.co.in,2026-04-28,AU
u02-000803,user803@mail.co.in,2026-01-17,IN
u02-000804,user804@example.com,2026-07-11,AU
u02-000805,user805@corp.io,2026-07-23,GB
u02-000806,user806@mail.co.in,2026-09-19,SG
u02-000807,user807@example.com,2026-07-10,US
u02-000808,user808@example.com,2026-06-16,SG
u02-000809,user809@corp.io,2026-02-19,SG
u02-000810,user810@uni.edu,2026-09-15,GB
u02-000811,user811@example.com,2026-07-25,DE
u02-000812,user812@mail.co.in,2026-02-22,IN
u02-000813,user813@mail.co.in,2026-02-17,IN
u02-000814,user814@mail.co.in,2026-05-23,DE
u02-000815,user815@mail.co.in,2026-04-17,DE
u02-000816,user816@example.com,2026-05-20,SG
u02-000817,user817@corp.io,2026-09-28,AU
u02-000818,user818@example.com,2026-06-11,AU
u02-000819,user819@example.com,2026-02-13,AU
u02-000820,user820@corp.io,2026-04-22,AU
u02-000821,user821@mail.co.in,2026-06-24,AU
u02-000822,user822@example.com,2026-04-22,SG
u02-000823,user823@uni.edu,2026-03-25,GB
u02-000824,user824@example.com,2026-01-11,SG
u02-000825,user825@mail.co.in,2026-05-10,DE
u02-000826,user826@example.com,2026-04-19,IN
u02-000827,user827@uni.edu,2026-05-21,DE
u02-000828,user828@corp.io,2026-07-10,SG
u02-000829,user829@uni.edu,2026-09-23,IN
u02-000830,user830@uni.edu,2026-04-16,SG
u02-000831,user831@corp.io,2026-03-21,US
u02-000832,user832@corp.io,2026-02-19,IN
u02-000833,user833@example.com,2026-05-27,US
u02-000834,user834@example.com,2026-04-23,US
u02-000835,user835@corp.io,2026-04-12,AU
u02-000836,user836@corp.io,2026-06-20,AU
u02-000837,user837@corp.io,2026-05-27,US
u02-000838,user838@mail.co.in,2026-03-14,DE
u02-000839,user839@example.com,2026-08-20,SG
u02-000840,user840@mail.co.in,2026-07-27,GB
u02-000841,user841@uni.edu,2026-06-28,US
u02-000842,user842@mail.co.in,2026-07-27,DE
u02-000843,user843@uni.edu,2026-03-11,SG
u02-000844,user844@corp.io,2026-05-16,DE
u02-000845,user845@example.com,2026-08-14,GB
u02-000846,user846@uni.edu,2026-02-21,IN
u02-000847,user847@example.com,2026-09-12,AU
u02-000848,user848@corp.io,2026-03-12,SG
u02-000849,user849@example.com,2026-04-19,DE
u02-000850,user850@example.com,2026-09-25,US
u02-000851,user851@uni.edu,2026-05-10,SG
u02-000852,user852@uni.edu,2026-09-17,IN
u02-000853,user853@mail.co.in,2026-09-27,IN
u02-000854,user854@uni.edu,2026-07-19,SG
u02-000855,user855@corp.io,2026-07-18,SG
u02-000856,user856@example.com,2026-04-13,US
u02-000857,user857@corp.io,2026-09-25,US
u02-000858,user858@mail.co.in,2026-09-10,AU
u02-000859,user859@example.com,2026-05-19,AU
u02-000860,user860@mail.co.in,2026-07-26,GB
u02-000861,user861@example.com,2026-08-12,IN
u02-000862,user862@mail.co.in,2026-05-22,DE
u02-000863,user863@uni.edu,2026-09-13,AU
u02-000864,user864@mail.co.in,2026-03-23,AU
u02-000865,user865@mail.co.in,2026-04-24,SG
u02-000866,user866@mail.co.in,2026-03-18,SG
u02-000867,user867@uni.edu,2026-09-14,IN
u02-000868,user868@mail.co.in,2026-07-18,AU
u02-000869,user869@corp.io,2026-08-17,SG
u02-000870,user870@mail.co.in,2026-04-14,AU
u02-000871,user871@example.com,2026-09-12,IN
u02-000872,user872@example.com,2026-07-17,SG
u02-000873,user873@mail.co.in,2026-03-10,US
u02-000874,user874@corp.io,2026-01-15,AU
u02-000875,user875@example.com,2026-03-24,IN
u02-000876,user876@corp.io,2026-08-16,DE
u02-000877,user877@mail.co.in,2026-04-21,IN
u02-000878,user878@example.com,2026-04-16,DE
u02-000879,user879@uni.edu,2026-09-13,DE
u02-000880,user880@uni.edu,2026-01-14,SG
u02-000881,user881@corp.io,2026-03-13,GB
u02-000882,user882@corp.io,2026-02-23,SG
u02-000883,user883@corp.io,2026-05-18,SG
u02-000884,user884@uni.edu,2026-03-19,SG
u02-000885,user885@corp.io,2026-07-20,US
u02-000886,user886@uni.edu,2026-05-12,SG
u02-000887,user887@example.com,2026-04-18,US
u02-000888,user888@example.com,2026-05-14,AU
u02-000889,user889@uni.edu,2026-07-26,SG
u02-000890,user890@example.com,2026-09-12,AU
u02-000891,user891@corp.io,2026-08-13,GB
u02-000892,user892@example.com,2026-09-14,DE
u02-000893,user893@example.com,2026-01-27,IN
u02-000894,user894@corp.io,2026-08-13,SG
u02-000895,user895@mail.co.in,2026-08-16,GB
u02-000896,user896@mail.co.in,2026-05-15,DE
u02-000897,user897@mail.co.in,2026-06-13,DE
u02-000898,user898@corp.io,2026-03-22,GB
u02-000899,user899@mail.co.in,2026-01-28,AU
u02-000900,user900@mail.co.in,2026-01-24,SG
u02-000901,user901@mail.co.in,2026-08-22,SG
u02-000902,user902@mail.co.in,2026-07-22,US
u02-000903,user903@uni.edu,2026-01-21,DE
u02-000904,user904@mail.co.in,2026-08-25,GB
u02-000905,user905@corp.io,2026-02-10,SG
u02-000906,user906@uni.edu,2026-05-23,AU
u02-000907,user907@mail.co.in,2026-05-12,US
u02-000908,user908@mail.co.in,2026-05-15,US
u02-000909,user909@mail.co.in,2026-03-19,US
u02-000910,user910@mail.co.in,2026-06-21,US
u02-000911,user911@corp.io,2026-08-16,SG
u02-000912,user912@example.com,2026-03-19,US
u02-000913,user913@mail.co.in,2026-04-12,AU
u02-000914,user914@corp.io,2026-03-18,AU
u02-000915,user915@uni.edu,2026-06-19,GB
u02-000916,user916@example.com,2026-03-16,AU
u02-000917,user917@example.com,2026-08-12,SG
u02-000918,user918@uni.edu,2026-03-22,SG
u02-000919,user919@corp.io,2026-01-22,DE
u02-000920,user920@uni.edu,2026-08-16,AU
u02-000921,user921@corp.io,2026-09-17,US
u02-000922,user922@mail.co.in,2026-03-22,IN
u02-000923,user923@uni.edu,2026-04-17,SG
u02-000924,user924@uni.edu,2026-03-20,IN
u02-000925,user925@corp.io,2026-09-12,SG
u02-000926,user926@mail.co.in,2026-01-14,IN
u02-000927,user927@example.com,2026-01-11,DE
u02-000928,user928@corp.io,2026-03-10,US
u02-000929,user929@mail.co.in,2026-05-16,IN
u02-000930,user930@mail.co.in,2026-03-17,SG
u02-000931,user931@example.com,2026-02-11,DE
u02-000932,user932@uni.edu,2026-06-27,GB
u02-000933,user933@example.com,2026-05-23,US
u02-000934,user934@mail.co.in,2026-03-23,DE
u02-000935,user935@mail.co.in,2026-01-12,DE
u02-000936,user936@corp.io,2026-06-25,IN
u02-000937,user937@uni.edu,2026-01-16,AU
u02-000938,user938@mail.co.in,2026-02-10,IN
u02-000939,user939@example.com,2026-06-28,AU
u02-000940,user940@example.com,2026-08-15,GB
u02-000941,user941@corp.io,2026-03-23,SG
u02-000942,user942@uni.edu,2026-02-18,DE
u02-000943,user943@example.com,2026-06-18,DE
u02-000944,user944@example.com,2026-01-26,GB
u02-000945,user945@example.com,2026-06-27,US
u02-000946,user946@example.com,2026-07-27,GB
u02-000947,user947@mail.co.in,2026-09-15,DE
u02-000948,user948@corp.io,2026-07-19,GB
u02-000949,user949@corp.io,2026-01-19,IN
u02-000950,user950@uni.edu,2026-01-11,IN
u02-000951,user951@example.com,2026-03-18,IN
u02-000952,user952@mail.co.in,2026-03-20,AU
u02-000953,user953@corp.io,2026-05-28,US
u02-000954,user954@example.com,2026-03-24,IN
u02-000955,user955@mail.co.in,2026-07-21,DE
u02-000956,user956@mail.co.in,2026-02-15,GB
u02-000957,user957@corp.io,2026-07-14,AU
u02-000958,user958@example.com,2026-08-16,AU
u02-000959,user959@corp.io,2026-05-21,US
u02-000960,user960@uni.edu,2026-07-13,SG
u02-000961,user961@mail.co.in,2026-01-26,IN
u02-000962,user962@corp.io,2026-09-21,DE
u02-000963,user963@mail.co.in,2026-06-15,GB
u02-000964,user964@corp.io,2026-05-25,DE
u02-000965,user965@mail.co.in,2026-03-14,IN
u02-000966,user966@mail.co.in,2026-01-11,SG
u02-000967,user967@mail.co.in,2026-09-22,AU
u02-000968,user968@example.com,2026-03-13,SG
u02-000969,user969@example.com,2026-02-10,DE
u02-000970,user970@uni.edu,2026-03-19,SG
u02-000971,user971@corp.io,2026-03-19,GB
u02-000972,user972@corp.io,2026-02-18,GB
u02-000973,user973@example.com,2026-02-23,US
u02-000974,user974@mail.co.in,2026-01-26,AU
u02-000975,user975@corp.io,2026-01-27,SG
u02-000976,user976@mail.co.in,2026-03-25,GB
u02-000977,user977@example.com,2026-02-24,SG
u02-000978,user978@uni.edu,2026-01-26,US
u02-000979,user979@uni.edu,2026-06-11,IN
u02-000980,user980@corp.io,2026-09-27,US
u02-000981,user981@mail.co.in,2026-04-16,DE
u02-000982,user982@corp.io,2026-05-14,AU
u02-000983,user983@example.com,2026-04-27,SG
u02-000984,user984@corp.io,2026-08-14,IN
u02-000985,user985@uni.edu,2026-04-14,AU
u02-000986,user986@corp.io,2026-05-14,GB
u02-000987,user987@uni.edu,2026-05-16,DE
u02-000988,user988@example.com,2026-04-14,US
u02-000989,user989@example.com,2026-05-28,SG
u02-000990,user990@uni.edu,2026-03-15,GB
u02-000991,user991@example.com,2026-05-26,US
u02-000992,user992@uni.edu,2026-03-12,US
u02-000993,user993@mail.co.in,2026-04-25,GB
u02-000994,user994@example.com,2026-06-12,DE
u02-000995,user995@mail.co.in,2026-02-14,US
u02-000996,user996@corp.io,2026-06-10,IN
u02-000997,user997@example.com,2026-02-26,DE
u02-000998,user998@corp.io,2026-07-18,US
u02-000999,user999@uni.edu,2026-09-13,SG
u02-001000,user1000@mail.co.in,2026-04-24,US
u02-001001,user1001@mail.co.in,2026-05-14,SG
u02-001002,user1002@corp.io,2026-01-15,GB
u02-001003,user1003@mail.co.in,2026-08-17,AU
u02-001004,user1004@example.com,2026-05-15,IN
u02-001005,user1005@uni.edu,2026-06-19,DE
u02-001006,user1006@mail.co.in,2026-04-15,GB
u02-001007,user1007@uni.edu,2026-04-24,US
u02-001008,user1008@example.com,2026-04-13,GB
u02-001009,user1009@corp.io,2026-09-26,GB
u02-001010,user1010@corp.io,2026-05-27,US
u02-001011,user1011@mail.co.in,2026-04-16,GB
u02-001012,user1012@example.com,2026-08-16,IN
u02-001013,user1013@corp.io,2026-05-15,GB
u02-001014,user1014@mail.co.in,2026-09-18,US
u02-001015,user1015@mail.co.in,2026-04-18,IN
u02-001016,user1016@example.com,2026-01-28,IN
u02-001017,user1017@example.com,2026-08-15,SG
u02-001018,user1018@mail.co.in,2026-08-14,SG
u02-001019,user1019@corp.io,2026-08-15,GB
u02-001020,user1020@corp.io,2026-05-27,GB
u02-001021,user1021@mail.co.in,2026-06-19,IN
u02-001022,user1022@uni.edu,2026-04-11,AU
u02-001023,user1023@mail.co.in,2026-04-19,AU
u02-001024,user1024@corp.io,2026-09-25,DE
u02-001025,user1025@mail.co.in,2026-05-19,DE
u02-001026,user1026@uni.edu,2026-04-28,US
u02-001027,user1027@mail.co.in,2026-03-16,US
u02-001028,user1028@example.com,2026-07-23,SG
u02-001029,user1029@mail.co.in,2026-04-27,DE
u02-001030,user1030@uni.edu,2026-03-13,AU
u02-001031,user1031@uni.edu,2026-05-25,DE
u02-001032,user1032@corp.io,2026-02-27,SG
u02-001033,user1033@mail.co.in,2026-06-28,DE
u02-001034,user1034@mail.co.in,2026-04-16,SG
u02-001035,user1035@corp.io,2026-06-13,DE
u02-001036,user1036@corp.io,2026-08-13,AU
u02-001037,user1037@example.com,2026-02-15,SG
u02-001038,user1038@corp.io,2026-08-24,IN
u02-001039,user1039@corp.io,2026-07-26,DE
u02-001040,user1040@corp.io,2026-04-18,SG
u02-001041,user1041@example.com,2026-08-21,US
u02-001042,user1042@corp.io,2026-01-28,IN
u02-001043,user1043@corp.io,2026-09-21,DE
u02-001044,user1044@corp.io,2026-01-17,US
u02-001045,user1045@mail.co.in,2026-09-15,DE
u02-001046,user1046@uni.edu,2026-05-18,IN
u02-001047,user1047@corp.io,2026-02-16,AU
u02-001048,user1048@mail.co.in,2026-01-19,AU
u02-001049,user1049@example.com,2026-06-17,IN
u02-001050,user1050@uni.edu,2026-08-19,GB
u02-001051,user1051@corp.io,2026-06-18,US
u02-001052,user1052@example.com,2026-03-12,US
u02-001053,user1053@mail.co.in,2026-03-11,US
u02-001054,user1054@mail.co.in,2026-01-22,SG
u02-001055,user1055@mail.co.in,2026-08-23,GB
u02-001056,user1056@uni.edu,2026-03-20,IN
u02-001057,user1057@mail.co.in,2026-05-13,US
u02-001058,user1058@corp.io,2026-03-13,DE
u02-001059,user1059@example.com,2026-01-16,GB
u02-001060,user1060@mail.co.in,2026-08-18,IN
u02-001061,user1061@corp.io,2026-03-16,US
u02-001062,user1062@example.com,2026-04-21,DE
u02-001063,user1063@uni.edu,2026-06-24,SG
u02-001064,user1064@mail.co.in,2026-06-26,GB
u02-001065,user1065@example.com,2026-02-15,GB
u02-001066,user1066@corp.io,2026-06-27,AU
u02-001067,user1067@corp.io,2026-05-17,
u02-001068,user1068@example.com,2026-02-19,AU
u02-001069,user1069@mail.co.in,2026-03-14,US
u02-001070,user1070@uni.edu,2026-05-14,IN
u02-001071,user1071@mail.co.in,2026-06-13,IN
u02-001072,user1072@example.com,2026-07-23,GB
u02-001073,user1073@example.com,2026-06-26,GB
u02-001074,user1074@uni.edu,2026-06-17,SG
u02-001075,user1075@mail.co.in,2026-06-20,AU
u02-001076,user1076@mail.co.in,2026-06-25,IN
u02-001077,user1077@uni.edu,2026-06-25,US
u02-001078,user1078@mail.co.in,2026-02-24,IN
u02-001079,user1079@corp.io,2026-06-14,US
u02-001080,user1080@uni.edu,2026-09-15,DE
u02-001081,user1081@example.com,2026-09-11,AU
u02-001082,user1082@uni.edu,2026-07-23,GB
u02-001083,user1083@example.com,2026-07-25,IN
u02-001084,user1084@example.com,2026-09-14,GB
u02-001085,user1085@example.com,2026-07-15,GB
u02-001086,user1086@corp.io,2026-07-21,US
u02-001087,user1087@example.com,2026-08-15,GB
u02-001088,user1088@mail.co.in,2026-01-27,SG
u02-001089,user1089@uni.edu,2026-03-22,AU
u02-001090,user1090@corp.io,2026-04-11,DE
u02-001091,user1091@example.com,2026-03-19,SG
u02-001092,user1092@uni.edu,2026-02-20,DE
u02-001093,user1093@uni.edu,2026-05-16,US
u02-001094,user1094@uni.edu,2026-08-23,AU
u02-001095,user1095@uni.edu,2026-08-27,DE
u02-001096,user1096@example.com,2026-01-16,US
u02-001097,user1097@mail.co.in,2026-04-27,IN
u02-001098,user1098@example.com,2026-02-22,GB
u02-001099,user1099@mail.co.in,2026-02-23,SG
u02-001100,user1100@corp.io,2026-03-25,AU
u02-001101,user1101@mail.co.in,2026-02-16,GB
u02-001102,user1102@uni.edu,2026-09-23,DE
u02-001103,user1103@corp.io,2026-04-21,AU
u02-001104,user1104@example.com,2026-09-20,GB
u02-001105,user1105@mail.co.in,2026-07-16,SG
u02-001106,user1106@example.com,2026-08-18,SG
u02-001107,user1107@corp.io,2026-04-28,AU
u02-001108,user1108@corp.io,2026-06-21,DE
u02-001109,user1109@uni.edu,2026-09-18,IN
u02-001110,user1110@example.com,2026-09-11,GB
u02-001111,user1111@example.com,2026-04-24,SG
u02-001112,user1112@uni.edu,2026-01-25,DE
u02-001113,user1113@uni.edu,2026-04-15,AU
u02-001114,user1114@corp.io,2026-03-22,AU
u02-001115,user1115@corp.io,2026-09-20,US
u02-001116,user1116@example.com,2026-02-23,AU
u02-001117,user1117@example.com,2026-04-11,DE
u02-001118,user1118@example.com,2026-05-16,DE
u02-001119,user1119@uni.edu,2026-05-16,SG
u02-001120,user1120@example.com,2026-09-15,IN
u02-001121,user1121@mail.co.in,2026-09-16,GB
u02-001122,user1122@uni.edu,2026-05-18,SG
u02-001123,user1123@uni.edu,2026-02-19,AU
u02-001124,user1124@corp.io,2026-02-26,GB
u02-001125,user1125@corp.io,2026-05-25,GB
u02-001126,user1126@uni.edu,2026-09-14,AU
u02-001127,user1127@uni.edu,2026-07-18,DE
u02-001128,user1128@example.com,2026-01-14,IN
u02-001129,user1129@corp.io,2026-04-11,AU
u02-001130,user1130@corp.io,2026-04-27,DE
u02-001131,user1131@corp.io,2026-04-20,GB
u02-001132,user1132@uni.edu,2026-09-10,GB
u02-001133,user1133@uni.edu,2026-04-25,DE
u02-001134,user1134@corp.io,2026-04-13,AU
u02-001135,user1135@mail.co.in,2026-05-26,US
u02-001136,user1136@mail.co.in,2026-07-26,SG
u02-001137,user1137@corp.io,2026-02-27,SG
u02-001138,user1138@uni.edu,2026-06-22,AU
u02-001139,user1139@example.com,2026-04-12,IN
u02-001140,user1140@corp.io,2026-09-21,GB
u02-001141,user1141@example.com,2026-02-17,US
u02-001142,user1142@example.com,2026-05-13,SG
u02-001143,user1143@uni.edu,2026-04-25,DE
u02-001144,user1144@corp.io,2026-01-17,IN
u02-001145,user1145@mail.co.in,2026-04-26,AU
u02-001146,user1146@corp.io,2026-07-25,IN
u02-001147,user1147@corp.io,2026-09-27,US
u02-001148,user1148@mail.co.in,2026-02-18,GB
u02-001149,user1149@example.com,2026-05-24,IN
u02-001150,user1150@example.com,2026-01-10,US
u02-001151,user1151@uni.edu,2026-04-23,US
u02-001152,user1152@example.com,2026-01-18,SG
u02-001153,user1153@mail.co.in,2026-09-18,IN
u02-001154,user1154@uni.edu,2026-01-28,SG
u02-001155,user1155@mail.co.in,2026-06-12,US
u02-001156,user1156@example.com,2026-03-26,IN
u02-001157,user1157@mail.co.in,2026-03-10,SG
u02-001158,user1158@example.com,2026-03-26,IN
u02-001159,user1159@corp.io,2026-09-28,AU
u02-001160,user1160@example.com,2026-03-23,DE
u02-001161,user1161@uni.edu,2026-09-22,DE
u02-001162,user1162@corp.io,2026-05-26,DE
u02-001163,user1163@uni.edu,2026-05-10,GB
u02-001164,user1164@mail.co.in,2026-06-25,IN
u02-001165,user1165@corp.io,2026-06-24,US
u02-001166,user1166@mail.co.in,2026-02-28,IN
u02-001167,user1167@corp.io,2026-05-21,US
u02-001168,user1168@uni.edu,2026-05-15,DE
u02-001169,user1169@example.com,2026-05-19,US
u02-001170,user1170@mail.co.in,2026-06-21,US
u02-001171,user1171@corp.io,2026-09-14,GB
u02-001172,user1172@example.com,2026-07-21,IN
u02-001173,user1173@example.com,2026-03-23,SG
u02-001174,user1174@corp.io,2026-01-19,GB
u02-001175,user1175@mail.co.in,2026-07-11,DE
u02-001176,user1176@uni.edu,2026-06-26,IN
u02-001177,user1177@mail.co.in,2026-07-28,DE
u02-001178,user1178@corp..io,2026-02-11,GB
u02-001179,user1179@mail.co.in,2026-05-22,DE
u02-001180,user1180@corp.io,2026-08-12,DE
u02-001181,user1181@example.com,2026-07-15,AU
u02-001182,user1182@example.com,2026-06-12,GB
u02-001183,user1183@uni.edu,2026-01-21,SG
u02-001184,user1184@example.com,2026-05-27,DE
u02-001185,user1185@mail.co.in,2026-03-27,US
u02-001186,user1186@example.com,2026-05-14,AU
u02-001187,user1187@mail.co.in,2026-07-24,US
u02-001188,user1188@corp.io,2026-08-22,US
u02-001189,user1189@corp.io,2026-03-21,SG
u02-001190,user1190@example.com,2026-03-24,DE
u02-001191,user1191@example.com,2026-08-23,AU
u02-001192,user1192@mail.co.in,2026-07-25,DE
u02-001193,user1193@uni.edu,2026-03-19,SG
u02-001194,user1194@example.com,2026-03-18,GB
u02-001195,user1195@mail.co.in,2026-04-19,IN
u02-001196,user1196@mail.co.in,2026-05-16,IN
u02-001197,user1197@example.com,2026-07-28,DE
u02-001198,user1198@uni.edu,2026-08-18,GB
u02-001199,user1199@mail.co.in,2026-09-11,US
u02-001200,user1200@corp.io,2026-09-26,GB
u02-001201,user1201@uni.edu,2026-02-16,DE
u02-001202,user1202@mail.co.in,2026-05-24,SG
u02-001203,user1203@uni.edu,2026-04-16,GB
u02-001204,user1204@corp.io,2026-09-24,DE
u02-001205,user1205@uni.edu,2026-06-13,IN
u02-001206,user1206@mail.co.in,2026-09-21,US
u02-001207,user1207@mail.co.in,2026-05-14,AU
u02-001208,user1208@example.com,2026-06-22,IN
u02-001209,user1209@example.com,2026-07-13,SG
u02-001210,user1210@example.com,2026-07-15,GB
u02-001211,user1211@uni.edu,2026-08-19,SG
u02-001212,user1212@example.com,2026-03-21,IN
u02-001213,user1213@example.com,2026-07-19,AU
u02-001214,user1214@mail.co.in,2026-08-26,US
u02-001215,user1215@corp.io,2026-03-27,SG
u02-001216,user1216@corp.io,2026-05-16,AU
u02-001217,user1217@example.com,2026-07-26,IN
u02-001218,user1218@corp.io,2026-02-17,AU
u02-001219,user1219@corp.io,2026-01-18,GB
u02-001220,user1220@example.com,2026-01-24,GB
u02-001221,user1221@corp.io,2026-06-13,US
u02-001222,user1222@example.com,2026-06-15,AU
u02-001223,user1223@example.com,2026-08-24,IN
u02-001224,user1224@corp.io,2026-07-27,DE
u02-001225,user1225@corp.io,2026-09-27,GB
u02-001226,user1226@example.com,2026-05-13,IN
u02-001227,user1227@uni.edu,2026-01-10,GB
u02-001228,user1228@uni.edu,2026-09-27,SG
u02-001229,user1229@corp.io,2026-09-19,IN
u02-001230,user1230@example.com,2026-05-15,IN
u02-001231,user1231@mail.co.in,2026-08-18,DE
u02-001232,user1232@example.com,2026-05-18,IN
u02-001233,user1233@uni.edu,2026-06-25,IN
u02-001234,user1234@uni.edu,2026-01-14,DE
u02-001235,user1235@example.com,2026-01-10,IN
u02-001236,user1236@corp.io,2026-01-11,DE
u02-001237,user1237@uni.edu,2026-09-14,AU
u02-001238,user1238@corp.io,2026-06-25,GB
u02-001239,user1239@mail.co.in,2026-06-10,US
u02-001240,user1240@example.com,2026-07-10,SG
u02-001241,user1241@mail.co.in,2026-09-28,US
u02-001242,user1242@corp.io,2026-07-13,IN
u02-001243,user1243@example.com,2026-03-26,US
u02-001244,user1244@mail.co.in,2026-02-23,DE
u02-001245,user1245@example.com,2026-08-17,US
u02-001246,user1246@example.com,2026-08-14,GB
u02-001247,user1247@example.com,2026-08-13,AU
u02-001248,user1248@corp.io,2026-01-25,US
u02-001249,user1249@example.com,2026-06-22,AU
u02-001250,user1250@example.com,2026-07-15,SG
u02-001251,user1251@example.com,2026-05-18,DE
u02-001252,user1252@mail.co.in,2026-01-27,DE
u02-001253,user1253@example.com,2026-04-25,IN
u02-001254,user1254@corp.io,2026-03-26,SG
u02-001255,user1255@example.com,2026-04-14,AU
u02-001256,user1256@mail.co.in,2026-04-24,IN
u02-001257,user1257@corp.io,2026-03-11,US
u02-001258,user1258@example.com,2026-05-17,IN
u02-001259,user1259@corp.io,2026-04-16,IN
u02-001260,user1260@mail.co.in,2026-04-16,DE
u02-001261,user1261@mail.co.in,2026-01-15,GB
u02-001262,user1262@uni.edu,2026-02-28,IN
u02-001263,user1263@example.com,2026-07-25,GB
u02-001264,user1264@example.com,2026-02-19,SG
u02-001265,user1265@example.com,2026-02-18,GB
u02-001266,user1266@mail.co.in,2026-09-17,DE
u02-001267,user1267@corp.io,2026-06-19,SG
u02-001268,user1268@uni.edu,2026-09-13,IN
u02-001269,user1269@corp.io,2026-09-22,AU
u02-001270,user1270@corp.io,2026-01-18,DE
u02-001271,user1271@example.com,2026-03-11,US
u02-001272,user1272@example.com,2026-08-28,AU
u02-001273,user1273@uni.edu,2026-08-22,AU
u02-001274,user1274@mail.co.in,2026-08-25,AU
u02-001275,user1275@corp.io,2026-02-25,DE
u02-001276,user1276@corp.io,2026-07-17,US
u02-001277,user1277@example.com,2026-03-14,SG
u02-001278,user1278@uni.edu,2026-03-13,DE
u02-001279,user1279@uni.edu,2026-09-16,DE
u02-001280,user1280@example.com,2026-03-22,GB
u02-001281,user1281@uni.edu,2026-05-17,GB
u02-001282,user1282@uni.edu,2026-08-12,DE
u02-001283,user1283@uni.edu,2026-01-15,SG
u02-001284,user1284@uni.edu,2026-05-15,DE
u02-001285,user1285@corp.io,2026-03-13,SG
u02-001286,user1286@example.com,2026-05-26,IN
u02-001287,user1287@corp.io,2026-02-23,DE
u02-001288,user1288@example.com,2026-01-17,AU
u02-001289,user1289@example.com,2026-01-14,IN
u02-001290,user1290@mail.co.in,2026-03-16,DE
u02-001291,user1291@uni.edu,2026-02-26,US
u02-001292,user1292@uni.edu,2026-07-13,DE
u02-001293,user1293@corp.io,2026-04-27,DE
u02-001294,user1294@mail.co.in,2026-07-13,US
u02-001295,user1295@mail.co.in,2026-04-24,GB
u02-001296,user1296@mail.co.in,2026-05-23,GB
u02-001297,user1297@mail.co.in,2026-07-25,DE
u02-001298,user1298@example.com,2026-06-28,SG
u02-001299,user1299@example.com,2026-03-25,GB
u02-001300,user1300@uni.edu,2026-03-24,DE
u02-001301,user1301@mail.co.in,2026-05-28,GB
u02-001302,user1302@example.com,2026-01-25,DE
u02-001303,user1303@mail.co.in,2026-02-20,US
u02-001304,user1304@corp.io,2026-05-25,SG
u02-001305,user1305@example.com,2026-07-22,GB
u02-001306,user1306@example.com,2026-08-20,SG
u02-001307,user1307@example.com,2026-04-23,SG
u02-001308,user1308@uni.edu,2026-05-11,DE
u02-001309,user1309@corp.io,2026-03-15,DE
u02-001310,user1310@mail.co.in,2026-06-20,AU
u02-001311,user1311@mail.co.in,2026-04-20,SG
u02-001312,user1312@uni.edu,2026-08-27,GB
u02-001313,user1313@mail.co.in,2026-04-13,US
u02-001314,user1314@example.com,2026-08-26,IN
u02-001315,user1315@corp.io,2026-08-20,US
u02-001316,user1316@uni.edu,2026-08-26,AU
u02-001317,user1317@mail.co.in,2026-07-28,GB
u02-001318,user1318@example.com,2026-09-19,DE
u02-001319,user1319@corp.io,2026-04-24,GB
u02-001320,user1320@example.com,2026-01-11,SG
u02-001321,user1321@corp.io,2026-02-13,GB
u02-001322,user1322@corp.io,2026-08-13,GB
u02-001323,user1323@example.com,2026-02-13,AU
u02-001324,user1324@corp.io,2026-09-11,DE
u02-001325,user1325@uni.edu,2026-06-19,US
u02-001326,user1326@uni.edu,2026-06-27,GB
u02-001327,user1327@uni.edu,2026-06-26,AU
u02-001328,user1328@uni.edu,2026-07-25,DE
u02-001329,user1329@uni.edu,2026-04-27,US
u02-001330,user1330@uni.edu,2026-07-13,US
u02-001331,user1331@corp.io,2026-06-28,AU
u02-001332,user1332@mail.co.in,2026-08-23,US
u02-001333,user1333@corp.io,2026-06-19,IN
u02-001334,user1334@uni.edu,2026-02-17,IN
u02-001335,user1335@corp.io,2026-09-18,DE
u02-001336,user1336@mail.co.in,2026-05-27,DE
u02-001337,user1337@example.com,2026-09-14,US
u02-001338,user1338@uni.edu,2026-05-11,AU
u02-001339,user1339@corp.io,2026-02-26,GB
u02-001340,user1340@mail.co.in,2026-04-28,DE
u02-001341,user1341@corp.io,2026-05-27,US
u02-001342,user1342@uni.edu,2026-06-19,AU
u02-001343,user1343@mail.co.in,2026-04-19,IN
u02-001344,user1344@example.com,2026-08-27,SG
u02-001345,user1345@corp.io,2026-05-20,GB
u02-001346,user1346@example.com,2026-03-19,DE
u02-001347,user1347@uni.edu,2026-08-25,US
u02-001348,user1348@mail.co.in,2026-04-18,IN
u02-001349,user1349@corp.io,2026-08-28,GB
u02-001350,user1350@corp.io,2026-05-15,SG
u02-001351,user1351@uni.edu,2026-09-16,SG
u02-001352,user1352@corp.io,2026-06-23,DE
u02-001353,user1353@example.com,2026-04-19,AU
u02-001354,user1354@uni.edu,2026-09-24,DE
u02-001355,user1355@corp.io,2026-07-28,US
u02-001356,user1356@example.com,2026-09-10,US
u02-001357,user1357@corp.io,2026-05-22,DE
u02-001358,user1358@uni.edu,2026-06-25,AU
u02-001359,user1359@corp.io,2026-06-11,GB
u02-001360,user1360@corp.io,2026-04-28,US
u02-001361,user1361@corp.io,2026-05-17,SG
u02-001362,user1362@uni.edu,2026-08-21,SG
u02-001363,user1363@uni.edu,2026-01-13,DE
u02-001364,user1364@corp.io,2026-02-11,AU
u02-001365,user1365@mail.co.in,2026-02-28,SG
u02-001366,user1366@example.com,2026-05-21,GB
u02-001367,user1367@mail.co.in,2026-01-19,GB
u02-001368,user1368@mail.co.in,2026-04-19,SG
u02-001369,user1369@mail.co.in,2026-07-12,SG
u02-001370,user1370@corp.io,2026-04-13,GB
u02-001371,user1371@example.com,2026-05-21,SG
u02-001372,user1372@mail.co.in,2026-04-11,GB
u02-001373,user1373@mail.co.in,2026-05-26,DE
u02-001374,user1374@mail.co.in,2026-05-11,SG
u02-001375,user1375@uni.edu,2026-07-15,GB
u02-001376,user1376@mail.co.in,2026-01-17,GB
u02-001377,user1377@uni.edu,2026-08-17,IN
u02-001378,user1378@uni.edu,2026-08-26,SG
u02-001379,user1379@uni.edu,2026-04-25,US
u02-001380,user1380@corp.io,2026-06-14,US
u02-001381,user1381@uni.edu,2026-07-24,GB
u02-001382,user1382@mail.co.in,2026-08-22,DE
u02-001383,user1383@mail.co.in,2026-01-28,GB
u02-001384,user1384@example.com,2026-04-14,SG
u02-001385,user1385@uni.edu,2026-09-15,SG
u02-001386,user1386@uni.edu,2026-04-27,AU
u02-001387,user1387@mail.co.in,2026-07-14,IN
u02-001388,user1388@example.com,2026-01-14,DE
u02-001389,user1389@corp.io,2026-03-27,GB
u02-001390,user1390@corp.io,2026-08-15,SG
u02-001391,user1391@mail.co.in,2026-07-22,AU
u02-001392,user1392@mail.co.in,2026-04-10,SG
u02-001393,user1393@mail.co.in,2026-03-12,GB
u02-001394,user1394@mail.co.in,2026-09-20,US
u02-001395,user1395@mail.co.in,2026-03-10,US
u02-001396,user1396@uni.edu,2026-07-17,US
u02-001397,user1397@corp.io,2026-08-24,IN
u02-001398,user1398@mail.co.in,2026-04-21,IN
u02-001399,user1399@example.com,2026-04-28,IN
u02-001400,user1400@corp.io,2026-04-25,DE
u02-001401,user1401@example.com,2026-02-20,SG
u02-001402,user1402@example.com,2026-09-21,US
u02-001403,user1403@uni.edu,2026-02-25,AU
u02-001404,user1404@mail.co.in,2026-05-26,IN
u02-001405,user1405@corp.io,2026-08-12,DE
u02-001406,user1406@example.com,2026-08-24,IN
u02-001407,user1407@corp.io,2026-02-26,AU
u02-001408,user1408@uni.edu,2026-09-11,US
u02-001409,user1409@uni.edu,2026-03-25,DE
u02-001410,user1410@uni.edu,2026-03-20,US
u02-001411,user1411@corp.io,2026-09-20,US
u02-001412,user1412@mail.co.in,2026-07-27,DE
u02-001413,user1413@example.com,2026-03-24,US
u02-001414,user1414@corp.io,2026-04-24,GB
u02-001415,user1415@mail.co.in,2026-03-18,SG
u02-001416,user1416@uni.edu,2026-07-16,IN
u02-001417,user1417@corp.io,2026-02-27,SG
u02-001418,user1418@mail.co.in,2026-06-24,DE
u02-001419,user1419@example.com,2026-01-11,AU
u02-001420,user1420@mail.co.in,2026-05-18,SG
u02-001421,user1421@corp.io,2026-04-15,GB
u02-001422,user1422@corp.io,2026-01-11,AU
u02-001423,user1423@example.com,2026-08-28,IN
u02-001424,user1424@mail.co.in,2026-09-14,DE
u02-001425,user1425@uni.edu,2026-04-28,SG
u02-001426,user1426@example.com,2026-05-14,GB
u02-001427,user1427@example.com,2026-02-23,GB
u02-001428,user1428@corp.io,2026-03-10,US
u02-001429,user1429@uni.edu,2026-04-27,SG
u02-001430,user1430@uni.edu,2026-01-23,DE
u02-001431,user1431@example.com,2026-05-28,GB
u02-001432,user1432@uni.edu,2026-04-15,AU
u02-001433,user1433@corp.io,2026-06-21,SG
u02-001434,user1434@corp.io,2026-08-28,US
u02-001435,user1435@example.com,2026-06-10,IN
u02-001436,user1436@example.com,2026-05-13,GB
u02-001437,user1437@corp.io,2026-07-17,SG
u02-001438,user1438@mail.co.in,2026-07-12,GB
u02-001439,user1439@corp.io,2026-08-18,GB
u02-001440,user1440@example.com,2026-08-25,SG
u02-001441,user1441@mail.co.in,2026-08-28,US
u02-001442,user1442@example.com,2026-04-24,DE
u02-001443,user1443@mail.co.in,2026-02-15,IN
u02-001444,user1444@uni.edu,2026-07-18,DE
u02-001445,user1445@mail.co.in,2026-05-24,SG
u02-001446,user1446@uni.edu,2026-06-25,AU
u02-001447,user1447@mail.co.in,2026-08-12,AU
u02-001448,user1448@example.com,2026-01-22,GB
u02-001449,user1449@corp.io,2026-08-20,DE
u02-001450,user1450@uni.edu,2026-08-25,GB
u02-001451,user1451@mail.co.in,2026-04-18,SG
u02-001452,user1452@uni.edu,2026-04-26,US
u02-001453,user1453@uni.edu,2026-07-27,GB
u02-001454,user1454@example.com,2026-05-11,GB
u02-001455,user1455@uni.edu,2026-03-19,GB
u02-001456,user1456@uni.edu,2026-04-13,SG
u02-001457,user1457@example.com,2026-06-22,SG
u02-001458,user1458@example.com,2026-06-21,DE
u02-001459,user1459@corp.io,2026-04-18,IN
u02-001460,user1460@corp.io,2026-02-25,DE
u02-001461,user1461@corp.io,2026-09-24,IN
u02-001462,user1462@example.com,2026-02-10,IN
u02-001463,user1463@example.com,2026-06-14,AU
u02-001464,user1464@example.com,2026-03-21,DE
u02-001465,user1465@corp.io,2026-08-26,GB
u02-001466,user1466@mail.co.in,2026-07-27,US
u02-001467,user1467@corp.io,2026-03-25,GB
u02-001468,user1468@example.com,2026-01-23,US
u02-001469,user1469@mail.co.in,2026-03-25,DE
u02-001470,user1470@corp.io,2026-05-16,IN
u02-001471,user1471@example.com,2026-06-13,IN
u02-001472,user1472@mail.co.in,2026-05-26,US
u02-001473,user1473@example.com,2026-04-11,GB
u02-001474,user1474@uni.edu,2026-05-25,SG
u02-001475,user1475@uni.edu,2026-01-10,US
u02-001476,user1476@mail.co.in,2026-01-26,DE
u02-001477,user1477@corp.io,2026-05-24,AU
u02-001478,user1478@uni.edu,2026-07-11,AU
u02-001479,user1479@mail.co.in,2026-03-18,GB
u02-001480,user1480@uni.edu,2026-01-11,DE
u02-001481,user1481@example.com,2026-09-18,SG
u02-001482,user1482@mail.co.in,2026-02-25,AU
u02-001483,user1483@mail.co.in,2026-05-12,SG
u02-001484,user1484@uni.edu,2026-05-16,IN
u02-001485,user1485@uni.edu,2026-03-17,IN
u02-001486,user1486@corp.io,2026-04-14,US
u02-001487,user1487@corp.io,2026-09-11,DE
u02-001488,user1488@mail.co.in,2026-03-23,US
u02-001489,user1489@example.com,2026-02-21,US
u02-001490,user1490@uni.edu,2026-02-21,SG
u02-001491,user1491@corp.io,2026-04-23,AU
u02-001492,user1492@corp.io,2026-02-18,AU
u02-001493,user1493@example.com,2026-09-25,US
u02-001494,user1494@mail.co.in,2026-09-15,US
u02-001495,user1495@mail.co.in,2026-03-16,GB
u02-001496,user1496@example.com,2026-07-17,GB
u02-001497,user1497@corp.io,2026-06-20,SG
u02-001498,user1498@uni.edu,2026-02-21,GB
u02-001499,user1499@uni.edu,2026-04-14,SG
u02-001500,user1500@uni.edu,2026-06-22,IN
u02-001501,user1501@corp.io,2026-09-17,SG
u02-001502,user1502@mail.co.in,2026-05-22,SG
u02-001503,user1503@corp.io,2026-02-26,GB
u02-001504,user1504@example.com,2026-02-23,SG
u02-001505,user1505@uni.edu,2026-01-14,DE
u02-001506,user1506@mail.co.in,2026-07-21,AU
u02-001507,user1507@mail.co.in,2026-03-19,IN
u02-001508,user1508@mail.co.in,2026-01-25,GB
u02-001509,user1509@corp.io,2026-09-28,DE
u02-001510,user1510@example.com,2026-09-21,SG
u02-001511,user1511@corp.io,2026-03-24,DE
u02-001512,user1512@example.com,2026-07-25,SG
u02-001513,user1513@corp.io,2026-07-28,GB
u02-001514,user1514@uni.edu,2026-08-13,GB
u02-001515,user1515@mail.co.in,2026-06-21,DE
u02-001516,user1516@uni.edu,2026-07-26,IN
u02-001517,user1517@mail.co.in,2026-04-18,IN
u02-001518,user1518@example.com,2026-03-15,AU
u02-001519,user1519@uni.edu,2026-01-26,IN
u02-001520,user1520@uni.edu,2026-08-14,US
u02-001521,user1521@corp.io,2026-04-20,SG
u02-001522,user1522@mail.co.in,2026-03-14,GB
u02-001523,user1523@corp.io,2026-08-25,DE
u02-001524,user1524@example.com,2026-06-11,IN
u02-001525,user1525@uni.edu,2026-04-11,AU
u02-001526,user1526@mail.co.in,2026-05-19,GB
u02-001527,user1527@uni.edu,2026-05-27,IN
u02-001528,user1528@example.com,2026-09-24,IN
u02-001529,user1529@example.com,2026-01-22,IN
u02-001530,user1530@corp.io,2026-01-20,IN
u02-001531,user1531@example.com,2026-08-12,SG
u02-001532,user1532@mail.co.in,2026-02-16,US
u02-001533,user1533@example.com,2026-07-15,SG
u02-001534,user1534@corp.io,2026-05-15,AU
u02-001535,user1535@corp.io,2026-01-12,IN
u02-001536,user1536@corp.io,2026-03-24,IN
u02-001537,user1537@corp.io,2026-06-14,DE
u02-001538,user1538@corp.io,2026-01-27,SG
u02-001539,user1539@uni.edu,2026-05-19,DE
u02-001540,user1540@mail.co.in,2026-05-17,IN
u02-001541,user1541@example.com,2026-06-16,DE
u02-001542,user1542@uni.edu,2026-02-14,DE
u02-001543,user1543@example.com,2026-09-18,DE
u02-001544,user1544@example.com,2026-07-14,AU
u02-001545,user1545@mail.co.in,2026-05-24,AU
u02-001546,user1546@example.com,2026-06-19,GB
u02-001547,user1547@corp.io,2026-08-26,US
u02-001548,user1548@example.com,2026-03-17,GB
u02-001549,user1549@mail.co.in,2026-04-19,SG
u02-001550,user1550@uni.edu,2026-09-11,US
u02-001551,user1551@corp.io,2026-05-18,GB
u02-001552,user1552@uni.edu,2026-05-25,SG
u02-001553,user1553@example.com,2026-08-28,US
u02-001554,user1554@corp.io,2026-02-22,US
u02-001555,user1555@corp.io,2026-07-22,SG
u02-001556,user1556@corp.io,2026-08-15,DE
u02-001557,user1557@uni.edu,2026-08-14,AU
u02-001558,user1558@uni.edu,2026-08-19,GB
u02-001559,user1559@mail.co.in,2026-08-27,US
u02-001560,user1560@example.com,2026-02-28,SG
u02-001561,user1561@uni.edu,2026-02-22,US
u02-001562,user1562@uni.edu,2026-04-27,IN
u02-001563,user1563@uni.edu,2026-03-21,GB
u02-001564,user1564@corp.io,2026-02-22,GB
u02-001565,user1565@mail.co.in,2026-08-28,US
u02-001566,user1566@corp.io,2026-06-15,DE
u02-001567,user1567@mail.co.in,2026-03-20,US
u02-001568,user1568@mail.co.in,2026-09-17,GB
u02-001569,user1569@corp.io,2026-06-13,AU
u02-001570,user1570@mail.co.in,2026-05-10,GB
u02-001571,user1571@uni.edu,2026-01-28,US
u02-001572,user1572@uni.edu,2026-04-18,GB
u02-001573,user1573@example.com,2026-04-25,DE
u02-001574,user1574@uni.edu,2026-08-18,SG
u02-001575,user1575@example.com,2026-03-12,US
u02-001576,user1576@mail.co.in,2026-06-27,GB
u02-001577,user1577@corp.io,2026-03-23,US
u02-001578,user1578@corp.io,2026-06-25,DE
u02-001579,user1579@mail.co.in,2026-03-17,GB
u02-001580,user1580@uni.edu,2026-01-23,GB
u02-001581,user1581@example.com,2026-03-16,DE
u02-001582,user1582@example.com,2026-03-25,SG
u02-001583,user1583@example.com,2026-02-14,AU
u02-001584,user1584@example.com,2026-01-15,AU
u02-001585,user1585@uni.edu,2026-09-22,US
u02-001586,user1586@corp.io,2026-08-22,GB
u02-001587,user1587@uni.edu,2026-05-21,US
u02-001588,user1588@uni.edu,2026-05-11,IN
u02-001589,user1589@uni.edu,2026-08-26,GB
u02-001590,user1590@uni.edu,2026-05-13,GB
u02-001591,user1591@example.com,2026-05-28,US
u02-001592,user1592@uni.edu,2026-01-23,US
u02-001593,user1593@uni.edu,2026-07-11,SG
u02-001594,user1594@example.com,2026-03-11,IN
u02-001595,user1595@example.com,2026-03-18,SG
u02-001596,user1596@example.com,2026-01-24,IN
u02-001597,user1597@corp.io,2026-01-13,IN
u02-001598,user1598@example.com,2026-03-18,AU
u02-001599,user1599@example.com,2026-09-28,IN
u02-001600,user1600@mail.co.in,2026-02-17,US
u02-001601,user1601@example.com,2026-08-27,AU
u02-001602,user1602@mail.co.in,2026-02-10,US
u02-001603,user1603@corp.io,2026-09-10,GB
u02-001604,user1604@mail.co.in,2026-02-25,IN
u02-001605,user1605@uni.edu,2026-07-22,DE
u02-001606,user1606@example.com,2026-02-18,GB
u02-001607,user1607@uni.edu,2026-08-15,GB
u02-001608,user1608@example.com,2026-03-15,AU
u02-001609,user1609@example.com,2026-06-21,IN
u02-001610,user1610@mail.co.in,2026-02-15,IN
u02-001611,user1611@mail.co.in,2026-05-21,DE
u02-001612,user1612@example.com,2026-07-23,GB
u02-001613,user1613@uni.edu,2026-07-25,AU
u02-001614,user1614@mail.co.in,2026-06-24,US
u02-001615,user1615@corp.io,2026-05-20,GB
u02-001616,user1616@mail.co.in,2026-06-27,DE
u02-001617,user1617@corp.io,2026-06-23,US
u02-001618,user1618@mail.co.in,2026-06-10,DE
u02-001619,user1619@mail.co.in,2026-02-26,IN
u02-001620,user1620@uni.edu,2026-07-26,US
u02-001621,user1621@example.com,2026-08-12,IN
u02-001622,user1622@uni.edu,2026-07-13,DE
u02-001623,user1623@mail.co.in,2026-07-23,AU
u02-001624,user1624@example.com,2026-04-16,IN
u02-001625,user1625@corp.io,2026-07-17,IN
u02-001626,user1626@corp.io,2026-08-23,AU
u02-001627,user1627@example.com,2026-09-20,US
u02-001628,user1628@corp.io,2026-01-23,AU
u02-001629,user1629@mail.co.in,2026-05-17,IN
u02-001630,user1630@mail.co.in,2026-06-13,AU
u02-001631,user1631@uni.edu,2026-05-17,IN
u02-001632,user1632@example.com,2026-07-15,AU
u02-001633,user1633@uni.edu,2026-05-22,DE
u02-001634,user1634@uni.edu,2026-02-12,GB
u02-001635,user1635@uni.edu,2026-07-18,DE
u02-001636,user1636@uni.edu,2026-01-16,SG
u02-001637,user1637@uni.edu,2026-02-13,AU
u02-001638,user1638@corp.io,2026-04-25,GB
u02-001639,user1639@example.com,2026-06-18,SG
u02-001640,user1640@mail.co.in,2026-05-22,AU
u02-001641,user1641@example.com,2026-03-17,IN
u02-001642,user1642@uni.edu,2026-08-14,GB
u02-001643,user1643@mail.co.in,2026-01-24,SG
u02-001644,user1644@corp.io,2026-02-21,DE
u02-001645,user1645@uni.edu,2026-07-22,IN
u02-001646,user1646@corp.io,2026-09-18,AU
u02-001647,user1647@uni.edu,2026-04-22,SG
u02-001648,user1648@corp.io,2026-07-20,DE
u02-001649,user1649@mail.co.in,2026-08-17,AU
u02-001650,user1650@uni.edu,2026-03-18,GB
u02-001651,user1651@uni.edu,2026-01-15,GB
u02-001652,user1652@mail.co.in,2026-02-17,SG
u02-001653,user1653@mail.co.in,2026-04-15,US
u02-001654,user1654@example.com,2026-07-26,AU
u02-001655,user1655@mail.co.in,2026-07-24,IN
u02-001656,user1656@mail.co.in,2026-09-17,GB
u02-001657,user1657@example.com,2026-01-15,IN
u02-001658,user1658@example.com,2026-05-19,SG
u02-001659,user1659@mail.co.in,2026-07-16,DE
u02-001660,user1660@mail.co.in,2026-07-26,DE
u02-001661,user1661@mail.co.in,2026-02-16,SG
u02-001662,user1662@example.com,2026-05-17,IN
u02-001663,user1663@corp.io,2026-04-23,AU
u02-001664,user1664@uni.edu,2026-05-19,AU
u02-001665,user1665@corp.io,2026-09-14,US
u02-001666,user1666@uni.edu,2026-09-20,US
u02-001667,user1667@example.com,2026-01-20,AU
u02-001668,user1668@uni.edu,2026-04-14,AU
u02-001669,user1669@corp.io,2026-08-11,GB
u02-001670,user1670@corp.io,2026-08-23,SG
u02-001671,user1671@mail.co.in,2026-04-13,US
u02-001672,user1672@uni.edu,2026-03-10,US
u02-001673,user1673@uni.edu,2026-04-14,AU
u02-001674,user1674@mail.co.in,2026-07-10,DE
u02-001675,user1675@example.com,2026-08-28,DE
u02-001676,user1676@mail.co.in,2026-08-28,US
u02-001677,user1677@example.com,2026-03-20,DE
u02-001678,user1678@mail.co.in,2026-01-19,IN
u02-001679,user1679@uni.edu,2026-07-11,GB
u02-001680,user1680@uni.edu,2026-06-28,US
u02-001681,user1681@uni.edu,2026-01-23,DE
u02-001682,user1682@uni.edu,2026-05-20,IN
u02-001683,user1683@uni.edu,2026-04-24,GB
u02-001684,user1684@mail.co.in,2026-06-23,IN
u02-001685,user1685@example.com,2026-02-20,GB
u02-001686,user1686@example.com,2026-07-11,DE
u02-001687,user1687@corp.io,2026-01-10,SG
u02-001688,user1688@mail.co.in,2026-02-17,US
u02-001689,user1689@uni.edu,2026-04-13,IN
u02-001690,user1690@mail.co.in,2026-06-13,AU
u02-001691,user1691@example.com,2026-06-21,DE
u02-001692,user1692@corp.io,2026-03-19,IN
u02-001693,user1693@corp.io,2026-07-12,IN
u02-001694,user1694@mail.co.in,2026-07-18,DE
u02-001695,user1695@mail.co.in,2026-05-11,AU
u02-001696,user1696@uni.edu,2026-07-28,US
u02-001697,user1697@example.com,2026-04-21,AU
u02-001698,user1698@corp.io,2026-06-13,GB
u02-001699,user1699@corp.io,2026-06-17,AU
u02-001700,user1700@uni.edu,2026-03-14,DE
u02-001701,user1701@mail.co.in,2026-06-15,SG
u02-001702,user1702@mail.co.in,2026-08-10,US
u02-001703,user1703@uni.edu,2026-04-26,AU
u02-001704,user1704@corp.io,2026-09-25,IN
u02-001705,user1705@uni.edu,2026-02-15,US
u02-001706,user1706@mail.co.in,2026-01-21,GB
u02-001707,user1707@mail.co.in,2026-09-22,SG
u02-001708,user1708@uni.edu,2026-01-15,AU
u02-001709,user1709@uni.edu,2026-07-22,AU
u02-001710,user1710@corp.io,2026-06-15,GB
u02-001711,user1711@uni.edu,2026-07-10,AU
u02-001712,user1712@uni.edu,2026-04-28,GB
u02-001713,user1713@uni.edu,2026-02-18,IN
u02-001714,user1714@mail.co.in,2026-05-15,IN
u02-001715,user1715@example.com,2026-05-11,GB
u02-001716,user1716@uni.edu,2026-01-26,DE
u02-001717,user1717@corp.io,2026-02-24,IN
u02-001718,user1718@corp.io,2026-02-26,DE
u02-001719,user1719@uni.edu,2026-05-14,IN
u02-001720,user1720@uni.edu,2026-06-26,US
u02-001721,user1721@mail.co.in,2026-05-25,US
u02-001722,user1722@corp.io,2026-03-20,SG
u02-001723,user1723@example.com,2026-09-22,DE
u02-001724,user1724@uni.edu,2026-05-10,US
u02-001725,user1725@mail.co.in,2026-01-17,IN
u02-001726,user1726@corp.io,2026-07-10,DE
u02-001727,user1727@uni.edu,2026-05-27,IN
u02-001728,user1728@corp.io,2026-03-12,AU
u02-001729,user1729@example.com,2026-08-18,IN
u02-001730,user1730@corp.io,2026-07-17,AU
u02-001731,user1731@corp.io,2026-05-23,DE
u02-001732,user1732@example.com,2026-05-21,IN
u02-001733,user1733@mail.co.in,2026-03-18,DE
u02-001734,user1734@corp.io,2026-05-10,SG
u02-001735,user1735@mail.co.in,2026-05-18,DE
u02-001736,user1736@corp.io,2026-06-19,DE
u02-001737,user1737@mail.co.in,2026-07-22,US
u02-001738,user1738@example.com,2026-01-18,DE
u02-001739,user1739@corp.io,2026-09-10,SG
u02-001740,user1740@mail.co.in,2026-07-21,SG
u02-001741,user1741@example.com,2026-08-16,GB
u02-001742,user1742@corp.io,2026-01-22,US
u02-001743,user1743@example.com,2026-06-16,GB
u02-001744,user1744@mail.co.in,2026-09-21,SG
u02-001745,user1745@example.com,2026-07-11,GB
u02-001746,user1746@example.com,2026-06-24,DE
u02-001747,user1747@example.com,2026-02-18,SG
u02-001748,user1748@corp.io,2026-08-28,US
u02-001749,user1749@corp.io,2026-05-24,IN
u02-001750,user1750@corp.io,2026-08-23,DE
u02-001751,user1751@uni.edu,2026-08-21,IN
u02-001752,user1752@example.com,2026-02-12,US
u02-001753,user1753@example.com,2026-09-24,IN
u02-001754,user1754@uni.edu,2026-08-28,AU
u02-001755,user1755@corp.io,2026-04-15,US
u02-001756,user1756@corp.io,2026-07-23,DE
u02-001757,user1757@uni.edu,2026-01-25,AU
u02-001758,user1758@mail.co.in,2026-01-16,DE
u02-001759,user1759@uni.edu,2026-03-28,DE
u02-001760,user1760@example.com,2026-02-22,GB
u02-001761,user1761@corp.io,2026-02-23,AU
u02-001762,user1762@mail.co.in,2026-05-15,DE
u02-001763,user1763@corp.io,2026-05-17,SG
u02-001764,user1764@mail.co.in,2026-05-18,SG
u02-001765,user1765@corp.io,2026-05-20,GB
u02-001766,user1766@uni.edu,2026-01-28,US
u02-001767,user1767@uni.edu,2026-01-18,US
u02-001768,user1768@mail.co.in,2026-01-23,GB
u02-001769,user1769@uni.edu,2026-06-23,AU
u02-001770,user1770@corp.io,2026-04-19,GB
u02-001771,user1771@uni.edu,2026-06-11,DE
u02-001772,user1772@uni.edu,2026-03-15,US
u02-001773,user1773@example.com,2026-02-26,GB
u02-001774,user1774@uni.edu,2026-05-22,DE
u02-001775,user1775@example.com,2026-06-17,GB
u02-001776,user1776@uni.edu,2026-02-17,GB
u02-001777,user1777@mail.co.in,2026-09-28,GB
u02-001778,user1778@uni.edu,2026-06-17,IN
u02-001779,user1779@uni.edu,2026-02-27,IN
u02-001780,user1780@uni.edu,2026-05-22,US
u02-001781,user1781@example.com,2026-04-17,US
u02-001782,user1782@example.com,2026-03-23,SG
u02-001783,user1783@example.com,2026-06-25,GB
u02-001784,user1784@example.com,2026-04-25,GB
u02-001785,user1785@uni.edu,2026-01-24,IN
u02-001786,user1786@uni.edu,2026-01-23,GB
u02-001787,user1787@uni.edu,2026-07-17,US
u02-001788,user1788@corp.io,2026-09-19,SG
u02-001789,user1789@mail.co.in,2026-05-11,US
u02-001790,user1790@mail.co.in,2026-02-11,DE
u02-001791,user1791@corp.io,2026-03-17,SG
u02-001792,user1792@uni.edu,2026-05-12,IN
u02-001793,user1793@example.com,2026-05-24,DE
u02-001794,user1794@uni.edu,2026-07-21,IN
u02-001795,user1795@mail.co.in,2026-02-11,AU
u02-001796,user1796@uni.edu,2026-04-24,IN
u02-001797,user1797@corp.io,2026-02-10,AU
u02-001798,user1798@corp.io,2026-01-19,SG
u02-001799,user1799@corp.io,2026-03-19,DE
u02-001800,user1800@uni.edu,2026-06-28,IN
u02-001801,user1801@example.com,2026-02-21,IN
u02-001802,user1802@mail.co.in,2026-02-13,DE
u02-001803,user1803@mail.co.in,2026-04-23,GB
u02-001804,user1804@uni.edu,2026-08-12,IN
u02-001805,user1805@example.com,2026-05-24,AU
u02-001806,user1806@corp.io,2026-04-18,AU
u02-001807,user1807@uni.edu,2026-03-23,IN
u02-001808,user1808@example.com,2026-06-21,US
u02-001809,user1809@example..com,2026-03-28,IN
u02-001810,user1810@uni.edu,2026-09-19,IN
u02-001811,user1811@example.com,2026-02-26,IN
u02-001812,user1812@example.com,2026-01-23,IN
u02-001813,user1813@example.com,2026-07-24,AU
u02-001814,user1814@corp.io,2026-05-21,GB
u02-001815,user1815@mail.co.in,2026-09-21,GB
u02-001816,user1816@mail.co.in,2026-04-10,SG
u02-001817,user1817@corp.io,2026-02-16,US
u02-001818,user1818@uni.edu,2026-09-24,IN
u02-001819,user1819@example.com,2026-03-13,DE
u02-001820,user1820@example.com,2026-03-28,DE
u02-001821,user1821@uni.edu,2026-03-20,US
u02-001822,user1822@example.com,2026-02-16,DE
u02-001823,user1823@mail.co.in,2026-01-28,AU
u02-001824,user1824@corp.io,2026-01-27,US
u02-001825,user1825@example.com,2026-06-22,US
u02-001826,user1826@mail.co.in,2026-09-27,DE
u02-001827,user1827@mail.co.in,2026-04-21,AU
u02-001828,user1828@uni.edu,2026-06-19,GB
u02-001829,user1829@mail.co.in,2026-07-15,GB
u02-001830,user1830@example.com,2026-01-25,GB
u02-001831,user1831@uni.edu,2026-03-14,GB
u02-001832,user1832@corp.io,2026-06-26,US
u02-001833,user1833@example.com,2026-01-22,GB
u02-001834,user1834@corp.io,2026-06-12,SG
u02-001835,user1835@uni.edu,2026-02-19,SG
u02-001836,user1836@uni.edu,2026-05-13,SG
u02-001837,user1837@example.com,2026-06-10,AU
u02-001838,user1838@example.com,2026-03-27,DE
u02-001839,user1839@example.com,2026-02-21,IN
u02-001840,user1840@example.com,2026-04-20,US
u02-001841,user1841@mail.co.in,2026-09-20,AU
u02-001842,user1842@corp.io,2026-02-12,GB
u02-001843,user1843@example.com,2026-08-10,SG
u02-001844,user1844@example.com,2026-04-25,SG
u02-001845,user1845@example.com,2026-04-15,AU
u02-001846,user1846@corp.io,2026-07-26,US
u02-001847,user1847@mail.co.in,2026-08-28,AU
u02-001848,user1848@corp.io,2026-03-15,IN
u02-001849,user1849@corp.io,2026-04-19,IN
u02-001850,user1850@corp.io,2026-09-26,US
u02-001851,user1851@mail.co.in,2026-03-26,AU
u02-001852,user1852@corp.io,2026-04-23,DE
u02-001853,user1853@mail.co.in,2026-07-25,AU
u02-001854,user1854@example.com,2026-06-14,US
u02-001855,user1855@uni.edu,2026-09-20,DE
u02-001856,user1856@corp.io,2026-07-14,US
u02-001857,user1857@mail.co.in,2026-07-23,SG
u02-001858,user1858@corp.io,2026-03-12,GB
u02-001859,user1859@example.com,2026-03-22,DE
u02-001860,user1860@uni.edu,2026-09-17,US
u02-001861,user1861@mail.co.in,2026-09-11,US
u02-001862,user1862@uni.edu,2026-06-24,US
u02-001863,user1863@example.com,2026-06-24,US
u02-001864,user1864@uni.edu,2026-03-15,SG
u02-001865,user1865@mail.co.in,2026-05-21,IN
u02-001866,user1866@corp.io,2026-08-26,US
u02-001867,user1867@uni.edu,2026-01-22,DE
u02-001868,user1868@corp.io,2026-09-20,US
u02-001869,user1869@uni.edu,2026-05-14,AU
u02-001870,user1870@uni.edu,2026-09-28,AU
u02-001871,user1871@example.com,2026-01-23,AU
u02-001872,user1872@corp.io,2026-02-20,GB
u02-001873,user1873@mail.co.in,2026-03-24,GB
u02-001874,user1874@uni.edu,2026-03-10,AU
u02-001875,user1875@uni.edu,2026-05-17,AU
u02-001876,user1876@uni.edu,2026-04-11,AU
u02-001877,user1877@mail.co.in,2026-05-17,SG
u02-001878,user1878@corp.io,2026-03-16,IN
u02-001879,user1879@uni.edu,2026-01-20,SG
u02-001880,user1880@uni.edu,2026-01-25,GB
u02-001881,user1881@uni.edu,2026-09-17,GB
u02-001882,user1882@mail.co.in,2026-04-22,IN
u02-001883,user1883@corp.io,2026-01-10,DE
u02-001884,user1884@corp.io,2026-03-13,US
u02-001885,user1885@corp.io,2026-08-16,US
u02-001886,user1886@uni.edu,2026-04-18,DE
u02-001887,user1887@example.com,2026-09-22,US
u02-001888,user1888@corp.io,2026-07-24,US
u02-001889,user1889@uni.edu,2026-09-23,SG
u02-001890,user1890@corp.io,2026-02-22,DE
u02-001891,user1891@uni.edu,2026-02-10,IN
u02-001892,user1892@mail.co.in,2026-05-20,GB
u02-001893,user1893@mail.co.in,2026-05-16,GB
u02-001894,user1894@uni.edu,2026-05-17,IN
u02-001895,user1895@uni.edu,2026-09-20,AU
u02-001896,user1896@example.com,2026-05-13,GB
u02-001897,user1897@corp.io,2026-01-28,AU
u02-001898,user1898@corp.io,2026-03-14,AU
u02-001899,user1899@mail.co.in,2026-06-20,SG
u02-001900,user1900@example.com,2026-06-14,IN
u02-001901,user1901@uni.edu,2026-05-14,IN
u02-001902,user1902@mail.co.in,2026-07-26,DE
u02-001903,user1903@corp.io,2026-07-23,AU
u02-001904,user1904@mail.co.in,2026-03-15,AU
u02-001905,user1905@mail.co.in,2026-08-21,GB
u02-001906,user1906@corp.io,2026-06-15,US
u02-001907,user1907@uni.edu,2026-01-24,US
u02-001908,user1908@mail.co.in,2026-09-23,SG
u02-001909,user1909@uni.edu,2026-07-13,DE
u02-001910,user1910@corp.io,2026-03-23,GB
u02-001911,user1911@corp.io,2026-08-16,IN
u02-001912,user1912@example.com,2026-02-11,GB
u02-001913,user1913@uni.edu,2026-08-26,US
u02-001914,user1914@uni.edu,2026-03-14,DE
u02-001915,user1915@mail.co.in,2026-03-15,US
u02-001916,user1916@corp.io,2026-04-23,DE
u02-001917,user1917@mail.co.in,2026-08-14,IN
u02-001918,user1918@example.com,2026-03-18,US
u02-001919,user1919@example.com,2026-05-10,US
u02-001920,user1920@uni.edu,2026-06-13,AU
u02-001921,user1921@example.com,2026-06-10,US
u02-001922,user1922@corp.io,2026-05-19,US
u02-001923,user1923@example.com,2026-01-25,GB
u02-001924,user1924@uni.edu,2026-02-11,US
u02-001925,user1925@corp.io,2026-03-12,GB
u02-001926,user1926@mail.co.in,2026-04-18,IN
u02-001927,user1927@mail.co.in,2026-03-22,DE
u02-001928,user1928@mail.co.in,2026-08-19,SG
u02-001929,user1929@example.com,2026-06-18,SG
u02-001930,user1930@mail.co.in,2026-08-22,US
u02-001931,user1931@uni.edu,2026-08-14,DE
u02-001932,user1932@example.com,2026-09-25,US
u02-001933,user1933@corp.io,2026-06-27,DE
u02-001934,user1934@uni.edu,2026-05-11,IN
u02-001935,user1935@uni.edu,2026-05-24,US
u02-001936,user1936@example.com,2026-02-24,GB
u02-001937,user1937@example.com,2026-09-13,DE
u02-001938,user1938@corp.io,2026-05-16,IN
u02-001939,user1939@corp.io,2026-09-21,IN
u02-001940,user1940@example.com,2026-03-16,IN
u02-001941,user1941@corp.io,2026-04-28,GB
u02-001942,user1942@corp.io,2026-07-12,IN
u02-001943,user1943@uni.edu,2026-06-15,AU
u02-001944,user1944@example.com,2026-09-23,GB
u02-001945,user1945@corp.io,2026-06-27,GB
u02-001946,user1946@mail.co.in,2026-02-27,IN
u02-001947,user1947@uni.edu,2026-09-10,IN
u02-001948,user1948@example.com,2026-08-24,AU
u02-001949,user1949@mail.co.in,2026-03-17,AU
u02-001950,user1950@example.com,2026-06-10,DE
u02-001951,user1951@uni.edu,2026-08-18,SG
u02-001952,user1952@mail.co.in,2026-08-15,IN
u02-001953,user1953@mail.co.in,2026-07-18,US
u02-001954,user1954@corp.io,2026-02-21,AU
u02-001955,user1955@example.com,2026-01-16,IN
u02-001956,user1956@uni.edu,2026-06-19,DE
u02-001957,user1957@example.com,2026-06-11,AU
u02-001958,user1958@example.com,2026-07-10,AU
u02-001959,user1959@example.com,2026-02-17,AU
u02-001960,user1960@corp.io,2026-09-17,US
u02-001961,user1961@corp.io,2026-06-15,DE
u02-001962,user1962@uni.edu,2026-09-22,IN
u02-001963,user1963@mail.co.in,2026-03-20,DE
u02-001964,user1964@example.com,2026-01-16,AU
u02-001965,user1965@example.com,2026-05-18,AU
u02-001966,user1966@mail.co.in,2026-03-21,DE
u02-001967,user1967@example.com,2026-03-27,DE
u02-001968,user1968@mail.co.in,2026-06-20,SG
u02-001969,user1969@uni.edu,2026-01-14,US
u02-001970,user1970@mail.co.in,2026-06-16,IN
u02-001971,user1971@corp.io,2026-01-27,AU
u02-001972,user1972@example.com,2026-04-16,AU
u02-001973,user1973@example.com,2026-06-21,US
u02-001974,user1974@corp.io,2026-06-10,AU
u02-001975,user1975@corp.io,2026-05-23,AU
u02-001976,user1976@mail.co.in,2026-05-26,AU
u02-001977,user1977@corp.io,2026-04-28,AU
u02-001978,user1978@uni.edu,2026-08-23,US
u02-001979,user1979@uni.edu,2026-07-15,GB
u02-001980,user1980@example.com,2026-08-14,SG
u02-001981,user1981@mail.co.in,2026-02-18,GB
u02-001982,user1982@example.com,2026-01-18,AU
u02-001983,user1983@example.com,2026-06-27,IN
u02-001984,user1984@uni.edu,2026-02-11,IN
u02-001985,user1985@uni.edu,2026-06-19,AU
u02-001986,user1986@mail.co.in,2026-01-26,IN
u02-001987,user1987@corp.io,2026-04-18,AU
u02-001988,user1988@uni.edu,2026-03-18,GB
u02-001989,user1989@corp.io,2026-02-14,US
u02-001990,user1990@example.com,2026-01-20,SG
u02-001991,user1991@example.com,2026-03-10,IN
u02-001992,user1992@example.com,2026-07-15,IN
u02-001993,user1993@mail.co.in,2026-03-22,IN
u02-001994,user1994@corp.io,2026-07-16,DE
u02-001995,user1995@uni.edu,2026-02-21,GB
u02-001996,user1996@example.com,2026-04-11,SG
u02-001997,user1997@corp.io,2026-03-21,DE
u02-001998,user1998@uni.edu,2026-07-27,SG
u02-001999,user1999@uni.edu,2026-02-12,GB
u02-002000,user2000@example.com,2026-01-11,DE
u02-002001,user2001@corp.io,2026-06-20,SG
u02-002002,user2002@corp.io,2026-07-23,GB
u02-002003,user2003@mail.co.in,2026-09-24,GB
u02-002004,user2004@uni.edu,2026-05-17,US
u02-002005,user2005@uni.edu,2026-04-11,US
u02-002006,user2006@corp.io,2026-08-10,DE
u02-002007,user2007@corp.io,2026-04-18,GB
u02-002008,user2008@corp.io,2026-05-18,SG
u02-002009,user2009@uni.edu,2026-08-15,IN
u02-002010,user2010@mail.co.in,2026-08-20,AU
u02-002011,user2011@corp.io,2026-01-12,GB
u02-002012,user2012@mail.co.in,2026-02-25,GB
u02-002013,user2013@example.com,2026-01-11,US
u02-002014,user2014@example.com,2026-03-19,IN
u02-002015,user2015@uni.edu,2026-09-27,AU
u02-002016,user2016@corp.io,2026-06-10,GB
u02-002017,user2017@example.com,2026-08-27,IN
u02-002018,user2018@mail.co.in,2026-01-18,SG
u02-002019,user2019@uni.edu,2026-02-28,AU
u02-002020,user2020@example.com,2026-04-20,AU
u02-002021,user2021@uni.edu,2026-02-18,SG
u02-002022,user2022@example.com,2026-01-23,AU
u02-002023,user2023@uni.edu,2026-02-19,DE
u02-002024,user2024@uni.edu,2026-08-11,DE
u02-002025,user2025@mail.co.in,2026-01-13,DE
u02-002026,user2026@corp.io,2026-07-24,DE
u02-002027,user2027@uni.edu,2026-06-14,AU
u02-002028,user2028@mail.co.in,2026-08-13,IN
u02-002029,user2029@example.com,2026-08-20,DE
u02-002030,user2030@example.com,2026-05-10,DE
u02-002031,user2031@example.com,2026-03-11,DE
u02-002032,user2032@uni.edu,2026-02-14,DE
u02-002033,user2033@example.com,2026-05-21,IN
u02-002034,user2034@example.com,2026-01-18,GB
u02-002035,user2035@corp.io,2026-08-18,US
u02-002036,user2036@uni.edu,2026-05-16,GB
u02-002037,user2037@corp.io,2026-04-23,IN
u02-002038,user2038@mail.co.in,2026-05-17,GB
u02-002039,user2039@example.com,2026-02-11,IN
u02-002040,user2040@example.com,2026-07-19,GB
u02-002041,user2041@corp.io,2026-01-14,SG
u02-002042,user2042@corp.io,2026-05-27,GB
u02-002043,user2043@uni.edu,2026-06-25,US
u02-002044,user2044@mail.co.in,2026-09-13,US
u02-002045,user2045@corp.io,2026-01-25,AU
u02-002046,user2046@mail.co.in,2026-08-13,GB
u02-002047,user2047@example.com,2026-08-24,SG
u02-002048,user2048@uni.edu,2026-01-27,SG
u02-002049,user2049@corp.io,2026-08-12,AU
u02-002050,user2050@corp.io,2026-02-12,DE
u02-002051,user2051@uni.edu,2026-01-20,US
u02-002052,user2052@example.com,2026-01-12,AU
u02-002053,user2053@example.com,2026-01-22,AU
u02-002054,user2054@mail.co.in,2026-06-16,US
u02-002055,user2055@uni.edu,2026-05-19,SG
u02-002056,user2056@example.com,2026-09-12,US
u02-002057,user2057@corp.io,2026-03-14,SG
u02-002058,user2058@example.com,2026-05-12,IN
u02-002059,user2059@mail.co.in,2026-04-23,AU
u02-002060,user2060@mail.co.in,2026-01-10,DE
u02-002061,user2061@example.com,2026-04-23,DE
u02-002062,user2062@uni.edu,2026-02-14,SG
u02-002063,user2063@example.com,2026-06-27,IN
u02-002064,user2064@uni.edu,2026-07-14,GB
u02-002065,user2065@mail.co.in,2026-08-22,DE
u02-002066,user2066@example.com,2026-06-19,US
u02-002067,user2067@corp.io,2026-02-25,DE
u02-002068,user2068@mail.co.in,2026-01-12,US
u02-002069,user2069@uni.edu,2026-06-10,DE
u02-002070,user2070@example.com,2026-04-24,US
u02-002071,user2071@example.com,2026-09-11,DE
u02-002072,user2072@mail.co.in,2026-07-15,IN
u02-002073,user2073@mail.co.in,2026-06-27,IN
u02-002074,user2074@corp.io,2026-03-25,GB
u02-002075,user2075@mail.co.in,2026-01-13,US
u02-002076,user2076@corp.io,2026-07-26,AU
u02-002077,user2077@corp.io,2026-05-10,AU
u02-002078,user2078@corp.io,2026-08-12,SG
u02-002079,user2079@mail.co.in,2026-08-23,GB
u02-002080,user2080@example.com,2026-08-19,IN
u02-002081,user2081@mail.co.in,2026-04-23,DE
u02-002082,user2082@mail.co.in,2026-05-11,AU
u02-002083,user2083@corp.io,2026-03-15,DE
u02-002084,user2084@uni.edu,2026-07-14,GB
u02-002085,user2085@mail.co.in,2026-08-27,AU
u02-002086,user2086@uni.edu,2026-08-27,AU
u02-002087,user2087@mail.co.in,2026-07-10,DE
u02-002088,user2088@mail.co.in,2026-02-21,US
u02-002089,user2089@corp.io,2026-06-16,IN
u02-002090,user2090@uni.edu,2026-02-17,DE
u02-002091,user2091@example.com,2026-07-13,AU
u02-002092,user2092@mail.co.in,2026-01-20,IN
u02-002093,user2093@corp.io,2026-02-24,DE
u02-002094,user2094@corp.io,2026-03-26,IN
u02-002095,user2095@corp.io,2026-05-16,SG
u02-002096,user2096@uni.edu,2026-02-25,US
u02-002097,user2097@uni.edu,2026-03-16,DE
u02-002098,user2098@corp.io,2026-03-21,AU
u02-002099,user2099@mail.co.in,2026-04-14,GB
u02-002100,user2100@uni.edu,2026-02-25,AU
u02-002101,user2101@uni.edu,2026-02-23,GB
u02-002102,user2102@uni.edu,2026-09-18,GB
u02-002103,user2103@uni.edu,2026-08-23,GB
u02-002104,user2104@uni.edu,2026-02-18,GB
u02-002105,user2105@corp.io,2026-06-23,SG
u02-002106,user2106@mail.co.in,2026-08-22,AU
u02-002107,user2107@corp.io,2026-09-25,GB
u02-002108,user2108@uni.edu,2026-09-21,GB
u02-002109,user2109@example.com,2026-06-20,AU
u02-002110,user2110@mail.co.in,2026-07-28,SG
u02-002111,user2111@corp.io,2026-01-22,GB
u02-002112,user2112@mail.co.in,2026-08-22,GB
u02-002113,user2113@uni.edu,2026-06-17,IN
u02-002114,user2114@example.com,2026-01-21,IN
u02-002115,user2115@corp.io,2026-06-23,AU
u02-002116,user2116@uni.edu,2026-01-12,SG
u02-002117,user2117@mail.co.in,2026-05-12,GB
u02-002118,user2118@example.com,2026-08-20,US
u02-002119,user2119@example.com,2026-08-21,GB
u02-002120,user2120@corp.io,2026-03-21,US
u02-002121,user2121@example.com,2026-01-18,SG
u02-002122,user2122@example.com,2026-02-22,GB
u02-002123,user2123@uni.edu,2026-07-15,IN
u02-002124,user2124@mail.co.in,2026-05-27,SG
u02-002125,user2125@example.com,2026-06-25,SG
u02-002126,user2126@corp.io,2026-08-24,IN
u02-002127,user2127@example.com,2026-02-20,IN
u02-002128,user2128@example.com,2026-05-11,SG
u02-002129,user2129@example.com,2026-08-11,SG
u02-002130,user2130@mail.co.in,2026-07-15,SG
u02-002131,user2131@uni.edu,2026-06-22,GB
u02-002132,user2132@uni.edu,2026-07-10,US
u02-002133,user2133@corp.io,2026-01-28,DE
u02-002134,user2134@example.com,2026-08-20,GB
u02-002135,user2135@corp.io,2026-09-26,DE
u02-002136,user2136@corp.io,2026-08-27,GB
u02-002137,user2137@example.com,2026-09-27,IN
u02-002138,user2138@uni.edu,2026-03-18,IN
u02-002139,user2139@example.com,2026-03-10,US
u02-002140,user2140@example.com,2026-07-10,IN
u02-002141,user2141@mail.co.in,2026-04-12,SG
u02-002142,user2142@mail.co.in,2026-03-25,IN
u02-002143,user2143@example.com,2026-05-23,IN
u02-002144,user2144@corp.io,2026-09-13,IN
u02-002145,user2145@corp.io,2026-06-20,AU
u02-002146,user2146@mail.co.in,2026-08-18,GB
u02-002147,user2147@corp.io,2026-05-22,US
u02-002148,user2148@corp.io,2026-05-19,AU
u02-002149,user2149@mail.co.in,2026-03-11,US
u02-002150,user2150@mail.co.in,2026-09-22,IN
u02-002151,user2151@example.com,2026-02-22,DE
u02-002152,user2152@uni.edu,2026-02-13,DE
u02-002153,user2153@mail.co.in,2026-09-21,US
u02-002154,user2154@uni.edu,2026-07-17,IN
u02-002155,user2155@example.com,2026-05-20,IN
u02-002156,user2156@corp.io,2026-03-28,GB
u02-002157,user2157@example.com,2026-01-18,US
u02-002158,user2158@uni.edu,2026-02-27,DE
u02-002159,user2159@corp.io,2026-06-27,GB
u02-002160,user2160@mail.co.in,2026-01-20,IN
u02-002161,user2161@mail.co.in,2026-06-27,IN
u02-002162,user2162@corp.io,2026-09-27,AU
u02-002163,user2163@mail.co.in,2026-09-26,GB
u02-002164,user2164@corp.io,2026-01-28,AU
u02-002165,user2165@corp.io,2026-05-25,US
u02-002166,user2166@mail.co.in,2026-05-22,SG
u02-002167,user2167@corp.io,2026-07-14,IN
u02-002168,user2168@example.com,2026-02-12,SG
u02-002169,user2169@corp.io,2026-08-15,GB
u02-002170,user2170@mail.co.in,2026-09-15,AU
u02-002171,user2171@mail.co.in,2026-07-14,AU
u02-002172,user2172@mail.co.in,2026-02-23,SG
u02-002173,user2173@example.com,2026-01-23,DE
u02-002174,user2174@uni.edu,2026-07-26,GB
u02-002175,user2175@mail.co.in,2026-08-19,IN
u02-002176,user2176@example.com,2026-09-22,US
u02-002177,user2177@mail.co.in,2026-02-25,AU
u02-002178,user2178@uni.edu,2026-05-19,DE
u02-002179,user2179@uni.edu,2026-01-20,AU
u02-002180,user2180@mail.co.in,2026-02-28,US
u02-002181,user2181@uni.edu,2026-05-25,AU
u02-002182,user2182@example.com,2026-05-16,DE
u02-002183,user2183@uni.edu,2026-05-12,IN
u02-002184,user2184@uni.edu,2026-08-18,AU
u02-002185,user2185@corp.io,2026-09-16,DE
u02-002186,user2186@mail.co.in,2026-01-24,AU
u02-002187,user2187@uni.edu,2026-03-24,DE
u02-002188,user2188@example.com,2026-04-14,DE
u02-002189,user2189@corp.io,2026-06-12,GB
u02-002190,user2190@example.com,2026-08-25,US
u02-002191,user2191@uni.edu,2026-02-17,GB
u02-002192,user2192@example.com,2026-04-27,SG
u02-002193,user2193@uni.edu,2026-01-12,SG
u02-002194,user2194@example.com,2026-02-17,US
u02-002195,user2195@corp.io,2026-06-17,SG
u02-002196,user2196@uni.edu,2026-02-16,AU
u02-002197,user2197@corp.io,2026-05-20,AU
u02-002198,user2198@example.com,2026-06-21,GB
u02-002199,user2199@uni.edu,2026-02-24,AU
u02-002200,user2200@mail.co.in,2026-07-20,SG
u02-002201,user2201@mail.co.in,2026-03-22,DE
u02-002202,user2202@mail.co.in,2026-04-12,IN
u02-002203,user2203@uni.edu,2026-07-20,IN
u02-002204,user2204@uni.edu,2026-05-17,IN
u02-002205,user2205@example.com,2026-03-10,DE
u02-002206,user2206@mail.co.in,2026-08-17,AU
u02-002207,user2207@example.com,2026-05-26,US
u02-002208,user2208@mail.co.in,2026-06-18,AU
u02-002209,user2209@uni.edu,2026-04-26,US
u02-002210,user2210@example.com,2026-03-10,AU
u02-002211,user2211@corp.io,2026-03-23,SG
u02-002212,user2212@corp.io,2026-04-26,AU
u02-002213,user2213@mail.co.in,2026-06-14,AU
u02-002214,user2214@corp.io,2026-08-23,AU
u02-002215,user2215@example.com,2026-02-20,GB
u02-002216,user2216@corp.io,2026-02-22,SG
u02-002217,user2217@uni.edu,2026-03-15,DE
u02-002218,user2218@uni.edu,2026-02-15,IN
u02-002219,user2219@example.com,2026-03-18,SG
u02-002220,user2220@uni.edu,2026-06-25,SG
u02-002221,user2221@mail.co.in,2026-07-16,SG
u02-002222,user2222@uni.edu,2026-03-22,DE
u02-002223,user2223@example.com,2026-07-20,IN
u02-002224,user2224@corp.io,2026-02-11,IN
u02-002225,user2225@corp.io,2026-08-23,SG
u02-002226,user2226@mail.co.in,2026-09-13,GB
u02-002227,user2227@example.com,2026-07-17,GB
u02-002228,user2228@uni.edu,2026-02-24,DE
u02-002229,user2229@example.com,2026-07-20,GB
u02-002230,user2230@uni.edu,2026-04-14,GB
u02-002231,user2231@uni.edu,2026-06-26,AU
u02-002232,user2232@corp.io,2026-04-20,SG
u02-002233,user2233@mail.co.in,2026-07-28,US
u02-002234,user2234@mail.co.in,2026-06-25,SG
u02-002235,user2235@example.com,2026-02-16,US
u02-002236,user2236@example.com,2026-04-28,US
u02-002237,user2237@uni.edu,2026-05-13,GB
u02-002238,user2238@corp.io,2026-09-26,GB
u02-002239,user2239@corp.io,2026-07-28,US
u02-002240,user2240@corp.io,2026-08-17,SG
u02-002241,user2241@corp.io,2026-02-18,DE
u02-002242,user2242@example.com,2026-05-11,AU
u02-002243,user2243@uni.edu,2026-08-10,US
u02-002244,user2244@corp.io,2026-09-26,US
u02-002245,user2245@mail.co.in,2026-07-10,GB
u02-002246,user2246@corp.io,2026-09-13,US
u02-002247,user2247@corp.io,2026-07-15,DE
u02-002248,user2248@example.com,2026-05-18,AU
u02-002249,user2249@example.com,2026-02-23,US
u02-002250,user2250@example.com,2026-05-16,AU
u02-002251,user2251@mail.co.in,2026-09-15,DE
u02-002252,user2252@mail.co.in,2026-03-14,SG
u02-002253,user2253@example.com,2026-04-26,AU
u02-002254,user2254@example.com,2026-01-11,US
u02-002255,user2255@uni.edu,2026-08-13,DE
u02-002256,user2256@mail.co.in,2026-06-20,SG
u02-002257,user2257@uni.edu,2026-06-21,GB
u02-002258,user2258@mail.co.in,2026-04-20,SG
u02-002259,user2259@mail.co.in,2026-08-10,SG
u02-002260,user2260@corp.io,2026-01-25,GB
u02-002261,user2261@uni.edu,2026-08-23,AU
u02-002262,user2262@corp.io,2026-06-11,AU
u02-002263,user2263@example.com,2026-01-18,DE
u02-002264,user2264@example.com,2026-07-18,IN
u02-002265,user2265@corp.io,2026-05-16,IN
u02-002266,user2266@corp.io,2026-09-21,AU
u02-002267,user2267@example.com,2026-06-21,GB
u02-002268,user2268@corp.io,2026-08-26,AU
u02-002269,user2269@example.com,2026-07-13,DE
u02-002270,user2270@example.com,2026-07-28,US
u02-002271,user2271@mail.co.in,2026-07-20,US
u02-002272,user2272@uni.edu,2026-01-11,DE
u02-002273,user2273@example.com,2026-09-27,US
u02-002274,user2274@example.com,2026-01-19,US
u02-002275,user2275@mail.co.in,2026-07-16,US
u02-002276,user2276@example.com,2026-02-22,DE
u02-002277,user2277@example.com,2026-04-22,IN
u02-002278,user2278@example.com,2026-09-24,SG
u02-002279,user2279@mail.co.in,2026-09-27,SG
u02-002280,user2280@mail.co.in,2026-07-13,GB
u02-002281,user2281@uni.edu,2026-08-26,GB
u02-002282,user2282@mail.co.in,2026-08-12,DE
u02-002283,user2283@example.com,2026-08-23,IN
u02-002284,user2284@uni.edu,2026-03-22,SG
u02-002285,user2285@corp.io,2026-02-20,GB
u02-002286,user2286@mail.co.in,2026-09-14,US
u02-002287,user2287@uni.edu,2026-04-28,SG
u02-002288,user2288@corp.io,2026-07-15,AU
u02-002289,user2289@corp.io,2026-08-24,AU
u02-002290,user2290@example.com,2026-09-19,IN
u02-002291,user2291@uni.edu,2026-09-21,US
u02-002292,user2292@corp.io,2026-09-13,DE
u02-002293,user2293@example.com,2026-03-28,DE
u02-002294,user2294@mail.co.in,2026-03-17,SG
u02-002295,user2295@example.com,2026-07-12,SG
u02-002296,user2296@uni.edu,2026-01-17,AU
u02-002297,user2297@mail.co.in,2026-06-10,DE
u02-002298,user2298@mail.co.in,2026-06-17,DE
u02-002299,user2299@uni.edu,2026-04-15,US
u02-002300,user2300@mail.co.in,2026-02-16,AU
u02-002301,user2301@mail.co.in,2026-06-12,GB
u02-002302,user2302@mail.co.in,2026-03-28,SG
u02-002303,user2303@example.com,2026-03-27,DE
u02-002304,user2304@mail.co.in,2026-01-22,SG
u02-002305,user2305@corp.io,2026-01-28,IN
u02-002306,user2306@corp.io,2026-06-11,AU
u02-002307,user2307@uni.edu,2026-06-16,DE
u02-002308,user2308@corp.io,2026-01-23,US
u02-002309,user2309@example.com,2026-05-28,IN
u02-002310,user2310@corp.io,2026-07-25,SG
u02-002311,user2311@corp.io,2026-04-10,IN
u02-002312,user2312@mail.co.in,2026-03-19,DE
u02-002313,user2313@corp.io,2026-06-25,GB
u02-002314,user2314@uni.edu,2026-09-27,US
u02-002315,user2315@corp.io,2026-07-16,AU
u02-002316,user2316@uni.edu,2026-03-10,GB
u02-002317,user2317@mail.co.in,2026-06-10,SG
u02-002318,user2318@uni.edu,2026-07-11,IN
u02-002319,user2319@mail.co.in,2026-04-23,IN
u02-002320,user2320@mail.co.in,2026-07-21,SG
u02-002321,user2321@example.com,2026-09-15,GB
u02-002322,user2322@uni.edu,2026-08-11,AU
u02-002323,user2323@corp.io,2026-06-26,AU
u02-002324,user2324@corp.io,2026-08-13,DE
u02-002325,user2325@mail.co.in,2026-09-12,US
u02-002326,user2326@uni.edu,2026-07-25,DE
u02-002327,user2327@uni.edu,2026-07-10,IN
u02-002328,user2328@corp.io,2026-05-11,SG
u02-002329,user2329@mail.co.in,2026-04-17,US
u02-002330,user2330@uni.edu,2026-01-11,DE
u02-002331,user2331@mail.co.in,2026-01-20,US
u02-002332,user2332@example.com,2026-04-22,US
u02-002333,user2333@example.com,2026-05-27,GB
u02-002334,user2334@mail.co.in,2026-04-22,SG
u02-002335,user2335@uni.edu,2026-06-22,SG
u02-002336,user2336@mail.co.in,2026-08-12,SG
u02-002337,user2337@uni.edu,2026-07-14,US
u02-002338,user2338@example.com,2026-09-19,US
u02-002339,user2339@mail.co.in,2026-06-12,IN
u02-002340,user2340@corp.io,2026-03-24,GB
u02-002341,user2341@corp.io,2026-07-16,DE
u02-002342,user2342@corp.io,2026-09-23,GB
u02-002343,user2343@corp.io,2026-02-22,US
u02-002344,user2344@corp.io,2026-09-15,AU
u02-002345,user2345@uni.edu,2026-01-18,AU
u02-002346,user2346@example.com,2026-05-25,SG
u02-002347,user2347@corp.io,2026-05-25,DE
u02-002348,user2348@example.com,2026-04-17,US
u02-002349,user2349@corp.io,2026-05-24,AU
u02-002350,user2350@mail.co.in,2026-04-20,DE
u02-002351,user2351@mail.co.in,2026-02-14,IN
u02-002352,user2352@example.com,2026-02-18,DE
u02-002353,user2353@example.com,2026-05-11,DE
u02-002354,user2354@uni.edu,2026-05-15,GB
u02-002355,user2355@corp.io,2026-02-11,AU
u02-002356,user2356@uni.edu,2026-02-24,SG
u02-002357,user2357@corp.io,2026-02-22,SG
u02-002358,user2358@uni.edu,2026-01-27,DE
u02-002359,user2359@mail.co.in,2026-03-15,GB
u02-002360,user2360@example.com,2026-06-16,DE
u02-002361,user2361@uni.edu,2026-02-16,DE
u02-002362,user2362@example.com,2026-08-18,SG
u02-002363,user2363@uni.edu,2026-06-13,IN
u02-002364,user2364@uni.edu,2026-02-16,SG
u02-002365,user2365@uni.edu,2026-03-17,SG
u02-002366,user2366@uni.edu,2026-01-21,GB
u02-002367,user2367@uni.edu,2026-09-15,US
u02-002368,user2368@example.com,2026-01-28,GB
u02-002369,user2369@example.com,2026-06-23,US
u02-002370,user2370@uni.edu,2026-07-23,IN
u02-002371,user2371@mail.co.in,2026-03-27,IN
u02-002372,user2372@corp.io,2026-04-20,IN
u02-002373,user2373@uni.edu,2026-04-17,IN
u02-002374,user2374@mail.co.in,2026-05-24,AU
u02-002375,user2375@corp.io,2026-08-17,SG
u02-002376,user2376@mail.co.in,2026-06-22,SG
u02-002377,user2377@uni.edu,2026-01-26,IN
u02-002378,user2378@corp.io,2026-07-17,SG
u02-002379,user2379@uni.edu,2026-01-22,US
u02-002380,user2380@example.com,2026-07-22,SG
u02-002381,user2381@example.com,2026-02-11,IN
u02-002382,user2382@mail.co.in,2026-03-18,GB
u02-002383,user2383@mail.co.in,2026-03-20,AU
u02-002384,user2384@corp.io,2026-07-22,AU
u02-002385,user2385@mail.co.in,2026-03-18,US
u02-002386,user2386@mail.co.in,2026-05-22,US
u02-002387,user2387@uni.edu,2026-01-23,SG
u02-002388,user2388@corp.io,2026-03-25,DE
u02-002389,user2389@uni.edu,2026-05-24,IN
u02-002390,user2390@mail.co.in,2026-02-12,GB
u02-002391,user2391@uni.edu,2026-05-18,IN
u02-002392,user2392@mail.co.in,2026-01-15,GB
u02-002393,user2393@mail.co.in,2026-06-18,AU
u02-002394,user2394@uni.edu,2026-07-23,DE
u02-002395,user2395@mail.co.in,2026-04-22,IN
u02-002396,user2396@mail.co.in,2026-01-11,AU
u02-002397,user2397@corp.io,2026-01-19,AU
u02-002398,user2398@mail.co.in,2026-07-15,AU
u02-002399,user2399@corp.io,2026-09-28,AU
u02-002400,user2400@corp.io,2026-03-14,DE
u02-002401,user2401@mail.co.in,2026-03-25,SG
u02-002402,user2402@corp.io,2026-05-22,US
u02-002403,user2403@uni.edu,2026-09-28,US
u02-002404,user2404@uni.edu,2026-01-14,IN
u02-002405,user2405@example.com,2026-02-20,IN
u02-002406,user2406@mail.co.in,2026-01-25,AU
u02-002407,user2407@mail.co.in,2026-04-16,SG
u02-002408,user2408@mail.co.in,2026-03-14,US
u02-002409,user2409@corp.io,2026-01-28,US
u02-002410,user2410@example.com,2026-06-20,AU
u02-002411,user2411@example.com,2026-03-12,IN
u02-002412,user2412@uni.edu,2026-06-18,GB
u02-002413,user2413@mail.co.in,2026-09-21,US
u02-002414,user2414@example.com,2026-08-17,GB
u02-002415,user2415@mail.co.in,2026-01-23,US
u02-002416,user2416@uni.edu,2026-04-17,SG
u02-002417,user2417@example.com,2026-08-28,IN
u02-002418,user2418@uni.edu,2026-06-28,GB
u02-002419,user2419@corp.io,2026-03-15,AU
u02-002420,user2420@mail.co.in,2026-05-10,IN
u02-002421,user2421@uni.edu,2026-03-21,IN
u02-002422,user2422@example.com,2026-02-12,GB
u02-002423,user2423@uni.edu,2026-02-27,GB
u02-002424,user2424@uni.edu,2026-07-21,US
u02-002425,user2425@example.com,2026-02-10,AU
u02-002426,user2426@corp.io,2026-09-28,GB
u02-002427,user2427@example.com,2026-09-25,IN
u02-002428,user2428@corp.io,2026-02-22,GB
u02-002429,user2429@example.com,2026-06-26,IN
u02-002430,user2430@corp.io,2026-04-13,GB
u02-002431,user2431@corp.io,2026-03-10,DE
u02-002432,user2432@corp.io,2026-08-12,SG
u02-002433,user2433@example.com,2026-02-13,IN
u02-002434,user2434@corp.io,2026-02-13,AU
u02-002435,user2435@example.com,2026-07-21,US
u02-002436,user2436@example.com,2026-02-15,DE
u02-002437,user2437@mail.co.in,2026-05-16,GB
u02-002438,user2438@example.com,2026-01-24,DE
u02-002439,user2439@mail.co.in,2026-07-12,SG
u02-002440,user2440@corp.io,2026-09-28,GB
u02-002441,user2441@example.com,2026-02-24,IN
u02-002442,user2442@uni.edu,2026-01-11,US
u02-002443,user2443@mail.co.in,2026-06-21,GB
u02-002444,user2444@uni.edu,2026-02-24,IN
u02-002445,user2445@uni.edu,2026-07-13,GB
u02-002446,user2446@uni.edu,2026-03-14,DE
u02-002447,user2447@mail.co.in,2026-05-22,GB
u02-002448,user2448@mail.co.in,2026-08-13,SG
u02-002449,user2449@example.com,2026-05-25,IN
u02-002450,user2450@uni.edu,2026-04-16,SG
u02-002451,user2451@uni.edu,2026-05-22,GB
u02-002452,user2452@uni.edu,2026-06-20,GB
u02-002453,user2453@mail.co.in,2026-09-19,AU
u02-002454,user2454@uni.edu,2026-05-23,GB
u02-002455,user2455@mail.co.in,2026-06-27,DE
u02-002456,user2456@example.com,2026-09-23,DE
u02-002457,user2457@uni.edu,2026-06-14,US
u02-002458,user2458@uni.edu,2026-04-21,SG
u02-002459,user2459@example.com,2026-01-19,SG
u02-002460,user2460@corp.io,2026-04-27,DE
u02-002461,user2461@uni.edu,2026-01-26,AU
u02-002462,user2462@uni.edu,2026-01-19,AU
u02-002463,user2463@uni.edu,2026-04-14,DE
u02-002464,user2464@corp.io,2026-03-28,US
u02-002465,user2465@uni.edu,2026-08-17,SG
u02-002466,user2466@corp.io,2026-03-16,SG
u02-002467,user2467@corp.io,2026-07-14,IN
u02-002468,user2468@uni.edu,2026-08-26,GB
u02-002469,user2469@example.com,2026-04-16,DE
u02-002470,user2470@corp.io,2026-04-13,US
u02-002471,user2471@corp.io,2026-03-24,SG
u02-002472,user2472@example.com,2026-05-20,GB
u02-002473,user2473@corp.io,2026-02-16,AU
u02-002474,user2474@corp.io,2026-09-21,IN
u02-002475,user2475@corp.io,2026-04-17,SG
u02-002476,user2476@corp.io,2026-07-22,DE
u02-002477,user2477@mail.co.in,2026-09-21,DE
u02-002478,user2478@corp.io,2026-09-10,US
u02-002479,user2479@uni.edu,2026-07-17,GB
u02-002480,user2480@uni.edu,2026-04-10,SG
u02-002481,user2481@example.com,2026-06-18,SG
u02-002482,user2482@corp.io,2026-03-28,GB
u02-002483,user2483@uni.edu,2026-06-20,IN
u02-002484,user2484@uni.edu,2026-01-13,AU
u02-002485,user2485@corp.io,2026-06-10,SG
u02-002486,user2486@example.com,2026-09-13,US
u02-002487,user2487@corp.io,2026-04-10,IN
u02-002488,user2488@corp.io,2026-08-18,US
u02-002489,user2489@corp.io,2026-03-20,SG
u02-002490,user2490@example.com,2026-01-18,DE
u02-002491,user2491@example.com,2026-04-25,GB
u02-002492,user2492@mail.co.in,2026-01-15,IN
u02-002493,user2493@corp.io,2026-02-23,AU
u02-002494,user2494@corp.io,2026-03-13,AU
u02-002495,user2495@uni.edu,2026-04-19,DE
u02-002496,user2496@corp.io,2026-02-17,AU
u02-002497,user2497@uni.edu,2026-07-16,IN
u02-002498,user2498@mail.co.in,2026-04-22,SG
u02-002499,user2499@uni.edu,2026-05-26,DE
u02-002500,user2500@example.com,2026-01-28,US
u02-002501,user2501@example.com,2026-04-16,AU
u02-002502,user2502@corp.io,2026-05-10,US
u02-002503,user2503@uni.edu,2026-08-19,US
u02-002504,user2504@corp.io,2026-05-23,IN
u02-002505,user2505@mail.co.in,2026-03-21,US
u02-002506,user2506@example.com,2026-02-10,DE
u02-002507,user2507@uni.edu,2026-04-23,DE
u02-002508,user2508@example.com,2026-01-20,US
u02-002509,user2509@uni.edu,2026-01-16,IN
u02-002510,user2510@uni.edu,2026-05-14,US
u02-002511,user2511@example.com,2026-09-20,US
u02-002512,user2512@corp.io,2026-08-28,DE
u02-002513,user2513@corp.io,2026-07-17,IN
u02-002514,user2514@uni.edu,2026-03-18,IN
u02-002515,user2515@uni.edu,2026-01-26,IN
u02-002516,user2516@uni.edu,2026-04-16,AU
u02-002517,user2517@example.com,2026-06-25,IN
u02-002518,user2518@example.com,2026-06-15,AU
u02-002519,user2519@corp.io,2026-04-26,US
u02-002520,user2520@corp.io,2026-03-18,AU
u02-002521,user2521@mail.co.in,2026-07-17,AU
u02-002522,user2522@corp.io,2026-01-21,US
u02-002523,user2523@corp.io,2026-03-26,AU
u02-002524,user2524@mail.co.in,2026-06-25,IN
u02-002525,user2525@uni.edu,2026-03-26,AU
u02-002526,user2526@example.com,2026-09-11,IN
u02-002527,user2527@example.com,2026-04-26,DE
u02-002528,user2528@example.com,2026-02-21,AU
u02-002529,user2529@corp.io,2026-04-25,SG
u02-002530,user2530@uni.edu,2026-05-23,SG
u02-002531,user2531@uni.edu,2026-03-21,GB
u02-002532,user2532@uni.edu,2026-07-15,DE
u02-002533,user2533@mail.co.in,2026-01-15,US
u02-002534,user2534@mail.co.in,2026-02-13,GB
u02-002535,user2535@corp.io,2026-04-10,SG
u02-002536,user2536@mail.co.in,2026-08-21,DE
u02-002537,user2537@example.com,2026-08-16,GB
u02-002538,user2538@mail.co.in,2026-09-15,IN
u02-002539,user2539@mail.co.in,2026-02-27,DE
u02-002540,user2540@corp.io,2026-02-13,DE
u02-002541,user2541@example.com,2026-04-27,AU
u02-002542,user2542@corp.io,2026-06-11,SG
u02-002543,user2543@corp.io,2026-07-23,SG
u02-002544,user2544@corp.io,2026-04-12,DE
u02-002545,user2545@uni.edu,2026-07-25,DE
u02-002546,user2546@mail.co.in,2026-06-14,GB
u02-002547,user2547@mail.co.in,2026-09-27,IN
u02-002548,user2548@mail.co.in,2026-08-27,SG
u02-002549,user2549@mail.co.in,2026-01-11,GB
u02-002550,user2550@uni.edu,2026-09-17,SG
u02-002551,user2551@corp.io,2026-09-19,IN
u02-002552,user2552@corp.io,2026-08-24,AU
u02-002553,user2553@example.com,2026-04-17,US
u02-002554,user2554@uni.edu,2026-08-12,GB
u02-002555,user2555@mail.co.in,2026-06-17,GB
u02-002556,user2556@mail.co.in,2026-03-24,AU
u02-002557,user2557@mail.co.in,2026-09-16,GB
u02-002558,user2558@corp.io,2026-03-16,DE
u02-002559,user2559@corp.io,2026-09-25,DE
u02-002560,user2560@mail.co.in,2026-03-11,GB
u02-002561,user2561@uni.edu,2026-07-24,SG
u02-002562,user2562@uni.edu,2026-09-25,DE
u02-002563,user2563@example.com,2026-05-21,GB
u02-002564,user2564@mail.co.in,2026-09-15,AU
u02-002565,user2565@example.com,2026-03-25,IN
u02-002566,user2566@corp.io,2026-08-12,DE
u02-002567,user2567@corp.io,2026-02-19,GB
u02-002568,user2568@example.com,2026-06-10,DE
u02-002569,user2569@corp.io,2026-02-12,GB
u02-002570,user2570@uni.edu,2026-07-25,DE
u02-002571,user2571@corp.io,2026-06-10,DE
u02-002572,user2572@mail.co.in,2026-03-23,IN
u02-002573,user2573@example.com,2026-06-13,US
u02-002574,user2574@corp.io,2026-07-24,SG
u02-002575,user2575@example.com,2026-02-10,IN
u02-002576,user2576@example.com,2026-05-28,US
u02-002577,user2577@mail.co.in,2026-07-19,AU
u02-002578,user2578@mail.co.in,2026-06-26,AU
u02-002579,user2579@example.com,2026-02-27,DE
u02-002580,user2580@uni.edu,2026-09-24,US
u02-002581,user2581@mail.co.in,2026-03-26,IN
u02-002582,user2582@uni.edu,2026-01-20,GB
u02-002583,user2583@example.com,2026-01-15,SG
u02-002584,user2584@corp.io,2026-07-13,SG
u02-002585,user2585@mail.co.in,2026-08-10,AU
u02-002586,user2586@corp.io,2026-09-22,GB
u02-002587,user2587@example.com,2026-01-24,IN
u02-002588,user2588@corp.io,2026-07-24,SG
u02-002589,user2589@mail.co.in,2026-05-11,US
u02-002590,user2590@corp.io,2026-08-18,SG
u02-002591,user2591@corp.io,2026-03-26,DE
u02-002592,user2592@example.com,2026-08-14,DE
u02-002593,user2593@uni.edu,2026-04-18,US
u02-002594,user2594@uni.edu,2026-08-28,SG
u02-002595,user2595@corp.io,2026-06-24,GB
u02-002596,user2596@uni.edu,2026-05-25,GB
u02-002597,user2597@mail.co.in,2026-02-10,DE
u02-002598,user2598@example.com,2026-02-11,US
u02-002599,user2599@uni.edu,2026-04-11,IN
u02-002600,user2600@corp.io,2026-04-27,GB
u02-002601,user2601@mail.co.in,2026-07-18,AU
u02-002602,user2602@corp.io,2026-01-16,US
u02-002603,user2603@example.com,2026-08-12,DE
u02-002604,user2604@example.com,2026-05-23,IN
u02-002605,user2605@mail.co.in,2026-08-27,AU
u02-002606,user2606@corp.io,2026-01-15,DE
u02-002607,user2607@corp.io,2026-03-12,US
u02-002608,user2608@corp.io,2026-01-18,DE
u02-002609,user2609@corp.io,2026-05-15,AU
u02-002610,user2610@uni.edu,2026-03-24,GB
u02-002611,user2611@mail.co.in,2026-03-15,AU
u02-002612,user2612@corp.io,2026-06-20,AU
u02-002613,user2613@example.com,2026-08-24,GB
u02-002614,user2614@corp.io,2026-02-17,IN
u02-002615,user2615@uni.edu,2026-03-14,US
u02-002616,user2616@uni.edu,2026-07-18,US
u02-002617,user2617@corp.io,2026-04-10,GB
u02-002618,user2618@mail.co.in,2026-04-17,DE
u02-002619,user2619@corp.io,2026-09-27,US
u02-002620,user2620@corp.io,2026-03-18,SG
u02-002621,user2621@uni.edu,2026-07-25,DE
u02-002622,user2622@example.com,2026-07-18,AU
u02-002623,user2623@uni.edu,2026-05-11,AU
u02-002624,user2624@corp.io,2026-02-22,DE
u02-002625,user2625@mail.co.in,2026-04-23,DE
u02-002626,user2626@example.com,2026-04-21,AU
u02-002627,user2627@example.com,2026-02-22,US
u02-002628,user2628@example.com,2026-09-24,AU
u02-002629,user2629@uni.edu,2026-07-27,IN
u02-002630,user2630@uni.edu,2026-03-17,GB
u02-002631,user2631@example.com,2026-07-25,DE
u02-002632,user2632@mail.co.in,2026-02-26,DE
u02-002633,user2633@mail.co.in,2026-01-16,IN
u02-002634,user2634@mail.co.in,2026-04-10,DE
u02-002635,user2635@example.com,2026-05-16,DE
u02-002636,user2636@uni.edu,2026-08-19,SG
u02-002637,user2637@example.com,2026-07-24,US
u02-002638,user2638@uni.edu,2026-09-12,AU
u02-002639,user2639@example.com,2026-01-11,DE
u02-002640,user2640@example.com,2026-05-21,DE
u02-002641,user2641@example.com,2026-08-13,GB
u02-002642,user2642@corp.io,2026-03-14,AU
u02-002643,user2643@example.com,2026-04-10,US
u02-002644,user2644@corp.io,2026-06-22,IN
u02-002645,user2645@example.com,2026-03-12,SG
u02-002646,user2646@uni.edu,2026-04-10,IN
u02-002647,user2647@mail.co.in,2026-01-26,GB
u02-002648,user2648@uni.edu,2026-02-11,IN
u02-002649,user2649@corp.io,2026-02-22,SG
u02-002650,user2650@example.com,2026-02-27,GB
u02-002651,user2651@uni.edu,2026-09-25,SG
u02-002652,user2652@example.com,2026-06-17,US
u02-002653,user2653@mail.co.in,2026-06-22,IN
u02-002654,user2654@corp.io,2026-08-10,SG
u02-002655,user2655@mail.co.in,2026-03-21,IN
u02-002656,user2656@uni.edu,2026-07-24,IN
u02-002657,user2657@mail.co.in,2026-07-22,IN
u02-002658,user2658@uni.edu,2026-04-26,DE
u02-002659,user2659@mail.co.in,2026-02-23,AU
u02-002660,user2660@uni.edu,2026-06-22,AU
u02-002661,user2661@corp.io,2026-06-17,US
u02-002662,user2662@corp.io,2026-01-19,SG
u02-002663,user2663@uni.edu,2026-05-18,SG
u02-002664,user2664@mail.co.in,2026-07-17,DE
u02-002665,user2665@mail.co.in,2026-09-14,DE
u02-002666,user2666@uni.edu,2026-08-11,IN
u02-002667,user2667@example.com,2026-03-25,SG
u02-002668,user2668@example.com,2026-03-25,DE
u02-002669,user2669@corp.io,2026-06-17,US
u02-002670,user2670@uni.edu,2026-02-26,AU
u02-002671,user2671@example.com,2026-06-21,GB
u02-002672,user2672@uni.edu,2026-09-10,GB
u02-002673,user2673@corp.io,2026-03-12,AU
u02-002674,user2674@corp.io,2026-02-21,DE
u02-002675,user2675@example.com,2026-09-21,DE
u02-002676,user2676@uni.edu,2026-05-23,GB
u02-002677,user2677@example.com,2026-08-27,DE
u02-002678,user2678@uni.edu,2026-02-28,GB
u02-002679,user2679@mail.co.in,2026-06-19,AU
u02-002680,user2680@example.com,2026-09-13,GB
u02-002681,user2681@corp.io,2026-03-23,AU
u02-002682,user2682@uni.edu,2026-07-27,SG
u02-002683,user2683@corp.io,2026-05-21,US
u02-002684,user2684@mail.co.in,2026-08-13,IN
u02-002685,user2685@example.com,2026-09-23,US
u02-002686,user2686@corp.io,2026-05-11,SG
u02-002687,user2687@uni.edu,2026-02-16,DE
u02-002688,user2688@mail.co.in,2026-01-14,US
u02-002689,user2689@example.com,2026-04-18,GB
u02-002690,user2690@example.com,2026-09-15,SG
u02-002691,user2691@corp.io,2026-07-28,US
u02-002692,user2692@mail.co.in,2026-08-24,IN
u02-002693,user2693@example.com,2026-03-14,AU
u02-002694,user2694@corp.io,2026-06-14,IN
u02-002695,user2695@mail.co.in,2026-02-17,DE
u02-002696,user2696@uni.edu,2026-05-28,GB
u02-002697,user2697@mail.co.in,2026-04-18,SG
u02-002698,user2698@example.com,2026-08-11,US
u02-002699,user2699@example.com,2026-05-26,DE
u02-002700,user2700@mail.co.in,2026-06-11,AU
u02-002701,user2701@uni.edu,2026-05-24,GB
u02-002702,user2702@example.com,2026-08-21,SG
u02-002703,user2703@corp.io,2026-07-10,DE
u02-002704,user2704@corp.io,2026-07-23,DE
u02-002705,user2705@uni.edu,2026-05-10,SG
u02-002706,user2706@example.com,2026-01-10,SG
u02-002707,user2707@corp.io,2026-03-20,DE
u02-002708,user2708@corp.io,2026-08-13,SG
u02-002709,user2709@corp.io,2026-04-11,SG
u02-002710,user2710@uni.edu,2026-05-10,IN
u02-002711,user2711@corp.io,2026-02-17,DE
u02-002712,user2712@example.com,2026-08-27,GB
u02-002713,user2713@uni.edu,2026-01-14,GB
u02-002714,user2714@example.com,2026-05-10,AU
u02-002715,user2715@corp.io,2026-04-25,DE
u02-002716,user2716@mail.co.in,2026-02-10,GB
u02-002717,user2717@uni.edu,2026-05-12,US
u02-002718,user2718@mail.co.in,2026-07-24,GB
u02-002719,user2719@uni.edu,2026-05-20,IN
u02-002720,user2720@example.com,2026-06-13,DE
u02-002721,user2721@corp.io,2026-08-15,AU
u02-002722,user2722@corp.io,2026-05-18,IN
u02-002723,user2723@mail.co.in,2026-02-28,GB
u02-002724,user2724@mail.co.in,2026-08-19,IN
u02-002725,user2725@example.com,2026-08-20,IN
u02-002726,user2726@mail.co.in,2026-07-22,DE
u02-002727,user2727@mail.co.in,2026-08-11,US
u02-002728,user2728@mail.co.in,2026-09-21,IN
u02-002729,user2729@mail.co.in,2026-01-14,IN
u02-002730,user2730@mail.co.in,2026-07-16,SG
u02-002731,user2731@example.com,2026-03-10,GB
u02-002732,user2732@corp.io,2026-06-27,DE
u02-002733,user2733@uni.edu,2026-01-11,IN
u02-002734,user2734@example.com,2026-02-11,SG
u02-002735,user2735@example.com,2026-03-26,GB
u02-002736,user2736@example.com,2026-01-11,AU
u02-002737,user2737@uni.edu,2026-05-24,DE
u02-002738,user2738@uni.edu,2026-05-12,GB
u02-002739,user2739@mail.co.in,2026-01-13,US
u02-002740,user2740@uni.edu,2026-02-22,SG
u02-002741,user2741@mail.co.in,2026-05-13,IN
u02-002742,user2742@example.com,2026-09-15,US
u02-002743,user2743@mail.co.in,2026-03-26,US
u02-002744,user2744@corp.io,2026-02-24,DE
u02-002745,user2745@corp.io,2026-08-17,US
u02-002746,user2746@uni.edu,2026-02-19,IN
u02-002747,user2747@mail.co.in,2026-09-10,GB
u02-002748,user2748@corp.io,2026-09-25,IN
u02-002749,user2749@corp.io,2026-08-27,DE
u02-002750,user2750@corp.io,2026-05-12,DE
u02-002751,user2751@example.com,2026-01-24,AU
u02-002752,user2752@mail.co.in,2026-06-13,IN
u02-002753,user2753@uni.edu,2026-08-26,AU
u02-002754,user2754@corp.io,2026-01-21,US
u02-002755,user2755@corp.io,2026-05-20,IN
u02-002756,user2756@uni.edu,2026-02-21,SG
u02-002757,user2757@corp.io,2026-06-17,AU
u02-002758,user2758@corp.io,2026-09-25,US
u02-002759,user2759@mail.co.in,2026-09-19,SG
u02-002760,user2760@uni.edu,2026-04-17,SG
u02-002761,user2761@uni.edu,2026-03-12,DE
u02-002762,user2762@uni.edu,2026-08-10,SG
u02-002763,user2763@mail.co.in,2026-07-15,SG
u02-002764,user2764@example.com,2026-02-22,US
u02-002765,user2765@corp.io,2026-08-16,AU
u02-002766,user2766@mail.co.in,2026-06-12,AU
u02-002767,user2767@example.com,2026-06-12,IN
u02-002768,user2768@corp.io,2026-03-23,DE
u02-002769,user2769@example.com,2026-08-16,SG
u02-002770,user2770@mail.co.in,2026-01-22,AU
u02-002771,user2771@example.com,2026-09-25,IN
u02-002772,user2772@uni.edu,2026-01-17,GB
u02-002773,user2773@example.com,2026-03-13,GB
u02-002774,user2774@mail.co.in,2026-08-24,IN
u02-002775,user2775@corp.io,2026-01-18,US
u02-002776,user2776@mail.co.in,2026-01-13,DE
u02-002777,user2777@mail.co.in,2026-02-11,DE
u02-002778,user2778@uni.edu,2026-09-18,GB
u02-002779,user2779@mail.co.in,2026-09-26,GB
u02-002780,user2780@example.com,2026-04-12,AU
u02-002781,user2781@mail.co.in,2026-02-16,US
u02-002782,user2782@mail.co.in,2026-07-16,GB
u02-002783,user2783@uni.edu,2026-08-19,GB
u02-002784,user2784@corp.io,2026-02-12,GB
u02-002785,user2785@example.com,2026-05-19,IN
u02-002786,user2786@corp.io,2026-07-14,US
u02-002787,user2787@mail.co.in,2026-09-27,IN
u02-002788,user2788@example.com,2026-09-14,IN
u02-002789,user2789@mail.co.in,2026-08-13,IN
u02-002790,user2790@mail.co.in,2026-05-14,GB
u02-002791,user2791@corp.io,2026-07-25,SG
u02-002792,user2792@mail.co.in,2026-02-27,GB
u02-002793,user2793@corp.io,2026-01-16,US
u02-002794,user2794@corp.io,2026-06-10,SG
u02-002795,user2795@example.com,2026-01-21,US
u02-002796,user2796@example.com,2026-02-20,SG
u02-002797,user2797@example.com,2026-01-12,GB
u02-002798,user2798@uni.edu,2026-06-11,DE
u02-002799,user2799@corp.io,2026-09-26,DE
u02-002800,user2800@corp.io,2026-08-10,GB
u02-002801,user2801@mail.co.in,2026-02-28,IN
u02-002802,user2802@corp.io,2026-06-23,SG
u02-002803,user2803@uni.edu,2026-08-18,US
u02-002804,user2804@corp.io,2026-01-10,AU
u02-002805,user2805@mail.co.in,2026-02-13,US
u02-002806,user2806@example.com,2026-04-21,AU
u02-002807,user2807@mail.co.in,2026-01-26,GB
u02-002808,user2808@example.com,2026-07-28,IN
u02-002809,user2809@example.com,2026-06-28,AU
u02-002810,user2810@corp.io,2026-05-24,GB
u02-002811,user2811@uni.edu,2026-01-16,SG
u02-002812,user2812@uni.edu,2026-07-20,AU
u02-002813,user2813@uni.edu,2026-02-26,AU
u02-002814,user2814@corp.io,2026-07-12,GB
u02-002815,user2815@example.com,2026-02-28,US
u02-002816,user2816@uni.edu,2026-06-11,AU
u02-002817,user2817@example.com,2026-09-23,US
u02-002818,user2818@corp.io,2026-07-28,DE
u02-002819,user2819@uni.edu,2026-09-11,IN
u02-002820,user2820@example.com,2026-04-24,DE
u02-002821,user2821@corp.io,2026-03-17,DE
u02-002822,user2822@uni.edu,2026-09-13,IN
u02-002823,user2823@corp.io,2026-01-14,GB
u02-002824,user2824@uni.edu,2026-09-10,GB
u02-002825,user2825@uni.edu,2026-07-25,US
u02-002826,user2826@uni.edu,2026-08-28,GB
u02-002827,user2827@example.com,2026-03-14,AU
u02-002828,user2828@corp.io,2026-02-16,US
u02-002829,user2829@corp.io,2026-09-26,AU
u02-002830,user2830@corp.io,2026-02-23,US
u02-002831,user2831@mail.co.in,2026-04-14,US
u02-002832,user2832@corp.io,2026-09-20,GB
u02-002833,user2833@example.com,2026-09-27,US
u02-002834,user2834@uni.edu,2026-09-16,GB
u02-002835,user2835@uni.edu,2026-06-27,GB
u02-002836,user2836@uni.edu,2026-09-14,SG
u02-002837,user2837@uni.edu,2026-04-21,GB
u02-002838,user2838@mail.co.in,2026-04-17,GB
u02-002839,user2839@uni.edu,2026-03-21,AU
u02-002840,user2840@uni.edu,2026-03-13,AU
u02-002841,user2841@corp.io,2026-06-27,DE
u02-002842,user2842@uni.edu,2026-03-23,US
u02-002843,user2843@corp.io,2026-01-23,US
u02-002844,user2844@example.com,2026-07-10,AU
u02-002845,user2845@mail.co.in,2026-05-22,DE
u02-002846,user2846@corp.io,2026-06-21,SG
u02-002847,user2847@example.com,2026-03-16,AU
u02-002848,user2848@mail.co.in,2026-05-28,IN
u02-002849,user2849@example.com,2026-09-11,US
u02-002850,user2850@example.com,2026-04-10,GB
u02-002851,user2851@uni.edu,2026-01-15,IN
u02-002852,user2852@uni.edu,2026-05-12,GB
u02-002853,user2853@example.com,2026-06-12,IN
u02-002854,user2854@example.com,2026-07-23,GB
u02-002855,user2855@corp.io,2026-02-17,US
u02-002856,user2856@uni.edu,2026-06-20,SG
u02-002857,user2857@mail.co.in,2026-05-20,AU
u02-002858,user2858@uni.edu,2026-04-12,DE
u02-002859,user2859@mail.co.in,2026-08-24,SG
u02-002860,user2860@mail.co.in,2026-05-15,DE
u02-002861,user2861@example.com,2026-02-18,SG
u02-002862,user2862@uni.edu,2026-01-23,US
u02-002863,user2863@example.com,2026-06-21,GB
u02-002864,user2864@uni.edu,2026-06-16,IN
u02-002865,user2865@example.com,2026-08-17,SG
u02-002866,user2866@mail.co.in,2026-05-20,AU
u02-002867,user2867@corp.io,2026-07-24,GB
u02-002868,user2868@corp.io,2026-09-13,GB
u02-002869,user2869@example.com,2026-05-24,IN
u02-002870,user2870@uni.edu,2026-06-13,IN
u02-002871,user2871@corp.io,2026-04-24,US
u02-002872,user2872@mail.co.in,2026-01-16,US
u02-002873,user2873@mail.co.in,2026-09-10,US
u02-002874,user2874@uni.edu,2026-03-20,IN
u02-002875,user2875@mail.co.in,2026-07-18,AU
u02-002876,user2876@example.com,2026-06-21,IN
u02-002877,user2877@example.com,2026-04-23,SG
u02-002878,user2878@uni.edu,2026-03-12,IN
u02-002879,user2879@corp.io,2026-05-18,DE
u02-002880,user2880@uni.edu,2026-06-24,IN
u02-002881,user2881@mail.co.in,2026-05-11,IN
u02-002882,user2882@uni.edu,2026-05-16,IN
u02-002883,user2883@uni.edu,2026-09-11,DE
u02-002884,user2884@example.com,2026-08-25,US
u02-002885,user2885@corp.io,2026-04-19,SG
u02-002886,user2886@example.com,2026-06-27,US
u02-002887,user2887@mail.co.in,2026-04-21,GB
u02-002888,user2888@uni.edu,2026-08-22,GB
u02-002889,user2889@uni.edu,2026-07-15,DE
u02-002890,user2890@mail.co.in,2026-06-17,GB
u02-002891,user2891@example.com,2026-08-17,AU
u02-002892,user2892@uni.edu,2026-02-24,SG
u02-002893,user2893@mail.co.in,2026-09-16,SG
u02-002894,user2894@example.com,2026-01-21,SG
u02-002895,user2895@corp.io,2026-03-22,AU
u02-002896,user2896@corp.io,2026-06-28,SG
u02-002897,user2897@uni.edu,2026-05-18,IN
u02-002898,user2898@example.com,2026-02-17,US
u02-002899,user2899@corp.io,2026-04-22,AU
u02-002900,user2900@mail.co.in,2026-05-28,GB
u02-002901,user2901@uni.edu,2026-04-22,SG
u02-002902,user2902@corp.io,2026-02-26,US
u02-002903,user2903@corp.io,2026-03-25,DE
u02-002904,user2904@mail.co.in,2026-04-18,SG
u02-002905,user2905@uni.edu,2026-09-19,GB
u02-002906,user2906@example.com,2026-02-17,AU
u02-002907,user2907@mail.co.in,2026-01-19,SG
u02-002908,user2908@uni.edu,2026-06-19,GB
u02-002909,user2909@uni.edu,2026-04-13,SG
u02-002910,user2910@example.com,2026-07-12,SG
u02-002911,user2911@uni.edu,2026-08-11,SG
u02-002912,user2912@mail.co.in,2026-04-25,SG
u02-002913,user2913@corp.io,2026-02-10,AU
u02-002914,user2914@uni.edu,2026-01-26,AU
u02-002915,user2915@example.com,2026-06-17,US
u02-002916,user2916@uni.edu,2026-04-18,AU
u02-002917,user2917@mail.co.in,2026-08-21,SG
u02-002918,user2918@mail.co.in,2026-01-16,US
u02-002919,user2919@example.com,2026-09-18,US
u02-002920,user2920@mail.co.in,2026-09-27,GB
u02-002921,user2921@corp.io,2026-04-12,SG
u02-002922,user2922@mail.co.in,2026-09-21,DE
u02-002923,user2923@mail.co.in,2026-04-18,US
u02-002924,user2924@example.com,2026-07-21,AU
u02-002925,user2925@corp.io,2026-05-13,US
u02-002926,user2926@corp.io,2026-03-18,DE
u02-002927,user2927@mail.co.in,2026-06-23,AU
u02-002928,user2928@example.com,2026-01-19,DE
u02-002929,user2929@uni.edu,2026-09-23,AU
u02-002930,user2930@mail.co.in,2026-09-23,US
u02-002931,user2931@mail.co.in,2026-01-12,US
u02-002932,user2932@example.com,2026-02-20,GB
u02-002933,user2933@corp.io,2026-07-22,AU
u02-002934,user2934@mail.co.in,2026-09-10,US
u02-002935,user2935@mail.co.in,2026-02-17,IN
u02-002936,user2936@uni.edu,2026-05-22,US
u02-002937,user2937@mail.co.in,2026-03-20,AU
u02-002938,user2938@mail.co.in,2026-04-27,GB
u02-002939,user2939@mail.co.in,2026-09-18,IN
u02-002940,user2940@corp.io,2026-02-15,IN
u02-002941,user2941@corp.io,2026-02-19,US
u02-002942,user2942@example.com,2026-09-13,SG
u02-002943,user2943@corp.io,2026-06-24,SG
u02-002944,user2944@example.com,2026-08-17,AU
u02-002945,user2945@uni.edu,2026-07-11,DE
u02-002946,user2946@corp.io,2026-09-25,SG
u02-002947,user2947@example.com,2026-06-25,SG
u02-002948,user2948@uni.edu,2026-04-10,SG
u02-002949,user2949@corp.io,2026-03-13,GB
u02-002950,user2950@mail.co.in,2026-06-19,DE
u02-002951,user2951@mail.co.in,2026-05-11,GB
u02-002952,user2952@mail.co.in,2026-04-11,SG
u02-002953,user2953@corp.io,2026-03-27,US
u02-002954,user2954@corp.io,2026-02-10,IN
u02-002955,user2955@example.com,2026-09-14,DE
u02-002956,user2956@uni.edu,2026-06-23,SG
u02-002957,user2957@corp.io,2026-02-27,SG
u02-002958,user2958@corp.io,2026-03-12,GB
u02-002959,user2959@mail.co.in,2026-03-20,AU
u02-002960,user2960@uni.edu,2026-05-12,SG
u02-002961,user2961@mail.co.in,2026-05-28,SG
u02-002962,user2962@mail.co.in,2026-03-24,DE
u02-002963,user2963@corp.io,2026-09-13,US
u02-002964,user2964@uni.edu,2026-08-26,IN
u02-002965,user2965@uni.edu,2026-08-15,IN
u02-002966,user2966@example.com,2026-09-21,US
u02-002967,user2967@mail.co.in,2026-03-19,GB
u02-002968,user2968@uni.edu,2026-01-18,US
u02-002969,user2969@example.com,2026-04-12,GB
u02-002970,user2970@corp.io,2026-08-26,SG
u02-002971,user2971@uni.edu,2026-01-10,SG
u02-002972,user2972@corp.io,2026-04-25,AU
u02-002973,user2973@corp.io,2026-09-10,DE
u02-002974,user2974@corp.io,2026-04-13,DE
u02-002975,user2975@example.com,2026-06-17,US
u02-002976,user2976@example.com,2026-09-20,GB
u02-002977,user2977@example.com,2026-05-23,DE
u02-002978,user2978@corp.io,2026-05-28,US
u02-002979,user2979@example.com,2026-03-19,AU
u02-002980,user2980@corp.io,2026-05-27,GB
u02-002981,user2981@corp.io,2026-07-19,GB
u02-002982,user2982@uni.edu,2026-09-25,US
u02-002983,user2983@example.com,2026-02-22,US
u02-002984,user2984@example.com,2026-03-23,IN
u02-002985,user2985@mail.co.in,2026-01-20,DE
u02-002986,user2986@example.com,2026-08-25,GB
u02-002987,user2987@mail.co.in,2026-07-28,IN
u02-002988,user2988@corp.io,2026-05-17,DE
u02-002989,user2989@corp.io,2026-09-18,IN
u02-002990,user2990@mail.co.in,2026-06-27,SG
u02-002991,user2991@uni.edu,2026-01-12,US
u02-002992,user2992@example.com,2026-01-23,IN
u02-002993,user2993@example.com,2026-07-25,IN
u02-002994,user2994@corp.io,2026-07-23,SG
u02-002995,user2995@corp.io,2026-01-17,IN
u02-002996,user2996@uni.edu,2026-06-16,AU
u02-002997,user2997@corp.io,2026-08-10,GB
u02-002998,user2998@corp.io,2026-06-13,SG
u02-002999,user2999@example.com,2026-05-27,DE
u02-003000,user3000@uni.edu,2026-07-21,IN
u02-003001,user3001@example.com,2026-05-28,IN
u02-003002,user3002@mail.co.in,2026-09-26,GB
u02-003003,user3003@example.com,2026-06-24,IN
u02-003004,user3004@uni.edu,2026-02-18,AU
u02-003005,user3005@example.com,2026-07-14,SG
u02-003006,user3006@uni.edu,2026-02-23,DE
u02-003007,user3007@example.com,2026-01-20,SG
u02-003008,user3008@example.com,2026-08-25,AU
u02-003009,user3009@mail.co.in,2026-03-21,SG
u02-003010,user3010@corp.io,2026-07-22,IN
u02-003011,user3011@example.com,2026-08-24,GB
u02-003012,user3012@corp.io,2026-08-24,DE
u02-003013,user3013@mail.co.in,2026-01-25,DE
u02-003014,user3014@mail.co.in,2026-06-28,DE
u02-003015,user3015@mail.co.in,2026-06-16,IN
u02-003016,user3016@corp.io,2026-03-10,GB
u02-003017,user3017@mail.co.in,2026-05-23,AU
u02-003018,user3018@mail.co.in,2026-05-20,AU
u02-003019,user3019@uni.edu,2026-07-26,AU
u02-003020,user3020@example.com,2026-04-16,AU
u02-003021,user3021@corp.io,2026-02-16,GB
u02-003022,user3022@example.com,2026-08-12,GB
u02-003023,user3023@mail.co.in,2026-07-20,US
u02-003024,user3024@mail.co.in,2026-08-20,SG
u02-003025,user3025@corp.io,2026-02-11,DE
u02-003026,user3026@uni.edu,2026-09-16,US
u02-003027,user3027@uni.edu,2026-02-23,GB
u02-003028,user3028@uni.edu,2026-06-11,GB
u02-003029,user3029@uni.edu,2026-03-25,US
u02-003030,user3030@corp.io,2026-03-12,GB
u02-003031,user3031@mail.co.in,2026-01-16,US
u02-003032,user3032@corp.io,2026-01-10,AU
u02-003033,user3033@uni.edu,2026-05-18,US
u02-003034,user3034@corp.io,2026-04-15,GB
u02-003035,user3035@mail.co.in,2026-03-21,GB
u02-003036,user3036@uni.edu,2026-09-25,DE
u02-003037,user3037@uni.edu,2026-05-20,US
u02-003038,user3038@uni.edu,2026-04-21,AU
u02-003039,user3039@example.com,2026-08-15,SG
u02-003040,user3040@mail.co.in,2026-05-28,US
u02-003041,user3041@uni.edu,2026-09-28,US
u02-003042,user3042@example.com,2026-08-26,SG
u02-003043,user3043@mail.co.in,2026-08-23,US
u02-003044,user3044@corp.io,2026-05-23,IN
u02-003045,user3045@corp.io,2026-03-14,AU
u02-003046,user3046@example.com,2026-08-21,AU
u02-003047,user3047@corp.io,2026-09-16,GB
u02-003048,user3048@mail.co.in,2026-04-16,GB
u02-003049,user3049@example.com,2026-09-20,US
u02-003050,user3050@example.com,2026-09-14,DE
u02-003051,user3051@example.com,2026-06-17,AU
u02-003052,user3052@example.com,2026-08-21,DE
u02-003053,user3053@uni.edu,2026-09-17,AU
u02-003054,user3054@corp.io,2026-09-13,IN
u02-003055,user3055@uni.edu,2026-09-27,IN
u02-003056,user3056@mail.co.in,2026-04-13,IN
u02-003057,user3057@corp.io,2026-06-16,AU
u02-003058,user3058@corp.io,2026-09-17,US
u02-003059,user3059@example.com,2026-07-13,AU
u02-003060,user3060@corp.io,2026-05-14,IN
u02-003061,user3061@uni.edu,2026-07-26,GB
u02-003062,user3062@corp.io,2026-05-16,US
u02-003063,user3063@uni.edu,2026-01-12,US
u02-003064,user3064@example.com,2026-08-11,AU
u02-003065,user3065@example.com,2026-09-27,DE
u02-003066,user3066@corp.io,2026-03-18,SG
u02-003067,user3067@example.com,2026-08-13,US
u02-003068,user3068@uni.edu,2026-07-13,AU
u02-003069,user3069@corp.io,2026-05-28,GB
u02-003070,user3070@mail.co.in,2026-07-24,IN
u02-003071,user3071@uni.edu,2026-02-28,US
u02-003072,user3072@mail.co.in,2026-08-13,US
u02-003073,user3073@mail.co.in,2026-03-14,AU
u02-003074,user3074@mail.co.in,2026-05-13,SG
u02-003075,user3075@corp.io,2026-01-28,US
u02-003076,user3076@corp.io,2026-03-13,SG
u02-003077,user3077@example.com,2026-09-25,GB
u02-003078,user3078@example.com,2026-06-11,IN
u02-003079,user3079@mail.co.in,2026-09-11,US
u02-003080,user3080@corp.io,2026-01-18,GB
u02-003081,user3081@uni.edu,2026-02-10,AU
u02-003082,user3082@uni.edu,2026-09-16,DE
u02-003083,user3083@example.com,2026-08-23,US
u02-003084,user3084@example.com,2026-03-25,DE
u02-003085,user3085@mail.co.in,2026-06-19,GB
u02-003086,user3086@example.com,2026-06-21,US
u02-003087,user3087@example.com,2026-04-27,DE
u02-003088,user3088@corp.io,2026-07-19,GB
u02-003089,user3089@mail.co.in,2026-09-26,SG
u02-003090,user3090@uni.edu,2026-03-13,DE
u02-003091,user3091@mail.co.in,2026-06-22,DE
u02-003092,user3092@uni.edu,2026-05-13,DE
u02-003093,user3093@corp.io,2026-03-20,SG
u02-003094,user3094@corp.io,2026-02-28,US
u02-003095,user3095@corp.io,2026-05-11,IN
u02-003096,user3096@uni.edu,2026-04-25,SG
u02-003097,user3097@corp.io,2026-05-16,IN
u02-003098,user3098@uni.edu,2026-08-22,IN
u02-003099,user3099@corp.io,2026-06-27,IN
u02-003100,user3100@mail.co.in,2026-05-15,AU
u02-003101,user3101@mail.co.in,2026-07-22,AU
u02-003102,user3102@corp.io,2026-09-17,SG
u02-003103,user3103@example.com,2026-05-27,DE
u02-003104,user3104@mail.co.in,2026-08-10,IN
u02-003105,user3105@uni.edu,2026-03-22,IN
u02-003106,user3106@corp.io,2026-02-25,DE
u02-003107,user3107@example.com,2026-09-23,SG
u02-003108,user3108@mail.co.in,2026-05-16,DE
u02-003109,user3109@corp.io,2026-09-28,SG
u02-003110,user3110@uni.edu,2026-07-20,SG
u02-003111,user3111@uni.edu,2026-01-10,US
u02-003112,user3112@mail.co.in,2026-09-13,DE
u02-003113,user3113@corp.io,2026-08-14,GB
u02-003114,user3114@uni.edu,2026-03-26,IN
u02-003115,user3115@mail.co.in,2026-01-28,DE
u02-003116,user3116@uni.edu,2026-08-16,US
u02-003117,user3117@mail.co.in,2026-02-27,DE
u02-003118,user3118@corp.io,2026-08-10,DE
u02-003119,user3119@mail.co.in,2026-06-26,DE
u02-003120,user3120@example.com,2026-05-13,AU
u02-003121,user3121@uni.edu,2026-01-14,AU
u02-003122,user3122@mail.co.in,2026-02-12,GB
u02-003123,user3123@uni.edu,2026-05-24,IN
u02-003124,user3124@uni.edu,2026-04-19,GB
u02-003125,user3125@mail.co.in,2026-07-13,SG
u02-003126,user3126@mail.co.in,2026-06-13,IN
u02-003127,user3127@example.com,2026-02-17,SG
u02-003128,user3128@corp.io,2026-09-28,GB
u02-003129,user3129@example.com,2026-01-24,SG
u02-003130,user3130@mail.co.in,2026-02-19,SG
u02-003131,user3131@corp.io,2026-07-24,GB
u02-003132,user3132@corp.io,2026-07-19,SG
u02-003133,user3133@mail.co.in,2026-08-21,US
u02-003134,user3134@mail.co.in,2026-02-20,US
u02-003135,user3135@uni.edu,2026-03-16,US
u02-003136,user3136@corp.io,2026-03-18,US
u02-003137,user3137@example.com,2026-02-16,IN
u02-003138,user3138@example.com,2026-02-21,AU
u02-003139,user3139@uni.edu,2026-01-27,AU
u02-003140,user3140@example.com,2026-08-11,GB
u02-003141,user3141@example.com,2026-01-17,US
u02-003142,user3142@example.com,2026-01-14,GB
u02-003143,user3143@example.com,2026-05-23,IN
u02-003144,user3144@mail.co.in,2026-02-20,GB
u02-003145,user3145@example.com,2026-09-27,US
u02-003146,user3146@mail.co.in,2026-04-28,GB
u02-003147,user3147@uni.edu,2026-05-19,US
u02-003148,user3148@corp.io,2026-04-18,DE
u02-003149,user3149@corp.io,2026-08-24,AU
u02-003150,user3150@uni.edu,2026-08-15,US
u02-003151,user3151@mail.co.in,2026-08-12,SG
u02-003152,user3152@corp.io,2026-04-24,AU
u02-003153,user3153@mail.co.in,2026-06-14,AU
u02-003154,user3154@corp.io,2026-01-24,US
u02-003155,user3155@uni.edu,2026-09-20,GB
u02-003156,user3156@mail.co.in,2026-08-17,GB
u02-003157,user3157@uni.edu,2026-06-15,SG
u02-003158,user3158@corp.io,2026-01-16,IN
u02-003159,user3159@uni.edu,2026-06-13,IN
u02-003160,user3160@uni.edu,2026-09-18,IN
u02-003161,user3161@corp.io,2026-06-25,IN
u02-003162,user3162@corp.io,2026-09-23,GB
u02-003163,user3163@example.com,2026-02-19,AU
u02-003164,user3164@mail.co.in,2026-01-16,SG
u02-003165,user3165@corp.io,2026-08-17,AU
u02-003166,user3166@corp.io,2026-06-20,DE
u02-003167,user3167@corp.io,2026-02-15,US
u02-003168,user3168@uni.edu,2026-01-19,US
u02-003169,user3169@uni.edu,2026-02-24,GB
u02-003170,user3170@corp.io,2026-09-13,AU
u02-003171,user3171@uni.edu,2026-02-22,AU
u02-003172,user3172@corp.io,2026-09-28,US
u02-003173,user3173@mail.co.in,2026-02-18,IN
u02-003174,user3174@mail.co.in,2026-06-14,IN
u02-003175,user3175@corp.io,2026-01-26,DE
u02-003176,user3176@uni.edu,2026-09-23,IN
u02-003177,user3177@mail.co.in,2026-03-27,GB
u02-003178,user3178@uni.edu,2026-03-16,US
u02-003179,user3179@uni.edu,2026-01-24,DE
u02-003180,user3180@example.com,2026-01-28,US
u02-003181,user3181@mail.co.in,2026-07-20,AU
u02-003182,user3182@uni.edu,2026-02-14,SG
u02-003183,user3183@mail.co.in,2026-06-16,SG
u02-003184,user3184@uni.edu,2026-03-27,SG
u02-003185,user3185@example.com,2026-03-27,US
u02-003186,user3186@corp.io,2026-02-16,AU
u02-003187,user3187@example.com,2026-03-16,IN
u02-003188,user3188@uni.edu,2026-09-28,IN
u02-003189,user3189@corp.io,2026-07-25,DE
u02-003190,user3190@example.com,2026-01-16,AU
u02-003191,user3191@uni.edu,2026-09-13,IN
u02-003192,user3192@uni.edu,2026-04-14,AU
u02-003193,user3193@example.com,2026-09-18,DE
u02-003194,user3194@example.com,2026-09-19,AU
u02-003195,user3195@example.com,2026-03-19,AU
u02-003196,user3196@mail.co.in,2026-09-25,DE
u02-003197,user3197@example.com,2026-03-11,US
u02-003198,user3198@mail.co.in,2026-01-27,US
u02-003199,user3199@uni.edu,2026-06-11,US
u02-003200,user3200@corp.io,2026-09-10,US
u02-003201,user3201@mail.co.in,2026-07-18,GB
u02-003202,user3202@uni.edu,2026-04-21,IN
u02-003203,user3203@uni.edu,2026-07-23,IN
u02-003204,user3204@example.com,2026-05-12,AU
u02-003205,user3205@example.com,2026-02-11,AU
u02-003206,user3206@uni.edu,2026-09-25,SG
u02-003207,user3207@uni.edu,2026-04-19,SG
u02-003208,user3208@example.com,2026-05-17,AU
u02-003209,user3209@mail.co.in,2026-05-12,US
u02-003210,user3210@uni.edu,2026-02-22,AU
u02-003211,user3211@example.com,2026-06-27,AU
u02-003212,user3212@example.com,2026-05-20,IN
u02-003213,user3213@mail.co.in,2026-01-20,AU
u02-003214,user3214@uni.edu,2026-08-28,AU
u02-003215,user3215@mail.co.in,2026-06-16,US
u02-003216,user3216@corp.io,2026-05-18,IN
u02-003217,user3217@corp.io,2026-04-11,GB
u02-003218,user3218@uni.edu,2026-05-28,GB
u02-003219,user3219@corp.io,2026-01-24,US
u02-003220,user3220@mail.co.in,2026-09-15,IN
u02-003221,user3221@mail.co.in,2026-01-20,DE
u02-003222,user3222@mail.co.in,2026-07-23,IN
u02-003223,user3223@corp.io,2026-02-13,DE
u02-003224,user3224@corp.io,2026-08-26,IN
u02-003225,user3225@mail.co.in,2026-05-11,SG
u02-003226,user3226@corp.io,2026-03-27,GB
u02-003227,user3227@uni.edu,2026-04-24,DE
u02-003228,user3228@mail.co.in,2026-03-16,IN
u02-003229,user3229@corp.io,2026-05-27,GB
u02-003230,user3230@corp.io,2026-06-26,US
u02-003231,user3231@corp.io,2026-04-27,US
u02-003232,user3232@example.com,2026-05-12,US
u02-003233,user3233@example.com,2026-07-23,GB
u02-003234,user3234@example.com,2026-03-24,US
u02-003235,user3235@corp.io,2026-03-26,SG
u02-003236,user3236@example.com,2026-06-19,AU
u02-003237,user3237@example.com,2026-08-23,US
u02-003238,user3238@mail.co.in,2026-02-28,DE
u02-003239,user3239@example.com,2026-03-22,SG
u02-003240,user3240@uni.edu,2026-04-25,DE
u02-003241,user3241@corp.io,2026-07-18,SG
u02-003242,user3242@uni.edu,2026-03-16,DE
u02-003243,user3243@example.com,2026-04-27,SG
u02-003244,user3244@mail.co.in,2026-09-21,GB
u02-003245,user3245@uni.edu,2026-03-22,US
u02-003246,user3246@uni.edu,2026-05-11,GB
u02-003247,user3247@mail.co.in,2026-07-11,SG
u02-003248,user3248@corp.io,2026-02-11,DE
u02-003249,user3249@corp.io,2026-03-10,GB
u02-003250,user3250@uni.edu,2026-09-16,US
u02-003251,user3251@example.com,2026-04-12,GB
u02-003252,user3252@corp.io,2026-04-10,IN
u02-003253,user3253@uni.edu,2026-08-23,AU
u02-003254,user3254@uni.edu,2026-07-13,SG
u02-003255,user3255@mail.co.in,2026-02-12,SG
u02-003256,user3256@example.com,2026-04-19,US
u02-003257,user3257@mail.co.in,2026-07-19,GB
u02-003258,user3258@mail.co.in,2026-08-20,SG
u02-003259,user3259@corp.io,2026-06-26,AU
u02-003260,user3260@corp.io,2026-06-11,IN
u02-003261,user3261@mail.co.in,2026-05-10,US
u02-003262,user3262@example.com,2026-05-21,GB
u02-003263,user3263@example.com,2026-01-13,SG
u02-003264,user3264@mail.co.in,2026-02-23,DE
u02-003265,user3265@uni.edu,2026-06-24,AU
u02-003266,user3266@uni.edu,2026-01-19,AU
u02-003267,user3267@mail.co.in,2026-04-28,SG
u02-003268,user3268@corp.io,2026-05-25,US
u02-003269,user3269@mail.co.in,2026-03-18,AU
u02-003270,user3270@example.com,2026-02-14,IN
u02-003271,user3271@mail.co.in,2026-06-10,US
u02-003272,user3272@mail.co.in,2026-05-13,GB
u02-003273,user3273@corp.io,2026-08-27,IN
u02-003274,user3274@example.com,2026-01-18,DE
u02-003275,user3275@uni.edu,2026-01-23,AU
u02-003276,user3276@corp.io,2026-07-25,GB
u02-003277,user3277@uni.edu,2026-06-23,AU
u02-003278,user3278@uni.edu,2026-09-21,DE
u02-003279,user3279@mail.co.in,2026-02-18,US
u02-003280,user3280@uni.edu,2026-03-26,GB
u02-003281,user3281@example.com,2026-05-22,SG
u02-003282,user3282@uni.edu,2026-05-25,DE
u02-003283,user3283@uni.edu,2026-05-10,IN
u02-003284,user3284@example.com,2026-02-12,SG
u02-003285,user3285@example.com,2026-07-21,SG
u02-003286,user3286@uni.edu,2026-08-28,GB
u02-003287,user3287@mail.co.in,2026-04-14,US
u02-003288,user3288@example.com,2026-02-18,IN
u02-003289,user3289@uni.edu,2026-05-28,GB
u02-003290,user3290@mail.co.in,2026-09-17,DE
u02-003291,user3291@example.com,2026-08-19,AU
u02-003292,user3292@uni.edu,2026-07-17,AU
u02-003293,user3293@uni.edu,2026-04-14,IN
u02-003294,user3294@corp.io,2026-01-12,SG
u02-003295,user3295@example.com,2026-01-21,GB
u02-003296,user3296@example.com,2026-04-27,DE
u02-003297,user3297@mail.co.in,2026-01-21,DE
u02-003298,user3298@uni.edu,2026-07-12,AU
u02-003299,user3299@corp.io,2026-03-21,IN
u02-003300,user3300@example.com,2026-02-14,AU
u02-003301,user3301@uni.edu,2026-02-28,GB
u02-003302,user3302@uni.edu,2026-05-18,AU
u02-003303,user3303@mail.co.in,2026-07-12,GB
u02-003304,user3304@corp.io,2026-04-24,AU
u02-003305,user3305@mail.co.in,2026-08-10,DE
u02-003306,user3306@uni.edu,2026-07-22,DE
u02-003307,user3307@corp.io,2026-05-12,IN
u02-003308,user3308@uni.edu,2026-01-10,DE
u02-003309,user3309@mail.co.in,2026-06-12,AU
u02-003310,user3310@uni.edu,2026-03-27,IN
u02-003311,user3311@mail.co.in,2026-02-25,GB
u02-003312,user3312@mail.co.in,2026-02-16,US
u02-003313,user3313@example.com,2026-02-22,DE
u02-003314,user3314@uni.edu,2026-08-21,AU
u02-003315,user3315@corp.io,2026-09-20,SG
u02-003316,user3316@example.com,2026-02-24,AU
u02-003317,user3317@corp.io,2026-04-25,GB
u02-003318,user3318@mail.co.in,2026-06-19,US
u02-003319,user3319@example.com,2026-04-15,DE
u02-003320,user3320@corp.io,2026-04-27,DE
u02-003321,user3321@example.com,2026-01-15,IN
u02-003322,user3322@uni.edu,2026-09-18,SG
u02-003323,user3323@example.com,2026-03-21,DE
u02-003324,user3324@corp.io,2026-09-12,IN
u02-003325,user3325@mail.co.in,2026-08-16,US
u02-003326,user3326@uni.edu,2026-09-13,SG
u02-003327,user3327@mail.co.in,2026-01-20,DE
u02-003328,user3328@corp.io,2026-06-26,AU
u02-003329,user3329@uni.edu,2026-08-24,IN
u02-003330,user3330@uni.edu,2026-09-25,AU
u02-003331,user3331@example.com,2026-06-17,IN
u02-003332,user3332@uni.edu,2026-03-13,DE
u02-003333,user3333@uni.edu,2026-06-19,DE
u02-003334,user3334@example.com,2026-06-22,SG
u02-003335,user3335@example.com,2026-02-21,AU
u02-003336,user3336@corp.io,2026-05-13,SG
u02-003337,user3337@corp.io,2026-02-11,AU
u02-003338,user3338@uni.edu,2026-04-11,AU
u02-003339,user3339@corp.io,2026-05-12,IN
u02-003340,user3340@example.com,2026-03-18,AU
u02-003341,user3341@example.com,2026-08-13,AU
u02-003342,user3342@corp.io,2026-08-18,AU
u02-003343,user3343@example.com,2026-08-16,AU
u02-003344,user3344@example.com,2026-08-17,IN
u02-003345,user3345@example.com,2026-09-21,US
u02-003346,user3346@example.com,2026-03-22,DE
u02-003347,user3347@corp.io,2026-01-14,IN
u02-003348,user3348@mail.co.in,2026-09-17,SG
u02-003349,user3349@mail.co.in,2026-05-19,GB
u02-003350,user3350@mail.co.in,2026-07-18,IN
u02-003351,user3351@mail.co.in,2026-07-14,SG
u02-003352,user3352@corp.io,2026-02-19,SG
u02-003353,user3353@uni.edu,2026-09-24,SG
u02-003354,user3354@uni.edu,2026-08-22,US
u02-003355,user3355@corp.io,2026-03-17,GB
u02-003356,user3356@corp.io,2026-07-10,DE
u02-003357,user3357@uni.edu,2026-05-24,AU
u02-003358,user3358@corp.io,2026-02-12,DE
u02-003359,user3359@corp.io,2026-05-13,IN
u02-003360,user3360@uni.edu,2026-02-25,GB
u02-003361,user3361@corp.io,2026-01-17,IN
u02-003362,user3362@uni.edu,2026-08-21,GB
u02-003363,user3363@example.com,2026-06-26,DE
u02-003364,user3364@example.com,2026-09-27,DE
u02-003365,user3365@mail.co.in,2026-05-24,GB
u02-003366,user3366@mail.co.in,2026-05-18,IN
u02-003367,user3367@uni.edu,2026-03-17,GB
u02-003368,user3368@corp.io,2026-03-10,GB
u02-003369,user3369@mail.co.in,2026-09-10,DE
u02-003370,user3370@uni.edu,2026-08-22,SG
u02-003371,user3371@example.com,2026-06-20,SG
u02-003372,user3372@uni.edu,2026-02-14,IN
u02-003373,user3373@example.com,2026-01-20,AU
u02-003374,user3374@uni.edu,2026-01-23,DE
u02-003375,user3375@example.com,2026-08-27,AU
u02-003376,user3376@mail.co.in,2026-07-22,US
u02-003377,user3377@corp.io,2026-02-22,AU
u02-003378,user3378@corp.io,2026-09-22,GB
u02-003379,user3379@corp.io,2026-04-20,IN
u02-003380,user3380@corp.io,2026-08-11,AU
u02-003381,user3381@uni.edu,2026-09-23,US
u02-003382,user3382@mail.co.in,2026-09-17,IN
u02-003383,user3383@example.com,2026-04-25,AU
u02-003384,user3384@mail.co.in,2026-09-25,IN
u02-003385,user3385@mail.co.in,2026-06-19,GB
u02-003386,user3386@mail.co.in,2026-09-26,GB
u02-003387,user3387@example.com,2026-08-20,GB
u02-003388,user3388@uni.edu,2026-08-21,AU
u02-003389,user3389@mail.co.in,2026-04-15,SG
u02-003390,user3390@corp.io,2026-08-22,AU
u02-003391,user3391@mail.co.in,2026-01-23,SG
u02-003392,user3392@example.com,2026-07-25,GB
u02-003393,user3393@corp.io,2026-07-24,AU
u02-003394,user3394@example.com,2026-07-21,DE
u02-003395,user3395@mail.co.in,2026-06-19,DE
u02-003396,user3396@example.com,2026-04-11,IN
u02-003397,user3397@uni.edu,2026-06-14,AU
u02-003398,user3398@uni.edu,2026-09-13,US
u02-003399,user3399@corp.io,2026-08-15,DE
u02-003400,user3400@corp.io,2026-07-25,SG
u02-003401,user3401@corp.io,2026-09-24,IN
u02-003402,user3402@mail.co.in,2026-07-10,SG
u02-003403,user3403@example.com,2026-08-22,DE
u02-003404,user3404@mail.co.in,2026-08-10,IN
u02-003405,user3405@mail.co.in,2026-01-27,AU
u02-003406,user3406@uni.edu,2026-05-10,DE
u02-003407,user3407@mail.co.in,2026-09-18,DE
u02-003408,user3408@uni.edu,2026-03-19,US
u02-003409,user3409@uni.edu,2026-02-24,IN
u02-003410,user3410@mail.co.in,2026-07-28,US
u02-003411,user3411@uni.edu,2026-01-23,SG
u02-003412,user3412@mail.co.in,2026-03-21,GB
u02-003413,user3413@example.com,2026-01-14,US
u02-003414,user3414@mail.co.in,2026-04-17,GB
u02-003415,user3415@corp.io,2026-03-27,IN
u02-003416,user3416@uni.edu,2026-06-24,DE
u02-003417,user3417@example.com,2026-02-17,IN
u02-003418,user3418@corp.io,2026-01-10,DE
u02-003419,user3419@uni.edu,2026-06-13,DE
u02-003420,user3420@corp.io,2026-09-27,SG
u02-003421,user3421@corp.io,2026-08-18,SG
u02-003422,user3422@example.com,2026-06-11,IN
u02-003423,user3423@example.com,2026-06-15,US
u02-003424,user3424@corp.io,2026-09-19,SG
u02-003425,user3425@corp.io,2026-02-23,IN
u02-003426,user3426@mail.co.in,2026-09-24,US
u02-003427,user3427@mail.co.in,2026-08-20,US
u02-003428,user3428@uni.edu,2026-07-27,US
u02-003429,user3429@example.com,2026-03-26,DE
u02-003430,user3430@corp.io,2026-03-10,GB
u02-003431,user3431@uni.edu,2026-08-27,GB
u02-003432,user3432@corp.io,2026-01-18,US
u02-003433,user3433@example.com,2026-05-28,DE
u02-003434,user3434@corp.io,2026-06-18,IN
u02-003435,user3435@uni.edu,2026-03-22,US
u02-003436,user3436@mail.co.in,2026-08-17,AU
u02-003437,user3437@example.com,2026-06-22,US
u02-003438,user3438@mail.co.in,2026-07-14,US
u02-003439,user3439@example.com,2026-05-13,IN
u02-003440,user3440@uni.edu,2026-03-22,SG
u02-003441,user3441@corp.io,2026-09-26,US
u02-003442,user3442@mail.co.in,2026-06-27,SG
u02-003443,user3443@corp.io,2026-06-26,GB
u02-003444,user3444@mail.co.in,2026-09-10,AU
u02-003445,user3445@corp.io,2026-06-28,GB
u02-003446,user3446@example.com,2026-07-21,DE
u02-003447,user3447@corp.io,2026-07-15,IN
u02-003448,user3448@mail.co.in,2026-08-14,SG
u02-003449,user3449@mail.co.in,2026-06-27,IN
u02-003450,user3450@example.com,,US
u02-003451,user3451@corp.io,2026-09-28,AU
u02-003452,user3452@corp.io,2026-02-13,GB
u02-003453,user3453@example.com,2026-06-18,AU
u02-003454,user3454@example.com,2026-09-19,GB
u02-003455,user3455@example.com,2026-02-14,SG
u02-003456,user3456@mail.co.in,2026-05-24,US
u02-003457,user3457@mail.co.in,2026-04-21,US
u02-003458,user3458@corp.io,2026-08-22,AU
u02-003459,user3459@uni.edu,2026-07-26,AU
u02-003460,user3460@example.com,2026-07-13,SG
u02-003461,user3461@uni.edu,2026-09-15,US
u02-003462,user3462@mail.co.in,2026-04-22,AU
u02-003463,user3463@mail.co.in,2026-04-12,DE
u02-003464,user3464@corp.io,2026-01-28,IN
u02-003465,user3465@corp.io,2026-07-22,US
u02-003466,user3466@uni.edu,2026-02-15,US
u02-003467,user3467@example.com,2026-01-25,IN
u02-003468,user3468@mail.co.in,2026-08-21,AU
u02-003469,user3469@mail.co.in,2026-08-13,US
u02-003470,user3470@corp.io,2026-07-11,SG
u02-003471,user3471@example.com,2026-03-20,US
u02-003472,user3472@example.com,2026-07-14,SG
u02-003473,user3473@corp.io,2026-08-19,AU
u02-003474,user3474@uni.edu,2026-07-25,IN
u02-003475,user3475@mail.co.in,2026-09-19,AU
u02-003476,user3476@uni.edu,2026-07-23,DE
u02-003477,user3477@mail.co.in,2026-07-21,AU
u02-003478,user3478@corp.io,2026-08-14,AU
u02-003479,user3479@example.com,2026-08-13,AU
u02-003480,user3480@mail.co.in,2026-02-19,DE
u02-003481,user3481@uni.edu,2026-06-23,SG
u02-003482,user3482@mail.co.in,2026-06-26,US
u02-003483,user3483@uni.edu,2026-05-22,GB
u02-003484,user3484@example.com,2026-05-12,US
u02-003485,user3485@uni.edu,2026-07-23,IN
u02-003486,user3486@example.com,2026-09-14,GB
u02-003487,user3487@example.com,2026-06-15,DE
u02-003488,user3488@corp.io,2026-01-17,IN
u02-003489,user3489@corp.io,2026-01-10,GB
u02-003490,user3490@corp.io,2026-03-14,SG
u02-003491,user3491@uni.edu,2026-07-23,AU
u02-003492,user3492@example.com,2026-06-16,US
u02-003493,user3493@corp.io,2026-01-20,IN
u02-003494,user3494@corp.io,2026-07-14,AU
u02-003495,user3495@uni.edu,2026-09-21,US
u02-003496,user3496@example.com,2026-02-17,AU
u02-003497,user3497@uni.edu,2026-09-24,DE
u02-003498,user3498@example.com,2026-04-19,GB
u02-003499,user3499@mail.co.in,2026-06-21,AU
u02-003500,user3500@example.com,2026-02-25,SG
u02-003501,user3501@uni.edu,2026-03-24,GB
u02-003502,user3502@mail.co.in,2026-04-15,US
u02-003503,user3503@corp.io,2026-04-13,US
u02-003504,user3504@mail.co.in,2026-07-22,AU
u02-003505,user3505@uni.edu,2026-06-13,GB
u02-003506,user3506@uni.edu,2026-02-24,US
u02-003507,user3507@example.com,2026-04-26,SG
u02-003508,user3508@mail.co.in,2026-03-26,AU
u02-003509,user3509@example.com,2026-01-16,IN
u02-003510,user3510@uni.edu,2026-09-21,GB
u02-003511,user3511@example.com,2026-09-15,AU
u02-003512,user3512@mail.co.in,2026-04-12,US
u02-003513,user3513@example.com,2026-08-16,GB
u02-003514,user3514@mail.co.in,2026-02-16,SG
u02-003515,user3515@corp.io,2026-04-14,US
u02-003516,user3516@corp.io,2026-01-25,SG
u02-003517,user3517@mail.co.in,2026-04-11,DE
u02-003518,user3518@corp.io,2026-07-13,DE
u02-003519,user3519@corp.io,2026-09-18,DE
u02-003520,user3520@corp.io,2026-03-18,SG
u02-003521,user3521@example.com,2026-08-25,IN
u02-003522,user3522@corp.io,2026-09-23,GB
u02-003523,user3523@corp.io,2026-06-25,DE
u02-003524,user3524@mail.co.in,2026-05-12,IN
u02-003525,user3525@example.com,2026-09-25,IN
u02-003526,user3526@uni.edu,2026-07-14,GB
u02-003527,user3527@mail.co.in,2026-04-25,US
u02-003528,user3528@mail.co.in,2026-01-11,IN
u02-003529,user3529@example.com,2026-07-15,AU
u02-003530,user3530@uni.edu,2026-06-11,IN
u02-003531,user3531@uni.edu,2026-05-11,DE
u02-003532,user3532@corp.io,2026-03-10,US
u02-003533,user3533@uni.edu,2026-01-15,GB
u02-003534,user3534@uni.edu,2026-06-23,US
u02-003535,user3535@uni.edu,2026-01-16,SG
u02-003536,user3536@uni.edu,2026-08-22,AU
u02-003537,user3537@mail.co.in,2026-06-21,GB
u02-003538,user3538@corp.io,2026-05-27,GB
u02-003539,user3539@corp.io,2026-05-27,AU
u02-003540,user3540@example.com,2026-07-14,SG
u02-003541,user3541@example.com,2026-07-10,DE
u02-003542,user3542@corp.io,2026-03-20,DE
u02-003543,user3543@mail.co.in,2026-09-18,SG
u02-003544,user3544@mail.co.in,2026-08-26,SG
u02-003545,user3545@example.com,2026-01-25,US
u02-003546,user3546@uni.edu,2026-08-15,GB
u02-003547,user3547@corp.io,2026-03-17,DE
u02-003548,user3548@uni.edu,2026-04-23,IN
u02-003549,user3549@example.com,2026-02-27,US
u02-003550,user3550@uni.edu,2026-06-22,DE
u02-003551,user3551@example.com,2026-02-28,SG
u02-003552,user3552@mail.co.in,2026-01-28,GB
u02-003553,user3553@example.com,2026-05-14,DE
u02-003554,user3554@uni.edu,2026-02-10,IN
u02-003555,user3555@uni.edu,2026-02-13,DE
u02-003556,user3556@uni.edu,2026-07-24,GB
u02-003557,user3557@example.com,2026-04-22,AU
u02-003558,user3558@example.com,2026-06-12,SG
u02-003559,user3559@example.com,2026-05-21,SG
u02-003560,user3560@mail.co.in,2026-07-20,SG
u02-003561,user3561@corp.io,2026-05-28,SG
u02-003562,user3562@example.com,2026-05-26,AU
u02-003563,user3563@example.com,2026-05-16,DE
u02-003564,user3564@mail.co.in,2026-06-18,GB
u02-003565,user3565@uni.edu,2026-04-21,US
u02-003566,user3566@example.com,2026-02-11,IN
u02-003567,user3567@example.com,2026-09-14,US
u02-003568,user3568@corp.io,2026-09-14,IN
u02-003569,user3569@mail.co.in,2026-06-16,DE
u02-003570,user3570@corp.io,2026-02-13,AU
u02-003571,user3571@example.com,2026-07-10,AU
u02-003572,user3572@example.com,2026-07-21,DE
u02-003573,user3573@example.com,2026-07-24,IN
u02-003574,user3574@mail.co.in,2026-09-25,AU
u02-003575,user3575@uni.edu,2026-02-20,SG
u02-003576,user3576@example.com,2026-05-13,GB
u02-003577,user3577@uni.edu,2026-02-27,DE
u02-003578,user3578@mail.co.in,2026-06-17,IN
u02-003579,user3579@example.com,2026-07-11,AU
u02-003580,user3580@mail.co.in,2026-05-13,DE
u02-003581,user3581@mail.co.in,2026-03-11,GB
u02-003582,user3582@uni.edu,2026-07-19,AU
u02-003583,user3583@example.com,2026-02-14,IN
u02-003584,user3584@example.com,2026-02-24,DE
u02-003585,user3585@mail.co.in,2026-04-16,SG
u02-003586,user3586@mail.co.in,2026-08-14,SG
u02-003587,user3587@uni.edu,2026-01-25,SG
u02-003588,user3588@corp.io,2026-07-20,SG
u02-003589,user3589@example.com,2026-07-20,DE
u02-003590,user3590@example.com,2026-05-21,AU
u02-003591,user3591@corp.io,2026-03-28,AU
u02-003592,user3592@mail.co.in,2026-06-26,IN
u02-003593,user3593@corp.io,2026-03-14,DE
u02-003594,user3594@example.com,2026-05-12,US
u02-003595,user3595@mail.co.in,2026-03-26,IN
u02-003596,user3596@uni.edu,2026-04-17,IN
u02-003597,user3597@mail.co.in,2026-07-28,SG
u02-003598,user3598@uni.edu,2026-04-10,IN
u02-003599,user3599@example.com,2026-09-12,GB
u02-003600,user3600@mail.co.in,2026-08-11,US
u02-003601,user3601@example.com,2026-09-12,GB
u02-003602,user3602@corp.io,2026-06-25,SG
u02-003603,user3603@corp.io,2026-02-24,US
u02-003604,user3604@mail.co.in,2026-05-21,AU
u02-003605,user3605@uni.edu,2026-06-22,US
u02-003606,user3606@example.com,2026-03-28,IN
u02-003607,user3607@corp.io,2026-08-21,IN
u02-003608,user3608@example.com,2026-09-13,US
u02-003609,user3609@mail.co.in,2026-07-20,IN
u02-003610,user3610@example.com,2026-06-26,SG
u02-003611,user3611@example.com,2026-08-24,DE
u02-003612,user3612@mail.co.in,2026-09-18,IN
u02-003613,user3613@mail.co.in,2026-03-28,IN
u02-003614,user3614@uni.edu,2026-07-25,GB
u02-003615,user3615@uni.edu,2026-04-21,US
u02-003616,user3616@uni.edu,2026-08-22,US
u02-003617,user3617@example.com,2026-01-15,SG
u02-003618,user3618@example.com,2026-08-11,SG
u02-003619,user3619@example.com,2026-06-25,DE
u02-003620,user3620@example.com,2026-07-18,DE
u02-003621,user3621@uni.edu,2026-02-13,US
u02-003622,user3622@example.com,2026-02-24,DE
u02-003623,user3623@example.com,2026-05-14,GB
u02-003624,user3624@mail.co.in,2026-01-15,US
u02-003625,user3625@corp.io,2026-08-26,US
u02-003626,user3626@example.com,2026-09-13,GB
u02-003627,user3627@mail.co.in,2026-02-25,GB
u02-003628,user3628@uni.edu,2026-07-12,IN
u02-003629,user3629@example.com,2026-07-20,SG
u02-003630,user3630@uni.edu,2026-03-21,IN
u02-003631,user3631@mail.co.in,2026-04-15,AU
u02-003632,user3632@mail.co.in,2026-07-14,GB
u02-003633,user3633@example.com,2026-07-24,SG
u02-003634,user3634@mail.co.in,2026-02-28,AU
u02-003635,user3635@example.com,2026-07-25,AU
u02-003636,user3636@corp.io,2026-02-16,IN
u02-003637,user3637@mail.co.in,2026-02-26,DE
u02-003638,user3638@mail.co.in,2026-07-25,IN
u02-003639,user3639@corp.io,2026-02-15,US
u02-003640,user3640@mail.co.in,2026-01-26,GB
u02-003641,user3641@example.com,2026-09-28,AU
u02-003642,user3642@example.com,2026-07-21,AU
u02-003643,user3643@example.com,2026-09-18,GB
u02-003644,user3644@mail.co.in,2026-08-15,AU
u02-003645,user3645@corp.io,2026-09-22,AU
u02-003646,user3646@example.com,2026-04-16,IN
u02-003647,user3647@corp.io,2026-03-14,US
u02-003648,user3648@mail.co.in,2026-04-26,SG
u02-003649,user3649@mail.co.in,2026-05-17,AU
u02-003650,user3650@uni.edu,2026-07-22,US
u02-003651,user3651@example.com,2026-05-28,AU
u02-003652,user3652@corp.io,2026-09-23,SG
u02-003653,user3653@example.com,2026-06-19,AU
u02-003654,user3654@mail.co.in,2026-05-23,GB
u02-003655,user3655@corp.io,2026-03-14,AU
u02-003656,user3656@corp.io,2026-07-21,SG
u02-003657,user3657@uni.edu,2026-07-22,IN
u02-003658,user3658@mail.co.in,2026-07-27,SG
u02-003659,user3659@mail.co.in,2026-04-27,GB
u02-003660,user3660@uni.edu,2026-01-22,SG
u02-003661,user3661@example.com,2026-08-15,GB
u02-003662,user3662@uni.edu,2026-03-22,SG
u02-003663,user3663@mail.co.in,2026-09-10,IN
u02-003664,user3664@mail.co.in,2026-09-19,IN
u02-003665,user3665@mail.co.in,2026-07-27,GB
u02-003666,user3666@uni.edu,2026-09-15,SG
u02-003667,user3667@corp.io,2026-06-10,GB
u02-003668,user3668@uni.edu,2026-08-20,AU
u02-003669,user3669@corp.io,2026-03-28,DE
u02-003670,user3670@example.com,2026-03-23,IN
u02-003671,user3671@example.com,2026-02-18,SG
u02-003672,user3672@mail.co.in,2026-06-23,US
u02-003673,user3673@corp.io,2026-02-12,AU
u02-003674,user3674@corp.io,2026-02-20,AU
u02-003675,user3675@example.com,2026-09-12,DE
u02-003676,user3676@example.com,2026-04-18,DE
u02-003677,user3677@corp.io,2026-09-14,GB
u02-003678,user3678@example.com,2026-03-19,US
u02-003679,user3679@example.com,2026-02-21,GB
u02-003680,user3680@uni.edu,2026-08-12,IN
u02-003681,user3681@corp.io,2026-02-16,US
u02-003682,user3682@corp.io,2026-07-13,US
u02-003683,user3683@uni.edu,2026-02-18,DE
u02-003684,user3684@example.com,2026-04-27,US
u02-003685,user3685@mail.co.in,2026-02-26,US
u02-003686,user3686@uni.edu,2026-05-18,SG
u02-003687,user3687@corp.io,2026-01-24,IN
u02-003688,user3688@example.com,2026-03-15,AU
u02-003689,user3689@uni.edu,2026-07-24,DE
u02-003690,user3690@uni.edu,2026-04-22,AU
u02-003691,user3691@example.com,2026-07-28,AU
u02-003692,user3692@example.com,2026-08-27,DE
u02-003693,user3693@uni.edu,2026-09-15,IN
u02-003694,user3694@mail.co.in,2026-08-18,GB
u02-003695,user3695@corp.io,2026-02-20,SG
u02-003696,user3696@corp.io,2026-01-19,SG
u02-003697,user3697@corp.io,2026-07-16,SG
u02-003698,user3698@example.com,2026-01-17,AU
u02-003699,user3699@example.com,2026-09-13,AU
u02-003700,user3700@uni.edu,2026-07-27,IN
u02-003701,user3701@example.com,2026-07-24,IN
u02-003702,user3702@example.com,2026-08-11,GB
u02-003703,user3703@mail.co.in,2026-03-21,GB
u02-003704,user3704@corp.io,2026-03-27,SG
u02-003705,user3705@example.com,2026-02-24,AU
u02-003706,user3706@mail.co.in,2026-07-15,SG
u02-003707,user3707@mail.co.in,2026-06-24,AU
u02-003708,user3708@mail.co.in,2026-07-19,AU
u02-003709,user3709@mail.co.in,2026-03-20,DE
u02-003710,user3710@example.com,2026-07-20,SG
u02-003711,user3711@example.com,2026-08-27,US
u02-003712,user3712@corp.io,2026-04-13,SG
u02-003713,user3713@example.com,2026-07-12,DE
u02-003714,user3714@corp.io,2026-07-14,GB
u02-003715,user3715@example.com,2026-01-22,IN
u02-003716,user3716@mail.co.in,2026-01-24,IN
u02-003717,user3717@mail.co.in,2026-03-26,DE
u02-003718,user3718@mail.co.in,2026-04-21,US
u02-003719,user3719@mail.co.in,2026-08-25,SG
u02-003720,user3720@uni.edu,2026-07-15,AU
u02-003721,user3721@example.com,2026-03-23,SG
u02-003722,user3722@example.com,2026-07-14,SG
u02-003723,user3723@corp.io,2026-09-26,SG
u02-003724,user3724@uni.edu,2026-03-24,GB
u02-003725,user3725@mail.co.in,2026-08-25,DE
u02-003726,user3726@example.com,2026-02-20,US
u02-003727,user3727@example.com,2026-01-23,IN
u02-003728,user3728@example.com,2026-07-13,GB
u02-003729,user3729@example.com,2026-09-14,US
u02-003730,user3730@corp.io,2026-05-25,US
u02-003731,user3731@uni.edu,2026-07-15,IN
u02-003732,user3732@uni.edu,2026-09-13,IN
u02-003733,user3733@mail.co.in,2026-03-25,DE
u02-003734,user3734@uni.edu,2026-08-21,US
u02-003735,user3735@mail.co.in,2026-02-19,SG
u02-003736,user3736@corp.io,2026-04-18,IN
u02-003737,user3737@corp.io,2026-03-13,IN
u02-003738,user3738@uni.edu,2026-05-17,SG
u02-003739,user3739@mail.co.in,2026-07-22,US
u02-003740,user3740@uni.edu,2026-03-12,US
u02-003741,user3741@corp.io,2026-07-28,IN
u02-003742,user3742@example.com,2026-08-11,DE
u02-003743,user3743@example.com,2026-02-28,IN
u02-003744,user3744@corp.io,2026-09-23,AU
u02-003745,user3745@corp.io,2026-01-18,DE
u02-003746,user3746@mail.co.in,2026-01-10,AU
u02-003747,user3747@example.com,2026-08-11,DE
u02-003748,user3748@example.com,2026-06-19,IN
u02-003749,user3749@corp.io,2026-09-19,DE
u02-003750,user3750@corp.io,2026-09-20,DE
u02-003751,user3751@example.com,2026-04-25,IN
u02-003752,user3752@example.com,2026-03-13,SG
u02-003753,user3753@mail.co.in,2026-05-20,DE
u02-003754,user3754@example.com,2026-02-17,GB
u02-003755,user3755@corp.io,2026-06-13,SG
u02-003756,user3756@corp.io,2026-08-12,GB
u02-003757,user3757@corp.io,2026-07-24,DE
u02-003758,user3758@uni.edu,2026-06-17,US
u02-003759,user3759@example.com,2026-09-15,US
u02-003760,user3760@mail.co.in,2026-09-14,DE
u02-003761,user3761@example.com,2026-04-15,SG
u02-003762,user3762@mail.co.in,2026-09-21,SG
u02-003763,user3763@example.com,2026-05-24,DE
u02-003764,user3764@example.com,2026-05-10,AU
u02-003765,user3765@uni.edu,2026-04-23,DE
u02-003766,user3766@mail.co.in,2026-01-21,SG
u02-003767,user3767@uni.edu,2026-09-13,SG
u02-003768,user3768@corp.io,2026-05-28,DE
u02-003769,user3769@corp.io,2026-03-10,GB
u02-003770,user3770@example.com,2026-08-23,GB
u02-003771,user3771@example.com,2026-05-24,US
u02-003772,user3772@example.com,2026-07-12,GB
u02-003773,user3773@uni.edu,2026-02-14,AU
u02-003774,user3774@example.com,2026-06-13,US
u02-003775,user3775@example.com,2026-07-17,GB
u02-003776,user3776@example.com,2026-03-18,DE
u02-003777,user3777@corp.io,2026-08-15,US
u02-003778,user3778@example.com,2026-09-27,AU
u02-003779,user3779@example.com,2026-09-14,GB
u02-003780,user3780@example.com,2026-06-10,SG
u02-003781,user3781@corp.io,2026-06-17,AU
u02-003782,user3782@example.com,2026-08-16,DE
u02-003783,user3783@uni.edu,2026-09-10,IN
u02-003784,user3784@mail.co.in,2026-06-14,SG
u02-003785,user3785@mail.co.in,2026-03-14,US
u02-003786,user3786@corp.io,2026-03-28,SG
u02-003787,user3787@corp.io,2026-04-14,AU
u02-003788,user3788@mail.co.in,2026-06-23,DE
u02-003789,user3789@uni.edu,2026-09-10,IN
u02-003790,user3790@uni.edu,2026-08-24,SG
u02-003791,user3791@example.com,2026-02-26,GB
u02-003792,user3792@uni.edu,2026-08-25,GB
u02-003793,user3793@uni.edu,2026-06-16,AU
u02-003794,user3794@mail.co.in,2026-03-18,IN
u02-003795,user3795@example.com,2026-01-13,SG
u02-003796,user3796@corp.io,2026-01-19,AU
u02-003797,user3797@mail.co.in,2026-09-18,DE
u02-003798,user3798@mail.co.in,2026-03-22,AU
u02-003799,user3799@mail.co.in,2026-09-23,IN
u02-003800,user3800@corp.io,2026-04-25,IN
u02-003801,user3801@uni.edu,2026-08-16,US
u02-003802,user3802@corp.io,2026-04-26,DE
u02-003803,user3803@example.com,2026-06-18,AU
u02-003804,user3804@corp.io,2026-03-13,US
u02-003805,user3805@corp.io,2026-06-23,IN
u02-003806,user3806@corp.io,2026-01-10,GB
u02-003807,user3807@mail.co.in,2026-04-28,SG
u02-003808,user3808@example.com,2026-09-20,DE
u02-003809,user3809@mail.co.in,2026-08-26,IN
u02-003810,user3810@uni.edu,2026-01-25,AU
u02-003811,user3811@uni.edu,2026-01-20,GB
u02-003812,user3812@corp.io,2026-05-13,SG
u02-003813,user3813@example.com,2026-07-11,IN
u02-003814,user3814@example.com,2026-07-12,US
u02-003815,user3815@example.com,2026-07-19,DE
u02-003816,user3816@uni.edu,2026-07-17,GB
u02-003817,user3817@example.com,2026-04-11,GB
u02-003818,user3818@example.com,2026-01-27,SG
u02-003819,user3819@mail.co.in,2026-02-28,GB
u02-003820,user3820@corp.io,2026-01-11,AU
u02-003821,user3821@corp.io,2026-04-23,DE
u02-003822,user3822@mail.co.in,2026-01-22,GB
u02-003823,user3823@corp.io,2026-06-17,US
u02-003824,user3824@corp.io,2026-07-28,US
u02-003825,user3825@corp.io,2026-06-17,GB
u02-003826,user3826@uni.edu,2026-05-15,GB
u02-003827,user3827@uni.edu,2026-06-10,GB
u02-003828,user3828@example.com,2026-04-18,SG
u02-003829,user3829@example.com,2026-09-21,DE
u02-003830,user3830@mail.co.in,2026-03-23,US
u02-003831,user3831@corp.io,2026-04-10,DE
u02-003832,user3832@uni.edu,2026-02-21,IN
u02-003833,user3833@mail.co.in,2026-04-24,DE
u02-003834,user3834@uni.edu,2026-04-25,IN
u02-003835,user3835@example.com,2026-02-28,GB
u02-003836,user3836@mail.co.in,2026-09-22,AU
u02-003837,user3837@mail.co.in,2026-02-23,SG
u02-003838,user3838@example.com,2026-01-11,SG
u02-003839,user3839@corp.io,2026-02-24,US
u02-003840,user3840@example.com,2026-01-11,GB
u02-003841,user3841@mail.co.in,2026-06-22,AU
u02-003842,user3842@uni.edu,2026-07-28,US
u02-003843,user3843@corp.io,2026-03-25,SG
u02-003844,user3844@example.com,2026-07-20,GB
u02-003845,user3845@example.com,2026-08-22,IN
u02-003846,user3846@uni.edu,2026-08-21,IN
u02-003847,user3847@example.com,2026-07-20,US
u02-003848,user3848@corp.io,2026-03-10,DE
u02-003849,user3849@example.com,2026-05-14,AU
u02-003850,user3850@mail.co.in,2026-03-26,SG
u02-003851,user3851@corp.io,2026-03-28,US
u02-003852,user3852@mail.co.in,2026-07-14,GB
u02-003853,user3853@mail.co.in,2026-07-25,IN
u02-003854,user3854@example.com,2026-03-21,AU
u02-003855,user3855@corp.io,2026-02-10,SG
u02-003856,user3856@mail.co.in,2026-09-14,SG
u02-003857,user3857@corp.io,2026-07-12,US
u02-003858,user3858@mail.co.in,2026-03-12,IN
u02-003859,user3859@uni.edu,2026-08-26,SG
u02-003860,user3860@mail.co.in,2026-01-18,SG
u02-003861,user3861@uni.edu,2026-04-26,GB
u02-003862,user3862@example.com,2026-09-25,US
u02-003863,user3863@corp.io,2026-05-17,DE
u02-003864,user3864@uni.edu,2026-01-21,AU
u02-003865,user3865@example.com,2026-06-17,GB
u02-003866,user3866@example.com,2026-04-15,US
u02-003867,user3867@example.com,2026-08-17,GB
u02-003868,user3868@example.com,2026-02-18,GB
u02-003869,user3869@example.com,2026-08-10,US
u02-003870,user3870@mail.co.in,2026-05-22,AU
u02-003871,user3871@example.com,2026-09-15,SG
u02-003872,user3872@uni.edu,2026-07-15,IN
u02-003873,user3873@mail.co.in,2026-04-19,DE
u02-003874,user3874@example.com,2026-01-16,US
u02-003875,user3875@corp.io,2026-01-18,GB
u02-003876,user3876@mail.co.in,2026-09-21,SG
u02-003877,user3877@uni.edu,2026-06-15,US
u02-003878,user3878@mail.co.in,2026-02-17,GB
u02-003879,user3879@corp.io,2026-04-28,GB
u02-003880,user3880@example.com,2026-08-20,GB
u02-003881,user3881@uni.edu,2026-04-14,SG
u02-003882,user3882@corp.io,2026-01-14,IN
u02-003883,user3883@mail.co.in,2026-04-20,US
u02-003884,user3884@mail.co.in,2026-03-28,AU
u02-003885,user3885@example.com,2026-09-27,SG
u02-003886,user3886@uni.edu,2026-03-12,US
u02-003887,user3887@example.com,2026-04-26,DE
u02-003888,user3888@corp.io,2026-09-13,US
u02-003889,user3889@corp.io,2026-09-20,DE
u02-003890,user3890@corp.io,2026-01-23,GB
u02-003891,user3891@uni.edu,2026-07-28,US
u02-003892,user3892@uni.edu,2026-01-15,GB
u02-003893,user3893@mail.co.in,2026-01-10,IN
u02-003894,user3894@uni.edu,2026-04-25,SG
u02-003895,user3895@example.com,2026-07-23,SG
u02-003896,user3896@uni.edu,2026-06-19,DE
u02-003897,user3897@uni.edu,2026-06-20,DE
u02-003898,user3898@example.com,2026-03-22,IN
u02-003899,user3899@uni.edu,2026-02-26,US
u02-003900,user3900@corp.io,2026-02-14,DE
u02-003901,user3901@mail.co.in,2026-02-24,US
u02-003902,user3902@uni.edu,2026-05-11,GB
u02-003903,user3903@corp.io,2026-09-25,AU
u02-003904,user3904@corp.io,2026-02-16,AU
u02-003905,user3905@uni.edu,2026-02-24,IN
u02-003906,user3906@corp.io,2026-01-26,DE
u02-003907,user3907@mail.co.in,2026-09-28,GB
u02-003908,user3908@corp.io,2026-04-21,GB
u02-003909,user3909@corp.io,2026-07-15,GB
u02-003910,user3910@corp.io,2026-06-11,IN
u02-003911,user3911@uni.edu,2026-05-12,SG
u02-003912,user3912@corp.io,2026-04-11,GB
u02-003913,user3913@example.com,2026-06-11,DE
u02-003914,user3914@uni.edu,2026-08-25,US
u02-003915,user3915@mail.co.in,2026-05-24,AU
u02-003916,user3916@corp.io,2026-02-18,AU
u02-003917,user3917@mail.co.in,2026-05-26,IN
u02-003918,user3918@uni.edu,2026-03-22,US
u02-003919,user3919@uni.edu,2026-07-13,AU
u02-003920,user3920@example.com,2026-08-10,IN
u02-003921,user3921@example.com,2026-08-22,GB
u02-003922,user3922@mail.co.in,2026-03-26,US
u02-003923,user3923@uni.edu,2026-04-12,AU
u02-003924,user3924@mail.co.in,2026-06-15,AU
u02-003925,user3925@uni.edu,2026-05-13,GB
u02-003926,user3926@mail.co.in,2026-07-28,DE
u02-003927,user3927@mail.co.in,2026-08-22,US
u02-003928,user3928@example.com,2026-09-25,US
u02-003929,user3929@uni.edu,2026-01-21,IN
u02-003930,user3930@corp.io,2026-08-27,US
u02-003931,user3931@mail.co.in,2026-08-21,US
u02-003932,user3932@uni.edu,2026-07-28,US
u02-003933,user3933@mail.co.in,2026-05-16,DE
u02-003934,user3934@mail.co.in,2026-08-18,IN
u02-003935,user3935@corp.io,2026-02-21,AU
u02-003936,user3936@example.com,2026-09-15,SG
u02-003937,user3937@mail.co.in,2026-08-18,US
u02-003938,user3938@example.com,2026-02-23,SG
u02-003939,user3939@mail.co.in,2026-01-23,IN
u02-003940,user3940@example.com,2026-06-18,AU
u02-003941,user3941@uni.edu,2026-02-10,SG
u02-003942,user3942@example.com,2026-03-18,AU
u02-003943,user3943@mail.co.in,2026-04-12,IN
u02-003944,user3944@uni.edu,2026-05-21,DE
u02-003945,user3945@corp.io,2026-03-28,US
u02-003946,user3946@mail.co.in,2026-04-25,IN
u02-003947,user3947@corp.io,2026-03-10,AU
u02-003948,user3948@example.com,2026-05-17,AU
u02-003949,user3949@corp.io,2026-01-24,AU
u02-003950,user3950@example.com,2026-02-11,GB
u02-003951,user3951@mail.co.in,2026-08-24,IN
u02-003952,user3952@corp.io,2026-05-18,IN
u02-003953,user3953@example.com,2026-02-19,GB
u02-003954,user3954@example.com,2026-02-14,AU
u02-003955,user3955@uni.edu,2026-08-27,GB
u02-003956,user3956@uni.edu,2026-04-28,AU
u02-003957,user3957@uni.edu,2026-03-12,GB
u02-003958,user3958@corp.io,2026-06-16,US
u02-003959,user3959@uni.edu,2026-01-24,IN
u02-003960,user3960@mail.co.in,2026-08-13,SG
u02-003961,user3961@corp.io,2026-06-23,DE
u02-003962,user3962@mail.co.in,2026-01-21,GB
u02-003963,user3963@mail.co.in,2026-03-10,SG
u02-003964,user3964@mail.co.in,2026-05-12,IN
u02-003965,user3965@mail.co.in,2026-02-24,AU
u02-003966,user3966@uni.edu,2026-05-17,GB
u02-003967,user3967@uni.edu,2026-06-21,AU
u02-003968,user3968@uni.edu,2026-05-17,GB
u02-003969,user3969@example.com,2026-08-28,GB
u02-003970,user3970@example.com,2026-09-28,GB
u02-003971,user3971@corp.io,2026-07-22,DE
u02-003972,user3972@uni.edu,2026-08-23,SG
u02-003973,user3973@uni.edu,2026-09-21,US
u02-003974,user3974@corp.io,2026-05-10,IN
u02-003975,user3975@corp.io,2026-04-23,SG
u02-003976,user3976@uni.edu,2026-05-23,SG
u02-003977,user3977@mail.co.in,2026-01-22,AU
u02-003978,user3978@corp.io,2026-06-19,SG
u02-003979,user3979@mail.co.in,2026-01-15,SG
u02-003980,user3980@example.com,2026-09-16,DE
u02-003981,user3981@corp.io,2026-03-19,DE
u02-003982,user3982@example.com,2026-09-11,AU
u02-003983,user3983@corp.io,2026-09-17,US
u02-003984,user3984@example.com,2026-07-16,AU
u02-003985,user3985@example.com,2026-05-13,DE
u02-003986,user3986@example.com,2026-02-10,US
u02-003987,user3987@uni.edu,2026-09-16,DE
u02-003988,user3988@mail.co.in,2026-09-16,SG
u02-003989,user3989@uni.edu,2026-01-21,GB
u02-003990,user3990@uni.edu,2026-03-11,DE
u02-003991,user3991@corp.io,2026-07-21,AU
u02-003992,user3992@example.com,2026-01-11,GB
u02-003993,user3993@uni.edu,2026-02-21,DE
u02-003994,user3994@example.com,2026-09-11,DE
u02-003995,user3995@mail.co.in,2026-07-10,IN
u02-003996,user3996@corp.io,2026-03-18,SG
u02-003997,user3997@mail.co.in,2026-07-27,GB
u02-003998,user3998@corp.io,2026-01-14,IN
u02-003999,user3999@example.com,2026-01-25,GB
u02-004000,user4000@corp.io,2026-05-26,AU
u02-004001,user4001@example.com,2026-08-21,US
u02-004002,user4002@mail.co.in,2026-09-13,GB
u02-004003,user4003@mail.co.in,2026-03-17,SG
u02-004004,user4004@corp.io,2026-04-25,DE
u02-004005,user4005@mail.co.in,2026-03-15,GB
u02-004006,user4006@mail.co.in,2026-02-15,DE
u02-004007,user4007@uni.edu,2026-07-28,IN
u02-004008,user4008@uni.edu,2026-01-14,GB
u02-004009,user4009@uni.edu,2026-09-17,US
u02-004010,user4010@uni.edu,2026-01-13,US
u02-004011,user4011@mail.co.in,2026-03-27,US
u02-004012,user4012@example.com,2026-09-14,IN
u02-004013,user4013@uni.edu,2026-06-17,US
u02-004014,user4014@corp.io,2026-04-27,US
u02-004015,user4015@example.com,2026-05-15,DE
u02-004016,user4016@corp.io,2026-07-20,IN
u02-004017,user4017@uni.edu,2026-05-18,SG
u02-004018,user4018@corp.io,2026-03-15,IN
u02-004019,user4019@mail.co.in,2026-03-26,AU
u02-004020,user4020@uni.edu,2026-06-15,GB
u02-004021,user4021@mail.co.in,2026-05-18,GB
u02-004022,user4022@uni.edu,2026-02-15,GB
u02-004023,user4023@example.com,2026-03-19,DE
u02-004024,user4024@example.com,2026-03-25,GB
u02-004025,user4025@corp.io,2026-06-24,IN
u02-004026,user4026@corp.io,2026-04-16,GB
u02-004027,user4027@example.com,2026-03-10,IN
u02-004028,user4028@example.com,2026-04-27,AU
u02-004029,user4029@uni.edu,2026-09-10,GB
u02-004030,user4030@example.com,2026-05-19,IN
u02-004031,user4031@corp.io,2026-05-19,US
u02-004032,user4032@corp.io,2026-03-25,US
u02-004033,user4033@corp.io,2026-03-14,DE
u02-004034,user4034@corp.io,2026-01-19,DE
u02-004035,user4035@uni.edu,2026-09-14,AU
u02-004036,user4036@example.com,2026-04-27,DE
u02-004037,user4037@uni.edu,2026-08-24,DE
u02-004038,user4038@corp.io,2026-06-20,DE
u02-004039,user4039@corp.io,2026-09-17,GB
u02-004040,user4040@uni.edu,2026-05-13,DE
u02-004041,user4041@mail.co.in,2026-04-25,AU
u02-004042,user4042@uni.edu,2026-06-18,GB
u02-004043,user4043@corp.io,2026-08-28,IN
u02-004044,user4044@example.com,2026-09-25,GB
u02-004045,user4045@mail.co.in,2026-04-17,IN
u02-004046,user4046@example.com,2026-02-20,IN
u02-004047,user4047@uni.edu,2026-01-15,IN
u02-004048,user4048@uni.edu,2026-06-21,GB
u02-004049,user4049@example.com,2026-01-24,IN
u02-004050,user4050@uni.edu,2026-09-27,DE
u02-004051,user4051@mail.co.in,2026-02-10,GB
u02-004052,user4052@uni.edu,2026-02-16,DE
u02-004053,user4053@uni.edu,2026-01-18,IN
u02-004054,user4054@corp.io,2026-06-27,DE
u02-004055,user4055@example.com,2026-01-26,GB
u02-004056,user4056@uni.edu,2026-02-18,DE
u02-004057,user4057@uni.edu,2026-03-18,IN
u02-004058,user4058@uni.edu,2026-03-23,US
u02-004059,user4059@uni.edu,2026-07-22,SG
u02-004060,user4060@corp.io,2026-07-21,DE
u02-004061,user4061@uni.edu,2026-04-27,US
u02-004062,user4062@uni.edu,2026-05-15,US
u02-004063,user4063@mail.co.in,2026-01-14,DE
u02-004064,user4064@corp.io,2026-04-28,GB
u02-004065,user4065@uni.edu,2026-05-11,SG
u02-004066,user4066@corp.io,2026-04-23,DE
u02-004067,user4067@corp.io,2026-04-26,AU
u02-004068,user4068@corp.io,2026-09-16,IN
u02-004069,user4069@example.com,2026-01-18,GB
u02-004070,user4070@uni.edu,2026-03-10,DE
u02-004071,user4071@example.com,2026-06-16,GB
u02-004072,user4072@example.com,2026-08-10,US
u02-004073,user4073@mail.co.in,2026-07-21,SG
u02-004074,user4074@corp.io,2026-09-21,AU
u02-004075,user4075@mail.co.in,2026-07-10,AU
u02-004076,user4076@example.com,2026-01-27,AU
u02-004077,user4077@mail.co.in,2026-05-26,GB
u02-004078,user4078@corp.io,2026-04-18,GB
u02-004079,user4079@uni.edu,2026-01-21,IN
u02-004080,user4080@uni.edu,2026-03-18,US
u02-004081,user4081@example.com,2026-02-28,SG
u02-004082,user4082@corp.io,2026-01-25,SG
u02-004083,user4083@example.com,2026-01-15,DE
u02-004084,user4084@example.com,2026-05-18,AU
u02-004085,user4085@mail.co.in,2026-08-22,SG
u02-004086,user4086@example.com,2026-04-15,GB
u02-004087,user4087@mail.co.in,2026-07-18,GB
u02-004088,user4088@mail.co.in,2026-02-23,GB
u02-004089,user4089@mail.co.in,2026-07-28,DE
u02-004090,user4090@uni.edu,2026-08-23,GB
u02-004091,user4091@example.com,2026-03-16,US
u02-004092,user4092@uni.edu,2026-09-13,IN
u02-004093,user4093@mail.co.in,2026-02-15,GB
u02-004094,user4094@uni.edu,2026-08-12,US
u02-004095,user4095@mail.co.in,2026-09-13,US
u02-004096,user4096@corp.io,2026-01-19,DE
u02-004097,user4097@example.com,2026-01-14,US
u02-004098,user4098@uni.edu,2026-08-28,AU
u02-004099,user4099@mail.co.in,2026-09-11,DE
u02-004100,user4100@uni.edu,2026-06-20,AU
u02-004101,user4101@example.com,2026-04-26,GB
u02-004102,user4102@example.com,2026-01-14,SG
u02-004103,user4103@example.com,2026-05-28,US
u02-004104,user4104@mail.co.in,2026-02-22,US
u02-004105,user4105@uni.edu,2026-01-15,US
u02-004106,user4106@corp.io,2026-04-21,IN
u02-004107,user4107@uni.edu,2026-05-14,DE
u02-004108,user4108@uni.edu,2026-02-24,IN
u02-004109,user4109@uni.edu,2026-03-28,DE
u02-004110,user4110@example.com,2026-01-28,AU
u02-004111,user4111@example.com,2026-03-21,IN
u02-004112,user4112@corp.io,2026-06-11,GB
u02-004113,user4113@example.com,2026-01-20,SG
u02-004114,user4114@example.com,2026-04-22,AU
u02-004115,user4115@corp.io,2026-02-26,DE
u02-004116,user4116@corp.io,2026-08-24,DE
u02-004117,user4117@example.com,2026-03-11,IN
u02-004118,user4118@mail.co.in,2026-09-18,AU
u02-004119,user4119@uni.edu,2026-02-12,AU
u02-004120,user4120@mail.co.in,2026-09-14,GB
u02-004121,user4121@uni.edu,2026-05-17,DE
u02-004122,user4122@corp.io,2026-04-15,US
u02-004123,user4123@mail.co.in,2026-01-15,GB
u02-004124,user4124@mail.co.in,2026-08-10,DE
u02-004125,user4125@corp.io,2026-08-24,US
u02-004126,user4126@uni.edu,2026-05-13,US
u02-004127,user4127@uni.edu,2026-06-10,GB
u02-004128,user4128@mail.co.in,2026-01-19,US
u02-004129,user4129@mail.co.in,2026-06-26,GB
u02-004130,user4130@mail.co.in,2026-06-19,US
u02-004131,user4131@mail.co.in,2026-02-21,IN
u02-004132,user4132@uni.edu,2026-05-25,DE
u02-004133,user4133@corp.io,2026-09-16,SG
u02-004134,user4134@mail.co.in,2026-07-15,SG
u02-004135,user4135@mail.co.in,2026-06-24,IN
u02-004136,user4136@mail.co.in,2026-03-21,AU
u02-004137,user4137@uni.edu,2026-08-14,SG
u02-004138,user4138@example.com,2026-05-16,IN
u02-004139,user4139@example.com,2026-07-11,SG
u02-004140,user4140@corp.io,2026-04-10,SG
u02-004141,user4141@mail.co.in,2026-01-19,SG
u02-004142,user4142@example.com,2026-02-15,SG
u02-004143,user4143@mail.co.in,2026-06-16,GB
u02-004144,user4144@example.com,2026-08-11,GB
u02-004145,user4145@example.com,2026-07-10,AU
u02-004146,user4146@example.com,2026-06-17,GB
u02-004147,user4147@uni.edu,2026-06-21,SG
u02-004148,user4148@uni.edu,2026-04-23,IN
u02-004149,user4149@mail.co.in,2026-05-27,AU
u02-004150,user4150@corp.io,2026-01-25,IN
u02-004151,user4151@uni.edu,2026-08-21,IN
u02-004152,user4152@example.com,2026-02-24,GB
u02-004153,user4153@example.com,2026-03-25,GB
u02-004154,user4154@corp.io,2026-06-11,SG
u02-004155,user4155@uni.edu,2026-07-26,IN
u02-004156,user4156@example.com,2026-01-13,US
u02-004157,user4157@corp.io,2026-05-26,AU
u02-004158,user4158@mail.co.in,2026-03-19,DE
u02-004159,user4159@corp.io,2026-03-12,SG
u02-004160,user4160@mail.co.in,2026-02-12,AU
u02-004161,user4161@corp.io,2026-01-12,US
u02-004162,user4162@mail.co.in,2026-07-18,AU
u02-004163,user4163@uni.edu,2026-07-22,GB
u02-004164,user4164@example.com,2026-03-11,SG
u02-004165,user4165@example.com,2026-06-14,GB
u02-004166,user4166@uni.edu,2026-03-15,IN
u02-004167,user4167@uni.edu,2026-05-13,US
u02-004168,user4168@corp.io,2026-02-22,SG
u02-004169,user4169@example.com,2026-04-20,IN
u02-004170,user4170@example.com,2026-05-18,IN
u02-004171,user4171@example.com,2026-05-27,US
u02-004172,user4172@uni.edu,2026-04-10,AU
u02-004173,user4173@mail.co.in,2026-05-22,DE
u02-004174,user4174@corp.io,2026-06-11,GB
u02-004175,user4175@corp.io,2026-09-17,IN
u02-004176,user4176@mail.co.in,2026-04-25,AU
u02-004177,user4177@corp.io,2026-01-20,IN
u02-004178,user4178@example.com,2026-02-13,AU
u02-004179,user4179@example.com,2026-08-18,DE
u02-004180,user4180@example.com,2026-06-26,IN
u02-004181,user4181@uni.edu,2026-08-20,GB
u02-004182,user4182@example.com,2026-07-27,US
u02-004183,user4183@corp.io,2026-04-25,GB
u02-004184,user4184@uni.edu,2026-02-11,SG
u02-004185,user4185@mail.co.in,2026-02-17,IN
u02-004186,user4186@uni.edu,2026-01-20,DE
u02-004187,user4187@example.com,2026-05-13,IN
u02-004188,user4188@uni.edu,2026-03-26,US
u02-004189,user4189@mail.co.in,2026-05-15,US
u02-004190,user4190@example.com,2026-09-27,AU
u02-004191,user4191@corp.io,2026-04-18,DE
u02-004192,user4192@corp.io,2026-09-11,SG
u02-004193,user4193@corp.io,2026-09-20,SG
u02-004194,user4194@example.com,2026-09-14,AU
u02-004195,user4195@mail.co.in,2026-04-23,US
u02-004196,user4196@mail.co.in,2026-06-13,IN
u02-004197,user4197@example.com,2026-05-20,AU
u02-004198,user4198@corp.io,2026-06-12,DE
u02-004199,user4199@corp.io,2026-04-22,IN
u02-004200,user4200@corp.io,2026-02-16,DE
u02-004201,user4201@corp.io,2026-04-10,US
u02-004202,user4202@uni.edu,2026-04-28,GB
u02-004203,user4203@uni.edu,2026-04-28,DE
u02-004204,user4204@example.com,2026-07-11,AU
u02-004205,user4205@example.com,2026-07-21,GB
u02-004206,user4206@corp.io,2026-04-27,DE
u02-004207,user4207@uni.edu,2026-05-27,US
u02-004208,user4208@mail.co.in,2026-05-23,IN
u02-004209,user4209@example.com,2026-09-26,US
u02-004210,user4210@uni.edu,2026-07-12,AU
u02-004211,user4211@example.com,2026-01-10,IN
u02-004212,user4212@uni.edu,2026-03-19,US
u02-004213,user4213@mail.co.in,2026-01-20,SG
u02-004214,user4214@uni.edu,2026-05-13,IN
u02-004215,user4215@corp.io,2026-09-20,AU
u02-004216,user4216@example.com,2026-07-26,DE
u02-004217,user4217@corp.io,2026-07-24,AU
u02-004218,user4218@example.com,2026-07-20,DE
u02-004219,user4219@mail.co.in,2026-06-23,AU
u02-004220,user4220@mail.co.in,2026-05-18,AU
u02-004221,user4221@corp.io,2026-03-23,US
u02-004222,user4222@corp.io,2026-04-17,US
u02-004223,user4223@corp.io,2026-06-18,DE
u02-004224,user4224@uni.edu,2026-09-18,GB
u02-004225,user4225@example.com,2026-02-17,AU
u02-004226,user4226@example.com,2026-01-27,IN
u02-004227,user4227@mail.co.in,2026-01-11,DE
u02-004228,user4228@uni.edu,2026-03-28,IN
u02-004229,user4229@example.com,2026-04-11,DE
u02-004230,user4230@example.com,2026-01-12,SG
u02-004231,user4231@corp.io,2026-09-20,AU
u02-004232,user4232@uni.edu,2026-06-19,IN
u02-004233,user4233@mail.co.in,2026-06-10,SG
u02-004234,user4234@uni.edu,2026-03-18,AU
u02-004235,user4235@mail.co.in,2026-05-26,AU
u02-004236,user4236@example.com,2026-09-21,SG
u02-004237,user4237@mail.co.in,2026-08-11,GB
u02-004238,user4238@example.com,2026-04-15,GB
u02-004239,user4239@example.com,2026-05-14,GB
u02-004240,user4240@corp.io,2026-09-20,SG
u02-004241,user4241@uni.edu,2026-09-13,SG
u02-004242,user4242@corp.io,2026-04-27,IN
u02-004243,user4243@uni.edu,2026-05-19,US
u02-004244,user4244@mail.co.in,2026-09-14,DE
u02-004245,user4245@uni.edu,2026-01-22,US
u02-004246,user4246@corp.io,2026-04-18,SG
u02-004247,user4247@uni.edu,2026-09-28,IN
u02-004248,user4248@example.com,2026-01-21,US
u02-004249,user4249@mail.co.in,2026-02-10,GB
u02-004250,user4250@mail.co.in,2026-01-25,GB
u02-004251,user4251@uni.edu,2026-09-17,AU
u02-004252,user4252@corp.io,2026-02-26,US
u02-004253,user4253@corp.io,2026-03-17,AU
u02-004254,user4254@mail.co.in,2026-01-26,GB
u02-004255,user4255@mail.co.in,2026-05-15,SG
u02-004256,user4256@uni.edu,2026-04-20,SG
u02-004257,user4257@corp.io,2026-03-18,SG
u02-004258,user4258@corp.io,2026-06-12,US
u02-004259,user4259@corp.io,2026-03-18,AU
u02-004260,user4260@example.com,2026-01-13,DE
u02-004261,user4261@corp.io,2026-09-25,US
u02-004262,user4262@example.com,2026-02-12,US
u02-004263,user4263@uni.edu,2026-07-10,AU
u02-004264,user4264@example.com,2026-07-11,IN
u02-004265,user4265@mail.co.in,2026-03-20,AU
u02-004266,user4266@uni.edu,2026-04-12,US
u02-004267,user4267@corp..io,2026-06-13,IN
u02-004268,user4268@example.com,2026-02-14,IN
u02-004269,user4269@uni.edu,2026-01-10,SG
u02-004270,user4270@uni.edu,2026-05-16,IN
u02-004271,user4271@corp.io,2026-02-18,IN
u02-004272,user4272@uni.edu,2026-08-28,SG
u02-004273,user4273@example.com,2026-04-14,DE
u02-004274,user4274@example.com,2026-01-20,DE
u02-004275,user4275@corp.io,2026-07-21,AU
u02-004276,user4276@uni.edu,2026-03-27,US
u02-004277,user4277@example.com,2026-08-17,SG
u02-004278,user4278@corp.io,2026-08-15,SG
u02-004279,user4279@mail.co.in,2026-04-27,SG
u02-004280,user4280@uni.edu,2026-03-22,AU
u02-004281,user4281@corp.io,2026-04-17,US
u02-004282,user4282@example.com,2026-01-19,AU
u02-004283,user4283@mail.co.in,2026-05-17,SG
u02-004284,user4284@corp.io,2026-09-28,IN
u02-004285,user4285@example.com,2026-05-28,GB
u02-004286,user4286@example.com,2026-05-13,SG
u02-004287,user4287@uni.edu,2026-02-12,AU
u02-004288,user4288@uni.edu,2026-06-20,SG
u02-004289,user4289@corp.io,2026-08-21,GB
u02-004290,user4290@uni.edu,2026-07-18,IN
u02-004291,user4291@mail.co.in,2026-03-19,AU
u02-004292,user4292@uni.edu,2026-04-19,GB
u02-004293,user4293@corp.io,2026-09-26,GB
u02-004294,user4294@uni.edu,2026-09-28,GB
u02-004295,user4295@uni.edu,2026-01-16,IN
u02-004296,user4296@uni.edu,2026-04-21,IN
u02-004297,user4297@mail.co.in,2026-04-20,AU
u02-004298,user4298@mail.co.in,2026-07-25,GB
u02-004299,user4299@example.com,2026-07-16,IN
u02-004300,user4300@corp.io,2026-06-13,DE
u02-004301,user4301@mail.co.in,2026-02-11,SG
u02-004302,user4302@example.com,2026-05-14,IN
u02-004303,user4303@uni.edu,2026-02-21,US
u02-004304,user4304@uni.edu,2026-02-18,AU
u02-004305,user4305@mail.co.in,2026-07-28,AU
u02-004306,user4306@corp.io,2026-04-17,GB
u02-004307,user4307@uni.edu,2026-09-23,AU
u02-004308,user4308@example.com,2026-09-21,GB
u02-004309,user4309@example.com,2026-05-11,SG
u02-004310,user4310@mail.co.in,2026-07-25,GB
u02-004311,user4311@example.com,2026-05-10,SG
u02-004312,user4312@uni.edu,2026-03-25,GB
u02-004313,user4313@uni.edu,2026-04-19,DE
u02-004314,user4314@corp.io,2026-09-15,IN
u02-004315,user4315@corp.io,2026-01-17,AU
u02-004316,user4316@example.com,2026-08-15,US
u02-004317,user4317@mail.co.in,2026-06-28,DE
u02-004318,user4318@corp.io,2026-01-16,GB
u02-004319,user4319@corp.io,2026-03-25,IN
u02-004320,user4320@mail.co.in,2026-05-21,GB
u02-004321,user4321@corp.io,2026-08-20,IN
u02-004322,user4322@mail.co.in,2026-07-10,GB
u02-004323,user4323@example.com,2026-01-27,DE
u02-004324,user4324@example.com,2026-06-10,IN
u02-004325,user4325@uni.edu,2026-06-19,GB
u02-004326,user4326@mail.co.in,2026-02-15,SG
u02-004327,user4327@corp.io,2026-04-26,US
u02-004328,user4328@uni.edu,2026-03-24,US
u02-004329,user4329@mail.co.in,2026-01-13,US
u02-004330,user4330@example.com,2026-05-13,AU
u02-004331,user4331@uni.edu,2026-03-13,SG
u02-004332,user4332@uni.edu,2026-02-25,DE
u02-004333,user4333@mail.co.in,2026-01-16,DE
u02-004334,user4334@example.com,2026-03-21,GB
u02-004335,user4335@uni.edu,2026-05-17,SG
u02-004336,user4336@mail.co.in,2026-09-23,GB
u02-004337,user4337@uni.edu,2026-01-14,US
u02-004338,user4338@uni.edu,2026-01-28,AU
u02-004339,user4339@mail.co.in,2026-01-11,US
u02-004340,user4340@example.com,2026-09-12,GB
u02-004341,user4341@example.com,2026-08-23,AU
u02-004342,user4342@uni.edu,2026-09-10,US
u02-004343,user4343@example.com,2026-04-19,SG
u02-004344,user4344@uni.edu,2026-07-17,US
u02-004345,user4345@uni.edu,2026-03-19,AU
u02-004346,user4346@corp.io,2026-05-20,US
u02-004347,user4347@corp.io,2026-08-20,IN
u02-004348,user4348@corp.io,2026-07-11,IN
u02-004349,user4349@corp.io,2026-07-22,IN
u02-004350,user4350@mail.co.in,2026-07-18,DE
u02-004351,user4351@example.com,2026-07-24,SG
u02-004352,user4352@mail.co.in,2026-09-21,AU
u02-004353,user4353@mail.co.in,2026-02-16,AU
u02-004354,user4354@uni.edu,2026-01-20,AU
u02-004355,user4355@uni.edu,2026-06-20,IN
u02-004356,user4356@example.com,2026-04-11,US
u02-004357,user4357@example.com,2026-01-10,AU
u02-004358,user4358@mail.co.in,2026-09-15,AU
u02-004359,user4359@uni.edu,2026-01-28,AU
u02-004360,user4360@example.com,2026-03-25,GB
u02-004361,user4361@uni.edu,2026-04-23,US
u02-004362,user4362@example.com,2026-04-25,DE
u02-004363,user4363@example.com,2026-02-14,DE
u02-004364,user4364@mail.co.in,2026-01-24,US
u02-004365,user4365@mail.co.in,2026-08-11,GB
u02-004366,user4366@example.com,2026-05-21,US
u02-004367,user4367@mail.co.in,2026-07-22,SG
u02-004368,user4368@corp.io,2026-06-15,IN
u02-004369,user4369@corp.io,2026-03-28,AU
u02-004370,user4370@corp.io,2026-02-21,AU
u02-004371,user4371@mail.co.in,2026-02-18,IN
u02-004372,user4372@uni.edu,2026-04-28,IN
u02-004373,user4373@example.com,2026-05-27,IN
u02-004374,user4374@example.com,2026-05-18,IN
u02-004375,user4375@mail.co.in,2026-01-17,US
u02-004376,user4376@mail.co.in,2026-08-13,IN
u02-004377,user4377@mail.co.in,2026-02-27,DE
u02-004378,user4378@corp.io,2026-04-26,SG
u02-004379,user4379@mail.co.in,2026-02-24,GB
u02-004380,user4380@uni.edu,2026-04-20,GB
u02-004381,user4381@uni.edu,2026-04-26,GB
u02-004382,user4382@mail.co.in,2026-06-24,AU
u02-004383,user4383@example.com,2026-08-15,SG
u02-004384,user4384@example.com,2026-03-17,AU
u02-004385,user4385@uni.edu,2026-04-14,DE
u02-004386,user4386@mail.co.in,2026-08-28,IN
u02-004387,user4387@uni.edu,2026-03-21,GB
u02-004388,user4388@example.com,2026-01-19,GB
u02-004389,user4389@uni.edu,2026-08-19,IN
u02-004390,user4390@mail.co.in,2026-05-26,US
u02-004391,user4391@example.com,2026-03-27,US
u02-004392,user4392@mail.co.in,2026-09-10,DE
u02-004393,user4393@mail.co.in,2026-06-25,GB
u02-004394,user4394@example.com,2026-07-28,SG
u02-004395,user4395@example.com,2026-05-17,GB
u02-004396,user4396@example.com,2026-07-15,IN
u02-004397,user4397@corp.io,2026-05-15,DE
u02-004398,user4398@example.com,2026-03-20,GB
u02-004399,user4399@example.com,2026-06-17,US
u02-004400,user4400@mail.co.in,2026-03-12,SG
u02-004401,user4401@example.com,2026-05-13,IN
u02-004402,user4402@uni.edu,2026-06-26,IN
u02-004403,user4403@example.com,2026-05-11,GB
u02-004404,user4404@uni.edu,2026-03-11,DE
u02-004405,user4405@uni.edu,2026-06-17,GB
u02-004406,user4406@example.com,2026-02-11,DE
u02-004407,user4407@uni.edu,2026-09-25,GB
u02-004408,user4408@mail.co.in,2026-02-12,US
u02-004409,user4409@uni.edu,2026-07-10,SG
u02-004410,user4410@example.com,2026-09-11,IN
u02-004411,user4411@example.com,2026-08-12,SG
u02-004412,user4412@example.com,2026-01-20,US
u02-004413,user4413@example.com,2026-01-23,DE
u02-004414,user4414@mail.co.in,2026-04-14,AU
u02-004415,user4415@uni.edu,2026-01-12,AU
u02-004416,user4416@uni.edu,2026-05-20,AU
u02-004417,user4417@mail.co.in,2026-06-16,IN
u02-004418,user4418@mail.co.in,2026-06-22,DE
u02-004419,user4419@example.com,2026-06-20,GB
u02-004420,user4420@mail.co.in,2026-06-21,IN
u02-004421,user4421@example.com,2026-09-28,IN
u02-004422,user4422@corp.io,2026-06-16,AU
u02-004423,user4423@uni.edu,2026-08-17,US
u02-004424,user4424@corp.io,2026-01-20,US
u02-004425,user4425@uni.edu,2026-04-24,IN
u02-004426,user4426@example.com,2026-04-11,DE
u02-004427,user4427@uni.edu,2026-01-15,SG
u02-004428,user4428@corp.io,2026-04-24,GB
u02-004429,user4429@mail.co.in,2026-05-14,DE
u02-004430,user4430@uni.edu,2026-04-12,AU
u02-004431,user4431@mail.co.in,2026-09-15,AU
u02-004432,user4432@uni.edu,2026-07-25,SG
u02-004433,user4433@corp.io,2026-03-10,US
u02-004434,user4434@uni.edu,2026-09-28,DE
u02-004435,user4435@corp.io,2026-06-15,IN
u02-004436,user4436@mail.co.in,2026-02-12,SG
u02-004437,user4437@corp.io,2026-06-25,GB
u02-004438,user4438@corp.io,2026-05-21,AU
u02-004439,user4439@example.com,2026-04-22,AU
u02-004440,user4440@mail.co.in,2026-03-22,IN
u02-004441,user4441@example.com,2026-05-18,US
u02-004442,user4442@example.com,2026-02-22,IN
u02-004443,user4443@uni.edu,2026-05-16,US
u02-004444,user4444@corp.io,2026-04-22,US
u02-004445,user4445@example.com,2026-05-24,US
u02-004446,user4446@uni.edu,2026-08-17,IN
u02-004447,user4447@corp.io,2026-02-23,AU
u02-004448,user4448@mail.co.in,2026-09-17,DE
u02-004449,user4449@uni.edu,2026-04-23,DE
u02-004450,user4450@example.com,2026-03-19,DE
u02-004451,user4451@uni.edu,2026-08-23,US
u02-004452,user4452@mail.co.in,2026-05-28,DE
u02-004453,user4453@uni.edu,2026-02-20,GB
u02-004454,user4454@example.com,2026-02-26,AU
u02-004455,user4455@corp.io,2026-06-18,US
u02-004456,user4456@example.com,2026-06-10,GB
u02-004457,user4457@example.com,2026-01-23,US
u02-004458,user4458@example.com,2026-09-17,GB
u02-004459,user4459@mail.co.in,2026-04-21,GB
u02-004460,user4460@example.com,2026-07-22,AU
u02-004461,user4461@example.com,2026-01-25,AU
u02-004462,user4462@corp.io,2026-05-10,SG
u02-004463,user4463@corp.io,2026-07-25,US
u02-004464,user4464@example.com,2026-06-24,GB
u02-004465,user4465@uni.edu,2026-06-14,SG
u02-004466,user4466@uni.edu,2026-04-10,GB
u02-004467,user4467@corp.io,2026-01-26,US
u02-004468,user4468@uni.edu,2026-02-15,GB
u02-004469,user4469@uni.edu,2026-05-20,GB
u02-004470,user4470@uni.edu,2026-03-23,AU
u02-004471,user4471@uni.edu,2026-03-23,AU
u02-004472,user4472@mail.co.in,2026-02-18,SG
u02-004473,user4473@corp.io,2026-03-17,DE
u02-004474,user4474@uni.edu,2026-06-15,IN
u02-004475,user4475@mail.co.in,2026-03-12,DE
u02-004476,user4476@mail.co.in,2026-04-25,AU
u02-004477,user4477@mail.co.in,2026-02-12,GB
u02-004478,user4478@mail.co.in,2026-08-20,US
u02-004479,user4479@corp.io,2026-05-11,US
u02-004480,user4480@uni.edu,2026-04-19,IN
u02-004481,user4481@example.com,2026-05-22,US
u02-004482,user4482@example.com,2026-01-12,AU
u02-004483,user4483@corp.io,2026-05-20,GB
u02-004484,user4484@corp.io,2026-01-15,SG
u02-004485,user4485@mail.co.in,2026-04-20,AU
u02-004486,user4486@uni.edu,2026-01-13,US
u02-004487,user4487@corp.io,2026-07-14,SG
u02-004488,user4488@example.com,2026-05-16,IN
u02-004489,user4489@mail.co.in,2026-07-16,GB
u02-004490,user4490@uni.edu,2026-09-26,IN
u02-004491,user4491@example.com,2026-03-16,US
u02-004492,user4492@corp.io,2026-06-26,AU
u02-004493,user4493@corp.io,2026-03-12,AU
u02-004494,user4494@corp.io,2026-03-11,SG
u02-004495,user4495@example.com,2026-09-13,DE
u02-004496,user4496@mail.co.in,2026-09-17,AU
u02-004497,user4497@uni.edu,2026-04-11,SG
u02-004498,user4498@example.com,2026-03-13,GB
u02-004499,user4499@uni.edu,2026-04-21,IN
u02-004500,user4500@example.com,2026-04-27,IN
u02-004501,user4501@mail.co.in,2026-08-18,AU
u02-004502,user4502@mail.co.in,2026-02-27,SG
u02-004503,user4503@example.com,2026-01-26,SG
u02-004504,user4504@uni.edu,2026-04-13,AU
u02-004505,user4505@example.com,2026-02-26,GB
u02-004506,user4506@mail.co.in,2026-04-11,GB
u02-004507,user4507@uni.edu,2026-09-20,SG
u02-004508,user4508@example.com,2026-05-20,IN
u02-004509,user4509@example.com,2026-02-24,US
u02-004510,user4510@mail.co.in,2026-05-24,SG
u02-004511,user4511@uni.edu,2026-07-21,DE
u02-004512,user4512@mail.co.in,2026-08-26,US
u02-004513,user4513@uni.edu,2026-08-23,AU
u02-004514,user4514@mail.co.in,2026-07-13,AU
u02-004515,user4515@mail.co.in,2026-09-18,IN
u02-004516,user4516@example.com,2026-03-21,US
u02-004517,user4517@corp.io,2026-04-19,DE
u02-004518,user4518@example.com,2026-03-28,AU
u02-004519,user4519@corp.io,2026-07-17,DE
u02-004520,user4520@corp.io,2026-09-16,SG
u02-004521,user4521@mail.co.in,2026-03-17,SG
u02-004522,user4522@uni.edu,2026-02-13,IN
u02-004523,user4523@uni.edu,2026-04-17,AU
u02-004524,user4524@corp.io,2026-08-25,DE
u02-004525,user4525@corp.io,2026-06-25,IN
u02-004526,user4526@example.com,2026-09-11,DE
u02-004527,user4527@example.com,2026-07-12,GB
u02-004528,user4528@example.com,2026-08-10,SG
u02-004529,user4529@corp.io,2026-01-21,IN
u02-004530,user4530@example.com,2026-09-20,IN
u02-004531,user4531@corp.io,2026-01-28,IN
u02-004532,user4532@uni.edu,2026-07-19,AU
u02-004533,user4533@uni.edu,2026-08-23,IN
u02-004534,user4534@uni.edu,2026-05-11,AU
u02-004535,user4535@mail.co.in,2026-08-21,AU
u02-004536,user4536@uni.edu,2026-07-28,AU
u02-004537,user4537@mail.co.in,2026-01-14,US
u02-004538,user4538@corp.io,2026-03-28,US
u02-004539,user4539@uni.edu,2026-04-12,AU
u02-004540,user4540@mail.co.in,2026-03-15,AU
u02-004541,user4541@example.com,2026-02-12,GB
u02-004542,user4542@mail.co.in,2026-05-27,AU
u02-004543,user4543@uni.edu,2026-04-15,US
u02-004544,user4544@corp.io,2026-02-28,US
u02-004545,user4545@corp.io,2026-02-26,SG
u02-004546,user4546@corp.io,2026-09-15,SG
u02-004547,user4547@corp.io,2026-04-14,SG
u02-004548,user4548@uni.edu,2026-01-17,SG
u02-004549,user4549@example.com,2026-03-26,SG
u02-004550,user4550@mail.co.in,2026-08-16,GB
u02-004551,user4551@mail.co.in,2026-02-14,IN
u02-004552,user4552@corp.io,2026-08-27,IN
u02-004553,user4553@corp.io,2026-06-28,IN
u02-004554,user4554@uni.edu,2026-02-20,US
u02-004555,user4555@corp.io,2026-03-21,SG
u02-004556,user4556@mail.co.in,2026-03-14,US
u02-004557,user4557@uni.edu,2026-04-16,GB
u02-004558,user4558@example.com,2026-06-23,SG
u02-004559,user4559@corp.io,2026-08-25,GB
u02-004560,user4560@corp.io,2026-05-11,US
u02-004561,user4561@uni.edu,2026-03-16,DE
u02-004562,user4562@corp.io,2026-01-22,US
u02-004563,user4563@uni.edu,2026-05-25,DE
u02-004564,user4564@example.com,2026-09-23,US
u02-004565,user4565@uni.edu,2026-05-26,US
u02-004566,user4566@uni.edu,2026-04-18,IN
u02-004567,user4567@corp.io,2026-05-19,IN
u02-004568,user4568@mail.co.in,2026-04-23,AU
u02-004569,user4569@uni.edu,2026-05-16,GB
u02-004570,user4570@corp.io,2026-02-12,DE
u02-004571,user4571@example.com,2026-07-22,DE
u02-004572,user4572@corp.io,2026-05-10,GB
u02-004573,user4573@example.com,2026-07-23,AU
u02-004574,user4574@example.com,2026-05-19,US
u02-004575,user4575@mail.co.in,2026-06-24,IN
u02-004576,user4576@mail.co.in,2026-04-19,GB
u02-004577,user4577@example.com,2026-02-27,GB
u02-004578,user4578@uni.edu,2026-06-19,GB
u02-004579,user4579@uni.edu,2026-05-12,GB
u02-004580,user4580@corp.io,2026-08-17,SG
u02-004581,user4581@mail.co.in,2026-08-26,US
u02-004582,user4582@example.com,2026-02-16,DE
u02-004583,user4583@uni.edu,2026-02-12,GB
u02-004584,user4584@example.com,2026-03-23,AU
u02-004585,user4585@corp.io,2026-06-21,SG
u02-004586,user4586@example.com,2026-08-27,SG
u02-004587,user4587@example.com,2026-09-24,SG
u02-004588,user4588@example.com,2026-04-24,DE
u02-004589,user4589@mail.co.in,2026-09-10,GB
u02-004590,user4590@mail.co.in,2026-04-14,SG
u02-004591,user4591@example.com,2026-05-23,DE
u02-004592,user4592@example.com,2026-01-24,IN
u02-004593,user4593@mail.co.in,2026-01-23,SG
u02-004594,user4594@example.com,2026-04-28,IN
u02-004595,user4595@corp.io,2026-01-17,AU
u02-004596,user4596@mail.co.in,2026-09-12,DE
u02-004597,user4597@example.com,2026-02-20,US
u02-004598,user4598@example.com,2026-05-14,AU
u02-004599,user4599@mail.co.in,2026-02-11,GB
u02-004600,user4600@mail.co.in,2026-06-28,AU
u02-004601,user4601@example.com,2026-07-20,GB
u02-004602,user4602@corp.io,2026-07-20,GB
u02-004603,user4603@mail.co.in,2026-09-17,DE
u02-004604,user4604@mail.co.in,2026-08-18,GB
u02-004605,user4605@example.com,2026-01-21,IN
u02-004606,user4606@uni.edu,2026-03-21,SG
u02-004607,user4607@example.com,2026-08-11,GB
u02-004608,user4608@uni.edu,2026-02-23,AU
u02-004609,user4609@mail.co.in,2026-05-24,US
u02-004610,user4610@mail.co.in,2026-04-13,DE
u02-004611,user4611@corp.io,2026-05-16,IN
u02-004612,user4612@uni.edu,2026-07-18,SG
u02-004613,user4613@example.com,2026-02-26,AU
u02-004614,user4614@example.com,2026-05-19,SG
u02-004615,user4615@mail.co.in,2026-09-26,DE
u02-004616,user4616@corp.io,2026-07-23,US
u02-004617,user4617@corp.io,2026-07-24,GB
u02-004618,user4618@corp.io,2026-04-27,AU
u02-004619,user4619@corp.io,2026-02-28,AU
u02-004620,user4620@example.com,2026-05-20,AU
u02-004621,user4621@uni.edu,2026-01-20,AU
u02-004622,user4622@example.com,2026-02-11,US
u02-004623,user4623@corp.io,2026-01-22,US
u02-004624,user4624@mail.co.in,2026-02-26,AU
u02-004625,user4625@uni.edu,2026-04-13,DE
u02-004626,user4626@example.com,2026-02-14,US
u02-004627,user4627@example.com,2026-09-13,US
u02-004628,user4628@corp.io,2026-06-18,AU
u02-004629,user4629@example.com,2026-02-17,IN
u02-004630,user4630@mail.co.in,2026-09-23,SG
u02-004631,user4631@corp.io,2026-05-15,IN
u02-004632,user4632@uni.edu,2026-06-19,IN
u02-004633,user4633@uni.edu,2026-02-22,AU
u02-004634,user4634@example.com,2026-09-24,AU
u02-004635,user4635@example.com,2026-03-27,DE
u02-004636,user4636@corp.io,2026-04-27,US
u02-004637,user4637@mail.co.in,2026-01-24,DE
u02-004638,user4638@mail.co.in,2026-02-19,DE
u02-004639,user4639@mail.co.in,2026-06-19,IN
u02-004640,user4640@uni.edu,2026-02-21,AU
u02-004641,user4641@example.com,2026-01-22,US
u02-004642,user4642@corp.io,2026-02-26,GB
u02-004643,user4643@mail.co.in,2026-06-11,DE
u02-004644,user4644@corp.io,2026-02-17,IN
u02-004645,user4645@example.com,2026-06-25,IN
u02-004646,user4646@example.com,2026-03-20,AU
u02-004647,user4647@uni.edu,2026-05-13,SG
u02-004648,user4648@example.com,2026-09-16,AU
u02-004649,user4649@example.com,2026-07-10,GB
u02-004650,user4650@example.com,2026-06-16,AU
u02-004651,user4651@uni.edu,2026-04-24,SG
u02-004652,user4652@mail.co.in,2026-09-26,AU
u02-004653,user4653@uni.edu,2026-05-12,GB
u02-004654,user4654@example.com,2026-05-19,SG
u02-004655,user4655@uni.edu,2026-01-16,AU
u02-004656,user4656@mail.co.in,2026-01-22,US
u02-004657,user4657@corp.io,2026-01-21,AU
u02-004658,user4658@mail.co.in,2026-06-24,US
u02-004659,user4659@uni.edu,2026-03-14,DE
u02-004660,user4660@example.com,2026-02-25,SG
u02-004661,user4661@mail.co.in,2026-06-10,AU
u02-004662,user4662@uni.edu,2026-06-25,GB
u02-004663,user4663@example.com,2026-01-20,AU
u02-004664,user4664@corp.io,2026-01-25,IN
u02-004665,user4665@mail.co.in,2026-03-18,IN
u02-004666,user4666@mail.co.in,2026-03-25,AU
u02-004667,user4667@example.com,2026-03-25,US
u02-004668,user4668@corp.io,2026-09-25,US
u02-004669,user4669@corp.io,2026-07-12,DE
u02-004670,user4670@corp.io,2026-02-25,SG
u02-004671,user4671@corp.io,2026-07-19,AU
u02-004672,user4672@mail.co.in,2026-02-28,SG
u02-004673,user4673@corp.io,2026-08-19,US
u02-004674,user4674@example.com,2026-06-22,SG
u02-004675,user4675@uni.edu,2026-08-25,IN
u02-004676,user4676@mail.co.in,2026-03-27,AU
u02-004677,user4677@example.com,2026-01-23,IN
u02-004678,user4678@example.com,2026-08-28,GB
u02-004679,user4679@example.com,2026-06-27,GB
u02-004680,user4680@corp.io,2026-07-18,SG
u02-004681,user4681@uni.edu,2026-09-13,US
u02-004682,user4682@uni.edu,2026-02-15,GB
u02-004683,user4683@example.com,2026-06-14,GB
u02-004684,user4684@corp.io,2026-03-14,AU
u02-004685,user4685@example.com,2026-03-21,DE
u02-004686,user4686@example.com,2026-01-17,GB
u02-004687,user4687@mail.co.in,2026-09-12,DE
u02-004688,user4688@mail.co.in,2026-05-12,IN
u02-004689,user4689@mail.co.in,2026-05-12,GB
u02-004690,user4690@mail.co.in,2026-08-22,AU
u02-004691,user4691@uni.edu,2026-05-12,SG
u02-004692,user4692@corp.io,2026-07-28,US
u02-004693,user4693@uni.edu,2026-05-14,AU
u02-004694,user4694@uni.edu,2026-02-14,SG
u02-004695,user4695@mail.co.in,2026-06-12,IN
u02-004696,user4696@mail.co.in,2026-08-16,GB
u02-004697,user4697@uni.edu,2026-03-20,SG
u02-004698,user4698@uni.edu,2026-05-16,DE
u02-004699,user4699@mail.co.in,2026-04-13,US
u02-004700,user4700@example.com,2026-09-19,DE
u02-004701,user4701@example.com,2026-05-24,DE
u02-004702,user4702@corp.io,2026-06-26,SG
u02-004703,user4703@mail.co.in,2026-02-16,AU
u02-004704,user4704@uni.edu,2026-01-17,AU
u02-004705,user4705@example.com,2026-02-13,IN
u02-004706,user4706@corp.io,2026-05-23,DE
u02-004707,user4707@uni.edu,2026-01-22,DE
u02-004708,user4708@example.com,2026-03-25,AU
u02-004709,user4709@example.com,2026-07-15,DE
u02-004710,user4710@corp.io,2026-05-18,AU
u02-004711,user4711@example.com,2026-07-17,DE
u02-004712,user4712@corp.io,2026-02-15,IN
u02-004713,user4713@corp.io,2026-03-21,GB
u02-004714,user4714@uni.edu,2026-08-13,AU
u02-004715,user4715@corp.io,2026-02-23,SG
u02-004716,user4716@corp.io,2026-07-13,SG
u02-004717,user4717@example.com,2026-08-27,SG
u02-004718,user4718@uni.edu,2026-07-28,IN
u02-004719,user4719@example.com,2026-03-28,GB
u02-004720,user4720@mail.co.in,2026-04-27,SG
u02-004721,user4721@mail.co.in,2026-06-19,AU
u02-004722,user4722@corp.io,2026-06-11,IN
u02-004723,user4723@example.com,2026-09-14,DE
u02-004724,user4724@corp.io,2026-01-10,DE
u02-004725,user4725@corp.io,2026-03-14,DE
u02-004726,user4726@example.com,2026-09-10,GB
u02-004727,user4727@example.com,2026-09-27,US
u02-004728,user4728@corp.io,2026-06-11,DE
u02-004729,user4729@corp.io,2026-08-19,US
u02-004730,user4730@uni.edu,2026-09-16,US
u02-004731,user4731@corp.io,2026-09-11,IN
u02-004732,user4732@uni.edu,2026-08-28,US
u02-004733,user4733@example.com,2026-02-21,DE
u02-004734,user4734@corp.io,2026-07-11,SG
u02-004735,user4735@mail.co.in,2026-03-14,GB
u02-004736,user4736@corp.io,2026-04-26,IN
u02-004737,user4737@uni.edu,2026-03-12,AU
u02-004738,user4738@example.com,2026-09-13,US
u02-004739,user4739@mail.co.in,2026-04-23,AU
u02-004740,user4740@uni.edu,2026-08-24,SG
u02-004741,user4741@mail.co.in,2026-05-12,US
u02-004742,user4742@mail.co.in,2026-07-25,GB
u02-004743,user4743@mail.co.in,2026-09-28,US
u02-004744,user4744@mail.co.in,2026-04-26,IN
u02-004745,user4745@mail.co.in,2026-06-10,DE
u02-004746,user4746@mail.co.in,2026-06-26,DE
u02-004747,user4747@mail.co.in,2026-02-17,GB
u02-004748,user4748@mail.co.in,2026-05-15,IN
u02-004749,user4749@uni.edu,2026-05-12,DE
u02-004750,user4750@mail.co.in,2026-03-10,US
u02-004751,user4751@uni.edu,2026-01-11,AU
u02-004752,user4752@uni.edu,2026-06-15,SG
u02-004753,user4753@uni.edu,2026-01-15,DE
u02-004754,user4754@example.com,2026-05-23,AU
u02-004755,user4755@corp.io,2026-08-17,SG
u02-004756,user4756@mail.co.in,2026-02-15,GB
u02-004757,user4757@uni.edu,2026-08-18,AU
u02-004758,user4758@mail.co.in,2026-03-24,SG
u02-004759,user4759@mail.co.in,2026-03-28,GB
u02-004760,user4760@mail.co.in,2026-05-28,AU
u02-004761,user4761@example.com,2026-08-10,DE
u02-004762,user4762@mail.co.in,2026-09-28,DE
u02-004763,user4763@corp.io,2026-07-19,DE
u02-004764,user4764@uni.edu,2026-01-17,AU
u02-004765,user4765@corp.io,2026-02-26,SG
u02-004766,user4766@mail.co.in,2026-03-21,AU
u02-004767,user4767@example.com,2026-08-19,GB
u02-004768,user4768@corp.io,2026-09-18,US
u02-004769,user4769@example.com,2026-05-16,US
u02-004770,user4770@corp.io,2026-03-13,DE
u02-004771,user4771@uni.edu,2026-03-25,IN
u02-004772,user4772@uni.edu,2026-06-17,AU
u02-004773,user4773@corp.io,2026-05-28,AU
u02-004774,user4774@example.com,2026-05-20,US
u02-004775,user4775@uni.edu,2026-02-25,IN
u02-004776,user4776@uni.edu,2026-03-25,US
u02-004777,user4777@uni.edu,2026-08-16,DE
u02-004778,user4778@corp.io,2026-08-11,DE
u02-004779,user4779@mail.co.in,2026-03-23,IN
u02-004780,user4780@mail.co.in,2026-03-15,US
u02-004781,user4781@mail.co.in,2026-01-26,GB
u02-004782,user4782@corp.io,2026-05-28,GB
u02-004783,user4783@uni.edu,2026-07-11,GB
u02-004784,user4784@mail.co.in,2026-02-19,US
u02-004785,user4785@corp.io,2026-01-24,IN
u02-004786,user4786@mail.co.in,2026-03-26,SG
u02-004787,user4787@uni.edu,2026-04-24,AU
u02-004788,user4788@uni.edu,2026-08-21,SG
u02-004789,user4789@mail.co.in,2026-05-10,AU
u02-004790,user4790@corp.io,2026-09-18,AU
u02-004791,user4791@uni.edu,2026-03-11,AU
u02-004792,user4792@example.com,2026-08-23,AU
u02-004793,user4793@uni.edu,2026-03-16,US
u02-004794,user4794@corp.io,2026-01-15,SG
u02-004795,user4795@example.com,2026-08-19,AU
u02-004796,user4796@corp.io,2026-06-21,DE
u02-004797,user4797@mail.co.in,2026-08-16,US
u02-004798,user4798@example.com,2026-08-15,GB
u02-004799,user4799@uni.edu,2026-04-20,US
u02-004800,user4800@mail.co.in,2026-05-17,DE
u02-004801,user4801@uni.edu,2026-09-20,DE
u02-004802,user4802@corp.io,2026-02-19,DE
u02-004803,user4803@uni.edu,2026-01-21,IN
u02-004804,user4804@corp.io,2026-04-11,IN
u02-004805,user4805@example.com,2026-07-12,AU
u02-004806,user4806@example.com,2026-04-17,US
u02-004807,user4807@uni.edu,2026-08-21,IN
u02-004808,user4808@example.com,2026-08-16,DE
u02-004809,user4809@uni.edu,2026-02-10,SG
u02-004810,user4810@uni.edu,2026-09-24,US
u02-004811,user4811@corp.io,2026-03-14,AU
u02-004812,user4812@corp.io,2026-03-13,US
u02-004813,user4813@corp.io,2026-09-13,US
u02-004814,user4814@corp.io,2026-04-24,SG
u02-004815,user4815@corp.io,2026-06-16,DE
u02-004816,user4816@uni.edu,2026-06-16,SG
u02-004817,user4817@uni.edu,2026-06-21,DE
u02-004818,user4818@example.com,2026-04-26,GB
u02-004819,user4819@example.com,2026-09-26,DE
u02-004820,user4820@uni.edu,2026-06-21,IN
u02-004821,user4821@example.com,2026-01-11,US
u02-004822,user4822@mail.co.in,2026-03-11,DE
u02-004823,user4823@corp.io,2026-09-24,IN
u02-004824,user4824@uni.edu,2026-02-20,DE
u02-004825,user4825@mail.co.in,2026-03-15,GB
u02-004826,user4826@uni.edu,2026-09-22,US
u02-004827,user4827@corp.io,2026-08-26,GB
u02-004828,user4828@mail.co.in,2026-04-12,US
u02-004829,user4829@mail.co.in,2026-06-20,SG
u02-004830,user4830@corp.io,2026-03-23,IN
u02-004831,user4831@corp.io,2026-01-17,IN
u02-004832,user4832@uni.edu,2026-01-25,GB
u02-004833,user4833@mail.co.in,2026-04-21,DE
u02-004834,user4834@corp.io,2026-07-26,SG
u02-004835,user4835@example.com,2026-04-10,IN
u02-004836,user4836@example.com,2026-04-12,IN
u02-004837,user4837@uni.edu,2026-04-10,DE
u02-004838,user4838@mail.co.in,2026-05-15,SG
u02-004839,user4839@corp.io,2026-07-12,GB
u02-004840,user4840@mail.co.in,2026-08-27,DE
u02-004841,user4841@mail.co.in,2026-04-18,DE
u02-004842,user4842@mail.co.in,2026-03-13,IN
u02-004843,user4843@uni.edu,2026-06-21,DE
u02-004844,user4844@mail.co.in,2026-03-24,SG
u02-004845,user4845@uni.edu,2026-01-23,AU
u02-004846,user4846@uni.edu,2026-02-15,US
u02-004847,user4847@mail.co.in,2026-09-15,GB
u02-004848,user4848@uni.edu,2026-01-22,GB
u02-004849,user4849@uni.edu,2026-09-26,SG
u02-004850,user4850@corp.io,2026-01-25,DE
u02-004851,user4851@uni.edu,2026-07-27,IN
u02-004852,user4852@mail.co.in,2026-08-15,AU
u02-004853,user4853@mail.co.in,2026-07-23,SG
u02-004854,user4854@example.com,2026-08-22,DE
u02-004855,user4855@example.com,2026-05-20,SG
u02-004856,user4856@example.com,2026-05-22,GB
u02-004857,user4857@corp.io,2026-08-26,US
u02-004858,user4858@mail.co.in,2026-01-16,DE
u02-004859,user4859@mail.co.in,2026-09-27,DE
u02-004860,user4860@mail.co.in,2026-03-26,IN
u02-004861,user4861@example.com,2026-09-13,SG
u02-004862,user4862@mail.co.in,2026-02-26,IN
u02-004863,user4863@example.com,2026-04-12,IN
u02-004864,user4864@uni.edu,2026-07-13,DE
u02-004865,user4865@uni.edu,2026-05-22,AU
u02-004866,user4866@corp.io,2026-06-21,US
u02-004867,user4867@mail.co.in,2026-09-20,SG
u02-004868,user4868@mail.co.in,2026-06-16,IN
u02-004869,user4869@corp.io,2026-09-16,US
u02-004870,user4870@corp.io,2026-09-19,IN
u02-004871,user4871@corp.io,2026-02-11,US
u02-004872,user4872@corp.io,2026-09-20,SG
u02-004873,user4873@mail.co.in,2026-02-18,IN
u02-004874,user4874@uni.edu,2026-01-10,SG
u02-004875,user4875@corp.io,2026-05-12,US
u02-004876,user4876@example.com,2026-07-14,IN
u02-004877,user4877@mail.co.in,2026-02-16,AU
u02-004878,user4878@mail.co.in,2026-04-16,DE
u02-004879,user4879@example.com,2026-09-26,
u02-004880,user4880@uni.edu,2026-01-17,SG
u02-004881,user4881@mail.co.in,2026-07-25,SG
u02-004882,user4882@mail.co.in,2026-02-17,SG
u02-004883,user4883@uni.edu,2026-08-18,GB
u02-004884,user4884@corp.io,2026-01-10,US
u02-004885,user4885@mail.co.in,2026-02-13,DE
u02-004886,user4886@corp.io,2026-07-27,GB
u02-004887,user4887@corp.io,2026-07-20,IN
u02-004888,user4888@uni.edu,2026-06-26,GB
u02-004889,user4889@uni.edu,2026-07-16,SG
u02-004890,user4890@corp.io,2026-06-14,IN
u02-004891,user4891@mail.co.in,2026-09-20,SG
u02-004892,user4892@mail.co.in,2026-01-27,IN
u02-004893,user4893@example.com,2026-07-28,IN
u02-004894,user4894@mail.co.in,2026-07-12,DE
u02-004895,user4895@example.com,2026-01-12,SG
u02-004896,user4896@mail.co.in,2026-08-19,GB
u02-004897,user4897@corp.io,2026-02-11,DE
u02-004898,user4898@example.com,2026-05-17,IN
u02-004899,user4899@uni.edu,2026-07-23,IN
u02-004900,user4900@corp.io,2026-09-28,AU
u02-004901,user4901@example.com,2026-07-19,AU
u02-004902,user4902@corp.io,2026-05-19,US
u02-004903,user4903@corp.io,2026-09-24,AU
u02-004904,user4904@corp.io,2026-06-10,DE
u02-004905,user4905@example.com,2026-07-24,AU
u02-004906,user4906@corp.io,2026-06-23,DE
u02-004907,user4907@example.com,2026-09-18,DE
u02-004908,user4908@uni.edu,2026-02-24,GB
u02-004909,user4909@uni.edu,2026-03-13,DE
u02-004910,user4910@example.com,2026-02-18,IN
u02-004911,user4911@example.com,2026-05-28,AU
u02-004912,user4912@uni.edu,2026-01-22,US
u02-004913,user4913@mail.co.in,2026-09-18,IN
u02-004914,user4914@example.com,2026-07-14,GB
u02-004915,user4915@corp.io,2026-09-19,GB
u02-004916,user4916@corp.io,2026-06-22,SG
u02-004917,user4917@uni.edu,2026-09-19,DE
u02-004918,user4918@example.com,2026-03-23,US
u02-004919,user4919@corp.io,2026-06-20,GB
u02-004920,user4920@example.com,2026-06-15,IN
u02-004921,user4921@corp.io,2026-09-25,US
u02-004922,user4922@corp.io,2026-08-11,US
u02-004923,user4923@corp.io,2026-02-28,AU
u02-004924,user4924@uni.edu,2026-08-14,DE
u02-004925,user4925@example.com,2026-07-19,AU
u02-004926,user4926@example.com,2026-08-10,US
u02-004927,user4927@example.com,2026-05-16,US
u02-004928,user4928@corp.io,2026-04-10,GB
u02-004929,user4929@corp.io,2026-05-22,DE
u02-004930,user4930@corp.io,2026-02-10,SG
u02-004931,user4931@mail.co.in,2026-07-15,IN
u02-004932,user4932@corp.io,2026-03-27,GB
u02-004933,user4933@corp.io,2026-09-20,US
u02-004934,user4934@example.com,2026-07-23,US
u02-004935,user4935@corp.io,2026-02-27,AU
u02-004936,user4936@uni.edu,2026-05-14,SG
u02-004937,user4937@example.com,2026-03-14,AU
u02-004938,user4938@example.com,2026-06-19,AU
u02-004939,user4939@mail.co.in,2026-05-15,IN
u02-004940,user4940@mail.co.in,2026-07-28,IN
u02-004941,user4941@corp.io,2026-06-22,SG
u02-004942,user4942@example.com,2026-09-13,US
u02-004943,user4943@mail.co.in,2026-01-15,DE
u02-004944,user4944@corp.io,2026-07-17,DE
u02-004945,user4945@mail.co.in,2026-02-25,GB
u02-004946,user4946@uni.edu,2026-02-12,SG
u02-004947,user4947@mail.co.in,2026-06-21,IN
u02-004948,user4948@mail.co.in,2026-07-14,IN
u02-004949,user4949@example.com,2026-09-16,DE
u02-004950,user4950@mail.co.in,2026-09-10,US
u02-004951,user4951@example.com,2026-05-27,US
u02-004952,user4952@example.com,2026-01-10,US
u02-004953,user4953@corp.io,2026-04-19,US
u02-004954,user4954@corp.io,2026-05-14,IN
u02-004955,user4955@example.com,2026-06-17,DE
u02-004956,user4956@corp.io,2026-09-11,IN
u02-004957,user4957@corp.io,2026-01-14,AU
u02-004958,user4958@corp.io,2026-02-15,DE
u02-004959,user4959@mail.co.in,2026-03-12,GB
u02-004960,user4960@corp.io,2026-07-23,SG
u02-004961,user4961@mail.co.in,2026-07-27,DE
u02-004962,user4962@uni.edu,2026-09-23,IN
u02-004963,user4963@uni.edu,2026-04-18,US
u02-004964,user4964@mail.co.in,2026-08-13,SG
u02-004965,user4965@corp.io,2026-02-17,IN
u02-004966,user4966@uni.edu,2026-05-11,DE
u02-004967,user4967@uni.edu,2026-06-19,SG
u02-004968,user4968@corp.io,2026-06-13,IN
u02-004969,user4969@example.com,2026-02-12,IN
u02-004970,user4970@corp.io,2026-03-26,US
u02-004971,user4971@example.com,2026-05-24,SG
u02-004972,user4972@uni.edu,2026-01-24,US
u02-004973,user4973@corp.io,2026-03-12,DE
u02-004974,user4974@mail.co.in,2026-04-15,GB
u02-004975,user4975@uni.edu,2026-03-24,AU
u02-004976,user4976@corp.io,2026-02-23,IN
u02-004977,user4977@uni.edu,2026-04-15,GB
u02-004978,user4978@uni.edu,2026-02-18,IN
u02-004979,user4979@mail.co.in,2026-04-18,AU
u02-004980,user4980@example.com,2026-05-17,US
u02-004981,user4981@uni.edu,2026-06-12,GB
u02-004982,user4982@example.com,2026-03-13,AU
u02-004983,user4983@example.com,2026-02-22,IN
u02-004984,user4984@example.com,2026-08-22,GB
u02-004985,user4985@corp.io,2026-01-26,AU
u02-004986,user4986@mail.co.in,2026-02-25,DE
u02-004987,user4987@corp.io,2026-08-19,SG
u02-004988,user4988@example.com,2026-06-16,US
u02-004989,user4989@mail.co.in,2026-09-13,US
u02-004990,user4990@mail.co.in,2026-07-26,US
u02-004991,user4991@uni.edu,2026-09-25,DE
u02-004992,user4992@mail.co.in,2026-07-20,AU
u02-004993,user4993@mail.co.in,2026-01-17,US
u02-004994,user4994@uni.edu,2026-09-19,IN
u02-004995,user4995@corp.io,2026-03-20,DE
u02-004996,user4996@mail.co.in,2026-09-28,SG
u02-004997,user4997@corp.io,2026-04-23,US
u02-004998,user4998@example.com,2026-07-17,US
u02-004999,user4999@example.com,2026-01-10,IN
