user_id,email,signup_date,country
u03-000000,user0@corp.io,2026-09-12,GB
u03-000001,user1@uni.edu,2026-09-11,AU
u03-000002,user2@mail.co.in,2026-09-27,IN
u03-000003,user3@uni.edu,2026-04-27,SG
u03-000004,user4@example.com,2026-03-22,GB
u03-000005,user5@example.com,2026-09-17,AU
u03-000006,user6@corp.io,2026-01-18,DE
u03-000007,user7@mail.co.in,2026-05-22,DE
u03-000008,user8@mail.co.in,2026-04-18,DE
u03-000009,user9@mail.co.in,2026-03-14,SG
u03-000010,user10@uni.edu,2026-03-10,DE
u03-000011,user11@mail.co.in,2026-06-24,AU
u03-000012,user12@uni.edu,2026-03-27,SG
u03-000013,user13@corp.io,2026-07-13,US
u03-000014,user14@example.com,2026-07-15,SG
u03-000015,user15@uni.edu,2026-09-17,IN
u03-000016,user16@corp.io,2026-07-23,AU
u03-000017,user17@uni.edu,2026-07-28,US
u03-000018,user18@example.com,2026-09-24,IN
u03-000019,user19@example.com,2026-06-15,US
u03-000020,user20@corp.io,2026-09-22,AU
u03-000021,user21@corp.io,2026-09-10,US
u03-000022,user22@corp.io,2026-06-23,DE
u03-000023,user23@corp.io,2026-03-19,IN
u03-000024,user24@uni.edu,2026-09-20,IN
u03-000025,user25@example.com,2026-06-10,DE
u03-000026,user26@example.com,2026-02-26,US
u03-000027,user27@mail.co.in,2026-07-28,IN
u03-000028,user28@uni.edu,2026-09-13,DE
u03-000029,user29@uni.edu,2026-05-19,IN
u03-000030,user30@example.com,2026-07-19,SG
u03-000031,user31@uni.edu,2026-03-22,US
u03-000032,user32@corp.io,2026-05-12,SG
u03-000033,user33@mail.co.in,2026-08-13,DE
u03-000034,user34@example.com,2026-06-18,US
u03-000035,user35@uni.edu,2026-01-11,US
u03-000036,user36@corp.io,2026-06-17,AU
u03-000037,user37@mail.co.in,2026-03-19,IN
u03-000038,user38@mail.co.in,2026-04-17,IN
u03-000039,user39@uni.edu,2026-09-25,IN
u03-000040,user40@mail.co.in,2026-01-26,IN
u03-000041,user41@corp.io,2026-06-11,IN
u03-000042,user42@mail.co.in,2026-07-15,US
u03-000043,user43@mail.co.in,2026-06-22,DE
u03-000044,user44@uni.edu,2026-03-14,DE
u03-000045,user45@example.com,2026-03-11,AU
u03-000046,user46@corp.io,2026-08-10,US
u03-000047,user47@uni.edu,2026-06-16,GB
u03-000048,user48@example.com,2026-04-14,IN
u03-000049,user49@mail.co.in,2026-03-10,SG
u03-000050,user50@corp.io,2026-06-23,DE
u03-000051,user51@mail.co.in,2026-09-20,SG
u03-000052,user52@uni.edu,2026-05-27,GB
u03-000053,user53@corp.io,2026-07-19,AU
u03-000054,user54@example.com,2026-07-20,IN
u03-000055,user55@example.com,2026-06-20,DE
u03-000056,user56@corp.io,2026-08-23,IN
u03-000057,user57@corp.io,2026-09-27,DE
u03-000058,user58@corp.io,2026-07-24,IN
u03-000059,user59@corp.io,2026-05-28,IN
u03-000060,user60@mail.co.in,2026-07-15,SG
u03-000061,user61@corp.io,2026-09-16,DE
u03-000062,user62@uni.edu,2026-01-18,US
u03-000063,user63@uni.edu,2026-07-21,AU
u03-000064,user64@example.com,2026-05-22,SG
u03-000065,user65@example.com,2026-02-28,DE
u03-000066,user66@mail.co.in,2026-05-21,GB
u03-000067,user67@mail.co.in,2026-01-27,DE
u03-000068,user68@example.com,2026-08-25,IN
u03-000069,user69@corp.io,2026-05-16,SG
u03-000070,user70@uni.edu,2026-06-22,GB
u03-000071,user71@example.com,2026-06-24,SG
u03-000072,user72@corp.io,2026-01-18,AU
u03-000073,user73@example.com,2026-06-15,GB
u03-000074,user74@corp.io,2026-05-10,AU
u03-000075,user75@mail.co.in,2026-03-14,GB
u03-000076,user76@mail.co.in,2026-04-10,IN
u03-000077,user77@uni.edu,2026-06-19,SG
u03-000078,user78@corp.io,2026-03-17,DE
u03-000079,user79@uni.edu,2026-03-26,DE
u03-000080,user80@example.com,2026-09-24,SG
u03-000081,user81@corp.io,2026-01-14,SG
u03-000082,user82@mail.co.in,2026-04-16,DE
u03-000083,user83@uni.edu,2026-08-26,SG
u03-000084,user84@corp.io,2026-07-15,US
u03-000085,user85@example.com,2026-01-18,GB
u03-000086,user86@mail.co.in,2026-01-24,SG
u03-000087,user87@mail.co.in,2026-01-18,IN
u03-000088,user88@uni.edu,2026-02-26,DE
u03-000089,user89@uni.edu,2026-06-10,SG
u03-000090,user90@example.com,2026-08-23,SG
u03-000091,user91@corp.io,2026-09-26,DE
u03-000092,user92@example.com,2026-06-11,DE
u03-000093,user93@mail.co.in,2026-05-19,US
u03-000094,user94@uni.edu,2026-07-10,US
u03-000095,user95@corp.io,2026-06-18,DE
u03-000096,user96@mail.co.in,2026-08-19,IN
u03-000097,user97@example.com,2026-02-25,SG
u03-000098,user98@mail.co.in,2026-08-13,US
u03-000099,user99@example.com,2026-02-25,AU
u03-000100,user100@example.com,2026-06-26,IN
u03-000101,user101@mail.co.in,2026-01-25,GB
u03-000102,user102@uni.edu,2026-03-22,US
u03-000103,user103@example.com,2026-09-26,IN
u03-000104,user104@uni.edu,2026-07-28,IN
u03-000105,user105@mail.co.in,2026-03-12,IN
u03-000106,user106@uni.edu,2026-06-10,GB
u03-000107,user107@corp.io,2026-06-15,GB
u03-000108,user108@example.com,2026-03-19,US
u03-000109,user109@uni.edu,2026-07-21,US
u03-000110,user110@corp.io,2026-06-13,DE
u03-000111,user111@example.com,2026-08-24,SG
u03-000112,user112@example.com,2026-02-28,AU
u03-000113,user113@corp.io,2026-06-17,IN
u03-000114,user114@uni.edu,2026-08-19,DE
u03-000115,user115@uni.edu,2026-03-20,IN
u03-000116,user116@corp.io,2026-03-15,GB
u03-000117,user117@mail.co.in,2026-05-20,IN
u03-000118,user118@example.com,2026-03-14,DE
u03-000119,user119@mail.co.in,2026-01-24,AU
u03-000120,user120@uni.edu,2026-05-12,GB
u03-000121,user121@mail.co.in,2026-02-17,AU
u03-000122,user122@uni.edu,2026-02-14,IN
u03-000123,user123@corp.io,2026-06-12,DE
u03-000124,user124@corp.io,2026-05-17,GB
u03-000125,user125@uni.edu,2026-06-21,SG
u03-000126,user126@corp.io,2026-04-21,AU
u03-000127,user127@uni.edu,2026-06-28,DE
u03-000128,user128@uni.edu,2026-01-13,US
u03-000129,user129@uni.edu,2026-09-22,DE
u03-000130,user130@uni.edu,2026-03-18,SG
u03-000131,user131@example.com,2026-05-15,US
u03-000132,user132@uni.edu,2026-03-12,DE
u03-000133,user133@example.com,2026-07-18,US
u03-000134,user134@example.com,2026-05-20,GB
u03-000135,user135@mail.co.in,2026-09-15,US
u03-000136,user136@uni.edu,2026-03-27,AU
u03-000137,user137@mail.co.in,2026-08-28,GB
u03-000138,user138@corp.io,2026-03-17,US
u03-000139,user139@uni.edu,2026-07-16,DE
u03-000140,user140@uni.edu,2026-03-19,AU
u03-000141,user141@uni.edu,2026-05-24,US
u03-000142,user142@example.com,2026-03-13,AU
u03-000143,user143@mail.co.in,2026-04-24,IN
u03-000144,user144@example.com,2026-02-15,SG
u03-000145,user145@corp.io,2026-01-27,SG
u03-000146,user146@uni.edu,2026-04-15,DE
u03-000147,user147@example.com,2026-03-14,AU
u03-000148,user148@corp.io,2026-06-28,AU
u03-000149,user149@example.com,2026-06-21,US
u03-000150,user150@uni.edu,2026-04-24,SG
u03-000151,user151@uni.edu,2026-09-17,IN
u03-000152,user152@corp.io,2026-04-22,AU
u03-000153,user153@uni.edu,2026-07-21,AU
u03-000154,user154@uni.edu,2026-07-24,IN
u03-000155,user155@corp.io,2026-08-19,AU
u03-000156,user156@uni.edu,2026-07-16,AU
u03-000157,user157@mail.co.in,2026-02-26,DE
u03-000158,user158@example.com,2026-06-26,SG
u03-000159,user159@corp.io,2026-05-19,AU
u03-000160,user160@example.com,2026-04-24,GB
u03-000161,user161@example.com,2026-02-12,US
u03-000162,user162@example.com,2026-04-10,SG
u03-000163,user163@mail.co.in,2026-02-28,SG
u03-000164,user164@mail.co.in,2026-06-20,US
u03-000165,user165@example.com,2026-06-27,AU
u03-000166,user166@example.com,2026-06-23,US
u03-000167,user167@example.com,2026-01-14,GB
u03-000168,user168@corp.io,2026-03-22,AU
u03-000169,user169@corp.io,2026-03-13,IN
u03-000170,user170@mail.co.in,2026-01-15,US
u03-000171,user171@mail.co.in,2026-04-10,IN
u03-000172,user172@example.com,2026-07-10,US
u03-000173,user173@example.com,2026-07-22,US
u03-000174,user174@corp.io,2026-09-19,AU
u03-000175,user175@corp.io,2026-02-22,AU
u03-000176,user176@example.com,2026-07-10,SG
u03-000177,user177@uni.edu,2026-03-23,AU
u03-000178,user178@corp.io,2026-09-24,SG
u03-000179,user179@uni.edu,2026-01-15,US
u03-000180,user180@mail.co.in,2026-04-24,DE
u03-000181,user181@mail.co.in,2026-03-16,US
u03-000182,user182@example.com,2026-06-22,IN
u03-000183,user183@example.com,2026-02-17,DE
u03-000184,user184@mail.co.in,2026-06-23,US
u03-000185,user185@mail.co.in,2026-09-18,GB
u03-000186,user186@example.com,2026-03-20,SG
u03-000187,user187@corp.io,2026-03-12,SG
u03-000188,user188@mail.co.in,2026-05-13,AU
u03-000189,user189@example.com,2026-02-23,IN
u03-000190,user190@example.com,2026-04-24,IN
u03-000191,user191@corp.io,2026-02-13,GB
u03-000192,user192@uni.edu,2026-08-10,AU
u03-000193,user193@corp.io,2026-02-17,SG
u03-000194,user194@uni.edu,2026-05-21,DE
u03-000195,user195@mail.co.in,2026-07-20,GB
u03-000196,user196@uni.edu,2026-04-28,DE
u03-000197,user197@uni.edu,2026-09-11,IN
u03-000198,user198@example.com,2026-01-22,AU
u03-000199,user199@example.com,2026-09-19,IN
u03-000200,user200@corp.io,2026-07-21,AU
u03-000201,user201@uni.edu,2026-07-13,SG
u03-000202,user202@uni.edu,2026-08-12,IN
u03-000203,user203@uni.edu,2026-03-24,GB
u03-000204,user204@example.com,2026-01-21,DE
u03-000205,user205@example.com,2026-02-21,AU
u03-000206,user206@mail.co.in,2026-02-26,IN
u03-000207,user207@uni.edu,2026-01-26,US
u03-000208,user208@corp.io,2026-06-12,US
u03-000209,user209@uni.edu,2026-01-24,AU
u03-000210,user210@corp.io,2026-01-26,DE
u03-000211,user211@uni.edu,2026-06-19,AU
u03-000212,user212@uni..edu,2026-04-27,DE
u03-000213,user213@mail.co.in,2026-02-25,DE
u03-000214,user214@uni.edu,2026-04-28,DE
u03-000215,user215@mail.co.in,2026-07-27,SG
u03-000216,user216@uni.edu,2026-03-20,AU
u03-000217,user217@mail.co.in,2026-09-14,DE
u03-000218,user218@example.com,2026-02-27,DE
u03-000219,user219@example.com,2026-06-28,GB
u03-000220,user220@example.com,2026-01-26,GB
u03-000221,user221@uni.edu,2026-06-25,AU
u03-000222,user222@uni.edu,2026-06-18,GB
u03-000223,user223@mail.co.in,2026-09-13,DE
u03-000224,user224@uni.edu,2026-06-16,SG
u03-000225,user225@example.com,2026-02-24,DE
u03-000226,user226@uni.edu,2026-08-14,US
u03-000227,user227@corp.io,2026-05-27,DE
u03-000228,user228@example.com,2026-07-26,SG
u03-000229,user229@mail.co.in,2026-06-14,AU
u03-000230,user230@mail.co.in,2026-03-13,US
u03-000231,user231@uni.edu,2026-09-25,SG
u03-000232,user232@mail.co.in,2026-02-23,AU
u03-000233,user233@mail.co.in,2026-09-17,GB
u03-000234,user234@uni.edu,2026-08-12,GB
u03-000235,user235@corp.io,2026-07-28,IN
u03-000236,user236@mail.co.in,2026-03-28,US
u03-000237,user237@corp.io,2026-06-26,SG
u03-000238,user238@corp.io,2026-05-24,SG
u03-000239,user239@corp.io,2026-01-18,AU
u03-000240,user240@uni.edu,2026-07-20,US
u03-000241,user241@corp.io,2026-09-16,DE
u03-000242,user242@corp.io,2026-01-15,GB
u03-000243,user243@mail.co.in,2026-08-18,DE
u03-000244,user244@uni.edu,2026-06-27,GB
u03-000245,user245@uni.edu,2026-06-10,US
u03-000246,user246@corp.io,2026-05-17,SG
u03-000247,user247@corp.io,2026-08-11,IN
u03-000248,user248@uni.edu,2026-06-12,US
u03-000249,user249@example.com,2026-01-15,AU
u03-000250,user250@corp.io,2026-09-24,AU
u03-000251,user251@mail.co.in,2026-02-22,SG
u03-000252,user252@mail.co.in,2026-06-16,AU
u03-000253,user253@mail.co.in,2026-09-16,GB
u03-000254,user254@example.com,2026-05-14,AU
u03-000255,user255@example.com,2026-06-24,IN
u03-000256,user256@uni.edu,2026-08-13,DE
u03-000257,user257@mail.co.in,2026-01-24,GB
u03-000258,user258@example.com,2026-04-19,DE
u03-000259,user259@mail.co.in,2026-07-25,SG
u03-000260,user260@mail.co.in,2026-03-20,SG
u03-000261,user261@corp.io,2026-09-26,US
u03-000262,user262@example.com,2026-04-19,US
u03-000263,user263@uni.edu,2026-04-21,IN
u03-000264,user264@mail.co.in,2026-01-11,IN
u03-000265,user265@corp.io,2026-06-14,AU
u03-000266,user266@mail.co.in,2026-03-10,AU
u03-000267,user267@uni.edu,2026-09-14,AU
u03-000268,user268@example.com,2026-08-26,SG
u03-000269,user269@uni.edu,2026-04-22,AU
u03-000270,user270@uni.edu,2026-04-27,AU
u03-000271,user271@corp.io,2026-01-12,GB
u03-000272,user272@mail.co.in,2026-08-19,SG
u03-000273,user273@mail.co.in,2026-04-21,US
u03-000274,user274@mail.co.in,2026-02-13,SG
u03-000275,user275@uni.edu,2026-07-22,GB
u03-000276,user276@uni.edu,2026-09-23,IN
u03-000277,user277@corp.io,2026-01-12,AU
u03-000278,user278@uni.edu,2026-08-26,DE
u03-000279,user279@example.com,2026-06-13,SG
u03-000280,user280@corp.io,2026-08-14,US
u03-000281,user281@corp.io,2026-04-26,DE
u03-000282,user282@example.com,2026-03-19,US
u03-000283,user283@corp.io,2026-09-14,GB
u03-000284,user284@example.com,2026-05-23,DE
u03-000285,user285@mail.co.in,2026-04-19,IN
u03-000286,user286@mail.co.in,2026-02-12,IN
u03-000287,user287@example.com,2026-08-28,GB
u03-000288,user288@example.com,2026-03-25,IN
u03-000289,user289@corp.io,2026-05-10,GB
u03-000290,user290@corp.io,2026-04-11,US
u03-000291,user291@corp.io,2026-04-15,DE
u03-000292,user292@corp.io,2026-09-13,US
u03-000293,user293@corp.io,2026-09-11,SG
u03-000294,user294@corp.io,2026-08-25,DE
u03-000295,user295@corp.io,2026-01-10,US
u03-000296,user296@uni.edu,2026-08-14,AU
u03-000297,user297@mail.co.in,2026-01-13,US
u03-000298,user298@corp.io,2026-02-17,DE
u03-000299,user299@example.com,2026-06-20,GB
u03-000300,user300@corp.io,2026-03-22,AU
u03-000301,user301@corp.io,2026-08-16,IN
u03-000302,user302@mail.co.in,2026-07-25,IN
u03-000303,user303@uni.edu,2026-06-26,DE
u03-000304,user304@uni.edu,2026-08-20,GB
u03-000305,user305@example.com,2026-01-11,SG
u03-000306,user306@uni.edu,2026-07-16,US
u03-000307,user307@mail.co.in,2026-08-15,US
u03-000308,user308@example.com,2026-01-28,IN
u03-000309,user309@corp.io,2026-06-14,US
u03-000310,user310@example.com,2026-03-14,SG
u03-000311,user311@corp.io,2026-02-20,AU
u03-000312,user312@example.com,2026-01-14,AU
u03-000313,user313@uni.edu,2026-02-24,US
u03-000314,user314@uni.edu,2026-07-23,US
u03-000315,user315@corp.io,2026-02-21,IN
u03-000316,user316@mail.co.in,2026-01-26,GB
u03-000317,user317@corp.io,2026-02-27,GB
u03-000318,user318@example.com,2026-03-13,DE
u03-000319,user319@corp.io,2026-06-13,SG
u03-000320,user320@example.com,2026-05-10,US
u03-000321,user321@corp.io,2026-01-13,AU
u03-000322,user322@example.com,2026-03-19,AU
u03-000323,user323@mail.co.in,2026-08-28,US
u03-000324,user324@corp.io,2026-07-19,DE
u03-000325,user325@example.com,2026-04-11,US
u03-000326,user326@corp.io,2026-04-14,US
u03-000327,user327@uni.edu,2026-04-13,GB
u03-000328,user328@uni.edu,2026-01-19,IN
u03-000329,user329@example.com,2026-01-21,IN
u03-000330,user330@mail.co.in,2026-06-16,AU
u03-000331,user331@uni.edu,2026-03-21,IN
u03-000332,user332@example.com,2026-05-26,DE
u03-000333,user333@uni.edu,2026-02-21,IN
u03-000334,user334@mail.co.in,2026-06-14,US
u03-000335,user335@example.com,2026-09-25,GB
u03-000336,user336@uni.edu,2026-07-12,DE
u03-000337,user337@uni.edu,2026-04-17,GB
u03-000338,user338@corp.io,2026-09-17,GB
u03-000339,user339@example.com,2026-01-19,IN
u03-000340,user340@uni.edu,2026-06-24,SG
u03-000341,user341@mail.co.in,2026-04-25,DE
u03-000342,user342@example.com,2026-07-10,IN
u03-000343,user343@corp.io,2026-05-20,DE
u03-000344,user344@mail.co.in,2026-07-25,US
u03-000345,user345@corp.io,2026-05-17,US
u03-000346,user346@example.com,2026-04-23,SG
u03-000347,user347@example.com,2026-04-19,GB
u03-000348,user348@mail.co.in,2026-03-12,SG
u03-000349,user349@example.com,2026-02-27,IN
u03-000350,user350@corp.io,2026-07-22,US
u03-000351,user351@corp.io,2026-05-12,SG
u03-000352,user352@example.com,2026-09-18,AU
u03-000353,user353@example.com,2026-02-21,IN
u03-000354,user354@mail.co.in,2026-05-10,SG
u03-000355,user355@corp.io,2026-01-19,AU
u03-000356,user356@example.com,2026-06-28,IN
u03-000357,user357@uni.edu,2026-04-23,AU
u03-000358,user358@corp.io,2026-09-14,GB
u03-000359,user359@corp.io,2026-06-18,GB
u03-000360,user360@mail.co.in,2026-04-19,DE
u03-000361,user361@mail.co.in,2026-04-17,AU
u03-000362,user362@mail.co.in,2026-07-21,GB
u03-000363,user363@mail.co.in,2026-07-12,DE
u03-000364,user364@corp.io,2026-06-16,DE
u03-000365,user365@mail.co.in,2026-05-28,GB
u03-000366,user366@example.com,2026-03-26,DE
u03-000367,user367@uni.edu,2026-05-13,SG
u03-000368,user368@example.com,2026-04-12,SG
u03-000369,user369@example.com,2026-03-10,GB
u03-000370,user370@corp.io,2026-01-14,SG
u03-000371,user371@corp.io,2026-04-16,IN
u03-000372,user372@mail.co.in,2026-04-10,SG
u03-000373,user373@uni.edu,2026-06-13,IN
u03-000374,user374@mail.co.in,2026-06-27,AU
u03-000375,user375@uni.edu,2026-09-17,IN
u03-000376,user376@corp.io,2026-03-12,IN
u03-000377,user377@mail.co.in,2026-09-24,GB
u03-000378,user378@uni.edu,2026-03-18,AU
u03-000379,user379@corp.io,2026-09-28,AU
u03-000380,user380@mail.co.in,2026-09-23,AU
u03-000381,user381@mail.co.in,2026-08-21,GB
u03-000382,user382@example.com,2026-09-28,US
u03-000383,user383@mail.co.in,2026-01-16,GB
u03-000384,user384@example.com,2026-02-21,US
u03-000385,user385@mail.co.in,2026-08-15,SG
u03-000386,user386@corp.io,2026-05-16,IN
u03-000387,user387@mail.co.in,2026-02-13,GB
u03-000388,user388@uni.edu,2026-07-14,AU
u03-000389,user389@uni.edu,2026-01-19,SG
u03-000390,user390@uni.edu,2026-09-28,AU
u03-000391,user391@example.com,2026-01-21,DE
u03-000392,user392@example.com,2026-01-22,US
u03-000393,user393@corp.io,2026-03-11,US
u03-000394,user394@corp.io,2026-05-14,SG
u03-000395,user395@mail.co.in,2026-07-25,GB
u03-000396,user396@corp.io,2026-01-25,IN
u03-000397,user397@uni.edu,2026-07-18,AU
u03-000398,user398@example.com,2026-01-11,AU
u03-000399,user399@uni.edu,2026-05-26,GB
u03-000400,user400@example.com,2026-08-17,SG
u03-000401,user401@mail.co.in,2026-04-11,AU
u03-000402,user402@corp.io,2026-06-13,SG
u03-000403,user403@corp.io,2026-01-25,IN
u03-000404,user404@mail.co.in,2026-02-16,GB
u03-000405,user405@mail.co.in,2026-07-13,DE
u03-000406,user406@mail.co.in,2026-05-24,AU
u03-000407,user407@corp.io,2026-06-22,GB
u03-000408,user408@example.com,2026-01-28,SG
u03-000409,user409@mail.co.in,2026-05-19,GB
u03-000410,user410@corp.io,2026-09-25,DE
u03-000411,user411@example.com,2026-08-21,GB
u03-000412,user412@corp.io,2026-08-20,SG
u03-000413,user413@example.com,2026-02-26,AU
u03-000414,user414@corp.io,2026-08-18,GB
u03-000415,user415@uni.edu,2026-04-24,IN
u03-000416,user416@corp.io,2026-05-18,IN
u03-000417,user417@example.com,2026-04-20,GB
u03-000418,user418@mail.co.in,2026-09-11,GB
u03-000419,user419@corp.io,2026-01-24,DE
u03-000420,user420@example.com,2026-01-19,IN
u03-000421,user421@uni.edu,2026-04-18,US
u03-000422,user422@corp.io,2026-07-13,AU
u03-000423,user423@uni.edu,2026-02-12,DE
u03-000424,user424@uni.edu,2026-02-10,US
u03-000425,user425@corp.io,2026-05-22,GB
u03-000426,user426@uni.edu,2026-01-12,SG
u03-000427,user427@mail.co.in,2026-02-15,IN
u03-000428,user428@example.com,2026-09-27,IN
u03-000429,user429@uni.edu,2026-08-28,AU
u03-000430,user430@corp.io,2026-08-26,SG
u03-000431,user431@uni.edu,2026-04-27,GB
u03-000432,user432@example.com,2026-01-20,US
u03-000433,user433@uni.edu,2026-05-19,GB
u03-000434,user434@example.com,2026-05-26,SG
u03-000435,user435@uni.edu,2026-06-19,DE
u03-000436,user436@uni.edu,2026-08-28,US
u03-000437,user437@mail.co.in,2026-04-19,AU
u03-000438,user438@mail.co.in,2026-03-11,DE
u03-000439,user439@uni.edu,2026-04-21,GB
u03-000440,user440@uni.edu,2026-07-14,IN
u03-000441,user441@example.com,2026-05-27,DE
u03-000442,user442@mail.co.in,2026-02-26,SG
u03-000443,user443@corp.io,2026-01-16,GB
u03-000444,user444@corp.io,2026-06-10,SG
u03-000445,user445@corp.io,2026-04-27,AU
u03-000446,user446@mail.co.in,2026-07-20,US
u03-000447,user447@corp.io,2026-03-26,SG
u03-000448,user448@example.com,2026-06-22,IN
u03-000449,user449@uni.edu,2026-01-11,SG
u03-000450,user450@example.com,2026-02-26,AU
u03-000451,user451@corp.io,2026-05-23,AU
u03-000452,user452@example.com,2026-02-17,SG
u03-000453,user453@corp.io,2026-09-24,IN
u03-000454,user454@mail.co.in,2026-06-17,SG
u03-000455,user455@corp.io,2026-06-19,DE
u03-000456,user456@mail.co.in,2026-08-23,DE
u03-000457,user457@uni.edu,2026-04-13,US
u03-000458,user458@uni.edu,2026-06-14,IN
u03-000459,user459@uni.edu,2026-06-28,GB
u03-000460,user460@example.com,2026-08-10,US
u03-000461,user461@uni.edu,2026-04-11,AU
u03-000462,user462@uni.edu,2026-05-28,DE
u03-000463,user463@uni.edu,2026-05-16,GB
u03-000464,user464@uni.edu,2026-09-12,DE
u03-000465,user465@example.com,2026-03-22,SG
u03-000466,user466@corp.io,2026-01-26,GB
u03-000467,user467@example.com,2026-03-23,SG
u03-000468,user468@mail.co.in,2026-07-28,DE
u03-000469,user469@corp.io,2026-01-17,US
u03-000470,user470@uni.edu,2026-07-25,GB
u03-000471,user471@uni.edu,2026-01-26,IN
u03-000472,user472@corp.io,2026-07-21,AU
u03-000473,user473@corp.io,2026-05-22,SG
u03-000474,user474@uni.edu,2026-09-25,IN
u03-000475,user475@uni.edu,2026-03-11,IN
u03-000476,user476@example.com,2026-04-20,GB
u03-000477,user477@corp.io,2026-02-20,SG
u03-000478,user478@mail.co.in,2026-05-24,IN
u03-000479,user479@mail.co.in,2026-03-14,DE
u03-000480,user480@corp.io,2026-06-10,SG
u03-000481,user481@corp.io,2026-09-18,IN
u03-000482,user482@mail.co.in,2026-06-10,US
u03-000483,user483@corp.io,2026-04-16,GB
u03-000484,user484@uni.edu,2026-08-28,SG
u03-000485,user485@example.com,2026-09-11,AU
u03-000486,user486@example.com,2026-06-17,US
u03-000487,user487@mail.co.in,2026-03-18,SG
u03-000488,user488@mail.co.in,2026-07-26,IN
u03-000489,user489@example.com,2026-01-11,SG
u03-000490,user490@example.com,2026-08-16,DE
u03-000491,user491@mail.co.in,2026-01-22,SG
u03-000492,user492@corp.io,2026-02-21,DE
u03-000493,user493@corp.io,2026-05-13,IN
u03-000494,user494@example.com,2026-01-26,IN
u03-000495,user495@uni.edu,2026-09-15,SG
u03-000496,user496@mail.co.in,2026-04-10,IN
u03-000497,user497@mail.co.in,2026-01-16,US
u03-000498,user498@mail.co.in,2026-01-26,IN
u03-000499,user499@corp.io,2026-05-18,DE
u03-000500,user500@example.com,2026-05-11,IN
u03-000501,user501@example.com,2026-07-16,US
u03-000502,user502@example.com,2026-07-26,DE
u03-000503,user503@corp.io,2026-06-24,IN
u03-000504,user504@corp.io,2026-03-13,DE
u03-000505,user505@uni.edu,2026-02-17,AU
u03-000506,user506@mail.co.in,2026-02-10,GB
u03-000507,user507@example.com,2026-06-19,SG
u03-000508,user508@example.com,2026-02-12,DE
u03-000509,user509@corp.io,2026-04-14,US
u03-000510,user510@mail.co.in,2026-09-27,GB
u03-000511,user511@corp.io,2026-03-19,US
u03-000512,user512@example.com,2026-07-21,GB
u03-000513,user513@example.com,2026-04-28,DE
u03-000514,user514@uni.edu,2026-05-22,AU
u03-000515,user515@uni.edu,2026-08-25,US
u03-000516,user516@uni.edu,2026-05-12,US
u03-000517,user517@example.com,2026-06-11,AU
u03-000518,user518@mail.co.in,2026-01-25,SG
u03-000519,user519@example.com,2026-07-23,DE
u03-000520,user520@example.com,2026-07-14,GB
u03-000521,user521@corp.io,2026-07-12,US
u03-000522,user522@example.com,2026-09-10,DE
u03-000523,user523@uni.edu,2026-02-25,IN
u03-000524,user524@mail.co.in,2026-07-22,GB
u03-000525,user525@mail.co.in,2026-02-16,GB
u03-000526,user526@mail.co.in,2026-08-14,US
u03-000527,user527@uni.edu,2026-03-13,GB
u03-000528,user528@uni.edu,2026-05-10,SG
u03-000529,user529@mail.co.in,2026-02-28,GB
u03-000530,user530@example.com,2026-04-17,AU
u03-000531,user531@example.com,2026-02-20,DE
u03-000532,user532@uni.edu,2026-04-17,GB
u03-000533,user533@example.com,2026-01-17,SG
u03-000534,user534@uni.edu,2026-02-19,GB
u03-000535,user535@example.com,2026-09-27,US
u03-000536,user536@example.com,2026-05-19,US
u03-000537,user537@uni.edu,2026-02-21,SG
u03-000538,user538@corp.io,2026-02-23,IN
u03-000539,user539@mail.co.in,2026-01-27,IN
u03-000540,user540@corp.io,2026-06-10,GB
u03-000541,user541@example.com,,GB
u03-000542,user542@mail.co.in,2026-05-16,US
u03-000543,user543@uni.edu,2026-03-16,SG
u03-000544,user544@mail.co.in,2026-08-11,DE
u03-000545,user545@example.com,2026-05-21,IN
u03-000546,user546@uni.edu,2026-03-11,US
u03-000547,user547@mail.co.in,2026-06-11,SG
u03-000548,user548@corp.io,2026-04-13,IN
u03-000549,user549@example.com,2026-06-23,US
u03-000550,user550@example.com,2026-05-19,SG
u03-000551,user551@mail.co.in,2026-04-18,GB
u03-000552,user552@mail.co.in,2026-09-21,SG
u03-000553,user553@uni.edu,2026-06-24,SG
u03-000554,user554@mail.co.in,2026-01-21,AU
u03-000555,user555@example.com,2026-02-17,DE
u03-000556,user556@example.com,2026-03-10,GB
u03-000557,user557@example.com,2026-02-28,IN
u03-000558,user558@example.com,2026-09-16,US
u03-000559,user559@mail.co.in,2026-07-18,AU
u03-000560,user560@mail.co.in,2026-04-12,GB
u03-000561,user561@mail.co.in,2026-04-12,DE
u03-000562,user562@example.com,2026-04-23,AU
u03-000563,user563@uni.edu,2026-03-28,DE
u03-000564,user564@uni.edu,2026-07-15,AU
u03-000565,user565@example.com,2026-02-13,IN
u03-000566,user566@example.com,2026-08-24,GB
u03-000567,user567@example.com,2026-03-27,GB
u03-000568,user568@uni.edu,2026-07-27,GB
u03-000569,user569@mail.co.in,2026-07-10,GB
u03-000570,user570@mail.co.in,2026-05-13,AU
u03-000571,user571@mail.co.in,2026-04-10,US
u03-000572,user572@uni.edu,2026-09-22,SG
u03-000573,user573@uni.edu,2026-03-25,DE
u03-000574,user574@corp.io,2026-03-13,DE
u03-000575,user575@mail.co.in,2026-09-23,GB
u03-000576,user576@uni.edu,2026-01-15,DE
u03-000577,user577@mail.co.in,2026-01-11,IN
u03-000578,user578@uni.edu,2026-07-26,IN
u03-000579,user579@example.com,2026-02-11,IN
u03-000580,user580@corp.io,2026-04-11,US
u03-000581,user581@example.com,2026-04-26,DE
u03-000582,user582@corp.io,2026-04-12,GB
u03-000583,user583@uni.edu,2026-04-11,US
u03-000584,user584@corp.io,2026-03-19,GB
u03-000585,user585@uni.edu,2026-09-10,US
u03-000586,user586@uni.edu,2026-06-20,GB
u03-000587,user587@uni.edu,2026-07-28,IN
u03-000588,user588@mail.co.in,2026-02-12,DE
u03-000589,user589@uni.edu,2026-05-27,SG
u03-000590,user590@corp.io,2026-08-28,IN
u03-000591,user591@example.com,2026-04-16,GB
u03-000592,user592@example.com,2026-09-18,DE
u03-000593,user593@mail.co.in,2026-02-26,DE
u03-000594,user594@example.com,2026-04-22,AU
u03-000595,user595@corp.io,2026-02-17,AU
u03-000596,user596@mail.co.in,2026-01-27,GB
u03-000597,user597@example.com,2026-06-19,DE
u03-000598,user598@uni.edu,2026-02-12,US
u03-000599,user599@uni.edu,2026-03-17,AU
u03-000600,user600@example.com,2026-01-19,GB
u03-000601,user601@corp.io,2026-03-23,AU
u03-000602,user602@example.com,2026-06-27,SG
u03-000603,user603@example.com,2026-03-20,GB
u03-000604,user604@uni.edu,2026-07-24,GB
u03-000605,user605@uni.edu,2026-01-18,AU
u03-000606,user606@corp.io,2026-06-18,GB
u03-000607,user607@example.com,2026-07-19,DE
u03-000608,user608@example.com,2026-06-15,DE
u03-000609,user609@mail.co.in,2026-08-19,AU
u03-000610,user610@example.com,2026-08-28,SG
u03-000611,user611@mail.co.in,2026-01-24,GB
u03-000612,user612@uni.edu,2026-08-23,DE
u03-000613,user613@corp.io,2026-02-10,SG
u03-000614,user614@corp.io,2026-02-28,SG
u03-000615,user615@uni.edu,2026-05-13,GB
u03-000616,user616@uni.edu,2026-07-22,IN
u03-000617,user617@example.com,2026-03-15,US
u03-000618,user618@corp.io,2026-02-12,GB
u03-000619,user619@mail.co.in,2026-07-18,IN
u03-000620,user620@corp.io,2026-01-10,AU
u03-000621,user621@corp.io,2026-09-13,IN
u03-000622,user622@uni.edu,2026-07-21,DE
u03-000623,user623@mail.co.in,2026-06-21,AU
u03-000624,user624@example.com,2026-04-18,GB
u03-000625,user625@mail.co.in,2026-01-16,US
u03-000626,user626@uni.edu,2026-03-16,US
u03-000627,user627@corp.io,2026-04-23,IN
u03-000628,user628@mail.co.in,2026-08-16,US
u03-000629,user629@corp.io,2026-08-27,AU
u03-000630,user630@corp.io,2026-06-24,SG
u03-000631,user631@corp.io,2026-07-16,IN
u03-000632,user632@uni.edu,2026-06-21,DE
u03-000633,user633@example.com,2026-07-10,DE
u03-000634,user634@mail.co.in,2026-07-19,US
u03-000635,user635@mail.co.in,2026-07-24,DE
u03-000636,user636@uni.edu,2026-02-12,AU
u03-000637,user637@corp.io,2026-04-16,IN
u03-000638,user638@uni.edu,2026-01-21,DE
u03-000639,user639@uni.edu,2026-02-21,US
u03-000640,user640@mail.co.in,2026-01-11,US
u03-000641,user641@mail.co.in,2026-01-24,US
u03-000642,user642@mail.co.in,2026-04-16,DE
u03-000643,user643@corp.io,2026-07-13,DE
u03-000644,user644@mail.co.in,2026-07-15,US
u03-000645,user645@corp.io,2026-01-14,GB
u03-000646,user646@corp.io,2026-05-17,GB
u03-000647,user647@example.com,2026-06-13,SG
u03-000648,user648@uni.edu,2026-08-16,SG
u03-000649,user649@example.com,2026-06-10,GB
u03-000650,user650@mail.co.in,2026-05-18,AU
u03-000651,user651@uni.edu,2026-02-10,AU
u03-000652,user652@example.com,2026-05-19,SG
u03-000653,user653@uni.edu,2026-02-23,US
u03-000654,user654@mail.co.in,2026-01-11,IN
u03-000655,user655@mail.co.in,2026-04-14,SG
u03-000656,user656@mail.co.in,2026-04-19,GB
u03-000657,user657@uni.edu,2026-08-13,AU
u03-000658,user658@mail.co.in,2026-02-12,DE
u03-000659,user659@uni.edu,2026-09-24,US
u03-000660,user660@mail.co.in,2026-05-25,AU
u03-000661,user661@example.com,2026-07-17,GB
u03-000662,user662@example.com,2026-03-13,AU
u03-000663,user663@corp.io,2026-08-22,SG
u03-000664,user664@mail.co.in,2026-04-11,DE
u03-000665,user665@uni.edu,2026-08-28,US
u03-000666,user666@corp.io,2026-03-20,AU
u03-000667,user667@example.com,2026-09-23,AU
u03-000668,user668@corp.io,2026-07-10,GB
u03-000669,user669@corp.io,2026-07-26,AU
u03-000670,user670@uni.edu,2026-09-10,GB
u03-000671,user671@uni.edu,2026-04-26,IN
u03-000672,user672@mail.co.in,2026-02-15,AU
u03-000673,user673@example.com,2026-09-19,DE
u03-000674,user674@example.com,2026-09-23,IN
u03-000675,user675@uni.edu,2026-05-27,GB
u03-000676,user676@mail.co.in,2026-06-14,IN
u03-000677,user677@example.com,2026-01-25,GB
u03-000678,user678@example.com,2026-06-27,DE
u03-000679,user679@mail.co.in,2026-02-28,SG
u03-000680,user680@example.com,2026-09-16,GB
u03-000681,user681@uni.edu,2026-07-24,GB
u03-000682,user682@uni.edu,2026-03-18,AU
u03-000683,user683@corp.io,2026-03-28,SG
u03-000684,user684@uni.edu,2026-05-28,SG
u03-000685,user685@mail.co.in,2026-02-12,DE
u03-000686,user686@corp.io,2026-07-28,AU
u03-000687,user687@mail.co.in,2026-05-19,DE
u03-000688,user688@example.com,2026-09-24,GB
u03-000689,user689@corp.io,2026-09-10,IN
u03-000690,user690@uni.edu,2026-07-10,IN
u03-000691,user691@uni.edu,2026-08-17,IN
u03-000692,user692@mail.co.in,2026-03-11,GB
u03-000693,user693@uni.edu,2026-02-10,IN
u03-000694,user694@uni.edu,2026-08-19,DE
u03-000695,user695@uni.edu,2026-09-11,AU
u03-000696,user696@example.com,2026-03-23,DE
u03-000697,user697@uni.edu,2026-08-15,IN
u03-000698,user698@example.com,2026-08-21,IN
u03-000699,user699@corp.io,2026-04-25,DE
u03-000700,user700@example.com,2026-08-24,IN
u03-000701,user701@example.com,2026-03-22,AU
u03-000702,user702@example.com,2026-09-18,DE
u03-000703,user703@mail.co.in,2026-04-21,DE
u03-000704,user704@mail.co.in,2026-05-20,SG
u03-000705,user705@mail.co.in,2026-09-28,AU
u03-000706,user706@corp.io,2026-09-20,IN
u03-000707,user707@example.com,2026-04-22,US
u03-000708,user708@example.com,2026-03-24,AU
u03-000709,user709@example.com,2026-06-26,DE
u03-000710,user710@example.com,2026-02-23,DE
u03-000711,user711@uni.edu,2026-05-25,IN
u03-000712,user712@mail.co.in,2026-09-12,GB
u03-000713,user713@mail.co.in,2026-08-10,AU
u03-000714,user714@uni.edu,2026-01-28,AU
u03-000715,user715@mail.co.in,2026-05-16,AU
u03-000716,user716@uni.edu,2026-03-11,US
u03-000717,user717@example.com,2026-05-22,US
u03-000718,user718@uni.edu,2026-08-22,SG
u03-000719,user719@uni.edu,2026-04-21,SG
u03-000720,user720@mail.co.in,2026-03-22,IN
u03-000721,user721@corp.io,2026-06-11,IN
u03-000722,user722@corp.io,2026-09-13,IN
u03-000723,user723@corp.io,2026-05-18,SG
u03-000724,user724@corp.io,2026-05-27,AU
u03-000725,user725@uni.edu,2026-01-13,DE
u03-000726,user726@example.com,2026-09-24,GB
u03-000727,user727@mail.co.in,2026-02-14,IN
u03-000728,user728@example.com,2026-07-15,IN
u03-000729,user729@corp.io,2026-01-10,US
u03-000730,user730@mail.co.in,2026-07-25,GB
u03-000731,user731@corp.io,2026-08-28,AU
u03-000732,user732@uni.edu,2026-04-17,AU
u03-000733,user733@corp.io,2026-01-10,AU
u03-000734,user734@example.com,2026-06-25,IN
u03-000735,user735@mail.co.in,2026-07-10,US
u03-000736,user736@uni.edu,2026-07-28,AU
u03-000737,user737@corp.io,2026-02-22,GB
u03-000738,user738@mail.co.in,2026-06-11,DE
u03-000739,user739@corp.io,2026-02-24,GB
u03-000740,user740@mail.co.in,2026-02-15,AU
u03-000741,user741@corp.io,2026-06-16,SG
u03-000742,user742@corp.io,2026-06-14,SG
u03-000743,user743@example.com,2026-06-17,US
u03-000744,user744@uni.edu,2026-04-15,DE
u03-000745,user745@uni.edu,2026-08-26,IN
u03-000746,user746@example.com,2026-06-26,DE
u03-000747,user747@mail.co.in,2026-01-21,IN
u03-000748,user748@corp.io,2026-03-19,IN
u03-000749,user749@uni.edu,2026-02-26,US
u03-000750,user750@corp.io,2026-08-11,AU
u03-000751,user751@uni.edu,2026-04-18,IN
u03-000752,user752@mail.co.in,2026-08-23,IN
u03-000753,user753@corp.io,2026-02-21,GB
u03-000754,user754@uni.edu,2026-05-16,SG
u03-000755,user755@example.com,2026-04-13,US
u03-000756,user756@mail.co.in,2026-06-15,GB
u03-000757,user757@corp.io,2026-04-22,US
u03-000758,user758@mail.co.in,2026-09-19,AU
u03-000759,user759@corp.io,2026-01-28,IN
u03-000760,user760@mail.co.in,2026-02-12,GB
u03-000761,user761@corp.io,2026-07-16,AU
u03-000762,user762@uni.edu,2026-03-21,US
u03-000763,user763@uni.edu,2026-08-10,GB
u03-000764,user764@uni.edu,2026-09-10,GB
u03-000765,user765@uni.edu,2026-09-26,SG
u03-000766,user766@mail.co.in,2026-09-21,AU
u03-000767,user767@corp.io,2026-04-23,US
u03-000768,user768@uni.edu,2026-05-10,US
u03-000769,user769@corp.io,2026-09-16,US
u03-000770,user770@uni.edu,2026-08-23,AU
u03-000771,user771@example.com,2026-02-15,SG
u03-000772,user772@uni.edu,2026-09-19,SG
u03-000773,user773@mail.co.in,2026-09-21,SG
u03-000774,user774@uni.edu,2026-09-25,AU
u03-000775,user775@corp.io,2026-06-18,DE
u03-000776,user776@mail.co.in,2026-06-19,US
u03-000777,user777@example.com,2026-08-22,US
u03-000778,user778@mail.co.in,2026-01-14,SG
u03-000779,user779@uni.edu,2026-04-11,IN
u03-000780,user780@mail.co.in,2026-01-28,SG
u03-000781,user781@mail.co.in,2026-05-21,AU
u03-000782,user782@mail.co.in,2026-08-14,SG
u03-000783,user783@uni.edu,2026-09-17,AU
u03-000784,user784@example.com,2026-05-18,US
u03-000785,user785@uni.edu,2026-02-13,AU
u03-000786,user786@corp.io,2026-02-25,AU
u03-000787,user787@example.com,2026-03-11,IN
u03-000788,user788@mail.co.in,2026-01-22,IN
u03-000789,user789@corp.io,2026-07-22,SG
u03-000790,user790@mail.co.in,2026-04-18,US
u03-000791,user791@uni.edu,2026-05-19,SG
u03-000792,user792@mail.co.in,2026-03-26,AU
u03-000793,user793@uni.edu,2026-01-15,GB
u03-000794,user794@corp.io,2026-05-13,DE
u03-000795,user795@mail.co.in,2026-07-26,DE
u03-000796,user796@mail.co.in,2026-07-24,DE
u03-000797,user797@corp.io,2026-06-26,GB
u03-000798,user798@uni.edu,2026-07-20,US
u03-000799,user799@example.com,2026-03-27,SG
u03-000800,user800@corp.io,2026-05-23,AU
u03-000801,user801@example.com,2026-09-26,US
u03-000802,user802@uni.edu,2026-05-12,US
u03-000803,user803@uni.edu,2026-04-17,US
u03-000804,user804@mail.co.in,2026-09-24,AU
u03-000805,user805@corp.io,2026-07-26,US
u03-000806,user806@mail.co.in,2026-09-21,DE
u03-000807,user807@mail.co.in,2026-09-23,IN
u03-000808,user808@uni.edu,2026-03-25,DE
u03-000809,user809@uni.edu,2026-06-15,DE
u03-000810,user810@mail.co.in,2026-01-17,DE
u03-000811,user811@mail.co.in,2026-08-22,SG
u03-000812,user812@mail.co.in,2026-04-21,DE
u03-000813,user813@mail.co.in,2026-07-22,AU
u03-000814,user814@corp.io,2026-01-12,GB
u03-000815,user815@example.com,2026-03-21,IN
u03-000816,user816@example.com,2026-09-16,DE
u03-000817,user817@corp.io,2026-01-13,SG
u03-000818,user818@corp.io,2026-04-14,AU
u03-000819,user819@uni.edu,2026-07-18,AU
u03-000820,user820@example.com,2026-06-11,IN
u03-000821,user821@example.com,2026-08-24,DE
u03-000822,user822@mail.co.in,2026-05-16,IN
u03-000823,user823@uni.edu,2026-04-25,SG
u03-000824,user824@corp.io,2026-03-13,IN
u03-000825,user825@mail.co.in,2026-09-18,US
u03-000826,user826@example.com,2026-07-11,IN
u03-000827,user827@corp.io,2026-04-16,IN
u03-000828,user828@mail.co.in,2026-05-21,AU
u03-000829,user829@uni.edu,2026-08-15,IN
u03-000830,user830@corp.io,2026-08-15,GB
u03-000831,user831@mail.co.in,2026-04-19,US
u03-000832,user832@corp.io,2026-04-27,DE
u03-000833,user833@corp.io,2026-05-10,AU
u03-000834,user834@mail.co.in,2026-03-14,SG
u03-000835,user835@mail.co.in,2026-09-24,SG
u03-000836,user836@uni.edu,2026-03-11,US
u03-000837,user837@mail.co.in,2026-04-20,AU
u03-000838,user838@mail.co.in,2026-05-23,US
u03-000839,user839@corp.io,2026-06-17,IN
u03-000840,user840@mail.co.in,2026-06-15,US
u03-000841,user841@corp.io,2026-07-13,IN
u03-000842,user842@corp.io,2026-01-15,GB
u03-000843,user843@corp.io,2026-04-22,US
u03-000844,user844@corp.io,2026-01-14,GB
u03-000845,user845@uni.edu,2026-07-11,US
u03-000846,user846@mail.co.in,2026-06-12,US
u03-000847,user847@example.com,2026-09-11,IN
u03-000848,user848@uni.edu,2026-07-17,AU
u03-000849,user849@corp.io,2026-02-21,IN
u03-000850,user850@uni.edu,2026-05-26,US
u03-000851,user851@example.com,2026-04-26,DE
u03-000852,user852@uni.edu,2026-02-21,SG
u03-000853,user853@corp.io,2026-03-11,GB
u03-000854,user854@corp.io,2026-05-19,AU
u03-000855,user855@mail.co.in,2026-08-20,SG
u03-000856,user856@example.com,2026-02-25,AU
u03-000857,user857@uni.edu,2026-08-12,US
u03-000858,user858@uni.edu,2026-04-11,IN
u03-000859,user859@uni.edu,2026-08-13,SG
u03-000860,user860@example.com,2026-07-28,SG
u03-000861,user861@example.com,2026-05-28,SG
u03-000862,user862@corp.io,2026-07-19,US
u03-000863,user863@example.com,2026-07-26,US
u03-000864,user864@mail.co.in,2026-03-14,IN
u03-000865,user865@mail.co.in,2026-08-22,GB
u03-000866,user866@mail.co.in,2026-05-16,DE
u03-000867,user867@uni.edu,2026-06-23,AU
u03-000868,user868@corp.io,2026-04-27,IN
u03-000869,user869@uni.edu,2026-01-23,SG
u03-000870,user870@corp.io,2026-09-13,AU
u03-000871,user871@corp.io,2026-06-16,SG
u03-000872,user872@mail.co.in,2026-03-12,DE
u03-000873,user873@corp.io,2026-01-10,US
u03-000874,user874@mail.co.in,2026-09-28,SG
u03-000875,user875@example.com,2026-01-10,DE
u03-000876,user876@corp.io,2026-01-16,GB
u03-000877,user877@corp.io,2026-07-22,DE
u03-000878,user878@mail.co.in,2026-08-11,SG
u03-000879,user879@uni.edu,2026-05-11,AU
u03-000880,user880@mail.co.in,2026-05-18,US
u03-000881,user881@uni.edu,2026-04-11,DE
u03-000882,user882@corp.io,2026-09-13,AU
u03-000883,user883@corp.io,2026-03-17,IN
u03-000884,user884@mail.co.in,2026-04-16,SG
u03-000885,user885@uni.edu,2026-03-15,US
u03-000886,user886@corp.io,2026-06-25,AU
u03-000887,user887@corp.io,2026-03-16,SG
u03-000888,user888@corp.io,2026-06-14,GB
u03-000889,user889@example.com,2026-02-14,GB
u03-000890,user890@mail.co.in,2026-06-27,IN
u03-000891,user891@corp.io,2026-03-20,IN
u03-000892,user892@corp.io,2026-03-10,US
u03-000893,user893@example.com,2026-03-17,US
u03-000894,user894@corp.io,2026-03-22,SG
u03-000895,user895@corp.io,2026-08-24,GB
u03-000896,user896@mail.co.in,2026-08-11,US
u03-000897,user897@mail.co.in,2026-09-11,US
u03-000898,user898@corp.io,2026-07-12,DE
u03-000899,user899@corp.io,2026-03-23,IN
u03-000900,user900@example.com,2026-05-11,GB
u03-000901,user901@corp.io,2026-04-17,IN
u03-000902,user902@uni.edu,2026-05-10,SG
u03-000903,user903@corp.io,2026-04-23,AU
u03-000904,user904@uni.edu,2026-02-15,DE
u03-000905,user905@example.com,2026-07-24,AU
u03-000906,user906@uni.edu,2026-08-27,SG
u03-000907,user907@uni.edu,2026-09-15,SG
u03-000908,user908@example.com,2026-02-27,GB
u03-000909,user909@mail.co.in,2026-08-28,US
u03-000910,user910@example.com,2026-04-25,GB
u03-000911,user911@corp.io,2026-03-21,US
u03-000912,user912@example.com,2026-03-12,GB
u03-000913,user913@mail.co.in,2026-09-28,SG
u03-000914,user914@uni.edu,2026-05-11,US
u03-000915,user915@corp.io,2026-07-20,IN
u03-000916,user916@uni.edu,2026-07-13,IN
u03-000917,user917@example.com,2026-04-19,SG
u03-000918,user918@mail.co.in,2026-07-14,GB
u03-000919,user919@example.com,2026-01-10,AU
u03-000920,user920@corp.io,2026-05-10,SG
u03-000921,user921@mail.co.in,2026-09-16,IN
u03-000922,user922@uni.edu,2026-09-14,US
u03-000923,user923@corp.io,2026-04-18,SG
u03-000924,user924@example.com,2026-02-15,IN
u03-000925,user925@uni.edu,2026-03-25,AU
u03-000926,user926@uni.edu,2026-03-10,US
u03-000927,user927@uni.edu,2026-04-26,SG
u03-000928,user928@uni.edu,2026-05-16,GB
u03-000929,user929@mail.co.in,2026-06-25,AU
u03-000930,user930@example.com,2026-07-13,IN
u03-000931,user931@corp.io,2026-08-16,SG
u03-000932,user932@mail.co.in,2026-06-25,AU
u03-000933,user933@corp.io,2026-06-22,IN
u03-000934,user934@example.com,2026-05-13,AU
u03-000935,user935@corp.io,2026-02-15,SG
u03-000936,user936@corp.io,2026-08-10,AU
u03-000937,user937@corp.io,2026-07-28,AU
u03-000938,user938@mail.co.in,2026-04-19,DE
u03-000939,user939@mail.co.in,2026-01-27,US
u03-000940,user940@example.com,2026-02-15,IN
u03-000941,user941@mail.co.in,2026-09-16,DE
u03-000942,user942@uni.edu,2026-04-22,SG
u03-000943,user943@mail.co.in,2026-04-16,SG
u03-000944,user944@corp.io,2026-01-21,US
u03-000945,user945@mail.co.in,2026-08-14,AU
u03-000946,user946@mail.co.in,2026-07-18,SG
u03-000947,user947@example.com,2026-03-23,GB
u03-000948,user948@mail.co.in,2026-01-12,SG
u03-000949,user949@mail.co.in,2026-01-22,IN
u03-000950,user950@example.com,2026-03-27,US
u03-000951,user951@example.com,2026-01-14,AU
u03-000952,user952@corp.io,2026-06-28,DE
u03-000953,user953@uni.edu,2026-07-26,IN
u03-000954,user954@mail.co.in,2026-02-27,GB
u03-000955,user955@mail.co.in,2026-08-16,AU
u03-000956,user956@corp.io,2026-05-11,GB
u03-000957,user957@mail.co.in,2026-06-16,SG
u03-000958,user958@corp.io,2026-09-15,AU
u03-000959,user959@example.com,2026-06-25,GB
u03-000960,user960@mail.co.in,2026-06-16,US
u03-000961,user961@mail.co.in,2026-01-27,US
u03-000962,user962@mail.co.in,2026-08-25,GB
u03-000963,user963@example.com,2026-01-12,AU
u03-000964,user964@mail.co.in,2026-01-25,US
u03-000965,user965@uni.edu,2026-09-12,US
u03-000966,user966@uni.edu,2026-08-11,AU
u03-000967,user967@uni.edu,2026-02-16,GB
u03-000968,user968@example.com,2026-02-19,IN
u03-000969,user969@mail.co.in,2026-04-11,US
u03-000970,user970@example.com,2026-08-12,GB
u03-000971,user971@uni.edu,2026-02-14,AU
u03-000972,user972@uni.edu,2026-01-16,SG
u03-000973,user973@example.com,2026-06-17,DE
u03-000974,user974@corp.io,2026-09-23,AU
u03-000975,user975@mail.co.in,2026-09-24,AU
u03-000976,user976@mail.co.in,2026-04-20,US
u03-000977,user977@mail.co.in,2026-04-17,GB
u03-000978,user978@mail.co.in,2026-03-14,IN
u03-000979,user979@corp.io,2026-09-25,DE
u03-000980,user980@uni.edu,2026-08-12,SG
u03-000981,user981@corp.io,2026-04-13,IN
u03-000982,user982@uni.edu,2026-03-12,AU
u03-000983,user983@uni.edu,2026-09-19,SG
u03-000984,user984@example.com,2026-03-24,AU
u03-000985,user985@uni.edu,2026-06-23,SG
u03-000986,user986@uni.edu,2026-04-26,US
u03-000987,user987@example.com,2026-03-15,DE
u03-000988,user988@uni.edu,2026-02-19,US
u03-000989,user989@uni.edu,2026-06-13,SG
u03-000990,user990@corp.io,2026-08-16,IN
u03-000991,user991@uni.edu,2026-01-16,IN
u03-000992,user992@example.com,2026-05-19,GB
u03-000993,user993@mail.co.in,2026-09-14,IN
u03-000994,user994@uni.edu,2026-09-21,US
u03-000995,user995@example.com,2026-06-16,DE
u03-000996,user996@uni.edu,2026-08-17,DE
u03-000997,user997@uni.edu,2026-03-15,AU
u03-000998,user998@uni.edu,2026-03-19,US
u03-000999,user999@uni.edu,2026-02-19,GB
u03-001000,user1000@uni.edu,2026-05-22,AU
u03-001001,user1001@example.com,2026-01-23,DE
u03-001002,user1002@example.com,2026-09-27,IN
u03-001003,user1003@corp.io,2026-04-26,DE
u03-001004,user1004@mail.co.in,2026-01-26,DE
u03-001005,user1005@corp.io,2026-05-25,GB
u03-001006,user1006@uni.edu,2026-08-16,US
u03-001007,user1007@example.com,2026-06-15,SG
u03-001008,user1008@mail.co.in,2026-02-25,IN
u03-001009,user1009@mail.co.in,2026-08-14,GB
u03-001010,user1010@corp.io,2026-06-16,SG
u03-001011,user1011@mail.co.in,2026-05-22,AU
u03-001012,user1012@example.com,2026-04-12,DE
u03-001013,user1013@corp.io,2026-06-10,US
u03-001014,user1014@uni.edu,2026-08-10,IN
u03-001015,user1015@example.com,2026-05-24,DE
u03-001016,user1016@mail.co.in,2026-09-17,AU
u03-001017,user1017@mail.co.in,2026-02-21,US
u03-001018,user1018@corp.io,2026-02-20,SG
u03-001019,user1019@example.com,2026-07-25,GB
u03-001020,user1020@uni.edu,2026-03-27,SG
u03-001021,user1021@corp.io,2026-06-28,US
u03-001022,user1022@mail.co.in,2026-09-15,SG
u03-001023,user1023@mail.co.in,2026-07-20,AU
u03-001024,user1024@mail.co.in,2026-02-15,DE
u03-001025,user1025@mail.co.in,2026-09-19,GB
u03-001026,user1026@uni.edu,2026-05-25,DE
u03-001027,user1027@corp.io,2026-07-15,DE
u03-001028,user1028@corp.io,2026-09-11,SG
u03-001029,user1029@corp.io,2026-03-28,US
u03-001030,user1030@mail.co.in,2026-04-18,IN
u03-001031,user1031@mail.co.in,2026-07-21,US
u03-001032,user1032@corp.io,2026-03-23,US
u03-001033,user1033@corp.io,2026-06-18,GB
u03-001034,user1034@mail.co.in,2026-05-17,AU
u03-001035,user1035@corp.io,2026-03-17,DE
u03-001036,user1036@mail.co.in,2026-09-18,DE
u03-001037,user1037@corp.io,2026-02-28,US
u03-001038,user1038@example.com,2026-08-19,US
u03-001039,user1039@corp.io,2026-03-10,DE
u03-001040,user1040@uni.edu,2026-07-11,SG
u03-001041,user1041@mail.co.in,2026-03-19,IN
u03-001042,user1042@uni.edu,2026-09-27,DE
u03-001043,user1043@example.com,2026-01-19,AU
u03-001044,user1044@uni.edu,2026-05-19,GB
u03-001045,user1045@mail.co.in,2026-08-24,GB
u03-001046,user1046@uni.edu,2026-04-10,AU
u03-001047,user1047@mail.co.in,2026-03-11,DE
u03-001048,user1048@corp.io,2026-09-17,GB
u03-001049,user1049@corp.io,2026-07-18,DE
u03-001050,user1050@example.com,2026-03-15,IN
u03-001051,user1051@uni.edu,2026-06-14,US
u03-001052,user1052@mail.co.in,2026-02-23,DE
u03-001053,user1053@corp.io,2026-08-18,IN
u03-001054,user1054@mail.co.in,2026-03-17,AU
u03-001055,user1055@uni.edu,2026-03-22,AU
u03-001056,user1056@mail.co.in,2026-03-22,SG
u03-001057,user1057@corp.io,2026-03-20,US
u03-001058,user1058@uni.edu,2026-07-23,DE
u03-001059,user1059@example.com,2026-06-15,SG
u03-001060,user1060@mail.co.in,2026-03-18,IN
u03-001061,user1061@mail.co.in,2026-02-21,DE
u03-001062,user1062@corp.io,2026-08-13,US
u03-001063,user1063@mail.co.in,2026-09-24,DE
u03-001064,user1064@mail.co.in,2026-04-17,AU
u03-001065,user1065@example.com,2026-01-23,AU
u03-001066,user1066@example.com,2026-05-18,IN
u03-001067,user1067@corp.io,2026-01-15,DE
u03-001068,user1068@example.com,2026-09-27,US
u03-001069,user1069@corp.io,2026-04-17,SG
u03-001070,user1070@mail.co.in,2026-07-14,SG
u03-001071,user1071@mail.co.in,2026-03-21,DE
u03-001072,user1072@corp.io,2026-06-20,DE
u03-001073,user1073@mail.co.in,2026-09-21,AU
u03-001074,user1074@corp.io,2026-09-20,DE
u03-001075,user1075@corp.io,2026-07-16,DE
u03-001076,user1076@mail.co.in,2026-05-18,SG
u03-001077,user1077@uni.edu,2026-04-20,SG
u03-001078,user1078@example.com,2026-01-12,GB
u03-001079,user1079@corp.io,2026-06-25,GB
u03-001080,user1080@uni.edu,2026-04-14,GB
u03-001081,user1081@example.com,2026-06-15,US
u03-001082,user1082@corp.io,2026-02-12,GB
u03-001083,user1083@uni.edu,2026-02-23,GB
u03-001084,user1084@mail.co.in,2026-09-21,IN
u03-001085,user1085@uni.edu,2026-01-28,IN
u03-001086,user1086@uni.edu,2026-05-10,AU
u03-001087,user1087@uni.edu,2026-07-20,DE
u03-001088,user1088@corp.io,2026-02-19,GB
u03-001089,user1089@mail.co.in,2026-03-11,AU
u03-001090,user1090@example.com,2026-03-14,GB
u03-001091,user1091@corp.io,2026-07-23,AU
u03-001092,user1092@corp.io,2026-09-16,US
u03-001093,user1093@corp.io,2026-02-23,SG
u03-001094,user1094@uni.edu,2026-09-11,IN
u03-001095,user1095@corp.io,2026-08-14,DE
u03-001096,user1096@example.com,2026-07-28,AU
u03-001097,user1097@corp.io,2026-09-22,SG
u03-001098,user1098@example.com,2026-09-12,US
u03-001099,user1099@example.com,2026-07-28,SG
u03-001100,user1100@uni.edu,2026-09-17,GB
u03-001101,user1101@example.com,2026-03-20,GB
u03-001102,user1102@corp.io,2026-08-18,AU
u03-001103,user1103@uni.edu,2026-09-20,SG
u03-001104,user1104@uni.edu,2026-04-18,AU
u03-001105,user1105@uni.edu,2026-05-23,SG
u03-001106,user1106@uni.edu,2026-01-28,AU
u03-001107,user1107@mail.co.in,2026-01-23,GB
u03-001108,user1108@corp.io,2026-05-19,IN
u03-001109,user1109@example.com,2026-08-20,GB
u03-001110,user1110@uni.edu,2026-08-12,US
u03-001111,user1111@corp.io,2026-05-14,DE
u03-001112,user1112@corp.io,2026-06-27,GB
u03-001113,user1113@mail.co.in,2026-07-24,US
u03-001114,user1114@uni.edu,2026-03-28,US
u03-001115,user1115@uni.edu,2026-08-18,DE
u03-001116,user1116@mail.co.in,2026-08-11,US
u03-001117,user1117@corp.io,2026-05-15,SG
u03-001118,user1118@uni.edu,2026-06-21,GB
u03-001119,user1119@uni.edu,2026-09-23,GB
u03-001120,user1120@corp.io,2026-04-15,DE
u03-001121,user1121@corp.io,2026-01-15,US
u03-001122,user1122@uni.edu,2026-01-12,SG
u03-001123,user1123@corp.io,2026-06-26,DE
u03-001124,user1124@example.com,2026-04-18,DE
u03-001125,user1125@example.com,2026-08-28,US
u03-001126,user1126@corp.io,2026-05-20,AU
u03-001127,user1127@example.com,2026-05-15,SG
u03-001128,user1128@example.com,2026-04-28,DE
u03-001129,user1129@corp.io,2026-02-28,DE
u03-001130,user1130@corp.io,2026-05-15,SG
u03-001131,user1131@example.com,2026-01-23,GB
u03-001132,user1132@uni.edu,2026-09-19,US
u03-001133,user1133@mail.co.in,2026-01-25,IN
u03-001134,user1134@example.com,2026-01-12,SG
u03-001135,user1135@uni.edu,2026-08-16,US
u03-001136,user1136@uni.edu,2026-04-23,IN
u03-001137,user1137@uni.edu,2026-06-11,AU
u03-001138,user1138@example.com,2026-03-21,IN
u03-001139,user1139@corp.io,2026-01-13,AU
u03-001140,user1140@uni.edu,2026-09-20,US
u03-001141,user1141@example.com,2026-05-25,AU
u03-001142,user1142@mail.co.in,2026-09-16,IN
u03-001143,user1143@example.com,2026-08-26,IN
u03-001144,user1144@mail.co.in,2026-05-19,US
u03-001145,user1145@example.com,2026-08-21,GB
u03-001146,user1146@uni.edu,2026-09-17,US
u03-001147,user1147@uni.edu,2026-03-17,AU
u03-001148,user1148@mail.co.in,2026-04-20,US
u03-001149,user1149@mail.co.in,2026-08-28,GB
u03-001150,user1150@corp.io,2026-06-21,IN
u03-001151,user1151@mail.co.in,2026-04-27,AU
u03-001152,user1152@corp.io,2026-05-20,AU
u03-001153,user1153@uni.edu,2026-01-16,US
u03-001154,user1154@corp.io,2026-09-28,GB
u03-001155,user1155@example.com,2026-04-12,IN
u03-001156,user1156@corp.io,2026-05-16,SG
u03-001157,user1157@mail.co.in,2026-06-11,AU
u03-001158,user1158@example.com,2026-08-20,AU
u03-001159,user1159@example.com,2026-08-25,IN
u03-001160,user1160@uni.edu,2026-09-26,GB
u03-001161,user1161@example.com,2026-03-28,IN
u03-001162,user1162@uni.edu,2026-09-20,AU
u03-001163,user1163@uni.edu,2026-01-21,US
u03-001164,user1164@uni.edu,2026-06-16,GB
u03-001165,user1165@uni.edu,2026-01-16,AU
u03-001166,user1166@example.com,2026-07-16,DE
u03-001167,user1167@mail.co.in,2026-08-27,IN
u03-001168,user1168@mail.co.in,2026-07-25,US
u03-001169,user1169@corp.io,2026-04-26,GB
u03-001170,user1170@corp.io,2026-08-18,IN
u03-001171,user1171@corp.io,2026-01-15,SG
u03-001172,user1172@mail.co.in,2026-03-17,SG
u03-001173,user1173@corp.io,2026-06-16,DE
u03-001174,user1174@uni.edu,2026-01-12,SG
u03-001175,user1175@corp.io,2026-08-28,SG
u03-001176,user1176@uni.edu,2026-01-28,DE
u03-001177,user1177@mail.co.in,2026-01-19,GB
u03-001178,user1178@example.com,2026-02-13,SG
u03-001179,user1179@example.com,2026-09-28,US
u03-001180,user1180@mail.co.in,2026-09-28,US
u03-001181,user1181@corp.io,2026-06-15,DE
u03-001182,user1182@example.com,2026-07-17,SG
u03-001183,user1183@uni.edu,2026-09-15,IN
u03-001184,user1184@mail.co.in,2026-02-18,SG
u03-001185,user1185@uni.edu,2026-01-19,SG
u03-001186,user1186@uni.edu,2026-06-15,DE
u03-001187,user1187@mail.co.in,2026-01-19,SG
u03-001188,user1188@uni.edu,2026-03-24,SG
u03-001189,user1189@uni.edu,2026-04-16,DE
u03-001190,user1190@corp.io,2026-06-21,GB
u03-001191,user1191@corp.io,2026-09-23,IN
u03-001192,user1192@corp.io,2026-03-12,SG
u03-001193,user1193@uni.edu,2026-02-28,SG
u03-001194,user1194@corp.io,2026-01-28,DE
u03-001195,user1195@mail.co.in,2026-02-10,GB
u03-001196,user1196@corp.io,2026-02-19,AU
u03-001197,user1197@mail.co.in,2026-09-11,SG
u03-001198,user1198@mail.co.in,2026-02-10,US
u03-001199,user1199@uni.edu,2026-06-22,SG
u03-001200,user1200@corp.io,2026-09-28,DE
u03-001201,user1201@uni.edu,2026-03-21,AU
u03-001202,user1202@uni.edu,2026-09-14,AU
u03-001203,user1203@corp.io,2026-03-23,DE
u03-001204,user1204@uni.edu,2026-03-23,IN
u03-001205,user1205@mail.co.in,2026-05-28,IN
u03-001206,user1206@example.com,2026-01-27,US
u03-001207,user1207@example.com,2026-03-13,DE
u03-001208,user1208@corp.io,2026-08-26,DE
u03-001209,user1209@corp.io,2026-07-17,IN
u03-001210,user1210@mail.co.in,2026-06-22,SG
u03-001211,user1211@example.com,2026-05-12,SG
u03-001212,user1212@mail.co.in,2026-08-12,SG
u03-001213,user1213@mail.co.in,2026-02-21,AU
u03-001214,user1214@example.com,2026-06-24,US
u03-001215,user1215@uni.edu,2026-03-12,US
u03-001216,user1216@corp.io,2026-09-26,AU
u03-001217,user1217@mail.co.in,2026-05-24,DE
u03-001218,user1218@uni.edu,2026-02-17,AU
u03-001219,user1219@corp.io,2026-03-11,US
u03-001220,user1220@example.com,2026-01-14,DE
u03-001221,user1221@uni.edu,2026-04-15,US
u03-001222,user1222@corp.io,2026-07-15,SG
u03-001223,user1223@corp.io,2026-08-21,AU
u03-001224,user1224@mail.co.in,2026-08-26,GB
u03-001225,user1225@mail.co.in,2026-01-16,IN
u03-001226,user1226@uni.edu,2026-08-14,DE
u03-001227,user1227@mail.co.in,2026-05-18,SG
u03-001228,user1228@mail.co.in,2026-02-17,AU
u03-001229,user1229@example.com,2026-05-10,US
u03-001230,user1230@corp.io,2026-02-28,IN
u03-001231,user1231@mail.co.in,2026-05-15,US
u03-001232,user1232@mail.co.in,2026-06-15,IN
u03-001233,user1233@corp.io,2026-02-25,AU
u03-001234,user1234@corp.io,2026-06-18,SG
u03-001235,user1235@mail.co.in,2026-04-11,GB
u03-001236,user1236@mail.co.in,2026-09-11,IN
u03-001237,user1237@corp.io,2026-08-15,DE
u03-001238,user1238@uni.edu,2026-04-28,IN
u03-001239,user1239@example.com,2026-01-24,AU
u03-001240,user1240@mail.co.in,2026-07-21,IN
u03-001241,user1241@corp.io,2026-08-24,GB
u03-001242,user1242@uni.edu,2026-01-12,GB
u03-001243,user1243@uni.edu,2026-04-12,IN
u03-001244,user1244@mail.co.in,2026-07-12,DE
u03-001245,user1245@corp.io,2026-03-19,IN
u03-001246,user1246@uni.edu,2026-07-10,IN
u03-001247,user1247@mail.co.in,2026-01-15,US
u03-001248,user1248@uni.edu,2026-06-28,US
u03-001249,user1249@corp.io,2026-04-25,GB
u03-001250,user1250@corp.io,2026-05-13,GB
u03-001251,user1251@example.com,2026-02-23,DE
u03-001252,user1252@uni.edu,2026-08-14,IN
u03-001253,user1253@corp.io,2026-07-24,AU
u03-001254,user1254@example.com,2026-07-24,US
u03-001255,user1255@example.com,2026-01-17,SG
u03-001256,user1256@corp.io,2026-07-24,AU
u03-001257,user1257@corp.io,2026-08-19,GB
u03-001258,user1258@corp.io,2026-07-16,SG
u03-001259,user1259@corp.io,2026-05-21,IN
u03-001260,user1260@uni.edu,2026-06-26,GB
u03-001261,user1261@example.com,2026-02-18,US
u03-001262,user1262@corp.io,2026-07-16,DE
u03-001263,user1263@uni.edu,2026-06-22,GB
u03-001264,user1264@mail.co.in,2026-08-15,US
u03-001265,user1265@example.com,2026-03-28,AU
u03-001266,user1266@uni.edu,2026-06-20,AU
u03-001267,user1267@example.com,2026-09-25,DE
u03-001268,user1268@example.com,2026-03-17,GB
u03-001269,user1269@example.com,2026-07-24,IN
u03-001270,user1270@mail.co.in,2026-04-28,SG
u03-001271,user1271@corp.io,2026-05-18,US
u03-001272,user1272@mail.co.in,2026-01-26,SG
u03-001273,user1273@uni.edu,2026-07-18,SG
u03-001274,user1274@example.com,2026-08-21,DE
u03-001275,user1275@uni.edu,2026-08-15,US
u03-001276,user1276@uni.edu,2026-06-13,DE
u03-001277,user1277@mail.co.in,2026-03-15,GB
u03-001278,user1278@example.com,2026-09-18,US
u03-001279,user1279@corp.io,2026-06-15,AU
u03-001280,user1280@corp.io,2026-08-10,GB
u03-001281,user1281@uni.edu,2026-06-25,US
u03-001282,user1282@example.com,2026-05-21,GB
u03-001283,user1283@mail.co.in,2026-05-23,US
u03-001284,user1284@example.com,2026-04-22,SG
u03-001285,user1285@corp.io,2026-04-24,DE
u03-001286,user1286@mail.co.in,2026-04-10,AU
u03-001287,user1287@corp.io,2026-08-25,AU
u03-001288,user1288@mail.co.in,2026-08-16,DE
u03-001289,user1289@corp.io,2026-03-22,IN
u03-001290,user1290@example.com,2026-03-20,DE
u03-001291,user1291@mail.co.in,2026-04-21,IN
u03-001292,user1292@mail.co.in,2026-09-16,GB
u03-001293,user1293@uni.edu,2026-02-19,GB
u03-001294,user1294@example.com,2026-08-27,DE
u03-001295,user1295@mail.co.in,2026-01-26,GB
u03-001296,user1296@mail.co.in,2026-07-17,GB
u03-001297,user1297@corp.io,2026-05-22,US
u03-001298,user1298@mail.co.in,2026-09-12,AU
u03-001299,user1299@uni.edu,2026-01-17,SG
u03-001300,user1300@example.com,2026-03-17,GB
u03-001301,user1301@uni.edu,2026-08-12,SG
u03-001302,user1302@example.com,2026-02-24,US
u03-001303,user1303@example.com,2026-03-21,IN
u03-001304,user1304@corp.io,2026-05-14,SG
u03-001305,user1305@uni.edu,2026-03-16,GB
u03-001306,user1306@corp.io,2026-06-14,GB
u03-001307,user1307@example.com,2026-03-27,IN
u03-001308,user1308@example.com,2026-07-28,IN
u03-001309,user1309@corp.io,2026-08-28,GB
u03-001310,user1310@corp.io,2026-08-28,AU
u03-001311,user1311@uni.edu,2026-06-10,GB
u03-001312,user1312@uni.edu,2026-08-10,IN
u03-001313,user1313@example.com,2026-08-25,DE
u03-001314,user1314@uni.edu,2026-04-20,AU
u03-001315,user1315@uni.edu,2026-06-12,US
u03-001316,user1316@example.com,2026-09-23,SG
u03-001317,user1317@mail.co.in,2026-04-16,GB
u03-001318,user1318@uni.edu,2026-03-13,IN
u03-001319,user1319@example.com,2026-05-18,GB
u03-001320,user1320@corp.io,2026-01-15,DE
u03-001321,user1321@corp.io,2026-02-19,US
u03-001322,user1322@corp.io,2026-01-26,AU
u03-001323,user1323@corp.io,2026-07-19,IN
u03-001324,user1324@mail.co.in,2026-08-18,IN
u03-001325,user1325@corp.io,2026-01-25,AU
u03-001326,user1326@corp.io,2026-09-25,AU
u03-001327,user1327@corp.io,2026-05-11,DE
u03-001328,user1328@example.com,2026-02-24,AU
u03-001329,user1329@uni.edu,2026-07-10,SG
u03-001330,user1330@uni.edu,2026-08-24,US
u03-001331,user1331@mail.co.in,2026-09-12,AU
u03-001332,user1332@corp.io,2026-05-20,IN
u03-001333,user1333@mail.co.in,2026-01-24,GB
u03-001334,user1334@example.com,2026-07-16,DE
u03-001335,user1335@example.com,2026-05-13,DE
u03-001336,user1336@example.com,2026-09-15,SG
u03-001337,user1337@uni.edu,2026-01-18,GB
u03-001338,user1338@corp.io,2026-09-13,US
u03-001339,user1339@mail.co.in,2026-09-19,US
u03-001340,user1340@corp.io,2026-02-15,SG
u03-001341,user1341@example.com,2026-04-15,DE
u03-001342,user1342@uni.edu,2026-03-20,DE
u03-001343,user1343@uni.edu,2026-09-18,GB
u03-001344,user1344@corp.io,2026-02-16,DE
u03-001345,user1345@uni.edu,2026-02-22,US
u03-001346,user1346@uni.edu,2026-05-16,DE
u03-001347,user1347@example.com,2026-04-25,DE
u03-001348,user1348@mail.co.in,2026-07-13,DE
u03-001349,user1349@corp.io,2026-01-26,GB
u03-001350,user1350@mail.co.in,2026-03-27,IN
u03-001351,user1351@mail.co.in,2026-04-21,AU
u03-001352,user1352@example.com,2026-03-25,IN
u03-001353,user1353@mail.co.in,2026-03-16,SG
u03-001354,user1354@corp.io,2026-06-26,IN
u03-001355,user1355@mail.co.in,2026-03-28,SG
u03-001356,user1356@corp.io,2026-07-16,US
u03-001357,user1357@example.com,2026-07-24,DE
u03-001358,user1358@corp.io,2026-03-27,US
u03-001359,user1359@example.com,2026-03-16,AU
u03-001360,user1360@example.com,2026-01-24,US
u03-001361,user1361@corp.io,2026-05-11,SG
u03-001362,user1362@example.com,2026-02-26,US
u03-001363,user1363@mail.co.in,2026-02-25,AU
u03-001364,user1364@mail.co.in,2026-04-12,SG
u03-001365,user1365@mail.co.in,2026-08-14,DE
u03-001366,user1366@corp.io,2026-02-13,SG
u03-001367,user1367@corp.io,2026-09-16,DE
u03-001368,user1368@example.com,2026-05-16,SG
u03-001369,user1369@mail.co.in,2026-09-19,DE
u03-001370,user1370@example.com,2026-02-18,US
u03-001371,user1371@mail.co.in,2026-03-16,GB
u03-001372,user1372@uni.edu,2026-05-13,GB
u03-001373,user1373@example.com,2026-06-17,GB
u03-001374,user1374@mail.co.in,2026-08-23,DE
u03-001375,user1375@uni.edu,2026-04-22,DE
u03-001376,user1376@example.com,2026-03-10,DE
u03-001377,user1377@uni.edu,2026-08-27,IN
u03-001378,user1378@corp.io,2026-07-12,IN
u03-001379,user1379@uni.edu,2026-04-10,AU
u03-001380,user1380@example.com,2026-02-28,US
u03-001381,user1381@corp.io,2026-03-10,SG
u03-001382,user1382@example.com,2026-07-25,GB
u03-001383,user1383@mail.co.in,2026-05-17,SG
u03-001384,user1384@corp.io,2026-01-18,SG
u03-001385,user1385@uni.edu,2026-05-28,AU
u03-001386,user1386@example.com,2026-02-13,GB
u03-001387,user1387@corp.io,2026-05-19,AU
u03-001388,user1388@mail.co.in,2026-03-12,IN
u03-001389,user1389@mail.co.in,2026-01-18,DE
u03-001390,user1390@mail.co.in,2026-05-20,US
u03-001391,user1391@corp.io,2026-09-27,IN
u03-001392,user1392@mail.co.in,2026-06-15,US
u03-001393,user1393@uni.edu,2026-01-12,AU
u03-001394,user1394@uni.edu,2026-03-15,AU
u03-001395,user1395@example.com,2026-04-27,AU
u03-001396,user1396@uni.edu,2026-02-26,AU
u03-001397,user1397@uni.edu,2026-08-25,GB
u03-001398,user1398@example.com,2026-08-16,GB
u03-001399,user1399@example.com,2026-02-18,US
u03-001400,user1400@example.com,2026-05-21,IN
u03-001401,user1401@corp.io,2026-05-14,GB
u03-001402,user1402@mail.co.in,2026-03-24,IN
u03-001403,user1403@example.com,2026-04-21,US
u03-001404,user1404@uni.edu,2026-06-24,US
u03-001405,user1405@corp.io,2026-03-19,AU
u03-001406,user1406@example.com,2026-07-12,DE
u03-001407,user1407@corp.io,2026-02-17,AU
u03-001408,user1408@mail.co.in,2026-09-24,AU
u03-001409,user1409@example.com,2026-06-19,DE
u03-001410,user1410@example.com,2026-07-19,GB
u03-001411,user1411@example.com,2026-09-20,DE
u03-001412,user1412@uni.edu,2026-03-21,SG
u03-001413,user1413@uni.edu,2026-09-10,SG
u03-001414,user1414@example.com,2026-01-10,US
u03-001415,user1415@mail.co.in,2026-03-12,DE
u03-001416,user1416@mail.co.in,2026-04-18,GB
u03-001417,user1417@example.com,2026-04-22,DE
u03-001418,user1418@corp.io,2026-09-10,SG
u03-001419,user1419@corp.io,2026-08-28,US
u03-001420,user1420@uni.edu,2026-02-21,US
u03-001421,user1421@example.com,2026-01-11,IN
u03-001422,user1422@uni.edu,2026-04-26,GB
u03-001423,user1423@uni.edu,2026-06-15,US
u03-001424,user1424@corp.io,2026-04-24,US
u03-001425,user1425@uni.edu,2026-09-17,SG
u03-001426,user1426@corp.io,2026-07-19,SG
u03-001427,user1427@corp.io,2026-05-11,SG
u03-001428,user1428@mail.co.in,2026-01-18,GB
u03-001429,user1429@uni.edu,2026-01-16,AU
u03-001430,user1430@uni.edu,2026-02-12,SG
u03-001431,user1431@corp.io,2026-07-24,DE
u03-001432,user1432@uni.edu,2026-08-24,DE
u03-001433,user1433@example.com,2026-05-10,DE
u03-001434,user1434@example.com,2026-04-16,US
u03-001435,user1435@mail.co.in,2026-04-27,IN
u03-001436,user1436@mail.co.in,2026-08-14,GB
u03-001437,user1437@example.com,2026-05-14,GB
u03-001438,user1438@mail.co.in,2026-03-20,DE
u03-001439,user1439@mail.co.in,2026-02-27,DE
u03-001440,user1440@example.com,2026-08-22,SG
u03-001441,user1441@corp.io,2026-02-16,US
u03-001442,user1442@mail.co.in,2026-07-25,GB
u03-001443,user1443@example.com,2026-09-10,AU
u03-001444,user1444@uni.edu,2026-01-21,US
u03-001445,user1445@uni.edu,2026-04-23,DE
u03-001446,user1446@uni.edu,2026-04-17,AU
u03-001447,user1447@example.com,2026-05-21,US
u03-001448,user1448@corp.io,2026-02-16,AU
u03-001449,user1449@mail.co.in,2026-07-23,GB
u03-001450,user1450@mail.co.in,2026-07-27,DE
u03-001451,user1451@mail.co.in,2026-02-23,SG
u03-001452,user1452@mail.co.in,2026-04-12,US
u03-001453,user1453@example.com,2026-01-21,DE
u03-001454,user1454@example.com,2026-07-10,US
u03-001455,user1455@mail.co.in,2026-05-26,US
u03-001456,user1456@corp.io,2026-02-21,GB
u03-001457,user1457@example.com,2026-02-19,AU
u03-001458,user1458@corp.io,2026-08-24,DE
u03-001459,user1459@corp.io,2026-01-26,GB
u03-001460,user1460@mail.co.in,2026-02-13,SG
u03-001461,user1461@corp.io,2026-09-19,SG
u03-001462,user1462@mail.co.in,2026-04-28,US
u03-001463,user1463@example.com,2026-09-24,SG
u03-001464,user1464@corp.io,2026-01-22,DE
u03-001465,user1465@corp.io,2026-05-19,US
u03-001466,user1466@mail.co.in,2026-07-26,GB
u03-001467,user1467@example.com,2026-08-15,DE
u03-001468,user1468@mail.co.in,2026-05-27,US
u03-001469,user1469@corp.io,2026-07-14,AU
u03-001470,user1470@corp.io,2026-04-25,US
u03-001471,user1471@example.com,2026-05-21,AU
u03-001472,user1472@uni.edu,2026-08-17,SG
u03-001473,user1473@example.com,2026-07-25,US
u03-001474,user1474@uni.edu,2026-05-20,GB
u03-001475,user1475@corp.io,2026-03-12,IN
u03-001476,user1476@corp.io,2026-09-10,GB
u03-001477,user1477@example.com,2026-06-25,AU
u03-001478,user1478@corp.io,2026-06-16,SG
u03-001479,user1479@uni.edu,2026-01-10,GB
u03-001480,user1480@uni.edu,2026-06-25,AU
u03-001481,user1481@corp.io,2026-02-17,SG
u03-001482,user1482@mail.co.in,2026-08-20,SG
u03-001483,user1483@uni.edu,2026-03-13,US
u03-001484,user1484@mail.co.in,2026-03-19,US
u03-001485,user1485@mail.co.in,2026-02-13,GB
u03-001486,user1486@mail.co.in,2026-02-21,US
u03-001487,user1487@example.com,2026-09-19,IN
u03-001488,user1488@uni.edu,2026-02-17,AU
u03-001489,user1489@example.com,2026-09-28,AU
u03-001490,user1490@uni.edu,2026-05-24,GB
u03-001491,user1491@corp.io,2026-02-23,GB
u03-001492,user1492@example.com,2026-03-10,SG
u03-001493,user1493@example.com,2026-01-13,US
u03-001494,user1494@corp.io,2026-09-25,AU
u03-001495,user1495@mail.co.in,2026-03-17,DE
u03-001496,user1496@mail.co.in,2026-03-14,DE
u03-001497,user1497@mail.co.in,2026-04-19,SG
u03-001498,user1498@uni.edu,2026-09-27,IN
u03-001499,user1499@example.com,2026-07-13,SG
u03-001500,user1500@example.com,2026-09-17,US
u03-001501,user1501@example.com,2026-09-13,AU
u03-001502,user1502@example.com,2026-06-13,SG
u03-001503,user1503@mail.co.in,2026-06-12,AU
u03-001504,user1504@uni.edu,2026-08-25,GB
u03-001505,user1505@mail.co.in,2026-07-10,GB
u03-001506,user1506@mail.co.in,2026-07-25,AU
u03-001507,user1507@uni.edu,2026-02-25,SG
u03-001508,user1508@corp.io,2026-03-13,US
u03-001509,user1509@example.com,2026-03-10,GB
u03-001510,user1510@corp.io,2026-08-16,GB
u03-001511,user1511@mail.co.in,2026-05-28,US
u03-001512,user1512@corp.io,2026-05-23,SG
u03-001513,user1513@example.com,2026-05-20,GB
u03-001514,user1514@mail.co.in,2026-09-17,DE
u03-001515,user1515@corp.io,2026-07-13,SG
u03-001516,user1516@corp.io,2026-08-17,DE
u03-001517,user1517@corp.io,2026-08-16,GB
u03-001518,user1518@mail.co.in,2026-04-15,GB
u03-001519,user1519@uni.edu,2026-07-28,SG
u03-001520,user1520@example.com,2026-05-19,DE
u03-001521,user1521@mail.co.in,2026-05-13,GB
u03-001522,user1522@uni.edu,2026-07-11,DE
u03-001523,user1523@uni.edu,2026-09-25,SG
u03-001524,user1524@example.com,2026-06-22,AU
u03-001525,user1525@example.com,2026-06-25,AU
u03-001526,user1526@mail.co.in,2026-09-18,IN
u03-001527,user1527@corp.io,2026-01-20,GB
u03-001528,user1528@uni.edu,2026-01-23,AU
u03-001529,user1529@mail.co.in,2026-09-21,DE
u03-001530,user1530@uni.edu,2026-07-14,AU
u03-001531,user1531@corp.io,2026-06-10,AU
u03-001532,user1532@corp.io,2026-07-15,DE
u03-001533,user1533@example.com,2026-07-11,GB
u03-001534,user1534@corp.io,2026-05-13,IN
u03-001535,user1535@corp.io,2026-09-21,SG
u03-001536,user1536@example.com,2026-07-18,SG
u03-001537,user1537@corp.io,2026-09-11,US
u03-001538,user1538@example.com,2026-06-18,SG
u03-001539,user1539@mail.co.in,2026-06-12,GB
u03-001540,user1540@mail.co.in,2026-03-25,US
u03-001541,user1541@corp.io,2026-06-16,US
u03-001542,user1542@corp.io,2026-05-25,AU
u03-001543,user1543@mail.co.in,2026-07-17,US
u03-001544,user1544@mail.co.in,2026-01-15,GB
u03-001545,user1545@mail.co.in,2026-04-19,IN
u03-001546,user1546@uni.edu,2026-03-10,SG
u03-001547,user1547@mail.co.in,2026-03-14,SG
u03-001548,user1548@corp.io,2026-01-19,DE
u03-001549,user1549@example.com,2026-06-27,AU
u03-001550,user1550@corp.io,2026-07-21,DE
u03-001551,user1551@mail.co.in,2026-06-15,AU
u03-001552,user1552@mail.co.in,2026-01-13,US
u03-001553,user1553@example.com,2026-05-13,DE
u03-001554,user1554@uni.edu,2026-01-27,DE
u03-001555,user1555@corp.io,2026-04-13,SG
u03-001556,user1556@uni.edu,2026-08-17,GB
u03-001557,user1557@corp.io,2026-05-27,GB
u03-001558,user1558@mail.co.in,2026-08-10,AU
u03-001559,user1559@corp.io,2026-01-12,US
u03-001560,user1560@example.com,2026-06-19,US
u03-001561,user1561@corp.io,2026-08-25,DE
u03-001562,user1562@mail.co.in,2026-09-18,GB
u03-001563,user1563@uni.edu,2026-07-11,GB
u03-001564,user1564@example.com,2026-02-11,SG
u03-001565,user1565@example.com,2026-08-16,IN
u03-001566,user1566@corp.io,2026-02-17,DE
u03-001567,user1567@corp.io,2026-08-21,AU
u03-001568,user1568@uni.edu,2026-06-28,US
u03-001569,user1569@mail.co.in,2026-03-10,DE
u03-001570,user1570@example.com,2026-05-20,DE
u03-001571,user1571@corp.io,2026-09-15,US
u03-001572,user1572@uni.edu,2026-02-19,SG
u03-001573,user1573@corp.io,2026-02-11,GB
u03-001574,user1574@corp.io,2026-03-12,AU
u03-001575,user1575@corp.io,2026-09-22,AU
u03-001576,user1576@example.com,2026-03-26,IN
u03-001577,user1577@corp.io,2026-07-21,SG
u03-001578,user1578@corp.io,2026-07-23,AU
u03-001579,user1579@uni.edu,2026-05-27,US
u03-001580,user1580@corp.io,2026-06-12,AU
u03-001581,user1581@corp.io,2026-02-10,DE
u03-001582,user1582@corp.io,2026-06-15,GB
u03-001583,user1583@mail.co.in,2026-07-20,GB
u03-001584,user1584@example.com,2026-07-19,IN
u03-001585,user1585@example.com,2026-02-19,SG
u03-001586,user1586@mail.co.in,2026-08-22,AU
u03-001587,user1587@uni.edu,2026-03-20,US
u03-001588,user1588@corp.io,2026-06-10,IN
u03-001589,user1589@corp.io,2026-02-17,US
u03-001590,user1590@example.com,2026-09-18,SG
u03-001591,user1591@example.com,2026-02-20,AU
u03-001592,user1592@mail.co.in,2026-08-20,SG
u03-001593,user1593@mail.co.in,2026-01-27,AU
u03-001594,user1594@example.com,2026-05-28,GB
u03-001595,user1595@corp.io,2026-05-14,GB
u03-001596,user1596@corp.io,2026-05-22,US
u03-001597,user1597@uni.edu,2026-02-14,GB
u03-001598,user1598@uni.edu,2026-04-25,DE
u03-001599,user1599@example.com,2026-08-19,US
u03-001600,user1600@mail.co.in,2026-05-22,US
u03-001601,user1601@mail.co.in,2026-07-19,DE
u03-001602,user1602@mail.co.in,2026-08-23,SG
u03-001603,user1603@corp.io,2026-01-11,US
u03-001604,user1604@corp.io,2026-08-12,SG
u03-001605,user1605@example.com,2026-03-25,US
u03-001606,user1606@corp.io,2026-04-22,SG
u03-001607,user1607@mail.co.in,2026-03-18,AU
u03-001608,user1608@mail.co.in,2026-04-25,DE
u03-001609,user1609@uni.edu,2026-01-16,DE
u03-001610,user1610@corp.io,2026-03-17,SG
u03-001611,user1611@mail.co.in,2026-02-22,US
u03-001612,user1612@mail.co.in,2026-02-16,IN
u03-001613,user1613@mail.co.in,2026-05-11,IN
u03-001614,user1614@mail.co.in,2026-09-26,DE
u03-001615,user1615@corp.io,2026-05-19,DE
u03-001616,user1616@mail.co.in,2026-05-24,SG
u03-001617,user1617@uni.edu,2026-01-13,DE
u03-001618,user1618@uni.edu,2026-03-12,GB
u03-001619,user1619@mail.co.in,2026-07-15,GB
u03-001620,user1620@example.com,2026-02-16,GB
u03-001621,user1621@uni.edu,2026-03-14,DE
u03-001622,user1622@uni.edu,2026-02-11,AU
u03-001623,user1623@mail.co.in,2026-05-27,IN
u03-001624,user1624@uni.edu,2026-01-28,SG
u03-001625,user1625@example.com,2026-07-27,AU
u03-001626,user1626@uni.edu,2026-07-12,DE
u03-001627,user1627@example.com,2026-07-25,IN
u03-001628,user1628@corp.io,2026-08-12,AU
u03-001629,user1629@mail.co.in,2026-01-19,DE
u03-001630,user1630@corp.io,2026-08-23,SG
u03-001631,user1631@mail.co.in,2026-02-24,GB
u03-001632,user1632@mail.co.in,2026-03-11,SG
u03-001633,user1633@example.com,2026-09-13,SG
u03-001634,user1634@corp.io,2026-05-26,SG
u03-001635,user1635@mail.co.in,2026-01-22,DE
u03-001636,user1636@uni.edu,2026-09-16,IN
u03-001637,user1637@example.com,2026-04-26,GB
u03-001638,user1638@corp.io,2026-04-11,AU
u03-001639,user1639@uni.edu,2026-01-21,IN
u03-001640,user1640@example.com,2026-09-21,AU
u03-001641,user1641@corp.io,2026-01-24,IN
u03-001642,user1642@example.com,2026-03-26,AU
u03-001643,user1643@mail.co.in,2026-07-10,DE
u03-001644,user1644@corp.io,2026-06-14,DE
u03-001645,user1645@mail.co.in,2026-03-10,GB
u03-001646,user1646@mail.co.in,2026-01-22,DE
u03-001647,user1647@mail.co.in,2026-05-13,SG
u03-001648,user1648@mail.co.in,2026-02-26,AU
u03-001649,user1649@corp.io,2026-03-11,DE
u03-001650,user1650@uni.edu,2026-01-10,IN
u03-001651,user1651@mail.co.in,2026-08-16,IN
u03-001652,user1652@corp.io,2026-04-17,SG
u03-001653,user1653@example.com,2026-04-26,DE
u03-001654,user1654@uni.edu,2026-06-15,SG
u03-001655,user1655@example.com,2026-03-16,SG
u03-001656,user1656@example.com,2026-03-15,GB
u03-001657,user1657@example.com,2026-01-27,IN
u03-001658,user1658@example.com,2026-05-15,SG
u03-001659,user1659@mail.co.in,2026-05-21,IN
u03-001660,user1660@corp.io,2026-02-11,SG
u03-001661,user1661@uni.edu,2026-04-25,DE
u03-001662,user1662@corp.io,2026-05-21,GB
u03-001663,user1663@uni.edu,2026-01-25,GB
u03-001664,user1664@mail.co.in,2026-09-17,AU
u03-001665,user1665@corp.io,2026-01-18,AU
u03-001666,user1666@mail.co.in,2026-01-16,AU
u03-001667,user1667@example.com,2026-03-25,DE
u03-001668,user1668@uni.edu,2026-09-27,SG
u03-001669,user1669@example.com,2026-05-23,IN
u03-001670,user1670@mail.co.in,2026-02-17,AU
u03-001671,user1671@example.com,2026-04-16,IN
u03-001672,user1672@example.com,2026-04-27,DE
u03-001673,user1673@example.com,2026-03-23,GB
u03-001674,user1674@corp.io,2026-03-16,US
u03-001675,user1675@uni.edu,2026-08-28,DE
u03-001676,user1676@uni.edu,2026-01-21,SG
u03-001677,user1677@uni.edu,2026-03-13,GB
u03-001678,user1678@mail.co.in,2026-04-10,US
u03-001679,user1679@uni.edu,2026-06-13,GB
u03-001680,user1680@mail.co.in,2026-08-23,AU
u03-001681,user1681@corp.io,2026-01-15,DE
u03-001682,user1682@mail.co.in,2026-06-21,US
u03-001683,user1683@corp.io,2026-04-19,GB
u03-001684,user1684@corp.io,2026-01-28,US
u03-001685,user1685@mail.co.in,2026-09-11,IN
u03-001686,user1686@mail.co.in,2026-01-10,GB
u03-001687,user1687@example.com,2026-03-27,DE
u03-001688,user1688@example.com,2026-02-22,GB
u03-001689,user1689@uni.edu,2026-05-25,AU
u03-001690,user1690@example.com,2026-04-14,SG
u03-001691,user1691@corp.io,2026-05-25,SG
u03-001692,user1692@mail.co.in,2026-01-26,IN
u03-001693,user1693@corp.io,2026-02-15,IN
u03-001694,user1694@mail.co.in,2026-09-14,US
u03-001695,user1695@corp.io,2026-09-25,US
u03-001696,user1696@mail.co.in,2026-02-10,GB
u03-001697,user1697@example.com,2026-07-22,SG
u03-001698,user1698@corp.io,2026-02-14,US
u03-001699,user1699@corp.io,2026-03-22,GB
u03-001700,user1700@uni.edu,2026-03-18,AU
u03-001701,user1701@example.com,2026-03-19,AU
u03-001702,user1702@uni.edu,2026-09-23,DE
u03-001703,user1703@uni.edu,2026-01-24,IN
u03-001704,user1704@uni.edu,2026-05-19,DE
u03-001705,user1705@corp.io,2026-08-18,DE
u03-001706,user1706@example.com,2026-07-25,AU
u03-001707,user1707@mail.co.in,2026-01-27,SG
u03-001708,user1708@mail.co.in,2026-01-14,SG
u03-001709,user1709@mail.co.in,2026-08-11,AU
u03-001710,user1710@corp.io,2026-05-23,IN
u03-001711,user1711@corp.io,2026-04-27,IN
u03-001712,user1712@example.com,2026-07-10,IN
u03-001713,user1713@example.com,2026-06-24,IN
u03-001714,user1714@mail.co.in,2026-07-26,US
u03-001715,user1715@mail.co.in,2026-03-17,DE
u03-001716,user1716@uni.edu,2026-05-16,US
u03-001717,user1717@uni.edu,2026-05-13,DE
u03-001718,user1718@uni.edu,2026-07-27,US
u03-001719,user1719@uni.edu,2026-06-13,AU
u03-001720,user1720@mail.co.in,2026-02-18,SG
u03-001721,user1721@example.com,2026-06-16,US
u03-001722,user1722@uni.edu,2026-01-20,DE
u03-001723,user1723@uni.edu,2026-06-25,US
u03-001724,user1724@example.com,2026-08-28,SG
u03-001725,user1725@mail.co.in,2026-04-24,GB
u03-001726,user1726@example.com,2026-03-28,IN
u03-001727,user1727@example.com,2026-08-23,US
u03-001728,user1728@corp.io,2026-07-21,US
u03-001729,user1729@corp.io,2026-02-18,SG
u03-001730,user1730@corp.io,2026-08-13,AU
u03-001731,user1731@mail.co.in,2026-01-16,SG
u03-001732,user1732@example.com,2026-04-17,IN
u03-001733,user1733@example.com,2026-06-27,DE
u03-001734,user1734@mail.co.in,2026-06-18,GB
u03-001735,user1735@example.com,2026-02-16,AU
u03-001736,user1736@uni.edu,2026-09-21,IN
u03-001737,user1737@corp.io,2026-06-16,IN
u03-001738,user1738@corp.io,2026-09-25,DE
u03-001739,user1739@example.com,2026-07-18,AU
u03-001740,user1740@uni.edu,2026-02-19,DE
u03-001741,user1741@corp.io,2026-06-16,AU
u03-001742,user1742@example.com,2026-04-11,US
u03-001743,user1743@example.com,2026-07-28,US
u03-001744,user1744@corp.io,2026-08-27,AU
u03-001745,user1745@uni.edu,2026-08-26,AU
u03-001746,user1746@mail.co.in,2026-07-21,IN
u03-001747,user1747@uni.edu,2026-07-27,IN
u03-001748,user1748@mail.co.in,2026-08-22,SG
u03-001749,user1749@corp.io,2026-05-20,SG
u03-001750,user1750@corp.io,2026-08-22,US
u03-001751,user1751@mail.co.in,2026-01-16,AU
u03-001752,user1752@corp.io,2026-04-11,IN
u03-001753,user1753@mail.co.in,2026-08-10,IN
u03-001754,user1754@mail.co.in,2026-04-24,SG
u03-001755,user1755@mail.co.in,2026-03-18,GB
u03-001756,user1756@corp.io,2026-09-18,DE
u03-001757,user1757@mail.co.in,2026-02-27,DE
u03-001758,user1758@mail.co.in,2026-07-28,US
u03-001759,user1759@mail.co.in,2026-03-22,IN
u03-001760,user1760@corp.io,2026-08-17,IN
u03-001761,user1761@mail.co.in,2026-08-22,DE
u03-001762,user1762@uni.edu,2026-07-13,GB
u03-001763,user1763@uni.edu,2026-09-13,IN
u03-001764,user1764@corp.io,2026-08-19,IN
u03-001765,user1765@example.com,2026-06-28,GB
u03-001766,user1766@uni.edu,2026-03-18,DE
u03-001767,user1767@mail.co.in,2026-05-15,AU
u03-001768,user1768@corp.io,2026-06-18,AU
u03-001769,user1769@uni.edu,2026-08-27,DE
u03-001770,user1770@example.com,2026-06-16,GB
u03-001771,user1771@uni.edu,2026-03-20,US
u03-001772,user1772@mail.co.in,2026-09-20,SG
u03-001773,user1773@uni.edu,2026-09-28,GB
u03-001774,user1774@mail.co.in,2026-02-27,DE
u03-001775,user1775@uni.edu,2026-07-15,GB
u03-001776,user1776@corp.io,2026-08-12,AU
u03-001777,user1777@example.com,2026-06-19,IN
u03-001778,user1778@example.com,2026-08-16,US
u03-001779,user1779@example.com,2026-03-15,GB
u03-001780,user1780@corp.io,2026-04-21,SG
u03-001781,user1781@example.com,2026-05-11,SG
u03-001782,user1782@mail.co.in,2026-02-19,IN
u03-001783,user1783@uni.edu,2026-03-12,DE
u03-001784,user1784@corp.io,2026-04-25,GB
u03-001785,user1785@corp.io,2026-03-18,SG
u03-001786,user1786@uni.edu,2026-05-15,SG
u03-001787,user1787@mail.co.in,2026-01-20,IN
u03-001788,user1788@uni.edu,2026-05-22,DE
u03-001789,user1789@uni.edu,2026-07-19,DE
u03-001790,user1790@example.com,2026-09-24,SG
u03-001791,user1791@uni.edu,2026-03-19,IN
u03-001792,user1792@example.com,2026-02-15,AU
u03-001793,user1793@uni.edu,2026-09-14,GB
u03-001794,user1794@uni.edu,2026-09-12,AU
u03-001795,user1795@uni.edu,2026-02-26,IN
u03-001796,user1796@example.com,2026-05-22,IN
u03-001797,user1797@corp.io,2026-06-20,AU
u03-001798,user1798@corp.io,2026-09-28,SG
u03-001799,user1799@uni.edu,2026-04-21,DE
u03-001800,user1800@corp.io,2026-08-26,SG
u03-001801,user1801@example.com,2026-02-16,DE
u03-001802,user1802@corp.io,2026-06-25,IN
u03-001803,user1803@mail.co.in,2026-03-19,US
u03-001804,user1804@mail.co.in,2026-05-18,AU
u03-001805,user1805@uni.edu,2026-03-25,US
u03-001806,user1806@corp.io,2026-03-28,SG
u03-001807,user1807@mail.co.in,2026-04-11,GB
u03-001808,user1808@uni.edu,2026-02-23,DE
u03-001809,user1809@mail.co.in,2026-09-16,SG
u03-001810,user1810@example.com,2026-06-17,IN
u03-001811,user1811@corp.io,2026-05-11,DE
u03-001812,user1812@mail.co.in,2026-02-28,GB
u03-001813,user1813@uni.edu,2026-08-12,DE
u03-001814,user1814.uni.edu,2026-03-13,GB
u03-001815,user1815@corp.io,2026-08-24,GB
u03-001816,user1816@example.com,2026-09-17,AU
u03-001817,user1817@mail.co.in,2026-07-12,AU
u03-001818,user1818@uni.edu,2026-05-24,AU
u03-001819,user1819@example.com,2026-01-17,IN
u03-001820,user1820@mail.co.in,2026-03-10,GB
u03-001821,user1821@mail.co.in,2026-05-25,US
u03-001822,user1822@example.com,2026-05-26,SG
u03-001823,user1823@example.com,2026-05-27,SG
u03-001824,user1824@example.com,2026-01-13,US
u03-001825,user1825@example.com,2026-03-25,DE
u03-001826,user1826@example.com,2026-05-20,GB
u03-001827,user1827@example.com,2026-04-14,IN
u03-001828,user1828@example.com,2026-08-14,GB
u03-001829,user1829@corp.io,2026-08-22,US
u03-001830,user1830@corp.io,2026-03-12,IN
u03-001831,user1831@uni.edu,2026-02-25,US
u03-001832,user1832@example.com,2026-02-22,DE
u03-001833,user1833@uni.edu,2026-02-21,SG
u03-001834,user1834@uni.edu,2026-06-17,IN
u03-001835,user1835@example.com,2026-07-26,US
u03-001836,user1836@corp.io,2026-05-12,AU
u03-001837,user1837@mail.co.in,2026-01-25,DE
u03-001838,user1838@mail.co.in,2026-09-16,SG
u03-001839,user1839@uni.edu,2026-01-27,DE
u03-001840,user1840@uni.edu,2026-05-12,SG
u03-001841,user1841@mail.co.in,2026-02-16,AU
u03-001842,user1842@mail.co.in,2026-08-21,DE
u03-001843,user1843@corp.io,2026-01-11,IN
u03-001844,user1844@uni.edu,2026-02-16,US
u03-001845,user1845@mail.co.in,2026-05-18,GB
u03-001846,user1846@example.com,2026-03-10,AU
u03-001847,user1847@mail.co.in,2026-04-10,SG
u03-001848,user1848@uni.edu,2026-07-25,IN
u03-001849,user1849@uni.edu,2026-02-18,SG
u03-001850,user1850@corp.io,2026-01-11,IN
u03-001851,user1851@mail.co.in,2026-08-17,DE
u03-001852,user1852@example.com,2026-09-26,US
u03-001853,user1853@mail.co.in,2026-03-17,AU
u03-001854,user1854@mail.co.in,2026-06-12,US
u03-001855,user1855@mail.co.in,2026-07-22,US
u03-001856,user1856@corp.io,2026-04-18,AU
u03-001857,user1857@corp.io,2026-04-24,GB
u03-001858,user1858@example.com,2026-09-20,AU
u03-001859,user1859@uni.edu,2026-04-16,IN
u03-001860,user1860@corp.io,2026-07-13,AU
u03-001861,user1861@corp.io,2026-02-24,SG
u03-001862,user1862@corp.io,2026-03-14,AU
u03-001863,user1863@mail.co.in,2026-01-14,US
u03-001864,user1864@corp.io,2026-02-21,SG
u03-001865,user1865@mail.co.in,2026-07-17,GB
u03-001866,user1866@uni.edu,2026-09-11,IN
u03-001867,user1867@mail.co.in,2026-03-14,SG
u03-001868,user1868@example.com,2026-02-24,GB
u03-001869,user1869@uni.edu,2026-01-15,SG
u03-001870,user1870@example.com,2026-05-13,US
u03-001871,user1871@mail.co.in,2026-09-17,IN
u03-001872,user1872@mail.co.in,2026-02-16,AU
u03-001873,user1873@corp.io,2026-06-16,AU
u03-001874,user1874@example.com,2026-06-18,US
u03-001875,user1875@example.com,2026-04-11,AU
u03-001876,user1876@mail.co.in,2026-06-20,AU
u03-001877,user1877@example.com,2026-04-15,IN
u03-001878,user1878@mail.co.in,2026-01-25,DE
u03-001879,user1879@uni.edu,2026-05-15,GB
u03-001880,user1880@example.com,2026-07-25,DE
u03-001881,user1881@example.com,2026-03-15,SG
u03-001882,user1882@mail.co.in,2026-09-24,AU
u03-001883,user1883@uni.edu,2026-08-25,IN
u03-001884,user1884@uni.edu,2026-03-24,IN
u03-001885,user1885@example.com,2026-08-20,GB
u03-001886,user1886@corp.io,2026-05-20,US
u03-001887,user1887@mail.co.in,2026-03-21,GB
u03-001888,user1888@uni.edu,2026-07-28,DE
u03-001889,user1889@example.com,2026-09-27,GB
u03-001890,user1890@mail.co.in,2026-05-13,AU
u03-001891,user1891@corp.io,2026-08-28,AU
u03-001892,user1892@corp.io,2026-09-13,SG
u03-001893,user1893@example.com,2026-03-13,AU
u03-001894,user1894@mail.co.in,2026-01-14,US
u03-001895,user1895@corp.io,2026-03-18,GB
u03-001896,user1896@corp.io,2026-02-24,DE
u03-001897,user1897@mail.co.in,2026-01-14,US
u03-001898,user1898@corp.io,2026-08-14,AU
u03-001899,user1899@uni.edu,2026-08-16,GB
u03-001900,user1900@uni.edu,2026-05-27,US
u03-001901,user1901@example.com,2026-01-22,GB
u03-001902,user1902@corp.io,2026-04-16,US
u03-001903,user1903@example.com,2026-03-15,GB
u03-001904,user1904@corp.io,2026-01-16,IN
u03-001905,user1905@mail.co.in,2026-09-16,AU
u03-001906,user1906@uni.edu,2026-01-26,AU
u03-001907,user1907@mail.co.in,2026-05-21,US
u03-001908,user1908@corp.io,2026-01-14,US
u03-001909,user1909@corp.io,2026-03-17,US
u03-001910,user1910@mail.co.in,2026-03-24,US
u03-001911,user1911@corp.io,2026-04-21,IN
u03-001912,user1912@example.com,2026-04-15,GB
u03-001913,user1913@uni.edu,2026-04-25,DE
u03-001914,user1914@mail.co.in,2026-02-25,US
u03-001915,user1915@mail.co.in,2026-01-15,AU
u03-001916,user1916@corp.io,2026-08-16,IN
u03-001917,user1917@mail.co.in,2026-07-17,AU
u03-001918,user1918@mail.co.in,2026-09-17,SG
u03-001919,user1919@example.com,2026-09-28,AU
u03-001920,user1920@mail.co.in,2026-05-21,DE
u03-001921,user1921@example.com,2026-04-14,AU
u03-001922,user1922@uni.edu,2026-04-11,AU
u03-001923,user1923@mail.co.in,2026-07-11,DE
u03-001924,user1924@mail.co.in,2026-05-14,US
u03-001925,user1925@example.com,2026-05-15,SG
u03-001926,user1926@corp.io,2026-04-12,DE
u03-001927,user1927@example.com,2026-09-22,AU
u03-001928,user1928@uni.edu,2026-02-12,GB
u03-001929,user1929@example.com,2026-09-25,AU
u03-001930,user1930@mail.co.in,2026-02-10,DE
u03-001931,user1931@mail.co.in,2026-03-14,SG
u03-001932,user1932@example.com,2026-04-18,GB
u03-001933,user1933@uni.edu,2026-09-25,SG
u03-001934,user1934@corp.io,2026-03-21,SG
u03-001935,user1935@uni.edu,2026-04-19,AU
u03-001936,user1936@example.com,2026-05-22,AU
u03-001937,user1937@mail.co.in,2026-01-20,US
u03-001938,user1938@uni.edu,2026-06-22,US
u03-001939,user1939@uni.edu,2026-06-12,AU
u03-001940,user1940@example.com,2026-09-15,IN
u03-001941,user1941@corp.io,2026-05-20,US
u03-001942,user1942@corp.io,2026-02-14,DE
u03-001943,user1943@example.com,2026-05-24,AU
u03-001944,user1944@mail.co.in,2026-08-12,SG
u03-001945,user1945@example.com,2026-05-18,DE
u03-001946,user1946@uni.edu,2026-04-13,DE
u03-001947,user1947@uni.edu,2026-04-23,DE
u03-001948,user1948@corp.io,2026-08-13,AU
u03-001949,user1949@mail.co.in,2026-08-27,IN
u03-001950,user1950@mail.co.in,2026-04-20,AU
u03-001951,user1951@corp.io,2026-07-20,AU
u03-001952,user1952@uni.edu,2026-09-19,IN
u03-001953,user1953@corp.io,2026-07-10,US
u03-001954,user1954@uni.edu,2026-01-25,US
u03-001955,user1955@corp.io,2026-01-12,AU
u03-001956,user1956@mail.co.in,2026-05-15,IN
u03-001957,user1957@corp.io,2026-02-12,SG
u03-001958,user1958@mail.co.in,2026-05-14,SG
u03-001959,user1959@corp.io,2026-08-17,GB
u03-001960,user1960@uni.edu,2026-08-23,DE
u03-001961,user1961@corp.io,2026-03-22,DE
u03-001962,user1962@corp.io,2026-09-14,SG
u03-001963,user1963@mail.co.in,2026-06-27,AU
u03-001964,user1964@corp.io,2026-06-22,GB
u03-001965,user1965@uni.edu,2026-03-11,SG
u03-001966,user1966@example.com,2026-07-22,GB
u03-001967,user1967@example.com,2026-04-24,SG
u03-001968,user1968@uni.edu,2026-01-12,DE
u03-001969,user1969@uni.edu,2026-04-28,DE
u03-001970,user1970@uni.edu,2026-02-18,AU
u03-001971,user1971@mail.co.in,2026-07-13,GB
u03-001972,user1972@example.com,2026-09-10,IN
u03-001973,user1973@example.com,2026-03-12,US
u03-001974,user1974@corp.io,2026-08-27,DE
u03-001975,user1975@mail.co.in,2026-02-28,US
u03-001976,user1976@example.com,2026-01-27,AU
u03-001977,user1977@corp.io,2026-08-20,GB
u03-001978,user1978@uni.edu,2026-03-22,US
u03-001979,user1979@example.com,2026-08-24,AU
u03-001980,user1980@example.com,2026-06-21,AU
u03-001981,user1981@mail.co.in,2026-06-26,DE
u03-001982,user1982@example.com,2026-08-24,DE
u03-001983,user1983@uni.edu,2026-04-26,GB
u03-001984,user1984@mail.co.in,2026-08-10,US
u03-001985,user1985@example.com,2026-09-28,GB
u03-001986,user1986@corp.io,2026-02-27,US
u03-001987,user1987@uni.edu,2026-02-22,GB
u03-001988,user1988@corp.io,2026-07-24,US
u03-001989,user1989@corp.io,2026-06-15,IN
u03-001990,user1990@uni.edu,2026-06-18,US
u03-001991,user1991@example.com,2026-08-26,IN
u03-001992,user1992@example.com,2026-06-13,US
u03-001993,user1993@example.com,2026-03-23,AU
u03-001994,user1994@example.com,2026-08-24,DE
u03-001995,user1995@corp.io,2026-08-10,DE
u03-001996,user1996@corp.io,2026-05-10,IN
u03-001997,user1997@mail.co.in,2026-09-12,SG
u03-001998,user1998@mail.co.in,2026-07-11,IN
u03-001999,user1999@corp.io,2026-06-24,GB
u03-002000,user2000@example.com,2026-03-25,SG
u03-002001,user2001@example.com,2026-04-22,IN
u03-002002,user2002@example.com,2026-01-13,US
u03-002003,user2003@example.com,2026-05-24,SG
u03-002004,user2004@mail.co.in,2026-06-21,DE
u03-002005,user2005@mail.co.in,2026-08-23,SG
u03-002006,user2006@mail.co.in,2026-04-27,AU
u03-002007,user2007@mail.co.in,2026-03-13,SG
u03-002008,user2008@uni.edu,2026-07-20,GB
u03-002009,user2009@uni.edu,2026-09-18,AU
u03-002010,user2010@uni.edu,2026-08-24,GB
u03-002011,user2011@mail.co.in,2026-05-17,SG
u03-002012,user2012@uni.edu,2026-04-18,SG
u03-002013,user2013@example.com,2026-02-26,GB
u03-002014,user2014@example.com,2026-01-23,SG
u03-002015,user2015@example.com,2026-01-19,GB
u03-002016,user2016@uni.edu,2026-03-12,US
u03-002017,user2017@uni.edu,2026-04-28,AU
u03-002018,user2018@example.com,2026-09-27,GB
u03-002019,user2019@mail.co.in,2026-03-24,IN
u03-002020,user2020@mail.co.in,2026-05-21,DE
u03-002021,user2021@mail.co.in,2026-03-15,IN
u03-002022,user2022@mail.co.in,2026-09-15,SG
u03-002023,user2023@corp.io,2026-01-12,SG
u03-002024,user2024@mail.co.in,2026-04-12,SG
u03-002025,user2025@mail.co.in,2026-02-20,SG
u03-002026,user2026@uni.edu,2026-05-14,DE
u03-002027,user2027@uni.edu,2026-01-11,GB
u03-002028,user2028@uni.edu,2026-08-14,US
u03-002029,user2029@example.com,2026-07-21,IN
u03-002030,user2030@mail.co.in,2026-01-24,AU
u03-002031,user2031@example.com,2026-01-10,DE
u03-002032,user2032@mail.co.in,2026-08-15,DE
u03-002033,user2033@corp.io,2026-06-26,SG
u03-002034,user2034@uni.edu,2026-04-10,IN
u03-002035,user2035@corp.io,2026-01-26,IN
u03-002036,user2036@corp.io,2026-06-10,GB
u03-002037,user2037@example.com,2026-08-14,IN
u03-002038,user2038@example.com,2026-06-14,SG
u03-002039,user2039@uni.edu,2026-05-20,SG
u03-002040,user2040@corp.io,2026-02-20,AU
u03-002041,user2041@uni.edu,2026-08-18,US
u03-002042,user2042@example.com,2026-02-24,AU
u03-002043,user2043@example.com,2026-05-23,IN
u03-002044,user2044@mail.co.in,2026-03-15,GB
u03-002045,user2045@uni.edu,2026-03-18,AU
u03-002046,user2046@mail.co.in,2026-03-16,US
u03-002047,user2047@example.com,2026-06-10,US
u03-002048,user2048@uni.edu,2026-05-28,US
u03-002049,user2049@corp.io,2026-04-15,DE
u03-002050,user2050@example.com,2026-04-19,SG
u03-002051,user2051@mail.co.in,2026-05-20,IN
u03-002052,user2052@uni.edu,2026-01-26,AU
u03-002053,user2053@example.com,2026-09-11,US
u03-002054,user2054@corp.io,2026-07-20,GB
u03-002055,user2055@example.com,2026-04-26,IN
u03-002056,user2056@example.com,2026-04-22,GB
u03-002057,user2057@corp.io,2026-04-21,IN
u03-002058,user2058@corp.io,2026-02-28,DE
u03-002059,user2059@example.com,2026-04-15,AU
u03-002060,user2060@uni.edu,2026-04-20,AU
u03-002061,user2061@mail.co.in,2026-08-15,GB
u03-002062,user2062@corp.io,2026-03-16,DE
u03-002063,user2063@uni.edu,2026-09-10,DE
u03-002064,user2064@uni.edu,2026-08-28,US
u03-002065,user2065@uni.edu,2026-04-19,SG
u03-002066,user2066@example.com,2026-04-28,IN
u03-002067,user2067@uni.edu,2026-03-27,DE
u03-002068,user2068@example.com,2026-01-19,US
u03-002069,user2069@uni.edu,2026-01-14,IN
u03-002070,user2070@uni.edu,2026-04-19,GB
u03-002071,user2071@mail.co.in,2026-07-18,AU
u03-002072,user2072@mail.co.in,2026-02-26,DE
u03-002073,user2073@corp.io,2026-01-20,DE
u03-002074,user2074@corp.io,2026-08-14,DE
u03-002075,user2075@uni.edu,2026-03-13,US
u03-002076,user2076@corp.io,2026-05-18,US
u03-002077,user2077@example.com,2026-01-11,GB
u03-002078,user2078@example.com,2026-04-24,GB
u03-002079,user2079@mail.co.in,2026-04-11,AU
u03-002080,user2080@uni.edu,2026-05-21,GB
u03-002081,user2081@example.com,2026-01-11,DE
u03-002082,user2082@uni.edu,2026-06-14,US
u03-002083,user2083@uni.edu,2026-09-26,SG
u03-002084,user2084@corp.io,2026-05-17,DE
u03-002085,user2085@example.com,2026-03-25,DE
u03-002086,user2086@example.com,2026-05-12,GB
u03-002087,user2087@corp.io,2026-04-23,GB
u03-002088,user2088@example.com,2026-01-13,GB
u03-002089,user2089@example.com,2026-04-21,DE
u03-002090,user2090@mail.co.in,2026-05-16,DE
u03-002091,user2091@uni.edu,2026-02-24,SG
u03-002092,user2092@mail.co.in,2026-02-20,US
u03-002093,user2093@example.com,2026-07-21,IN
u03-002094,user2094@example.com,2026-02-23,GB
u03-002095,user2095@corp.io,2026-05-25,AU
u03-002096,user2096@mail.co.in,2026-02-12,US
u03-002097,user2097@uni.edu,2026-04-13,DE
u03-002098,user2098@mail.co.in,2026-07-17,AU
u03-002099,user2099@example.com,2026-05-12,US
u03-002100,user2100@example.com,2026-02-24,DE
u03-002101,user2101@mail.co.in,2026-04-26,AU
u03-002102,user2102@corp.io,2026-02-19,DE
u03-002103,user2103@uni.edu,2026-05-19,SG
u03-002104,user2104@mail.co.in,2026-05-17,SG
u03-002105,user2105@corp.io,2026-01-25,US
u03-002106,user2106@uni.edu,2026-02-27,IN
u03-002107,user2107@corp.io,2026-08-22,US
u03-002108,user2108@example.com,2026-06-22,US
u03-002109,user2109@corp.io,2026-08-15,US
u03-002110,user2110@corp.io,2026-03-13,AU
u03-002111,user2111@corp.io,2026-08-15,IN
u03-002112,user2112@corp.io,2026-07-27,SG
u03-002113,user2113@corp.io,2026-09-13,SG
u03-002114,user2114@corp.io,2026-02-22,IN
u03-002115,user2115@uni.edu,2026-09-13,GB
u03-002116,user2116@example.com,2026-01-20,GB
u03-002117,user2117@corp.io,2026-07-21,SG
u03-002118,user2118@mail.co.in,2026-03-14,GB
u03-002119,user2119@example.com,2026-06-17,DE
u03-002120,user2120@mail.co.in,2026-01-27,US
u03-002121,user2121@uni.edu,2026-04-16,DE
u03-002122,user2122@corp.io,2026-05-26,SG
u03-002123,user2123@corp.io,2026-06-23,IN
u03-002124,user2124@example.com,2026-06-16,GB
u03-002125,user2125@uni.edu,2026-05-17,AU
u03-002126,user2126@example.com,2026-03-25,IN
u03-002127,user2127@example.com,2026-07-18,AU
u03-002128,user2128@example.com,2026-01-24,AU
u03-002129,user2129@mail.co.in,2026-07-17,SG
u03-002130,user2130@mail.co.in,2026-01-24,DE
u03-002131,user2131@corp.io,2026-06-26,SG
u03-002132,user2132@example.com,2026-02-24,US
u03-002133,user2133@mail.co.in,2026-08-28,IN
u03-002134,user2134@example.com,2026-05-14,AU
u03-002135,user2135@mail.co.in,2026-06-19,DE
u03-002136,user2136@corp.io,2026-07-15,IN
u03-002137,user2137@mail.co.in,2026-04-21,DE
u03-002138,user2138@corp.io,2026-06-25,GB
u03-002139,user2139@corp.io,2026-04-28,AU
u03-002140,user2140@corp.io,2026-04-24,AU
u03-002141,user2141@uni.edu,2026-07-11,AU
u03-002142,user2142@corp.io,2026-09-26,US
u03-002143,user2143@mail.co.in,2026-09-20,DE
u03-002144,user2144@mail.co.in,2026-09-11,IN
u03-002145,user2145@uni.edu,2026-01-27,AU
u03-002146,user2146@corp.io,2026-01-15,SG
u03-002147,user2147@mail.co.in,2026-08-15,GB
u03-002148,user2148@uni.edu,2026-09-25,IN
u03-002149,user2149@uni.edu,2026-06-26,SG
u03-002150,user2150@corp.io,2026-03-18,IN
u03-002151,user2151@example.com,2026-04-27,DE
u03-002152,user2152@example.com,2026-09-18,SG
u03-002153,user2153@example.com,2026-08-11,SG
u03-002154,user2154@corp.io,2026-01-14,SG
u03-002155,user2155@example.com,2026-02-16,US
u03-002156,user2156@example.com,2026-08-22,AU
u03-002157,user2157@uni.edu,2026-06-27,IN
u03-002158,user2158@mail.co.in,2026-03-19,GB
u03-002159,user2159@corp.io,2026-01-25,DE
u03-002160,user2160@uni.edu,2026-08-15,SG
u03-002161,user2161@corp.io,2026-03-25,AU
u03-002162,user2162@corp.io,2026-05-13,AU
u03-002163,user2163@uni.edu,2026-06-11,DE
u03-002164,user2164@example.com,2026-02-19,DE
u03-002165,user2165@uni.edu,2026-02-21,IN
u03-002166,user2166@example.com,2026-08-15,IN
u03-002167,user2167@uni.edu,2026-08-20,US
u03-002168,user2168@corp.io,2026-09-25,AU
u03-002169,user2169@corp.io,2026-03-19,DE
u03-002170,user2170@example.com,2026-04-16,US
u03-002171,user2171@mail.co.in,2026-08-28,GB
u03-002172,user2172@mail.co.in,2026-08-12,DE
u03-002173,user2173@mail.co.in,2026-02-20,GB
u03-002174,user2174@example.com,2026-09-15,IN
u03-002175,user2175@uni.edu,2026-04-23,DE
u03-002176,user2176@corp.io,2026-06-10,GB
u03-002177,user2177@corp.io,2026-07-10,SG
u03-002178,user2178@corp.io,2026-01-11,AU
u03-002179,user2179@corp.io,2026-07-19,SG
u03-002180,user2180@uni.edu,2026-05-20,GB
u03-002181,user2181@example.com,2026-07-25,US
u03-002182,user2182@corp.io,2026-06-21,GB
u03-002183,user2183@mail.co.in,2026-08-15,GB
u03-002184,user2184@uni.edu,2026-06-21,GB
u03-002185,user2185@mail.co.in,2026-05-23,DE
u03-002186,user2186@corp.io,2026-09-15,US
u03-002187,user2187@uni.edu,2026-09-21,AU
u03-002188,user2188@uni.edu,2026-06-21,AU
u03-002189,user2189@example.com,2026-04-24,US
u03-002190,user2190@mail.co.in,2026-05-25,GB
u03-002191,user2191@example.com,2026-07-14,US
u03-002192,user2192@corp.io,2026-06-13,US
u03-002193,user2193@example.com,2026-09-26,DE
u03-002194,user2194@mail.co.in,2026-06-22,AU
u03-002195,user2195@corp.io,2026-07-13,AU
u03-002196,user2196@corp.io,2026-03-20,DE
u03-002197,user2197@mail.co.in,2026-03-24,IN
u03-002198,user2198@corp.io,2026-03-24,SG
u03-002199,user2199@corp.io,2026-04-20,GB
u03-002200,user2200@corp.io,2026-08-23,DE
u03-002201,user2201@corp.io,2026-01-12,AU
u03-002202,user2202@mail.co.in,2026-06-26,SG
u03-002203,user2203@corp.io,2026-06-14,SG
u03-002204,user2204@uni.edu,2026-09-20,IN
u03-002205,user2205@corp.io,2026-03-13,AU
u03-002206,user2206@example.com,2026-03-28,SG
u03-002207,user2207@uni.edu,2026-08-20,IN
u03-002208,user2208@example.com,2026-08-25,GB
u03-002209,user2209@example.com,2026-04-21,SG
u03-002210,user2210@example.com,2026-03-10,DE
u03-002211,user2211@example.com,2026-08-25,AU
u03-002212,user2212@mail.co.in,2026-03-22,IN
u03-002213,user2213@corp.io,2026-05-26,US
u03-002214,user2214@uni.edu,2026-08-18,IN
u03-002215,user2215@uni.edu,2026-08-20,SG
u03-002216,user2216@uni.edu,2026-03-15,AU
u03-002217,user2217@example.com,2026-02-15,AU
u03-002218,user2218@example.com,2026-02-22,SG
u03-002219,user2219@mail.co.in,2026-03-22,AU
u03-002220,user2220@example.com,2026-02-28,AU
u03-002221,user2221@example.com,2026-06-23,GB
u03-002222,user2222@corp.io,2026-09-18,US
u03-002223,user2223@uni.edu,2026-06-13,SG
u03-002224,user2224@mail.co.in,2026-06-23,US
u03-002225,user2225@corp.io,2026-08-27,IN
u03-002226,user2226@uni.edu,2026-03-13,GB
u03-002227,user2227@mail.co.in,2026-04-12,IN
u03-002228,user2228@uni.edu,2026-09-20,IN
u03-002229,user2229@mail.co.in,2026-03-28,GB
u03-002230,user2230@example.com,2026-04-25,IN
u03-002231,user2231@corp.io,2026-09-11,IN
u03-002232,user2232@mail.co.in,2026-05-18,AU
u03-002233,user2233@mail.co.in,2026-01-19,IN
u03-002234,user2234@corp.io,2026-07-13,AU
u03-002235,user2235@uni.edu,2026-04-17,GB
u03-002236,user2236@corp.io,2026-06-18,SG
u03-002237,user2237@uni.edu,2026-06-27,SG
u03-002238,user2238@mail.co.in,2026-06-20,DE
u03-002239,user2239@corp.io,2026-07-24,IN
u03-002240,user2240@example.com,2026-03-12,DE
u03-002241,user2241@mail.co.in,2026-03-25,US
u03-002242,user2242@example.com,2026-07-22,IN
u03-002243,user2243@corp.io,2026-03-19,DE
u03-002244,user2244@uni.edu,2026-03-19,SG
u03-002245,user2245@example.com,2026-03-24,DE
u03-002246,user2246@corp.io,2026-06-21,SG
u03-002247,user2247@example.com,2026-04-14,IN
u03-002248,user2248@example.com,2026-08-27,US
u03-002249,user2249@example.com,2026-07-28,GB
u03-002250,user2250@uni.edu,2026-07-14,US
u03-002251,user2251@corp.io,2026-03-16,SG
u03-002252,user2252@corp.io,2026-06-15,IN
u03-002253,user2253@mail.co.in,2026-05-23,US
u03-002254,user2254@corp.io,2026-02-21,SG
u03-002255,user2255@corp.io,2026-06-27,SG
u03-002256,user2256@corp.io,2026-07-25,SG
u03-002257,user2257@example.com,2026-06-16,AU
u03-002258,user2258@corp.io,2026-04-28,US
u03-002259,user2259@corp.io,2026-01-28,US
u03-002260,user2260@corp.io,2026-06-14,IN
u03-002261,user2261@uni.edu,2026-06-11,US
u03-002262,user2262@example.com,2026-07-10,GB
u03-002263,user2263@mail.co.in,2026-06-19,GB
u03-002264,user2264@uni.edu,2026-08-23,IN
u03-002265,user2265@mail.co.in,2026-08-24,AU
u03-002266,user2266@uni.edu,2026-07-15,SG
u03-002267,user2267@uni.edu,2026-08-28,AU
u03-002268,user2268@mail.co.in,2026-03-27,GB
u03-002269,user2269@uni.edu,2026-05-24,IN
u03-002270,user2270@mail.co.in,2026-04-24,GB
u03-002271,user2271@mail.co.in,2026-06-14,US
u03-002272,user2272@example.com,2026-06-24,SG
u03-002273,user2273@uni.edu,2026-02-28,DE
u03-002274,user2274@mail.co.in,2026-01-14,GB
u03-002275,user2275@corp.io,2026-08-11,US
u03-002276,user2276@example.com,2026-03-11,DE
u03-002277,user2277@corp.io,2026-08-16,US
u03-002278,user2278@corp.io,2026-09-24,DE
u03-002279,user2279@mail.co.in,2026-04-15,SG
u03-002280,user2280@mail.co.in,2026-02-12,SG
u03-002281,user2281@uni.edu,2026-02-21,DE
u03-002282,user2282@corp.io,2026-08-24,US
u03-002283,user2283@corp.io,2026-05-17,US
u03-002284,user2284@uni.edu,2026-04-20,DE
u03-002285,user2285@corp.io,2026-09-20,US
u03-002286,user2286@uni.edu,2026-02-24,SG
u03-002287,user2287@uni.edu,2026-09-25,SG
u03-002288,user2288@example.com,2026-09-22,US
u03-002289,user2289@corp.io,2026-09-17,DE
u03-002290,user2290@corp.io,2026-08-24,SG
u03-002291,user2291@corp.io,2026-08-16,SG
u03-002292,user2292@corp.io,2026-08-19,IN
u03-002293,user2293@example.com,2026-01-27,GB
u03-002294,user2294@mail.co.in,2026-01-17,AU
u03-002295,user2295@corp.io,2026-09-12,SG
u03-002296,user2296@example.com,2026-02-10,AU
u03-002297,user2297@corp.io,2026-09-14,IN
u03-002298,user2298@example.com,2026-07-11,GB
u03-002299,user2299@mail.co.in,2026-09-14,DE
u03-002300,user2300@uni.edu,2026-05-22,SG
u03-002301,user2301@uni.edu,2026-07-12,US
u03-002302,user2302@corp.io,2026-06-12,IN
u03-002303,user2303@corp.io,2026-01-19,AU
u03-002304,user2304@corp.io,2026-08-18,DE
u03-002305,user2305@mail.co.in,2026-06-20,IN
u03-002306,user2306@corp.io,2026-08-22,US
u03-002307,user2307@corp.io,2026-04-11,AU
u03-002308,user2308@corp.io,2026-09-22,US
u03-002309,user2309@uni.edu,2026-07-21,SG
u03-002310,user2310@uni.edu,2026-08-12,DE
u03-002311,user2311@corp.io,2026-03-27,US
u03-002312,user2312@example.com,2026-08-26,US
u03-002313,user2313@corp.io,2026-06-12,US
u03-002314,user2314@example.com,2026-09-17,US
u03-002315,user2315@example.com,2026-03-11,US
u03-002316,user2316@example.com,2026-02-28,AU
u03-002317,user2317@example.com,2026-08-18,GB
u03-002318,user2318@corp.io,2026-05-21,US
u03-002319,user2319@corp.io,2026-08-21,AU
u03-002320,user2320@uni.edu,2026-06-15,IN
u03-002321,user2321@mail.co.in,2026-06-28,GB
u03-002322,user2322@example.com,2026-08-16,GB
u03-002323,user2323@mail.co.in,2026-04-25,DE
u03-002324,user2324@mail.co.in,2026-07-26,GB
u03-002325,user2325@example.com,2026-01-27,AU
u03-002326,user2326@example.com,2026-05-15,IN
u03-002327,user2327@example.com,2026-07-17,GB
u03-002328,user2328@corp.io,2026-04-22,GB
u03-002329,user2329@mail.co.in,2026-09-16,DE
u03-002330,user2330@corp.io,2026-04-24,SG
u03-002331,user2331@example.com,2026-06-27,DE
u03-002332,user2332@mail.co.in,2026-01-21,IN
u03-002333,user2333@example.com,2026-08-26,IN
u03-002334,user2334@mail.co.in,2026-09-23,SG
u03-002335,user2335@uni.edu,2026-09-19,US
u03-002336,user2336@mail.co.in,2026-09-12,GB
u03-002337,user2337@corp.io,2026-09-24,US
u03-002338,user2338@uni.edu,2026-07-24,US
u03-002339,user2339@example.com,2026-05-28,SG
u03-002340,user2340@mail.co.in,2026-03-19,AU
u03-002341,user2341@corp.io,2026-04-21,GB
u03-002342,user2342@corp.io,2026-06-15,AU
u03-002343,user2343@uni.edu,2026-09-15,US
u03-002344,user2344@uni.edu,2026-01-12,DE
u03-002345,user2345@example.com,2026-02-20,DE
u03-002346,user2346@uni.edu,2026-01-17,IN
u03-002347,user2347@example.com,2026-09-12,DE
u03-002348,user2348@corp.io,2026-05-27,SG
u03-002349,user2349@mail.co.in,2026-06-22,IN
u03-002350,user2350@corp.io,2026-02-20,SG
u03-002351,user2351@uni.edu,2026-01-11,AU
u03-002352,user2352@corp.io,2026-06-15,GB
u03-002353,user2353@corp.io,2026-07-21,GB
u03-002354,user2354@uni.edu,2026-05-18,IN
u03-002355,user2355@uni.edu,2026-06-10,IN
u03-002356,user2356@uni.edu,2026-05-10,IN
u03-002357,user2357@uni.edu,2026-02-20,GB
u03-002358,user2358@corp.io,2026-03-15,DE
u03-002359,user2359@uni.edu,2026-01-17,GB
u03-002360,user2360@mail.co.in,2026-02-14,IN
u03-002361,user2361@mail.co.in,2026-07-21,AU
u03-002362,user2362@example.com,2026-06-14,GB
u03-002363,user2363@corp.io,2026-07-27,US
u03-002364,user2364@example.com,2026-02-27,US
u03-002365,user2365@corp.io,2026-09-12,US
u03-002366,user2366@example.com,2026-08-14,DE
u03-002367,user2367@corp.io,2026-07-23,US
u03-002368,user2368@example.com,2026-01-18,DE
u03-002369,user2369@uni.edu,2026-06-14,IN
u03-002370,user2370@mail.co.in,2026-07-26,IN
u03-002371,user2371@example.com,2026-04-24,DE
u03-002372,user2372@corp.io,2026-04-26,SG
u03-002373,user2373@mail.co.in,2026-07-15,AU
u03-002374,user2374@uni.edu,2026-03-22,DE
u03-002375,user2375@example.com,2026-05-24,US
u03-002376,user2376@uni.edu,2026-06-24,IN
u03-002377,user2377@example.com,2026-06-23,US
u03-002378,user2378@example.com,2026-03-24,AU
u03-002379,user2379@mail.co.in,2026-03-24,AU
u03-002380,user2380@mail.co.in,2026-03-17,IN
u03-002381,user2381@corp.io,2026-09-20,GB
u03-002382,user2382@example.com,2026-07-26,SG
u03-002383,user2383@mail.co.in,2026-07-19,DE
u03-002384,user2384@example.com,2026-09-28,AU
u03-002385,user2385@mail.co.in,2026-09-21,SG
u03-002386,user2386@corp.io,2026-09-26,DE
u03-002387,user2387@mail.co.in,2026-04-19,AU
u03-002388,user2388@mail.co.in,2026-05-28,US
u03-002389,user2389@uni.edu,2026-06-28,IN
u03-002390,user2390@mail.co.in,2026-09-27,DE
u03-002391,user2391@uni.edu,2026-02-11,DE
u03-002392,user2392@uni.edu,2026-06-25,SG
u03-002393,user2393@example.com,2026-06-17,SG
u03-002394,user2394@example.com,2026-09-26,DE
u03-002395,user2395@uni.edu,2026-07-14,DE
u03-002396,user2396@mail.co.in,2026-04-25,DE
u03-002397,user2397@example.com,2026-09-11,DE
u03-002398,user2398@corp.io,2026-08-10,US
u03-002399,user2399@mail.co.in,2026-05-16,DE
u03-002400,user2400@example.com,2026-07-26,GB
u03-002401,user2401@mail.co.in,2026-03-27,GB
u03-002402,user2402@example.com,2026-09-14,SG
u03-002403,user2403@corp.io,2026-03-16,AU
u03-002404,user2404@uni.edu,2026-08-24,AU
u03-002405,user2405@corp.io,2026-08-23,AU
u03-002406,user2406@example.com,2026-06-20,AU
u03-002407,user2407@example.com,2026-09-17,IN
u03-002408,user2408@mail.co.in,2026-03-20,DE
u03-002409,user2409@uni.edu,2026-06-22,IN
u03-002410,user2410@uni.edu,2026-02-12,DE
u03-002411,user2411@example.com,2026-06-25,IN
u03-002412,user2412@mail.co.in,2026-05-28,IN
u03-002413,user2413@example.com,2026-06-10,DE
u03-002414,user2414@example.com,2026-05-21,AU
u03-002415,user2415@corp.io,2026-07-23,IN
u03-002416,user2416@corp.io,2026-06-20,GB
u03-002417,user2417@example.com,2026-02-27,AU
u03-002418,user2418@uni.edu,2026-07-12,DE
u03-002419,user2419@corp.io,2026-08-16,GB
u03-002420,user2420@example.com,2026-02-11,AU
u03-002421,user2421@example.com,2026-02-11,DE
u03-002422,user2422@example.com,2026-08-11,US
u03-002423,user2423@uni.edu,2026-02-11,DE
u03-002424,user2424@mail.co.in,2026-01-18,DE
u03-002425,user2425@corp.io,2026-02-20,DE
u03-002426,user2426@corp.io,2026-04-11,IN
u03-002427,user2427@uni.edu,2026-02-26,US
u03-002428,user2428@mail.co.in,2026-02-28,IN
u03-002429,user2429@example.com,2026-05-27,DE
u03-002430,user2430@uni.edu,2026-02-21,IN
u03-002431,user2431@example.com,2026-01-10,DE
u03-002432,user2432@uni.edu,2026-05-17,SG
u03-002433,user2433@corp.io,2026-05-18,SG
u03-002434,user2434@corp.io,2026-03-23,AU
u03-002435,user2435@uni.edu,2026-01-19,SG
u03-002436,user2436@corp.io,2026-02-12,GB
u03-002437,user2437@uni.edu,2026-09-14,GB
u03-002438,user2438@mail.co.in,2026-03-28,SG
u03-002439,user2439@corp.io,2026-08-21,GB
u03-002440,user2440@corp.io,2026-06-15,DE
u03-002441,user2441@uni.edu,2026-02-10,IN
u03-002442,user2442@uni.edu,2026-05-24,GB
u03-002443,user2443@mail.co.in,2026-09-10,US
u03-002444,user2444@uni.edu,2026-01-10,US
u03-002445,user2445@uni.edu,2026-08-17,US
u03-002446,user2446@uni.edu,2026-05-15,SG
u03-002447,user2447@mail.co.in,2026-09-16,US
u03-002448,user2448@uni.edu,2026-08-12,US
u03-002449,user2449@mail.co.in,2026-06-18,SG
u03-002450,user2450@example.com,2026-09-14,SG
u03-002451,user2451@mail.co.in,2026-03-20,AU
u03-002452,user2452@corp.io,2026-09-14,GB
u03-002453,user2453@mail.co.in,2026-05-28,DE
u03-002454,user2454@corp.io,2026-07-12,GB
u03-002455,user2455@mail.co.in,2026-06-22,AU
u03-002456,user2456@example.com,2026-06-14,GB
u03-002457,user2457@mail.co.in,2026-05-19,IN
u03-002458,user2458@mail.co.in,2026-02-23,IN
u03-002459,user2459@mail.co.in,2026-01-15,DE
u03-002460,user2460@example.com,2026-08-12,IN
u03-002461,user2461@mail.co.in,2026-02-13,US
u03-002462,user2462@example.com,2026-08-12,DE
u03-002463,user2463@uni.edu,2026-06-11,DE
u03-002464,user2464@uni.edu,2026-08-23,DE
u03-002465,user2465@example.com,2026-08-25,SG
u03-002466,user2466@example.com,2026-01-25,SG
u03-002467,user2467@corp.io,2026-09-23,US
u03-002468,user2468@mail.co.in,2026-01-13,AU
u03-002469,user2469@example.com,2026-03-22,SG
u03-002470,user2470@corp.io,2026-02-13,GB
u03-002471,user2471@example.com,2026-05-23,DE
u03-002472,user2472@example.com,2026-09-23,SG
u03-002473,user2473@corp.io,2026-07-12,US
u03-002474,user2474@uni.edu,2026-01-10,DE
u03-002475,user2475@corp.io,2026-07-22,AU
u03-002476,user2476@uni.edu,2026-09-19,IN
u03-002477,user2477@corp.io,2026-08-25,DE
u03-002478,user2478@uni.edu,2026-09-13,US
u03-002479,user2479@corp.io,2026-07-23,DE
u03-002480,user2480@example.com,2026-04-16,GB
u03-002481,user2481@corp.io,2026-09-28,AU
u03-002482,user2482@example.com,2026-06-25,US
u03-002483,user2483@corp.io,2026-04-19,IN
u03-002484,user2484@corp.io,2026-09-15,DE
u03-002485,user2485@example.com,2026-02-11,DE
u03-002486,user2486@corp.io,2026-08-22,GB
u03-002487,user2487@example.com,2026-04-11,DE
u03-002488,user2488@uni.edu,2026-05-23,DE
u03-002489,user2489@corp.io,2026-05-26,IN
u03-002490,user2490@corp.io,2026-09-16,US
u03-002491,user2491@mail.co.in,2026-02-11,IN
u03-002492,user2492@corp.io,2026-08-14,US
u03-002493,user2493@example.com,2026-09-17,DE
u03-002494,user2494@example.com,2026-01-17,SG
u03-002495,user2495@mail.co.in,2026-06-18,GB
u03-002496,user2496@corp.io,2026-01-17,GB
u03-002497,user2497@mail.co.in,2026-02-27,SG
u03-002498,user2498@corp.io,2026-09-11,US
u03-002499,user2499@corp.io,2026-02-10,GB
u03-002500,user2500@example.com,2026-09-11,DE
u03-002501,user2501@uni.edu,2026-01-11,GB
u03-002502,user2502@mail.co.in,2026-02-18,DE
u03-002503,user2503@mail.co.in,2026-09-26,AU
u03-002504,user2504@corp.io,2026-01-26,US
u03-002505,user2505@mail.co.in,2026-02-28,DE
u03-002506,user2506@uni.edu,2026-02-14,DE
u03-002507,user2507@corp.io,2026-08-22,SG
u03-002508,user2508@example.com,2026-01-10,IN
u03-002509,user2509@example.com,2026-03-10,GB
u03-002510,user2510@corp.io,2026-02-10,IN
u03-002511,user2511@example.com,2026-06-24,SG
u03-002512,user2512@mail.co.in,2026-04-17,DE
u03-002513,user2513@uni.edu,2026-02-12,IN
u03-002514,user2514@corp.io,2026-04-12,US
u03-002515,user2515@corp.io,2026-08-28,SG
u03-002516,user2516@uni.edu,2026-08-27,DE
u03-002517,user2517@uni.edu,2026-07-22,IN
u03-002518,user2518@mail.co.in,2026-02-26,SG
u03-002519,user2519@uni.edu,2026-09-10,SG
u03-002520,user2520@uni.edu,2026-05-21,GB
u03-002521,user2521@uni.edu,2026-07-18,DE
u03-002522,user2522@uni.edu,2026-09-19,AU
u03-002523,user2523@uni.edu,2026-09-19,GB
u03-002524,user2524@corp.io,2026-09-15,IN
u03-002525,user2525@corp.io,2026-04-19,DE
u03-002526,user2526@example.com,2026-03-15,SG
u03-002527,user2527@uni.edu,2026-04-21,DE
u03-002528,user2528@example.com,2026-04-18,SG
u03-002529,user2529@mail.co.in,2026-02-26,DE
u03-002530,user2530@corp.io,2026-05-16,DE
u03-002531,user2531@mail.co.in,2026-03-25,AU
u03-002532,user2532@example.com,2026-06-14,IN
u03-002533,user2533@mail.co.in,2026-01-28,AU
u03-002534,user2534@mail.co.in,2026-05-15,US
u03-002535,user2535@mail.co.in,2026-07-21,AU
u03-002536,user2536@example.com,2026-01-13,IN
u03-002537,user2537@mail.co.in,2026-04-18,DE
u03-002538,user2538@uni.edu,2026-07-18,IN
u03-002539,user2539@example.com,2026-03-15,US
u03-002540,user2540@example.com,2026-08-16,AU
u03-002541,user2541@corp.io,2026-08-20,DE
u03-002542,user2542@uni.edu,2026-01-13,SG
u03-002543,user2543@uni.edu,2026-08-20,GB
u03-002544,user2544@mail.co.in,2026-01-27,SG
u03-002545,user2545@uni.edu,2026-01-25,GB
u03-002546,user2546@example.com,2026-03-25,DE
u03-002547,user2547@uni.edu,2026-07-27,GB
u03-002548,user2548@corp.io,2026-01-28,IN
u03-002549,user2549@corp.io,2026-01-23,US
u03-002550,user2550@corp.io,2026-02-16,AU
u03-002551,user2551@example.com,2026-05-18,SG
u03-002552,user2552@uni.edu,2026-02-26,SG
u03-002553,user2553@corp.io,2026-06-25,GB
u03-002554,user2554@uni.edu,2026-04-28,AU
u03-002555,user2555@corp.io,2026-02-26,SG
u03-002556,user2556@uni.edu,2026-07-23,IN
u03-002557,user2557@corp.io,2026-06-25,DE
u03-002558,user2558@uni.edu,2026-05-27,SG
u03-002559,user2559@example.com,2026-02-22,DE
u03-002560,user2560@corp.io,2026-05-15,GB
u03-002561,user2561@uni.edu,2026-09-24,GB
u03-002562,user2562@uni.edu,2026-05-16,GB
u03-002563,user2563@mail.co.in,2026-04-21,IN
u03-002564,user2564@mail.co.in,2026-07-20,DE
u03-002565,user2565@example.com,2026-06-13,AU
u03-002566,user2566@mail.co.in,2026-01-26,DE
u03-002567,user2567@example.com,2026-07-14,SG
u03-002568,user2568@mail.co.in,2026-05-11,IN
u03-002569,user2569@example.com,2026-04-26,DE
u03-002570,user2570@mail.co.in,2026-06-12,SG
u03-002571,user2571@example.com,2026-01-27,IN
u03-002572,user2572@mail.co.in,2026-01-23,IN
u03-002573,user2573@uni.edu,2026-03-12,US
u03-002574,user2574@corp.io,2026-03-22,DE
u03-002575,user2575@mail.co.in,2026-06-11,US
u03-002576,user2576@example.com,2026-06-18,DE
u03-002577,user2577@mail.co.in,2026-05-15,US
u03-002578,user2578@example.com,2026-09-16,IN
u03-002579,user2579@example.com,2026-09-20,AU
u03-002580,user2580@mail.co.in,2026-05-20,SG
u03-002581,user2581@corp.io,2026-05-24,AU
u03-002582,user2582@corp.io,2026-02-26,IN
u03-002583,user2583@mail.co.in,2026-09-16,AU
u03-002584,user2584@corp.io,2026-05-10,GB
u03-002585,user2585@example.com,2026-07-21,IN
u03-002586,user2586@corp.io,2026-05-28,US
u03-002587,user2587@mail.co.in,2026-05-14,AU
u03-002588,user2588@corp.io,2026-03-20,GB
u03-002589,user2589@example.com,2026-09-16,AU
u03-002590,user2590@corp.io,2026-02-20,US
u03-002591,user2591@example.com,2026-03-19,AU
u03-002592,user2592@mail.co.in,2026-01-19,GB
u03-002593,user2593@corp.io,2026-02-15,GB
u03-002594,user2594@corp.io,2026-07-26,SG
u03-002595,user2595@corp.io,2026-09-18,IN
u03-002596,user2596@mail.co.in,2026-07-15,GB
u03-002597,user2597@uni.edu,2026-02-23,US
u03-002598,user2598@mail.co.in,2026-04-19,DE
u03-002599,user2599@example.com,2026-08-23,DE
u03-002600,user2600@example.com,2026-07-17,GB
u03-002601,user2601@uni.edu,2026-05-23,AU
u03-002602,user2602@example.com,2026-08-16,IN
u03-002603,user2603@mail.co.in,2026-04-15,SG
u03-002604,user2604@corp.io,2026-07-13,GB
u03-002605,user2605@mail.co.in,2026-08-18,GB
u03-002606,user2606@corp.io,2026-06-18,IN
u03-002607,user2607@mail.co.in,2026-03-21,DE
u03-002608,user2608@corp.io,2026-04-18,US
u03-002609,user2609@uni.edu,2026-09-23,GB
u03-002610,user2610@corp.io,2026-06-25,DE
u03-002611,user2611@uni.edu,2026-07-22,AU
u03-002612,user2612@example.com,2026-05-22,AU
u03-002613,user2613@corp.io,2026-06-28,SG
u03-002614,user2614@example.com,2026-09-13,AU
u03-002615,user2615@mail.co.in,2026-07-20,US
u03-002616,user2616@mail.co.in,2026-06-26,US
u03-002617,user2617@corp.io,2026-05-12,US
u03-002618,user2618@mail.co.in,2026-02-12,IN
u03-002619,user2619@corp.io,2026-03-17,GB
u03-002620,user2620@uni.edu,2026-01-22,AU
u03-002621,user2621@corp.io,2026-07-14,IN
u03-002622,user2622@uni.edu,2026-06-12,AU
u03-002623,user2623@corp.io,2026-06-20,GB
u03-002624,user2624@example.com,2026-07-27,GB
u03-002625,user2625@uni.edu,2026-07-24,US
u03-002626,user2626@corp.io,2026-02-12,SG
u03-002627,user2627@example.com,2026-09-22,US
u03-002628,user2628@mail.co.in,2026-06-19,AU
u03-002629,user2629@example.com,2026-05-24,GB
u03-002630,user2630@uni.edu,2026-02-11,IN
u03-002631,user2631@mail.co.in,2026-03-19,IN
u03-002632,user2632@mail.co.in,2026-09-23,GB
u03-002633,user2633@corp.io,2026-09-11,SG
u03-002634,user2634@uni.edu,2026-09-26,IN
u03-002635,user2635@corp.io,2026-06-28,US
u03-002636,user2636@mail.co.in,2026-08-14,IN
u03-002637,user2637@mail.co.in,2026-03-19,AU
u03-002638,user2638@corp.io,2026-01-13,DE
u03-002639,user2639@example.com,2026-06-28,SG
u03-002640,user2640@corp.io,2026-03-26,IN
u03-002641,user2641@example.com,2026-04-17,AU
u03-002642,user2642@corp.io,2026-03-13,DE
u03-002643,user2643@example.com,2026-09-12,AU
u03-002644,user2644@uni.edu,2026-05-13,AU
u03-002645,user2645@example.com,2026-01-24,IN
u03-002646,user2646@mail.co.in,2026-04-19,IN
u03-002647,user2647@corp.io,2026-01-26,SG
u03-002648,user2648@corp.io,2026-04-26,SG
u03-002649,user2649@corp.io,2026-06-14,US
u03-002650,user2650@corp.io,2026-04-12,DE
u03-002651,user2651@corp.io,2026-01-17,SG
u03-002652,user2652@mail.co.in,2026-09-18,DE
u03-002653,user2653@corp.io,2026-06-25,SG
u03-002654,user2654@uni.edu,2026-06-15,US
u03-002655,user2655@mail.co.in,2026-04-10,US
u03-002656,user2656@example.com,2026-05-11,AU
u03-002657,user2657@example.com,2026-04-13,SG
u03-002658,user2658@uni.edu,2026-03-11,SG
u03-002659,user2659@corp.io,2026-04-17,DE
u03-002660,user2660@example.com,2026-02-24,US
u03-002661,user2661@uni.edu,2026-02-17,US
u03-002662,user2662@mail.co.in,2026-02-11,SG
u03-002663,user2663@example.com,2026-02-26,DE
u03-002664,user2664@uni.edu,2026-09-17,IN
u03-002665,user2665@mail.co.in,2026-07-18,GB
u03-002666,user2666@uni.edu,2026-03-12,GB
u03-002667,user2667@example.com,2026-07-10,SG
u03-002668,user2668@mail.co.in,2026-09-11,AU
u03-002669,user2669@mail.co.in,2026-04-19,SG
u03-002670,user2670@mail.co.in,2026-02-28,IN
u03-002671,user2671@example.com,2026-09-16,US
u03-002672,user2672@corp.io,2026-07-22,AU
u03-002673,user2673@example.com,2026-06-20,US
u03-002674,user2674@mail.co.in,2026-02-11,AU
u03-002675,user2675@mail.co.in,2026-04-10,IN
u03-002676,user2676@uni.edu,2026-09-11,DE
u03-002677,user2677@corp.io,2026-04-23,GB
u03-002678,user2678@mail.co.in,2026-06-17,SG
u03-002679,user2679@mail.co.in,2026-06-20,IN
u03-002680,user2680@example.com,2026-06-20,AU
u03-002681,user2681@mail.co.in,2026-05-23,IN
u03-002682,user2682@mail.co.in,2026-01-14,DE
u03-002683,user2683@example.com,2026-09-19,SG
u03-002684,user2684@corp.io,2026-08-27,AU
u03-002685,user2685@uni.edu,2026-01-12,US
u03-002686,user2686@uni.edu,2026-01-27,GB
u03-002687,user2687@example.com,2026-08-22,US
u03-002688,user2688@uni.edu,2026-06-22,SG
u03-002689,user2689@corp.io,2026-01-26,IN
u03-002690,user2690@corp.io,2026-02-10,GB
u03-002691,user2691@uni.edu,2026-06-23,GB
u03-002692,user2692@example.com,2026-05-28,DE
u03-002693,user2693@mail.co.in,2026-08-16,IN
u03-002694,user2694@mail.co.in,2026-05-10,SG
u03-002695,user2695@uni.edu,2026-01-16,US
u03-002696,user2696@example.com,2026-07-27,US
u03-002697,user2697@uni.edu,2026-05-12,IN
u03-002698,user2698@mail.co.in,2026-02-28,IN
u03-002699,user2699@corp.io,2026-07-25,DE
u03-002700,user2700@example.com,2026-02-11,SG
u03-002701,user2701@corp.io,2026-09-23,US
u03-002702,user2702@uni.edu,2026-05-24,IN
u03-002703,user2703@mail.co.in,2026-08-11,SG
u03-002704,user2704@mail.co.in,2026-02-28,US
u03-002705,user2705@corp.io,2026-06-26,SG
u03-002706,user2706@corp.io,2026-08-26,AU
u03-002707,user2707@corp.io,2026-06-11,GB
u03-002708,user2708@mail.co.in,2026-05-19,SG
u03-002709,user2709@example.com,2026-09-17,DE
u03-002710,user2710@uni.edu,2026-09-10,SG
u03-002711,user2711@example.com,2026-02-20,SG
u03-002712,user2712@example.com,2026-02-13,IN
u03-002713,user2713@mail.co.in,2026-06-10,AU
u03-002714,user2714@example.com,2026-09-14,SG
u03-002715,user2715@uni.edu,2026-02-19,AU
u03-002716,user2716@uni.edu,2026-04-14,GB
u03-002717,user2717@mail.co.in,2026-04-26,DE
u03-002718,user2718@mail.co.in,2026-06-10,DE
u03-002719,user2719@mail.co.in,2026-04-14,GB
u03-002720,user2720@uni.edu,2026-05-21,GB
u03-002721,user2721@example.com,2026-05-14,GB
u03-002722,user2722@example.com,2026-04-13,IN
u03-002723,user2723@mail.co.in,2026-05-17,DE
u03-002724,user2724@example.com,2026-01-12,AU
u03-002725,user2725@corp.io,2026-09-16,US
u03-002726,user2726@example.com,2026-03-20,DE
u03-002727,user2727@mail.co.in,2026-04-14,AU
u03-002728,user2728@uni.edu,2026-03-23,GB
u03-002729,user2729@corp.io,2026-08-17,US
u03-002730,user2730@example.com,2026-02-20,IN
u03-002731,user2731@corp.io,2026-07-16,IN
u03-002732,user2732@uni.edu,2026-03-28,DE
u03-002733,user2733@corp.io,2026-02-11,AU
u03-002734,user2734@mail.co.in,2026-05-16,GB
u03-002735,user2735@mail.co.in,2026-02-20,DE
u03-002736,user2736@corp.io,2026-04-23,AU
u03-002737,user2737@uni.edu,2026-03-16,SG
u03-002738,user2738@corp.io,2026-02-17,US
u03-002739,user2739@example.com,2026-02-10,IN
u03-002740,user2740@example.com,2026-05-17,IN
u03-002741,user2741@corp.io,2026-06-12,SG
u03-002742,user2742@uni.edu,2026-05-23,IN
u03-002743,user2743@uni.edu,,GB
u03-002744,user2744@mail.co.in,2026-05-21,GB
u03-002745,user2745@corp.io,2026-03-21,US
u03-002746,user2746@uni.edu,2026-08-21,SG
u03-002747,user2747@uni.edu,2026-01-21,US
u03-002748,user2748@uni.edu,2026-01-24,SG
u03-002749,user2749@corp.io,2026-03-23,DE
u03-002750,user2750@example.com,2026-01-13,US
u03-002751,user2751@uni.edu,2026-06-23,US
u03-002752,user2752@uni.edu,2026-02-10,GB
u03-002753,user2753@mail.co.in,2026-08-22,DE
u03-002754,user2754@mail.co.in,2026-07-21,US
u03-002755,user2755@example.com,2026-05-12,AU
u03-002756,user2756@uni.edu,2026-04-22,GB
u03-002757,user2757@corp.io,2026-05-22,AU
u03-002758,user2758@mail.co.in,2026-04-19,US
u03-002759,user2759@uni.edu,2026-05-26,DE
u03-002760,user2760@example.com,2026-06-23,GB
u03-002761,user2761@mail.co.in,2026-09-13,AU
u03-002762,user2762@example.com,2026-02-10,US
u03-002763,user2763@example.com,2026-05-21,US
u03-002764,user2764@example.com,2026-07-13,SG
u03-002765,user2765@corp.io,2026-05-12,AU
u03-002766,user2766@corp.io,2026-07-19,SG
u03-002767,user2767@mail.co.in,2026-05-19,US
u03-002768,user2768@mail.co.in,2026-07-18,AU
u03-002769,user2769@corp.io,2026-07-25,SG
u03-002770,user2770@mail.co.in,2026-03-10,DE
u03-002771,user2771@mail.co.in,2026-03-28,GB
u03-002772,user2772@example.com,2026-06-15,SG
u03-002773,user2773@corp.io,2026-08-19,DE
u03-002774,user2774@mail.co.in,2026-02-26,US
u03-002775,user2775@example.com,2026-02-28,US
u03-002776,user2776@uni.edu,2026-01-14,IN
u03-002777,user2777@uni.edu,2026-07-15,US
u03-002778,user2778@corp.io,2026-05-21,GB
u03-002779,user2779@uni.edu,2026-03-10,DE
u03-002780,user2780@example.com,2026-01-15,DE
u03-002781,user2781@corp.io,2026-04-15,DE
u03-002782,user2782@mail.co.in,2026-08-23,IN
u03-002783,user2783@corp.io,2026-05-25,US
u03-002784,user2784@uni.edu,2026-05-10,GB
u03-002785,user2785@example.com,2026-04-18,US
u03-002786,user2786@uni.edu,2026-08-14,GB
u03-002787,user2787@uni.edu,2026-05-17,DE
u03-002788,user2788@corp.io,2026-05-13,SG
u03-002789,user2789@mail.co.in,2026-09-27,US
u03-002790,user2790@mail.co.in,2026-02-27,US
u03-002791,user2791@uni.edu,2026-06-19,US
u03-002792,user2792@uni.edu,2026-04-23,IN
u03-002793,user2793@uni.edu,2026-07-14,US
u03-002794,user2794@mail.co.in,2026-03-25,AU
u03-002795,user2795@example.com,2026-07-17,AU
u03-002796,user2796@corp.io,2026-05-14,SG
u03-002797,user2797@uni.edu,2026-07-15,SG
u03-002798,user2798@mail.co.in,2026-02-28,GB
u03-002799,user2799@mail.co.in,2026-05-28,AU
u03-002800,user2800@uni.edu,2026-05-14,SG
u03-002801,user2801@example.com,2026-08-17,US
u03-002802,user2802@corp.io,2026-09-24,DE
u03-002803,user2803@example.com,2026-02-13,GB
u03-002804,user2804@example.com,2026-03-11,US
u03-002805,user2805@corp.io,2026-03-14,IN
u03-002806,user2806@mail.co.in,2026-05-24,US
u03-002807,user2807@uni.edu,2026-01-25,US
u03-002808,user2808@mail.co.in,2026-02-16,IN
u03-002809,user2809@mail.co.in,2026-07-17,US
u03-002810,user2810@corp.io,2026-08-19,IN
u03-002811,user2811@mail.co.in,2026-06-27,GB
u03-002812,user2812@uni.edu,2026-02-11,IN
u03-002813,user2813@example.com,2026-08-20,GB
u03-002814,user2814@example.com,2026-06-20,AU
u03-002815,user2815@corp.io,2026-03-15,SG
u03-002816,user2816@mail.co.in,2026-09-10,IN
u03-002817,user2817@mail.co.in,2026-05-13,IN
u03-002818,user2818@corp.io,2026-07-26,AU
u03-002819,user2819@corp.io,2026-02-26,AU
u03-002820,user2820@corp.io,2026-07-23,US
u03-002821,user2821@uni.edu,2026-08-28,DE
u03-002822,user2822@example.com,2026-03-13,US
u03-002823,user2823@mail.co.in,2026-03-15,AU
u03-002824,user2824@uni.edu,2026-06-27,AU
u03-002825,user2825@mail.co.in,2026-08-25,IN
u03-002826,user2826@example.com,2026-02-13,IN
u03-002827,user2827@mail.co.in,2026-06-14,DE
u03-002828,user2828@corp.io,2026-04-18,IN
u03-002829,user2829@mail.co.in,2026-07-25,GB
u03-002830,user2830@mail.co.in,2026-01-14,AU
u03-002831,user2831@example.com,2026-06-22,SG
u03-002832,user2832@mail.co.in,2026-08-11,US
u03-002833,user2833@corp.io,2026-04-19,DE
u03-002834,user2834@uni.edu,2026-02-11,IN
u03-002835,user2835@corp.io,2026-02-27,IN
u03-002836,user2836@corp.io,2026-08-25,US
u03-002837,user2837@example.com,2026-04-19,DE
u03-002838,user2838@example.com,2026-06-18,GB
u03-002839,user2839@example.com,2026-03-21,IN
u03-002840,user2840@corp.io,2026-06-14,AU
u03-002841,user2841@corp.io,2026-08-24,US
u03-002842,user2842@example.com,2026-03-23,DE
u03-002843,user2843@corp.io,2026-07-22,DE
u03-002844,user2844@mail.co.in,2026-06-17,DE
u03-002845,user2845@corp.io,2026-02-28,DE
u03-002846,user2846@uni.edu,2026-09-12,US
u03-002847,user2847@uni.edu,2026-07-11,IN
u03-002848,user2848@example.com,2026-07-27,GB
u03-002849,user2849@example.com,2026-01-13,US
u03-002850,user2850@uni.edu,2026-08-12,AU
u03-002851,user2851@example.com,2026-04-26,DE
u03-002852,user2852@corp.io,2026-04-14,US
u03-002853,user2853@uni.edu,2026-09-27,IN
u03-002854,user2854@example.com,2026-06-27,SG
u03-002855,user2855@mail.co.in,2026-02-25,US
u03-002856,user2856@example.com,2026-06-24,IN
u03-002857,user2857@mail.co.in,2026-04-28,US
u03-002858,user2858@uni.edu,2026-06-17,SG
u03-002859,user2859@mail.co.in,2026-07-13,DE
u03-002860,user2860@mail.co.in,2026-06-18,SG
u03-002861,user2861@corp.io,2026-07-10,SG
u03-002862,user2862@corp.io,2026-07-12,AU
u03-002863,user2863@uni.edu,2026-08-18,IN
u03-002864,user2864@example.com,2026-05-13,GB
u03-002865,user2865@example.com,2026-06-14,DE
u03-002866,user2866@uni.edu,2026-08-11,GB
u03-002867,user2867@corp.io,2026-08-17,DE
u03-002868,user2868@mail.co.in,2026-05-12,GB
u03-002869,user2869@mail.co.in,2026-04-24,US
u03-002870,user2870@example.com,2026-03-21,IN
u03-002871,user2871@mail.co.in,2026-06-26,DE
u03-002872,user2872@uni.edu,2026-03-23,US
u03-002873,user2873@mail.co.in,2026-08-17,GB
u03-002874,user2874@mail.co.in,2026-08-24,AU
u03-002875,user2875@example.com,2026-04-26,GB
u03-002876,user2876@example.com,2026-06-26,DE
u03-002877,user2877@uni.edu,2026-05-23,IN
u03-002878,user2878@example.com,2026-04-14,AU
u03-002879,user2879@example.com,2026-04-17,GB
u03-002880,user2880@uni.edu,2026-07-12,US
u03-002881,user2881@mail.co.in,2026-06-11,US
u03-002882,user2882@example.com,2026-03-20,GB
u03-002883,user2883@uni.edu,2026-08-21,SG
u03-002884,user2884@example.com,2026-07-15,SG
u03-002885,user2885@mail.co.in,2026-04-20,GB
u03-002886,user2886@corp.io,2026-03-10,US
u03-002887,user2887@corp.io,2026-07-16,SG
u03-002888,user2888@mail.co.in,2026-07-24,SG
u03-002889,user2889@corp.io,2026-03-27,DE
u03-002890,user2890@corp.io,2026-04-16,DE
u03-002891,user2891@example.com,2026-02-17,SG
u03-002892,user2892@corp.io,2026-04-28,SG
u03-002893,user2893@example.com,2026-05-27,SG
u03-002894,user2894@mail.co.in,2026-09-15,IN
u03-002895,user2895@example.com,2026-04-27,IN
u03-002896,user2896@uni.edu,2026-05-16,IN
u03-002897,user2897@example.com,2026-06-26,IN
u03-002898,user2898@uni.edu,2026-04-28,US
u03-002899,user2899@uni.edu,2026-08-14,IN
u03-002900,user2900@example.com,2026-08-10,IN
u03-002901,user2901@example.com,2026-03-19,GB
u03-002902,user2902@mail.co.in,2026-06-17,GB
u03-002903,user2903@uni.edu,2026-09-15,IN
u03-002904,user2904@mail.co.in,2026-08-22,DE
u03-002905,user2905@uni.edu,2026-05-26,IN
u03-002906,user2906@mail.co.in,2026-07-23,GB
u03-002907,user2907@uni.edu,2026-01-12,AU
u03-002908,user2908@corp.io,2026-03-23,US
u03-002909,user2909@corp.io,2026-06-21,AU
u03-002910,user2910@mail.co.in,2026-04-21,AU
u03-002911,user2911@corp.io,2026-05-10,SG
u03-002912,user2912@uni.edu,2026-02-17,DE
u03-002913,user2913@corp.io,2026-08-26,SG
u03-002914,user2914@example.com,2026-08-24,DE
u03-002915,user2915@corp.io,2026-04-28,IN
u03-002916,user2916@example.com,2026-02-23,IN
u03-002917,user2917@mail.co.in,2026-05-12,DE
u03-002918,user2918@corp.io,2026-04-11,IN
u03-002919,user2919@uni.edu,2026-04-27,IN
u03-002920,user2920@mail.co.in,2026-07-28,GB
u03-002921,user2921@mail.co.in,2026-08-28,AU
u03-002922,user2922@mail.co.in,2026-08-27,GB
u03-002923,user2923@mail.co.in,2026-02-22,SG
u03-002924,user2924@mail.co.in,2026-03-20,GB
u03-002925,user2925@example.com,2026-03-27,GB
u03-002926,user2926@corp.io,2026-08-24,GB
u03-002927,user2927@uni.edu,2026-06-21,GB
u03-002928,user2928@corp.io,2026-01-19,GB
u03-002929,user2929@mail.co.in,2026-07-20,GB
u03-002930,user2930@example.com,2026-09-24,AU
u03-002931,user2931@corp.io,2026-09-17,AU
u03-002932,user2932@mail.co.in,2026-09-13,AU
u03-002933,user2933@uni.edu,2026-04-22,US
u03-002934,user2934@corp.io,2026-02-13,GB
u03-002935,user2935@uni.edu,2026-03-20,GB
u03-002936,user2936@uni.edu,2026-02-13,AU
u03-002937,user2937@mail.co.in,2026-02-16,AU
u03-002938,user2938@mail.co.in,2026-07-18,IN
u03-002939,user2939@corp.io,2026-02-20,GB
u03-002940,user2940@mail.co.in,2026-02-19,SG
u03-002941,user2941@example.com,2026-07-18,US
u03-002942,user2942@uni.edu,2026-09-19,SG
u03-002943,user2943@corp.io,2026-02-14,IN
u03-002944,user2944@uni.edu,2026-04-13,GB
u03-002945,user2945@mail.co.in,2026-06-18,IN
u03-002946,user2946@uni.edu,2026-08-16,US
u03-002947,user2947@example.com,2026-02-22,GB
u03-002948,user2948@example.com,2026-08-21,SG
u03-002949,user2949@corp.io.,2026-08-12,DE
u03-002950,user2950@mail.co.in,2026-04-23,DE
u03-002951,user2951@example.com,2026-07-17,IN
u03-002952,user2952@corp.io,2026-09-16,AU
u03-002953,user2953@example.com,2026-05-25,IN
u03-002954,user2954@mail.co.in,2026-04-21,IN
u03-002955,user2955@corp.io,2026-02-21,US
u03-002956,user2956@corp.io,2026-09-23,US
u03-002957,user2957@example.com,2026-03-14,GB
u03-002958,user2958@example.com,2026-03-21,SG
u03-002959,user2959@corp.io,2026-01-23,US
u03-002960,user2960@uni.edu,2026-09-11,DE
u03-002961,user2961@corp.io,2026-06-19,SG
u03-002962,user2962@uni.edu,2026-02-10,GB
u03-002963,user2963@corp.io,2026-07-28,US
u03-002964,user2964@example.com,2026-07-19,AU
u03-002965,user2965@uni.edu,2026-07-25,IN
u03-002966,user2966@mail.co.in,2026-09-20,DE
u03-002967,user2967@uni.edu,2026-01-22,AU
u03-002968,user2968@mail.co.in,2026-05-22,AU
u03-002969,user2969@example.com,2026-05-18,SG
u03-002970,user2970@corp.io,2026-02-20,AU
u03-002971,user2971@mail.co.in,2026-01-27,AU
u03-002972,user2972@mail.co.in,2026-09-27,IN
u03-002973,user2973@mail.co.in,2026-03-22,GB
u03-002974,user2974@corp.io,2026-01-14,US
u03-002975,user2975@uni.edu,2026-04-27,GB
u03-002976,user2976@mail.co.in,2026-03-18,AU
u03-002977,user2977@uni.edu,2026-03-16,SG
u03-002978,user2978@example.com,2026-07-27,US
u03-002979,user2979@corp.io,2026-06-12,DE
u03-002980,user2980@uni.edu,2026-04-23,GB
u03-002981,user2981@mail.co.in,2026-05-22,AU
u03-002982,user2982@corp.io,2026-06-25,AU
u03-002983,user2983@corp.io,2026-09-21,SG
u03-002984,user2984@uni.edu,2026-09-22,DE
u03-002985,user2985@mail.co.in,2026-02-22,IN
u03-002986,user2986@mail.co.in,2026-08-28,AU
u03-002987,user2987@example.com,2026-04-10,US
u03-002988,user2988@mail.co.in,2026-06-10,SG
u03-002989,user2989@mail.co.in,2026-08-28,SG
u03-002990,user2990@mail.co.in,2026-01-27,US
u03-002991,user2991@example.com,2026-03-19,IN
u03-002992,user2992@uni.edu,2026-01-15,SG
u03-002993,user2993@example.com,2026-06-10,DE
u03-002994,user2994@mail.co.in,2026-09-22,SG
u03-002995,user2995@mail.co.in,2026-04-27,US
u03-002996,user2996@uni.edu,2026-06-27,AU
u03-002997,user2997@uni.edu,2026-01-11,GB
u03-002998,user2998@corp.io,2026-07-27,GB
u03-002999,user2999@corp.io,2026-05-19,GB
u03-003000,user3000@example.com,2026-05-16,IN
u03-003001,user3001@example.com,2026-05-10,GB
u03-003002,user3002@corp.io,2026-09-23,SG
u03-003003,user3003@corp.io,2026-02-11,GB
u03-003004,user3004@example.com,2026-05-28,GB
u03-003005,user3005@example.com,2026-09-14,US
u03-003006,user3006@corp.io,2026-02-13,IN
u03-003007,user3007@corp.io,2026-07-24,GB
u03-003008,user3008@uni.edu,2026-01-19,AU
u03-003009,user3009@corp.io,2026-07-13,DE
u03-003010,user3010@mail.co.in,2026-04-12,US
u03-003011,user3011@corp.io,2026-06-15,IN
u03-003012,user3012@uni.edu,2026-09-16,DE
u03-003013,user3013@mail.co.in,2026-03-18,AU
u03-003014,user3014@mail.co.in,2026-05-13,SG
u03-003015,user3015@mail.co.in,2026-06-10,DE
u03-003016,user3016@mail.co.in,2026-02-17,AU
u03-003017,user3017@uni.edu,2026-06-17,GB
u03-003018,user3018@mail.co.in,2026-02-24,GB
u03-003019,user3019@mail.co.in,2026-02-12,GB
u03-003020,user3020@corp.io,2026-01-21,AU
u03-003021,user3021@mail.co.in,2026-06-28,SG
u03-003022,user3022@corp.io,2026-08-25,IN
u03-003023,user3023@mail.co.in,2026-06-14,AU
u03-003024,user3024@mail.co.in,2026-09-28,US
u03-003025,user3025@mail.co.in,2026-08-11,DE
u03-003026,user3026@example.com,2026-08-13,DE
u03-003027,user3027@uni.edu,2026-01-19,SG
u03-003028,user3028@example.com,2026-03-12,AU
u03-003029,user3029@corp.io,2026-07-12,GB
u03-003030,user3030@example.com,2026-03-15,GB
u03-003031,user3031@corp.io,2026-07-27,GB
u03-003032,user3032@mail.co.in,2026-03-19,AU
u03-003033,user3033@corp.io,2026-08-18,DE
u03-003034,user3034@corp.io,2026-09-15,GB
u03-003035,user3035@example.com,2026-09-28,US
u03-003036,user3036@example.com,2026-03-20,DE
u03-003037,user3037@uni.edu,2026-05-15,AU
u03-003038,user3038@mail.co.in,2026-06-20,GB
u03-003039,user3039@example.com,2026-09-15,GB
u03-003040,user3040@uni.edu,2026-02-20,SG
u03-003041,user3041@uni.edu,2026-02-18,US
u03-003042,user3042@corp.io,2026-02-24,IN
u03-003043,user3043@uni.edu,2026-07-14,DE
u03-003044,user3044@example.com,2026-05-22,DE
u03-003045,user3045@example.com,2026-03-26,GB
u03-003046,user3046@corp.io,2026-08-21,AU
u03-003047,user3047@corp.io,2026-07-10,SG
u03-003048,user3048@corp.io,2026-01-27,US
u03-003049,user3049@uni.edu,2026-07-28,GB
u03-003050,user3050@uni.edu,2026-09-17,IN
u03-003051,user3051@example.com,2026-08-10,SG
u03-003052,user3052@mail.co.in,2026-08-23,IN
u03-003053,user3053@corp.io,2026-05-25,SG
u03-003054,user3054@corp.io,2026-02-20,IN
u03-003055,user3055@corp.io,2026-02-21,AU
u03-003056,user3056@mail.co.in,2026-02-24,GB
u03-003057,user3057@uni.edu,2026-02-13,IN
u03-003058,user3058@example.com,2026-08-14,IN
u03-003059,user3059@example.com,2026-05-10,SG
u03-003060,user3060@mail.co.in,2026-05-18,SG
u03-003061,user3061@uni.edu,2026-03-24,US
u03-003062,user3062@mail.co.in,2026-09-14,AU
u03-003063,user3063@corp.io,2026-04-28,IN
u03-003064,user3064@uni.edu,2026-05-28,US
u03-003065,user3065@uni.edu,2026-07-11,IN
u03-003066,user3066@example.com,2026-09-15,DE
u03-003067,user3067@uni.edu,2026-04-16,SG
u03-003068,user3068@corp.io,2026-01-21,SG
u03-003069,user3069@example.com,2026-06-27,IN
u03-003070,user3070@uni.edu,2026-05-11,US
u03-003071,user3071@corp.io,2026-09-17,IN
u03-003072,user3072@uni.edu,2026-07-27,DE
u03-003073,user3073@example.com,2026-05-19,DE
u03-003074,user3074@uni.edu,2026-01-23,GB
u03-003075,user3075@uni.edu,2026-06-20,GB
u03-003076,user3076@example.com,2026-02-11,AU
u03-003077,user3077@example.com,2026-04-10,SG
u03-003078,user3078@example.com,2026-01-25,DE
u03-003079,user3079@example.com,2026-07-27,AU
u03-003080,user3080@mail.co.in,2026-04-16,IN
u03-003081,user3081@corp.io,2026-07-22,DE
u03-003082,user3082@uni.edu,2026-07-15,US
u03-003083,user3083@uni.edu,2026-09-14,IN
u03-003084,user3084@mail.co.in,2026-07-11,AU
u03-003085,user3085@uni.edu,2026-07-13,AU
u03-003086,user3086@example.com,2026-07-24,IN
u03-003087,user3087@uni.edu,2026-07-26,IN
u03-003088,user3088@corp.io,2026-09-19,US
u03-003089,user3089@mail.co.in,2026-06-10,IN
u03-003090,user3090@example.com,2026-05-18,DE
u03-003091,user3091@corp.io,2026-03-14,AU
u03-003092,user3092@corp.io,2026-04-14,US
u03-003093,user3093@uni.edu,2026-01-10,DE
u03-003094,user3094@uni.edu,2026-06-25,SG
u03-003095,user3095@uni.edu,2026-06-20,IN
u03-003096,user3096@mail.co.in,2026-06-19,AU
u03-003097,user3097@corp.io,2026-01-20,GB
u03-003098,user3098@mail.co.in,2026-05-27,SG
u03-003099,user3099@uni.edu,2026-03-28,GB
u03-003100,user3100@uni.edu,2026-05-21,DE
u03-003101,user3101@example.com,2026-08-11,IN
u03-003102,user3102@corp.io,2026-05-16,AU
u03-003103,user3103@example.com,2026-01-19,IN
u03-003104,user3104@mail.co.in,2026-08-23,GB
u03-003105,user3105@uni.edu,2026-08-23,GB
u03-003106,user3106@uni.edu,2026-06-16,DE
u03-003107,user3107@example.com,2026-06-16,GB
u03-003108,user3108@example.com,2026-03-10,AU
u03-003109,user3109@corp.io,2026-02-25,SG
u03-003110,user3110@example.com,2026-07-20,AU
u03-003111,user3111@example.com,2026-01-19,DE
u03-003112,user3112@uni.edu,2026-09-12,AU
u03-003113,user3113@uni.edu,2026-02-24,GB
u03-003114,user3114@uni.edu,2026-05-12,GB
u03-003115,user3115@uni.edu,2026-08-15,SG
u03-003116,user3116@corp.io,2026-05-26,IN
u03-003117,user3117@mail.co.in,2026-03-10,DE
u03-003118,user3118@example.com,2026-07-21,DE
u03-003119,user3119@corp.io,2026-06-11,US
u03-003120,user3120@mail.co.in,2026-05-10,DE
u03-003121,user3121@mail.co.in,2026-09-16,US
u03-003122,user3122@uni.edu,2026-06-14,AU
u03-003123,user3123@uni.edu,2026-05-24,GB
u03-003124,user3124@corp.io,2026-03-24,DE
u03-003125,user3125@mail.co.in,2026-02-17,SG
u03-003126,user3126@mail.co.in,2026-09-24,AU
u03-003127,user3127@mail.co.in,2026-09-19,AU
u03-003128,user3128@example.com,2026-08-23,US
u03-003129,user3129@uni.edu,2026-07-19,GB
u03-003130,user3130@corp.io,2026-09-16,IN
u03-003131,user3131@example.com,2026-07-11,AU
u03-003132,user3132@mail.co.in,2026-01-19,IN
u03-003133,user3133@uni.edu,2026-07-13,SG
u03-003134,user3134@uni.edu,2026-06-28,IN
u03-003135,user3135@corp.io,2026-02-24,SG
u03-003136,user3136@mail.co.in,2026-05-21,DE
u03-003137,user3137@example.com,2026-05-21,AU
u03-003138,user3138@uni.edu,2026-06-22,SG
u03-003139,user3139@example.com,2026-09-27,IN
u03-003140,user3140@mail.co.in,2026-05-16,IN
u03-003141,user3141@example.com,2026-07-15,AU
u03-003142,user3142@mail.co.in,2026-02-26,SG
u03-003143,user3143@uni.edu,2026-03-26,US
u03-003144,user3144@corp.io,2026-07-13,US
u03-003145,user3145@example.com,2026-09-18,GB
u03-003146,user3146@mail.co.in,2026-01-16,DE
u03-003147,user3147@mail.co.in,2026-05-19,IN
u03-003148,user3148@corp.io,2026-02-21,AU
u03-003149,user3149@example.com,2026-05-19,IN
u03-003150,user3150@corp.io,2026-04-15,DE
u03-003151,user3151@uni.edu,2026-02-24,AU
u03-003152,user3152@corp.io,2026-05-24,GB
u03-003153,user3153@mail.co.in,2026-09-15,DE
u03-003154,user3154@example.com,2026-06-11,DE
u03-003155,user3155@example.com,2026-06-17,IN
u03-003156,user3156@corp.io,2026-05-14,AU
u03-003157,user3157@uni.edu,2026-06-27,GB
u03-003158,user3158@mail.co.in,2026-09-23,DE
u03-003159,user3159@mail.co.in,2026-09-25,GB
u03-003160,user3160@example.com,2026-04-11,IN
u03-003161,user3161@mail.co.in,2026-01-20,AU
u03-003162,user3162@uni.edu,2026-09-17,DE
u03-003163,user3163@example.com,2026-09-25,AU
u03-003164,user3164@uni.edu,2026-08-13,US
u03-003165,user3165@example.com,2026-08-20,US
u03-003166,user3166@example.com,2026-02-21,IN
u03-003167,user3167@uni.edu,2026-02-19,SG
u03-003168,user3168@uni.edu,2026-08-18,DE
u03-003169,user3169@corp.io,2026-08-11,SG
u03-003170,user3170@uni.edu,2026-03-17,DE
u03-003171,user3171@uni.edu,2026-01-15,GB
u03-003172,user3172@mail.co.in,2026-07-26,DE
u03-003173,user3173@mail.co.in,2026-03-16,AU
u03-003174,user3174@example.com,2026-01-23,DE
u03-003175,user3175@example.com,2026-01-27,DE
u03-003176,user3176@corp.io,2026-07-10,SG
u03-003177,user3177@uni.edu,2026-05-19,US
u03-003178,user3178@mail.co.in,2026-04-18,IN
u03-003179,user3179@mail.co.in,2026-02-18,SG
u03-003180,user3180@mail.co.in,2026-08-13,IN
u03-003181,user3181@corp.io,2026-04-24,AU
u03-003182,user3182@corp.io,2026-01-23,US
u03-003183,user3183@mail.co.in,2026-04-27,SG
u03-003184,user3184@example.com,2026-07-24,IN
u03-003185,user3185@corp.io,2026-05-14,GB
u03-003186,user3186@example.com,2026-08-22,GB
u03-003187,user3187@example.com,2026-08-26,US
u03-003188,user3188@corp.io,2026-05-10,US
u03-003189,user3189@example.com,2026-09-17,AU
u03-003190,user3190@example.com,2026-03-27,DE
u03-003191,user3191@example.com,2026-06-14,AU
u03-003192,user3192@uni.edu,2026-04-22,IN
u03-003193,user3193@mail.co.in,2026-07-14,GB
u03-003194,user3194@corp.io,2026-02-13,AU
u03-003195,user3195@corp.io,2026-02-18,US
u03-003196,user3196@example.com,2026-04-16,GB
u03-003197,user3197@mail.co.in,2026-07-22,GB
u03-003198,user3198@uni.edu,2026-04-15,AU
u03-003199,user3199@mail.co.in,2026-04-18,IN
u03-003200,user3200@uni.edu,2026-05-15,SG
u03-003201,user3201@corp.io,2026-01-12,SG
u03-003202,user3202@example.com,2026-09-24,DE
u03-003203,user3203@example.com,2026-05-12,IN
u03-003204,user3204@example.com,2026-01-22,IN
u03-003205,user3205@mail.co.in,2026-01-27,AU
u03-003206,user3206@example.com,2026-01-26,GB
u03-003207,user3207@mail.co.in,2026-01-20,DE
u03-003208,user3208@mail.co.in,2026-01-22,AU
u03-003209,user3209@corp.io,2026-03-28,GB
u03-003210,user3210@mail.co.in,2026-09-28,SG
u03-003211,user3211@corp.io,2026-08-13,DE
u03-003212,user3212@mail.co.in,2026-01-23,GB
u03-003213,user3213@uni.edu,2026-07-28,IN
u03-003214,user3214@mail.co.in,2026-07-17,US
u03-003215,user3215@uni.edu,2026-06-26,SG
u03-003216,user3216@example.com,2026-01-12,IN
u03-003217,user3217@uni.edu,2026-05-11,AU
u03-003218,user3218@example.com,2026-08-18,AU
u03-003219,user3219@corp.io,2026-08-28,AU
u03-003220,user3220@mail.co.in,2026-05-21,AU
u03-003221,user3221@mail.co.in,2026-01-27,DE
u03-003222,user3222@uni.edu,2026-07-23,IN
u03-003223,user3223@mail.co.in,2026-07-18,DE
u03-003224,user3224@example.com,2026-05-28,SG
u03-003225,user3225@uni.edu,2026-04-28,DE
u03-003226,user3226@corp.io,2026-05-16,IN
u03-003227,user3227@uni.edu,2026-04-23,US
u03-003228,user3228@example.com,2026-07-10,SG
u03-003229,user3229@mail.co.in,2026-06-18,GB
u03-003230,user3230@uni.edu,2026-01-25,SG
u03-003231,user3231@corp.io,2026-07-24,IN
u03-003232,user3232@mail.co.in,2026-05-18,AU
u03-003233,user3233@uni.edu,2026-03-16,SG
u03-003234,user3234@example.com,2026-02-22,IN
u03-003235,user3235@example.com,2026-04-19,DE
u03-003236,user3236@example.com,2026-08-12,IN
u03-003237,user3237@uni.edu,2026-01-24,IN
u03-003238,user3238@uni.edu,2026-07-18,US
u03-003239,user3239@corp.io,2026-09-22,GB
u03-003240,user3240@example.com,2026-01-11,SG
u03-003241,user3241@mail.co.in,2026-02-20,GB
u03-003242,user3242@corp.io,2026-03-20,GB
u03-003243,user3243@corp.io,2026-07-23,IN
u03-003244,user3244@corp.io,2026-08-21,DE
u03-003245,user3245@uni.edu,2026-05-12,AU
u03-003246,user3246@uni.edu,2026-07-21,US
u03-003247,user3247@uni.edu,2026-04-18,SG
u03-003248,user3248@uni.edu,2026-06-13,SG
u03-003249,user3249@example.com,2026-03-15,SG
u03-003250,user3250@mail.co.in,2026-05-23,GB
u03-003251,user3251@uni.edu,2026-07-10,US
u03-003252,user3252@example.com,2026-03-13,SG
u03-003253,user3253@mail.co.in,2026-05-18,SG
u03-003254,user3254@corp.io,2026-05-24,IN
u03-003255,user3255@example.com,2026-02-22,DE
u03-003256,user3256@corp.io,2026-02-28,US
u03-003257,user3257@corp.io,2026-08-26,AU
u03-003258,user3258@example.com,2026-07-21,IN
u03-003259,user3259@example.com,2026-06-25,GB
u03-003260,user3260@example.com,2026-05-25,US
u03-003261,user3261@example.com,2026-04-23,GB
u03-003262,user3262@corp.io,2026-05-26,AU
u03-003263,user3263@mail.co.in,2026-07-24,AU
u03-003264,user3264@example.com,2026-05-25,US
u03-003265,user3265@uni.edu,2026-06-15,GB
u03-003266,user3266@uni.edu,2026-02-26,DE
u03-003267,user3267@mail.co.in,2026-08-27,AU
u03-003268,user3268@mail.co.in,2026-02-20,IN
u03-003269,user3269@uni.edu,2026-03-24,IN
u03-003270,user3270@corp.io,2026-04-26,DE
u03-003271,user3271@example.com,2026-09-23,US
u03-003272,user3272@corp.io,2026-09-10,GB
u03-003273,user3273@corp.io,2026-03-22,AU
u03-003274,user3274@mail.co.in,2026-06-11,US
u03-003275,user3275@corp.io,2026-01-11,GB
u03-003276,user3276@mail.co.in,2026-02-12,GB
u03-003277,user3277@example.com,2026-05-23,IN
u03-003278,user3278@example.com,2026-08-13,AU
u03-003279,user3279@mail.co.in,2026-06-26,DE
u03-003280,user3280@uni.edu,2026-04-22,DE
u03-003281,user3281@corp.io,2026-04-17,AU
u03-003282,user3282@uni.edu,2026-04-22,US
u03-003283,user3283@uni.edu,2026-04-15,AU
u03-003284,user3284@corp.io,2026-03-18,SG
u03-003285,user3285@uni.edu,2026-08-14,SG
u03-003286,user3286@mail.co.in,2026-03-12,AU
u03-003287,user3287@mail.co.in,2026-04-22,DE
u03-003288,user3288@example.com,2026-05-25,GB
u03-003289,user3289@corp.io,2026-05-11,IN
u03-003290,user3290@corp.io,2026-09-15,US
u03-003291,user3291@mail.co.in,2026-03-27,AU
u03-003292,user3292@uni.edu,2026-05-26,US
u03-003293,user3293@uni.edu,2026-08-23,US
u03-003294,user3294@corp.io,2026-09-19,DE
u03-003295,user3295@uni.edu,2026-06-23,GB
u03-003296,user3296@mail.co.in,2026-04-10,GB
u03-003297,user3297@example.com,2026-04-26,DE
u03-003298,user3298@example.com,2026-01-21,SG
u03-003299,user3299@uni.edu,2026-06-25,IN
u03-003300,user3300@uni.edu,2026-08-11,AU
u03-003301,user3301@uni.edu,2026-06-17,IN
u03-003302,user3302@mail.co.in,2026-08-12,DE
u03-003303,user3303@uni.edu,2026-08-25,IN
u03-003304,user3304@example.com,2026-09-25,DE
u03-003305,user3305@uni.edu,2026-03-19,IN
u03-003306,user3306@uni.edu,2026-07-19,GB
u03-003307,user3307@example.com,2026-04-21,GB
u03-003308,user3308@corp.io,2026-04-23,SG
u03-003309,user3309@mail.co.in,2026-09-13,GB
u03-003310,user3310@mail.co.in,,IN
u03-003311,user3311@corp.io,2026-08-21,US
u03-003312,user3312@uni.edu,2026-07-10,AU
u03-003313,user3313@corp.io,2026-08-19,IN
u03-003314,user3314@example.com,2026-02-17,AU
u03-003315,user3315@corp.io,2026-06-25,IN
u03-003316,user3316@uni.edu,2026-09-13,DE
u03-003317,user3317@mail.co.in,2026-08-24,IN
u03-003318,user3318@example.com,2026-03-18,DE
u03-003319,user3319@mail.co.in,2026-07-10,DE
u03-003320,user3320@example.com,2026-05-28,SG
u03-003321,user3321@uni.edu,2026-01-17,GB
u03-003322,user3322@uni.edu,2026-07-14,US
u03-003323,user3323@uni.edu,2026-07-16,DE
u03-003324,user3324@mail.co.in,2026-04-19,GB
u03-003325,user3325@corp.io,2026-02-20,IN
u03-003326,user3326@corp.io,2026-05-22,DE
u03-003327,user3327@uni.edu,2026-07-15,GB
u03-003328,user3328@example.com,2026-07-23,GB
u03-003329,user3329@mail.co.in,2026-09-14,US
u03-003330,user3330@mail.co.in,2026-06-21,SG
u03-003331,user3331@uni.edu,2026-09-11,DE
u03-003332,user3332@mail.co.in,2026-06-24,SG
u03-003333,user3333@corp.io,2026-03-13,IN
u03-003334,user3334@uni.edu,2026-02-16,AU
u03-003335,user3335@corp.io,2026-02-15,SG
u03-003336,user3336@corp.io,2026-02-24,GB
u03-003337,user3337@example.com,2026-09-12,US
u03-003338,user3338@example.com,2026-04-24,IN
u03-003339,user3339@corp.io,2026-02-20,IN
u03-003340,user3340@corp.io,2026-04-28,IN
u03-003341,user3341@example.com,2026-09-18,GB
u03-003342,user3342@example.com,2026-05-11,SG
u03-003343,user3343@mail.co.in,2026-09-15,AU
u03-003344,user3344@mail.co.in,2026-08-13,AU
u03-003345,user3345@uni.edu,2026-08-15,GB
u03-003346,user3346@uni.edu,2026-06-24,AU
u03-003347,user3347@example.com,2026-09-15,IN
u03-003348,user3348@uni.edu,2026-01-24,AU
u03-003349,user3349@mail.co.in,2026-09-27,DE
u03-003350,user3350@example.com,2026-06-18,AU
u03-003351,user3351@uni.edu,2026-08-19,DE
u03-003352,user3352@uni.edu,2026-01-26,GB
u03-003353,user3353@corp.io,2026-06-25,SG
u03-003354,user3354@mail.co.in,2026-07-11,DE
u03-003355,user3355@corp.io,2026-02-18,AU
u03-003356,user3356@uni.edu,2026-06-21,AU
u03-003357,user3357@example.com,2026-01-24,GB
u03-003358,user3358@uni.edu,2026-06-23,US
u03-003359,user3359@mail.co.in,2026-06-12,DE
u03-003360,user3360@mail.co.in,2026-04-12,GB
u03-003361,user3361@mail.co.in,2026-02-25,SG
u03-003362,user3362@mail.co.in,2026-07-11,GB
u03-003363,user3363@corp.io,2026-07-19,GB
u03-003364,user3364@corp.io,2026-02-27,US
u03-003365,user3365@corp.io,2026-01-23,GB
u03-003366,user3366@example.com,2026-03-21,DE
u03-003367,user3367@example.com,2026-06-20,IN
u03-003368,user3368@uni.edu,2026-08-27,SG
u03-003369,user3369@example.com,2026-06-17,GB
u03-003370,user3370@mail.co.in,2026-08-22,DE
u03-003371,user3371@mail.co.in,2026-04-11,SG
u03-003372,user3372@corp.io,2026-03-11,US
u03-003373,user3373@mail.co.in,2026-03-13,IN
u03-003374,user3374@corp.io,2026-05-18,IN
u03-003375,user3375@corp.io,2026-04-16,GB
u03-003376,user3376@corp.io,2026-07-24,GB
u03-003377,user3377@example.com,2026-06-11,SG
u03-003378,user3378@uni.edu,2026-04-23,AU
u03-003379,user3379@corp.io,2026-08-15,IN
u03-003380,user3380@corp.io,2026-04-17,IN
u03-003381,user3381@uni.edu,2026-04-25,DE
u03-003382,user3382@corp.io,2026-04-16,IN
u03-003383,user3383@example.com,2026-04-23,DE
u03-003384,user3384@uni.edu,2026-02-21,SG
u03-003385,user3385@uni.edu,2026-01-16,US
u03-003386,user3386@corp.io,2026-08-26,US
u03-003387,user3387@uni.edu,2026-05-27,US
u03-003388,user3388@corp.io,2026-06-20,DE
u03-003389,user3389@example.com,2026-05-20,US
u03-003390,user3390@example.com,2026-04-13,US
u03-003391,user3391@uni.edu,2026-04-26,DE
u03-003392,user3392@uni.edu,2026-03-15,US
u03-003393,user3393@example.com,2026-03-22,GB
u03-003394,user3394@uni.edu,2026-01-18,GB
u03-003395,user3395@uni.edu,2026-08-26,IN
u03-003396,user3396@example.com,2026-01-12,IN
u03-003397,user3397@uni.edu,2026-02-21,DE
u03-003398,user3398@example.com,2026-09-15,AU
u03-003399,user3399@uni.edu,2026-05-23,SG
u03-003400,user3400@mail.co.in,2026-09-20,IN
u03-003401,user3401@mail.co.in,2026-08-25,AU
u03-003402,user3402@mail.co.in,2026-04-14,SG
u03-003403,user3403@example.com,2026-04-19,GB
u03-003404,user3404@corp.io,2026-06-21,SG
u03-003405,user3405@mail.co.in,2026-02-27,DE
u03-003406,user3406@corp.io,2026-09-21,SG
u03-003407,user3407@corp.io,2026-07-13,GB
u03-003408,user3408@example.com,2026-06-21,AU
u03-003409,user3409@mail.co.in,2026-08-10,IN
u03-003410,user3410@uni.edu,2026-06-21,AU
u03-003411,user3411@mail.co.in,2026-04-24,US
u03-003412,user3412@mail.co.in,2026-03-25,DE
u03-003413,user3413@corp.io,2026-08-10,DE
u03-003414,user3414@uni.edu,2026-07-26,US
u03-003415,user3415@corp.io,2026-02-16,DE
u03-003416,user3416@example.com,2026-06-24,GB
u03-003417,user3417@corp.io,2026-07-19,US
u03-003418,user3418@example.com,2026-08-28,AU
u03-003419,user3419@uni.edu,2026-04-22,GB
u03-003420,user3420@corp.io,2026-08-23,IN
u03-003421,user3421@corp.io,2026-03-23,AU
u03-003422,user3422@mail.co.in,2026-02-25,DE
u03-003423,user3423@example.com,2026-04-19,DE
u03-003424,user3424@example.com,2026-04-28,DE
u03-003425,user3425@example.com,2026-09-12,AU
u03-003426,user3426@example.com,2026-08-18,IN
u03-003427,user3427@corp.io,2026-01-16,IN
u03-003428,user3428@mail.co.in,2026-01-14,SG
u03-003429,user3429@corp.io,2026-03-19,US
u03-003430,user3430@corp.io,2026-05-21,US
u03-003431,user3431@mail.co.in,2026-03-27,US
u03-003432,user3432@corp.io,2026-09-20,US
u03-003433,user3433@mail.co.in,2026-04-23,SG
u03-003434,user3434@uni.edu,2026-05-28,SG
u03-003435,user3435@uni.edu,2026-06-12,DE
u03-003436,user3436@mail.co.in,2026-06-25,SG
u03-003437,user3437@corp.io,2026-01-18,AU
u03-003438,user3438@uni.edu,2026-07-27,GB
u03-003439,user3439@uni.edu,2026-07-22,DE
u03-003440,user3440@mail.co.in,2026-06-24,AU
u03-003441,user3441@mail.co.in,2026-09-16,IN
u03-003442,user3442@corp.io,2026-02-10,GB
u03-003443,user3443@example.com,2026-03-19,DE
u03-003444,user3444@example.com,2026-05-26,GB
u03-003445,user3445@corp.io,2026-04-11,IN
u03-003446,user3446@example.com,2026-01-17,AU
u03-003447,user3447@mail.co.in,2026-08-28,AU
u03-003448,user3448@corp.io,2026-03-17,IN
u03-003449,user3449@corp.io,2026-02-13,IN
u03-003450,user3450@uni.edu,2026-02-17,AU
u03-003451,user3451@corp.io,2026-07-24,AU
u03-003452,user3452@uni.edu,2026-09-12,US
u03-003453,user3453@mail.co.in,2026-04-22,IN
u03-003454,user3454@example.com,2026-02-17,GB
u03-003455,user3455@example.com,2026-02-16,US
u03-003456,user3456@corp.io,2026-05-13,US
u03-003457,user3457@corp.io,2026-05-13,IN
u03-003458,user3458@corp.io,2026-04-19,DE
u03-003459,user3459@mail.co.in,2026-06-14,GB
u03-003460,user3460@mail.co.in,2026-01-10,DE
u03-003461,user3461@mail.co.in,2026-03-26,IN
u03-003462,user3462@uni.edu,2026-06-22,SG
u03-003463,user3463@mail.co.in,2026-05-14,AU
u03-003464,user3464@corp.io,2026-05-23,DE
u03-003465,user3465@uni.edu,2026-05-12,SG
u03-003466,user3466@mail.co.in,2026-08-24,GB
u03-003467,user3467@uni.edu,2026-02-17,AU
u03-003468,user3468@uni.edu,2026-02-24,IN
u03-003469,user3469@example.com,2026-03-16,DE
u03-003470,user3470@uni.edu,2026-02-23,GB
u03-003471,user3471@mail.co.in,2026-06-21,DE
u03-003472,user3472@uni.edu,2026-02-28,GB
u03-003473,user3473@example.com,2026-09-14,DE
u03-003474,user3474@uni.edu,2026-03-10,GB
u03-003475,user3475@uni.edu,2026-01-16,IN
u03-003476,user3476@uni.edu,2026-06-20,US
u03-003477,user3477@corp.io,2026-08-20,GB
u03-003478,user3478@uni.edu,2026-09-11,GB
u03-003479,user3479@example.com,2026-01-23,GB
u03-003480,user3480@example.com,2026-09-13,GB
u03-003481,user3481@mail.co.in,2026-04-24,SG
u03-003482,user3482@corp.io,2026-07-23,US
u03-003483,user3483@corp.io,2026-07-26,IN
u03-003484,user3484@example.com,2026-07-12,SG
u03-003485,user3485@corp.io,2026-07-25,GB
u03-003486,user3486@mail.co.in,2026-02-10,SG
u03-003487,user3487@example.com,2026-02-22,SG
u03-003488,user3488@example.com,2026-04-21,DE
u03-003489,user3489@corp.io,2026-09-15,IN
u03-003490,user3490@corp.io,2026-03-24,GB
u03-003491,user3491@mail.co.in,2026-08-16,DE
u03-003492,user3492@mail.co.in,2026-08-24,AU
u03-003493,user3493@uni.edu,2026-01-21,GB
u03-003494,user3494@example.com,2026-01-15,IN
u03-003495,user3495@uni.edu,2026-08-27,GB
u03-003496,user3496@corp.io,2026-05-10,SG
u03-003497,user3497@uni.edu,2026-01-23,DE
u03-003498,user3498@mail.co.in,2026-07-10,SG
u03-003499,user3499@uni.edu,2026-06-14,US
u03-003500,user3500@uni.edu,2026-07-23,GB
u03-003501,user3501@mail.co.in,2026-05-17,SG
u03-003502,user3502@uni.edu,2026-01-21,US
u03-003503,user3503@corp.io,2026-08-13,US
u03-003504,user3504@corp.io,2026-03-13,DE
u03-003505,user3505@mail.co.in,2026-02-26,US
u03-003506,user3506@corp.io,2026-08-28,IN
u03-003507,user3507@example.com,2026-06-14,IN
u03-003508,user3508@uni.edu,2026-06-21,AU
u03-003509,user3509@mail.co.in,2026-06-23,DE
u03-003510,user3510@mail.co.in,2026-01-24,SG
u03-003511,user3511@corp.io,2026-08-17,GB
u03-003512,user3512@mail.co.in,2026-01-23,IN
u03-003513,user3513@uni.edu,2026-01-18,SG
u03-003514,user3514@corp.io,2026-07-20,AU
u03-003515,user3515@corp.io,2026-08-12,IN
u03-003516,user3516@corp.io,2026-03-10,SG
u03-003517,user3517@corp.io,2026-02-28,IN
u03-003518,user3518@corp.io,2026-02-10,AU
u03-003519,user3519@uni.edu,2026-04-12,GB
u03-003520,user3520@mail.co.in,2026-05-21,SG
u03-003521,user3521@mail.co.in,2026-08-24,GB
u03-003522,user3522@example.com,2026-02-17,GB
u03-003523,user3523@corp.io,2026-05-10,SG
u03-003524,user3524@mail.co.in,2026-03-28,AU
u03-003525,user3525@uni.edu,2026-02-22,GB
u03-003526,user3526@corp.io,2026-05-18,SG
u03-003527,user3527@mail.co.in,2026-07-15,SG
u03-003528,user3528@example.com,2026-06-17,US
u03-003529,user3529@corp.io,2026-01-13,DE
u03-003530,user3530@example.com,2026-08-12,DE
u03-003531,user3531@mail.co.in,2026-06-25,SG
u03-003532,user3532@uni.edu,2026-09-19,US
u03-003533,user3533@mail.co.in,2026-02-16,GB
u03-003534,user3534@example.com,2026-08-11,AU
u03-003535,user3535@example.com,2026-01-28,DE
u03-003536,user3536@mail.co.in,2026-08-16,SG
u03-003537,user3537@corp.io,2026-08-25,AU
u03-003538,user3538@mail.co.in,2026-07-24,SG
u03-003539,user3539@corp.io,2026-09-23,DE
u03-003540,user3540@uni.edu,2026-05-11,US
u03-003541,user3541@uni.edu,2026-09-20,GB
u03-003542,user3542@corp.io,2026-03-26,DE
u03-003543,user3543@example.com,2026-01-10,AU
u03-003544,user3544@uni.edu,2026-02-20,US
u03-003545,user3545@uni.edu,2026-05-24,US
u03-003546,user3546@uni.edu,2026-07-24,AU
u03-003547,user3547@uni.edu,2026-08-28,GB
u03-003548,user3548@mail.co.in,2026-09-10,IN
u03-003549,user3549@corp.io,2026-08-16,AU
u03-003550,user3550@mail.co.in,2026-02-14,GB
u03-003551,user3551@uni.edu,2026-02-22,AU
u03-003552,user3552@corp.io,2026-05-16,AU
u03-003553,user3553@mail.co.in,2026-07-21,AU
u03-003554,user3554@uni.edu,2026-05-20,US
u03-003555,user3555@example.com,2026-04-12,SG
u03-003556,user3556@corp.io,2026-08-20,SG
u03-003557,user3557@mail.co.in,2026-09-22,GB
u03-003558,user3558@example.com,2026-08-12,DE
u03-003559,user3559@uni.edu,2026-06-12,AU
u03-003560,user3560@corp.io,2026-01-10,DE
u03-003561,user3561@uni.edu,2026-03-10,IN
u03-003562,user3562@example.com,2026-04-18,SG
u03-003563,user3563@example.com,2026-07-28,SG
u03-003564,user3564@uni.edu,2026-03-27,SG
u03-003565,user3565@corp.io,2026-05-19,AU
u03-003566,user3566@uni.edu,2026-09-13,AU
u03-003567,user3567@corp.io,2026-02-22,AU
u03-003568,user3568@example.com,2026-01-18,AU
u03-003569,user3569@example.com,2026-07-24,AU
u03-003570,user3570@uni.edu,2026-09-22,AU
u03-003571,user3571@uni.edu,2026-02-11,SG
u03-003572,user3572@mail.co.in,2026-06-10,US
u03-003573,user3573@uni.edu,2026-06-22,DE
u03-003574,user3574@uni.edu,2026-05-18,AU
u03-003575,user3575@mail.co.in,2026-07-11,AU
u03-003576,user3576@corp.io,2026-04-11,US
u03-003577,user3577@example.com,2026-01-11,AU
u03-003578,user3578@uni.edu,2026-01-21,SG
u03-003579,user3579@uni.edu,2026-02-28,IN
u03-003580,user3580@example.com,2026-03-26,US
u03-003581,user3581@uni.edu,2026-02-25,SG
u03-003582,user3582@corp.io,2026-02-15,AU
u03-003583,user3583@corp.io,2026-03-21,SG
u03-003584,user3584@mail.co.in,2026-02-21,AU
u03-003585,user3585@uni.edu,2026-04-24,GB
u03-003586,user3586@corp.io,2026-01-20,SG
u03-003587,user3587@corp.io,2026-04-25,IN
u03-003588,user3588@mail.co.in,2026-08-18,DE
u03-003589,user3589@corp.io,2026-08-17,US
u03-003590,user3590@corp.io,2026-07-20,AU
u03-003591,user3591@mail.co.in,2026-04-20,SG
u03-003592,user3592@uni.edu,2026-07-18,SG
u03-003593,user3593@corp.io,2026-06-12,IN
u03-003594,user3594@example.com,2026-09-22,GB
u03-003595,user3595@corp.io,2026-08-24,AU
u03-003596,user3596@uni.edu,2026-09-14,SG
u03-003597,user3597@corp.io,2026-07-11,IN
u03-003598,user3598@corp.io,2026-03-15,GB
u03-003599,user3599@mail.co.in,2026-08-18,SG
u03-003600,user3600@mail.co.in,2026-08-28,US
u03-003601,user3601@mail.co.in,2026-09-27,AU
u03-003602,user3602@uni.edu,2026-03-11,AU
u03-003603,user3603@example.com,2026-07-25,IN
u03-003604,user3604@mail.co.in,2026-09-23,SG
u03-003605,user3605@uni.edu,2026-04-16,DE
u03-003606,user3606@example.com,2026-04-12,GB
u03-003607,user3607@corp.io,2026-07-26,GB
u03-003608,user3608@corp.io,2026-03-13,AU
u03-003609,user3609@mail.co.in,2026-03-18,DE
u03-003610,user3610@example.com,2026-02-21,IN
u03-003611,user3611@example.com,2026-05-24,US
u03-003612,user3612@uni.edu,2026-08-13,US
u03-003613,user3613@corp.io,2026-05-28,DE
u03-003614,user3614@mail.co.in,2026-01-14,SG
u03-003615,user3615@uni.edu,2026-04-12,SG
u03-003616,user3616@mail.co.in,2026-03-15,GB
u03-003617,user3617@corp.io,2026-02-10,IN
u03-003618,user3618@uni.edu,2026-07-21,GB
u03-003619,user3619@example.com,2026-05-25,DE
u03-003620,user3620@example.com,2026-02-11,IN
u03-003621,user3621@corp.io,2026-09-12,SG
u03-003622,user3622@example.com,2026-07-23,US
u03-003623,user3623@mail.co.in,2026-08-26,US
u03-003624,user3624@example.com,2026-08-22,IN
u03-003625,user3625@mail.co.in,2026-09-23,DE
u03-003626,user3626@mail.co.in,2026-05-21,US
u03-003627,user3627@corp.io,2026-07-23,GB
u03-003628,user3628@uni.edu,2026-08-28,US
u03-003629,user3629@corp.io,2026-08-18,SG
u03-003630,user3630@corp.io,2026-04-21,IN
u03-003631,user3631@uni.edu,2026-03-12,SG
u03-003632,user3632@mail.co.in,2026-06-13,DE
u03-003633,user3633@example.com,2026-02-15,IN
u03-003634,user3634@example.com,2026-02-24,US
u03-003635,user3635@corp.io,2026-04-10,AU
u03-003636,user3636@mail.co.in,2026-02-21,DE
u03-003637,user3637@mail.co.in,2026-05-18,SG
u03-003638,user3638@uni.edu,2026-07-15,DE
u03-003639,user3639@example.com,2026-02-14,AU
u03-003640,user3640@corp.io,2026-08-18,AU
u03-003641,user3641@uni.edu,2026-07-16,DE
u03-003642,user3642@corp.io,2026-03-15,AU
u03-003643,user3643@corp.io,2026-09-28,IN
u03-003644,user3644@example.com,2026-06-24,AU
u03-003645,user3645@mail.co.in,2026-09-21,AU
u03-003646,user3646@corp.io,2026-02-10,IN
u03-003647,user3647@corp.io,2026-04-25,GB
u03-003648,user3648@mail.co.in,2026-07-15,IN
u03-003649,user3649@mail.co.in,2026-08-26,IN
u03-003650,user3650@corp.io,2026-09-15,US
u03-003651,user3651@example.com,2026-08-23,IN
u03-003652,user3652@example.com,2026-06-10,US
u03-003653,user3653@example.com,2026-09-10,SG
u03-003654,user3654@corp.io,2026-05-11,US
u03-003655,user3655@corp.io,2026-09-15,US
u03-003656,user3656@mail.co.in,2026-06-19,US
u03-003657,user3657@uni.edu,2026-02-21,AU
u03-003658,user3658@uni.edu,2026-01-20,GB
u03-003659,user3659.example.com,2026-01-20,IN
u03-003660,user3660@uni.edu,2026-03-20,SG
u03-003661,user3661@example.com,2026-02-21,AU
u03-003662,user3662@mail.co.in,2026-03-24,AU
u03-003663,user3663@uni.edu,2026-07-18,AU
u03-003664,user3664@example.com,2026-02-14,IN
u03-003665,user3665@example.com,2026-03-18,US
u03-003666,user3666@corp.io,2026-02-26,AU
u03-003667,user3667@mail.co.in,2026-07-22,DE
u03-003668,user3668@example.com,2026-01-15,US
u03-003669,user3669@mail.co.in,2026-01-23,US
u03-003670,user3670@uni.edu,2026-06-16,SG
u03-003671,user3671@uni.edu,2026-09-24,DE
u03-003672,user3672@corp.io,2026-07-13,DE
u03-003673,user3673@mail.co.in,2026-07-22,US
u03-003674,user3674@corp.io,2026-07-28,SG
u03-003675,user3675@mail.co.in,2026-03-24,AU
u03-003676,user3676@uni.edu,2026-05-25,IN
u03-003677,user3677@example.com,2026-05-23,SG
u03-003678,user3678@corp.io,2026-07-18,GB
u03-003679,user3679@example.com,2026-04-13,US
u03-003680,user3680@uni.edu,2026-09-27,SG
u03-003681,user3681@corp.io,2026-04-18,US
u03-003682,user3682@example.com,2026-08-28,DE
u03-003683,user3683@example.com,2026-04-24,DE
u03-003684,user3684@uni.edu,2026-02-18,AU
u03-003685,user3685@uni.edu,2026-05-12,AU
u03-003686,user3686@mail.co.in,2026-03-10,DE
u03-003687,user3687@mail.co.in,2026-05-23,DE
u03-003688,user3688@mail.co.in,2026-08-18,GB
u03-003689,user3689@mail.co.in,2026-04-22,DE
u03-003690,user3690@example.com,2026-09-11,US
u03-003691,user3691@mail.co.in,2026-06-25,IN
u03-003692,user3692@mail.co.in,2026-07-16,IN
u03-003693,user3693@example.com,2026-07-20,AU
u03-003694,user3694@uni.edu,2026-09-28,AU
u03-003695,user3695@mail.co.in,2026-04-28,AU
u03-003696,user3696@mail.co.in,2026-01-24,DE
u03-003697,user3697@uni.edu,2026-02-12,AU
u03-003698,user3698@uni.edu,2026-03-11,AU
u03-003699,user3699@mail.co.in,2026-03-22,DE
u03-003700,user3700@example.com,2026-03-20,DE
u03-003701,user3701@mail.co.in,2026-03-18,US
u03-003702,user3702@example.com,2026-02-24,US
u03-003703,user3703@mail.co.in,2026-09-22,US
u03-003704,user3704@mail.co.in,2026-02-19,DE
u03-003705,user3705@uni.edu,2026-05-23,DE
u03-003706,user3706@example.com,2026-08-22,DE
u03-003707,user3707@mail.co.in,2026-03-10,IN
u03-003708,user3708@uni.edu,2026-02-28,US
u03-003709,user3709@example.com,2026-03-10,GB
u03-003710,user3710@corp.io,2026-07-15,DE
u03-003711,user3711@example.com,2026-01-21,IN
u03-003712,user3712@uni.edu,2026-01-12,DE
u03-003713,user3713@mail..co.in,2026-03-11,US
u03-003714,user3714@example.com,2026-08-16,DE
u03-003715,user3715@example.com,2026-06-20,DE
u03-003716,user3716@mail.co.in,2026-06-20,GB
u03-003717,user3717@uni.edu,2026-05-20,SG
u03-003718,user3718@corp.io,2026-09-12,AU
u03-003719,user3719@example.com,2026-06-16,DE
u03-003720,user3720@example.com,2026-09-18,DE
u03-003721,user3721@example.com,2026-05-25,US
u03-003722,user3722@corp.io,2026-09-25,SG
u03-003723,user3723@uni.edu,2026-02-20,DE
u03-003724,user3724@corp.io,2026-05-17,IN
u03-003725,user3725@corp.io,2026-06-27,SG
u03-003726,user3726@corp.io,2026-03-10,IN
u03-003727,user3727@example.com,2026-04-28,SG
u03-003728,user3728@corp.io,2026-04-24,SG
u03-003729,user3729@uni.edu,2026-05-24,AU
u03-003730,user3730@uni.edu,2026-02-21,AU
u03-003731,user3731@mail.co.in,2026-04-19,DE
u03-003732,user3732@example.com,2026-06-23,DE
u03-003733,user3733@corp.io,2026-05-19,GB
u03-003734,user3734@corp.io,2026-05-19,AU
u03-003735,user3735@example.com,2026-03-27,DE
u03-003736,user3736@uni.edu,2026-07-15,DE
u03-003737,user3737@uni.edu,2026-09-17,GB
u03-003738,user3738@example.com,2026-05-11,US
u03-003739,user3739@corp.io,2026-04-13,US
u03-003740,user3740@corp.io,2026-05-17,SG
u03-003741,user3741@uni.edu,2026-09-21,SG
u03-003742,user3742@uni.edu,2026-05-26,IN
u03-003743,user3743@example.com,2026-08-11,DE
u03-003744,user3744@example.com,2026-02-16,GB
u03-003745,user3745@example.com,2026-08-12,US
u03-003746,user3746@example.com,2026-02-17,US
u03-003747,user3747@example.com,2026-04-13,AU
u03-003748,user3748@example.com,2026-04-19,DE
u03-003749,user3749@example.com,2026-09-11,IN
u03-003750,user3750@example.com,2026-07-15,SG
u03-003751,user3751@mail.co.in,2026-06-17,GB
u03-003752,user3752@uni.edu,2026-09-17,GB
u03-003753,user3753@mail.co.in,2026-08-19,AU
u03-003754,user3754@corp.io,2026-07-21,AU
u03-003755,user3755@mail.co.in,2026-08-24,AU
u03-003756,user3756@mail.co.in,2026-04-10,US
u03-003757,user3757@uni.edu,2026-02-25,DE
u03-003758,user3758@uni.edu,2026-08-21,US
u03-003759,user3759@uni.edu,2026-02-22,DE
u03-003760,user3760@corp.io,2026-09-15,AU
u03-003761,user3761@example.com,2026-06-17,AU
u03-003762,user3762@mail.co.in,2026-05-11,SG
u03-003763,user3763@corp.io,2026-03-18,AU
u03-003764,user3764@mail.co.in,2026-05-13,US
u03-003765,user3765@example.com,2026-07-22,GB
u03-003766,user3766@corp.io,2026-02-13,IN
u03-003767,user3767@uni.edu,2026-02-25,AU
u03-003768,user3768@mail.co.in,2026-03-12,IN
u03-003769,user3769@uni.edu,2026-04-25,US
u03-003770,user3770@uni.edu,2026-09-13,US
u03-003771,user3771@mail.co.in,2026-07-22,US
u03-003772,user3772@mail.co.in,2026-06-13,GB
u03-003773,user3773@example.com,2026-01-10,DE
u03-003774,user3774@uni.edu,2026-08-20,US
u03-003775,user3775@uni.edu,2026-08-25,DE
u03-003776,user3776@corp.io,2026-02-26,DE
u03-003777,user3777@example.com,2026-06-16,SG
u03-003778,user3778@corp.io,2026-06-14,GB
u03-003779,user3779@mail.co.in,2026-01-20,GB
u03-003780,user3780@uni.edu,2026-03-19,US
u03-003781,user3781@uni.edu,2026-06-27,US
u03-003782,user3782@corp.io,2026-05-25,GB
u03-003783,user3783@uni.edu,2026-07-25,DE
u03-003784,user3784@uni.edu,2026-05-28,DE
u03-003785,user3785@corp.io,2026-03-22,US
u03-003786,user3786@mail.co.in,2026-06-17,US
u03-003787,user3787@corp.io,2026-08-28,IN
u03-003788,user3788@example.com,2026-05-12,IN
u03-003789,user3789@corp.io,2026-02-20,US
u03-003790,user3790@example.com,2026-02-18,SG
u03-003791,user3791@uni.edu,2026-07-23,US
u03-003792,user3792@mail.co.in,2026-05-26,AU
u03-003793,user3793@uni.edu,2026-02-15,AU
u03-003794,user3794@mail..co.in,2026-06-19,US
u03-003795,user3795@example.com,2026-01-13,AU
u03-003796,user3796@mail.co.in,2026-08-11,SG
u03-003797,user3797@mail.co.in,2026-06-26,AU
u03-003798,user3798@corp.io,2026-06-21,IN
u03-003799,user3799@mail.co.in,2026-01-21,DE
u03-003800,user3800@corp.io,2026-07-24,IN
u03-003801,user3801@mail.co.in,2026-04-15,DE
u03-003802,user3802@mail.co.in,2026-02-11,AU
u03-003803,user3803@example.com,2026-04-25,AU
u03-003804,user3804@uni.edu,2026-08-16,US
u03-003805,user3805@uni.edu,2026-06-21,IN
u03-003806,user3806@example.com,2026-09-26,IN
u03-003807,user3807@example.com,2026-04-18,AU
u03-003808,user3808@example.com,2026-01-23,IN
u03-003809,user3809@corp.io,2026-07-24,GB
u03-003810,user3810@corp.io,2026-01-16,GB
u03-003811,user3811@example.com,2026-02-18,DE
u03-003812,user3812@example.com,2026-06-14,DE
u03-003813,user3813@uni.edu,2026-02-11,SG
u03-003814,user3814@example.com,2026-08-20,DE
u03-003815,user3815@example.com,2026-05-24,SG
u03-003816,user3816@corp.io,2026-06-22,DE
u03-003817,user3817@example.com,2026-09-25,GB
u03-003818,user3818@mail.co.in,2026-04-13,IN
u03-003819,user3819@mail.co.in,2026-08-27,AU
u03-003820,user3820@uni.edu,2026-02-15,IN
u03-003821,user3821@mail.co.in,2026-07-19,DE
u03-003822,user3822@example.com,2026-08-25,AU
u03-003823,user3823@corp.io,2026-05-10,IN
u03-003824,user3824@mail.co.in,2026-09-11,IN
u03-003825,user3825@uni.edu,2026-06-21,DE
u03-003826,user3826@mail.co.in,2026-08-21,GB
u03-003827,user3827@example.com,2026-02-16,US
u03-003828,user3828@example.com,2026-05-15,AU
u03-003829,user3829@mail.co.in,2026-07-24,GB
u03-003830,user3830@example.com,2026-03-26,GB
u03-003831,user3831@mail.co.in,2026-07-16,DE
u03-003832,user3832@mail.co.in,2026-09-17,US
u03-003833,user3833@mail.co.in,2026-08-20,SG
u03-003834,user3834@uni.edu,2026-04-21,AU
u03-003835,user3835@example.com,2026-08-21,GB
u03-003836,user3836@mail.co.in,2026-01-24,IN
u03-003837,user3837@mail.co.in,2026-09-19,SG
u03-003838,user3838@mail.co.in,2026-01-22,GB
u03-003839,user3839@uni.edu,2026-06-20,DE
u03-003840,user3840@uni.edu,2026-05-21,GB
u03-003841,user3841@example.com,2026-01-12,IN
u03-003842,user3842@example.com,2026-01-26,IN
u03-003843,user3843@corp.io,2026-01-18,US
u03-003844,user3844@mail.co.in,2026-03-19,DE
u03-003845,user3845@corp.io,2026-08-20,US
u03-003846,user3846@example.com,2026-04-22,IN
u03-003847,user3847@uni.edu,2026-05-20,IN
u03-003848,user3848@corp.io,2026-09-12,GB
u03-003849,user3849@corp.io,2026-09-10,DE
u03-003850,user3850@mail.co.in,2026-09-22,IN
u03-003851,user3851@mail.co.in,2026-02-11,DE
u03-003852,user3852@example.com,2026-06-16,GB
u03-003853,user3853@corp.io,2026-06-23,US
u03-003854,user3854@corp.io,2026-06-26,AU
u03-003855,user3855@mail.co.in,2026-01-21,SG
u03-003856,user3856@mail.co.in,2026-04-23,IN
u03-003857,user3857@example.com,2026-06-24,GB
u03-003858,user3858@uni.edu,2026-07-26,DE
u03-003859,user3859@example.com,2026-07-21,GB
u03-003860,user3860@example.com,2026-01-20,US
u03-003861,user3861@mail.co.in,2026-06-19,GB
u03-003862,user3862@example.com,2026-05-17,IN
u03-003863,user3863@uni.edu,2026-09-27,SG
u03-003864,user3864@uni.edu,2026-06-19,AU
u03-003865,user3865@corp.io,2026-05-26,US
u03-003866,user3866@example.com,2026-02-23,IN
u03-003867,user3867@mail.co.in,2026-07-27,US
u03-003868,user3868@uni.edu,2026-01-27,GB
u03-003869,user3869@corp.io,2026-02-25,DE
u03-003870,user3870@mail.co.in,2026-04-26,DE
u03-003871,user3871@example.com,2026-07-24,DE
u03-003872,user3872@corp.io,2026-02-24,AU
u03-003873,user3873@uni.edu,2026-05-23,SG
u03-003874,user3874@mail.co.in,2026-05-17,IN
u03-003875,user3875@mail.co.in,2026-05-11,AU
u03-003876,user3876@mail.co.in,2026-01-13,AU
u03-003877,user3877@example.com,2026-08-16,SG
u03-003878,user3878@corp.io,2026-07-10,DE
u03-003879,user3879@corp.io,2026-06-17,DE
u03-003880,user3880@uni.edu,2026-03-26,SG
u03-003881,user3881@example.com,2026-09-18,GB
u03-003882,user3882@mail.co.in,2026-06-14,SG
u03-003883,user3883@corp.io,2026-08-12,SG
u03-003884,user3884@mail.co.in,2026-07-19,GB
u03-003885,user3885@uni.edu,2026-03-23,AU
u03-003886,user3886@corp.io,2026-04-14,US
u03-003887,user3887@example.com,2026-02-21,US
u03-003888,user3888@corp.io,2026-03-12,AU
u03-003889,user3889@corp.io,2026-09-10,DE
u03-003890,user3890@corp.io,2026-02-28,AU
u03-003891,user3891@example.com,2026-01-20,DE
u03-003892,user3892@example.com,2026-01-16,DE
u03-003893,user3893@uni.edu,2026-08-12,DE
u03-003894,user3894@corp.io,2026-05-21,GB
u03-003895,user3895@example.com,2026-08-24,
u03-003896,user3896@mail.co.in,2026-09-19,IN
u03-003897,user3897@corp.io,2026-01-27,DE
u03-003898,user3898@uni.edu,2026-03-25,US
u03-003899,user3899@example.com,2026-01-11,IN
u03-003900,user3900@mail.co.in,2026-02-20,SG
u03-003901,user3901@mail.co.in,2026-06-14,AU
u03-003902,user3902@corp.io,2026-01-20,SG
u03-003903,user3903@mail.co.in,2026-07-16,GB
u03-003904,user3904@mail.co.in,2026-09-10,AU
u03-003905,user3905@uni.edu,2026-04-11,IN
u03-003906,user3906@corp.io,2026-05-25,DE
u03-003907,user3907@mail.co.in,2026-04-22,IN
u03-003908,user3908@example.com,2026-06-26,AU
u03-003909,user3909@corp.io,2026-05-23,US
u03-003910,user3910@uni.edu,2026-08-21,IN
u03-003911,user3911@mail.co.in,2026-09-20,SG
u03-003912,user3912@corp.io,2026-05-23,AU
u03-003913,user3913@corp.io,2026-08-16,US
u03-003914,user3914@uni.edu,2026-03-19,DE
u03-003915,user3915@mail.co.in,2026-07-26,IN
u03-003916,user3916@mail.co.in,2026-01-20,US
u03-003917,user3917@corp.io,2026-05-17,GB
u03-003918,user3918@uni.edu,2026-01-10,IN
u03-003919,user3919@corp.io,2026-01-22,SG
u03-003920,user3920@uni.edu,2026-01-13,SG
u03-003921,user3921@uni.edu,2026-04-22,US
u03-003922,user3922@uni.edu,2026-04-14,GB
u03-003923,user3923@example.com,2026-01-22,AU
u03-003924,user3924@corp.io,2026-06-19,AU
u03-003925,user3925@mail.co.in,2026-06-24,AU
u03-003926,user3926@uni.edu,2026-07-27,GB
u03-003927,user3927@example.com,2026-02-26,AU
u03-003928,user3928@mail.co.in,2026-07-24,DE
u03-003929,user3929@uni.edu,2026-09-17,GB
u03-003930,user3930@corp.io,2026-05-12,GB
u03-003931,user3931@uni.edu,2026-02-21,GB
u03-003932,user3932@mail.co.in,2026-03-21,SG
u03-003933,user3933@corp.io,2026-07-24,IN
u03-003934,user3934@uni.edu,2026-03-19,DE
u03-003935,user3935@corp.io,2026-04-24,SG
u03-003936,user3936@example.com,2026-03-10,IN
u03-003937,user3937@uni.edu,2026-03-17,US
u03-003938,user3938@uni.edu,2026-07-14,GB
u03-003939,user3939@uni.edu,2026-04-15,US
u03-003940,user3940@example.com,2026-05-21,IN
u03-003941,user3941@corp.io,2026-02-10,IN
u03-003942,user3942@example.com,2026-08-22,GB
u03-003943,user3943@example.com,2026-07-17,US
u03-003944,user3944@example.com,2026-07-17,IN
u03-003945,user3945@uni.edu,2026-06-14,IN
u03-003946,user3946@uni.edu,2026-03-27,GB
u03-003947,user3947@mail.co.in,2026-08-11,GB
u03-003948,user3948@corp.io,2026-05-12,US
u03-003949,user3949@mail.co.in,2026-03-18,IN
u03-003950,user3950@corp.io,2026-01-20,SG
u03-003951,user3951@example.com,2026-08-28,GB
u03-003952,user3952@mail.co.in,2026-06-10,US
u03-003953,user3953@mail.co.in,2026-07-12,US
u03-003954,user3954@uni.edu,2026-05-25,GB
u03-003955,user3955@mail.co.in,2026-09-16,GB
u03-003956,user3956@corp.io,2026-08-11,IN
u03-003957,user3957@mail.co.in,2026-01-12,DE
u03-003958,user3958@uni.edu,2026-05-17,SG
u03-003959,user3959@example.com,2026-08-18,DE
u03-003960,user3960@example.com,2026-05-16,SG
u03-003961,user3961@example.com,2026-09-21,IN
u03-003962,user3962@example.com,2026-03-27,IN
u03-003963,user3963@corp.io,2026-09-27,US
u03-003964,user3964@corp.io,2026-08-23,SG
u03-003965,user3965@mail.co.in,2026-04-16,US
u03-003966,user3966@corp.io,2026-03-28,IN
u03-003967,user3967@uni.edu,2026-08-12,IN
u03-003968,user3968@mail.co.in,2026-07-21,AU
u03-003969,user3969@mail.co.in,2026-08-14,SG
u03-003970,user3970@example.com,2026-06-16,IN
u03-003971,user3971@corp.io,2026-05-24,US
u03-003972,user3972@corp.io,2026-08-16,SG
u03-003973,user3973@corp.io,2026-02-15,AU
u03-003974,user3974@uni.edu,2026-05-26,SG
u03-003975,user3975@mail.co.in,2026-05-20,GB
u03-003976,user3976@example.com,2026-06-19,DE
u03-003977,user3977@example.com,2026-07-23,US
u03-003978,user3978@corp.io,2026-07-20,DE
u03-003979,user3979@example.com,2026-06-25,US
u03-003980,user3980@example.com,2026-08-17,DE
u03-003981,user3981@uni.edu,2026-04-20,DE
u03-003982,user3982@uni.edu,2026-05-19,AU
u03-003983,user3983@uni.edu,2026-06-11,GB
u03-003984,user3984@uni.edu,2026-01-11,IN
u03-003985,user3985@mail.co.in,2026-04-20,IN
u03-003986,user3986@uni.edu,2026-06-26,DE
u03-003987,user3987@corp.io,2026-01-24,SG
u03-003988,user3988@mail.co.in,2026-06-18,IN
u03-003989,user3989@mail.co.in,2026-08-23,AU
u03-003990,user3990@example.com,2026-09-25,IN
u03-003991,user3991@example.com,2026-08-14,US
u03-003992,user3992@example.com,2026-07-24,GB
u03-003993,user3993@uni.edu,2026-06-24,AU
u03-003994,user3994@uni.edu,2026-07-17,GB
u03-003995,user3995@mail.co.in,2026-03-23,SG
u03-003996,user3996@example.com,2026-03-16,AU
u03-003997,user3997@uni.edu,2026-02-11,US
u03-003998,user3998@mail.co.in,2026-03-18,DE
u03-003999,user3999@mail.co.in,2026-01-21,SG
u03-004000,user4000@example.com,2026-08-22,GB
u03-004001,user4001@corp.io,2026-04-18,AU
u03-004002,user4002@corp.io,2026-05-21,AU
u03-004003,user4003@example.com,2026-06-20,US
u03-004004,user4004@uni.edu,2026-07-26,US
u03-004005,user4005@mail.co.in,2026-06-23,DE
u03-004006,user4006@uni.edu,2026-08-18,IN
u03-004007,user4007@mail.co.in,2026-06-14,AU
u03-004008,user4008@corp.io,2026-02-11,IN
u03-004009,user4009@uni.edu,2026-06-24,GB
u03-004010,user4010@example.com,2026-03-24,US
u03-004011,user4011@corp.io,2026-09-22,GB
u03-004012,user4012@uni.edu,2026-04-19,IN
u03-004013,user4013@mail.co.in,2026-09-20,IN
u03-004014,user4014@uni.edu,2026-07-22,IN
u03-004015,user4015@corp.io,2026-01-23,IN
u03-004016,user4016@mail.co.in,2026-04-23,DE
u03-004017,user4017@mail.co.in,2026-08-16,GB
u03-004018,user4018@uni.edu,2026-09-12,DE
u03-004019,user4019@example.com,2026-08-17,IN
u03-004020,user4020@mail.co.in,2026-01-15,SG
u03-004021,user4021@example.com,2026-03-22,IN
u03-004022,user4022@mail.co.in,2026-05-14,GB
u03-004023,user4023@corp.io,2026-07-11,US
u03-004024,user4024@corp.io,2026-09-17,US
u03-004025,user4025@mail.co.in,2026-08-20,IN
u03-004026,user4026@corp.io,2026-03-18,US
u03-004027,user4027@example.com,2026-03-27,AU
u03-004028,user4028@corp.io,2026-02-14,IN
u03-004029,user4029@uni.edu,2026-02-16,DE
u03-004030,user4030@mail.co.in,2026-09-22,AU
u03-004031,user4031@corp.io,2026-02-21,DE
u03-004032,user4032@mail.co.in,2026-05-10,IN
u03-004033,user4033@example.com,2026-02-27,GB
u03-004034,user4034@example.com,2026-08-19,US
u03-004035,user4035@corp.io,2026-06-10,DE
u03-004036,user4036@corp.io,2026-03-11,GB
u03-004037,user4037@example.com,2026-02-23,IN
u03-004038,user4038@uni.edu,2026-01-24,SG
u03-004039,user4039@example.com,2026-05-20,US
u03-004040,user4040@corp.io,2026-03-17,SG
u03-004041,user4041@mail.co.in,2026-06-10,US
u03-004042,user4042@example.com,2026-09-27,US
u03-004043,user4043@uni.edu,2026-07-26,AU
u03-004044,user4044@uni.edu,2026-07-10,IN
u03-004045,user4045@uni.edu,2026-04-21,DE
u03-004046,user4046@corp.io,2026-01-27,GB
u03-004047,user4047@corp.io,2026-07-16,AU
u03-004048,user4048@mail.co.in,2026-09-22,SG
u03-004049,user4049@mail.co.in,2026-08-14,SG
u03-004050,user4050@corp.io,2026-08-21,GB
u03-004051,user4051@mail.co.in,2026-06-10,IN
u03-004052,user4052@uni.edu,2026-03-14,AU
u03-004053,user4053@uni.edu,2026-04-11,DE
u03-004054,user4054@uni.edu,2026-04-22,IN
u03-004055,user4055@uni.edu,2026-06-27,SG
u03-004056,user4056@mail.co.in,2026-06-15,GB
u03-004057,user4057@uni.edu,2026-08-26,GB
u03-004058,user4058@uni.edu,2026-04-16,DE
u03-004059,user4059@corp.io,2026-02-15,IN
u03-004060,user4060@corp.io,2026-02-14,IN
u03-004061,user4061@mail.co.in,2026-08-24,AU
u03-004062,user4062@corp.io,2026-03-15,GB
u03-004063,user4063@uni.edu,2026-03-16,US
u03-004064,user4064@uni.edu,2026-06-26,GB
u03-004065,user4065@uni.edu,2026-03-24,IN
u03-004066,user4066@corp.io,2026-01-26,SG
u03-004067,user4067@mail.co.in,2026-04-14,AU
u03-004068,user4068@mail.co.in,2026-08-18,IN
u03-004069,user4069@corp.io,2026-01-28,AU
u03-004070,user4070@uni.edu,2026-05-15,AU
u03-004071,user4071@uni.edu,2026-04-15,AU
u03-004072,user4072@mail.co.in,2026-08-28,AU
u03-004073,user4073@corp.io,2026-01-26,AU
u03-004074,user4074@corp.io.,2026-02-20,SG
u03-004075,user4075@mail.co.in,2026-08-18,IN
u03-004076,user4076@mail.co.in,2026-01-17,US
u03-004077,user4077@corp.io,2026-08-27,SG
u03-004078,user4078@corp.io,2026-08-21,GB
u03-004079,user4079@corp.io,2026-07-19,GB
u03-004080,user4080@corp.io,2026-08-15,DE
u03-004081,user4081@corp.io,2026-07-14,SG
u03-004082,user4082@corp.io,2026-06-17,US
u03-004083,user4083@uni.edu,2026-08-14,AU
u03-004084,user4084@corp.io,2026-08-10,DE
u03-004085,user4085@example.com,2026-02-17,GB
u03-004086,user4086@uni.edu,2026-03-19,GB
u03-004087,user4087@example.com,2026-08-25,SG
u03-004088,user4088@mail.co.in,2026-08-19,US
u03-004089,user4089@mail.co.in,2026-09-20,SG
u03-004090,user4090@mail.co.in,2026-05-19,IN
u03-004091,user4091@example.com,2026-01-17,IN
u03-004092,user4092@mail.co.in,2026-08-10,GB
u03-004093,user4093@example.com,2026-05-16,GB
u03-004094,user4094@example.com,2026-05-14,GB
u03-004095,user4095@uni.edu,2026-05-22,GB
u03-004096,user4096@example.com,2026-06-18,GB
u03-004097,user4097@uni.edu,2026-04-27,SG
u03-004098,user4098@uni.edu,2026-03-21,GB
u03-004099,user4099@mail.co.in,2026-09-10,IN
u03-004100,user4100@example.com,2026-06-23,AU
u03-004101,user4101@corp.io,2026-04-15,US
u03-004102,user4102@mail.co.in,2026-05-10,AU
u03-004103,user4103@uni.edu,2026-02-27,DE
u03-004104,user4104@mail.co.in,2026-08-10,US
u03-004105,user4105@mail.co.in,2026-07-15,AU
u03-004106,user4106@example.com,2026-05-15,US
u03-004107,user4107@mail.co.in,2026-02-18,AU
u03-004108,user4108@corp.io,2026-03-11,SG
u03-004109,user4109@corp.io,2026-06-14,US
u03-004110,user4110@mail.co.in,2026-08-13,US
u03-004111,user4111@uni.edu,2026-05-22,SG
u03-004112,user4112@example.com,2026-03-23,DE
u03-004113,user4113@example.com,2026-04-11,IN
u03-004114,user4114@mail.co.in,2026-06-19,DE
u03-004115,user4115@mail.co.in,2026-05-11,DE
u03-004116,user4116@corp.io,2026-04-15,GB
u03-004117,user4117@mail.co.in,2026-01-26,DE
u03-004118,user4118@example.com,2026-06-19,GB
u03-004119,user4119@uni.edu,2026-04-11,GB
u03-004120,user4120@mail.co.in,2026-04-13,US
u03-004121,user4121@corp.io,2026-04-15,SG
u03-004122,user4122@example.com,2026-01-27,US
u03-004123,user4123@corp.io,2026-01-17,IN
u03-004124,user4124@mail.co.in,2026-05-19,IN
u03-004125,user4125@example.com,2026-04-13,GB
u03-004126,user4126@corp.io,2026-04-19,GB
u03-004127,user4127@example.com,2026-05-23,DE
u03-004128,user4128@mail.co.in,2026-04-19,AU
u03-004129,user4129@corp.io,2026-08-12,AU
u03-004130,user4130@mail.co.in,2026-04-15,SG
u03-004131,user4131@corp.io,2026-04-11,SG
u03-004132,user4132@uni.edu,2026-07-19,US
u03-004133,user4133@example.com,2026-02-20,IN
u03-004134,user4134@uni.edu,2026-04-25,AU
u03-004135,user4135@mail.co.in,2026-09-18,DE
u03-004136,user4136@mail.co.in,2026-07-17,IN
u03-004137,user4137@corp.io,2026-01-11,GB
u03-004138,user4138@uni.edu,2026-02-24,DE
u03-004139,user4139@example.com,2026-02-24,AU
u03-004140,user4140@uni.edu,2026-07-19,DE
u03-004141,user4141@mail.co.in,2026-05-23,US
u03-004142,user4142@mail.co.in,2026-02-18,US
u03-004143,user4143@mail.co.in,2026-08-23,DE
u03-004144,user4144@corp.io,2026-02-18,SG
u03-004145,user4145@mail.co.in,2026-07-28,IN
u03-004146,user4146@uni.edu,2026-03-10,AU
u03-004147,user4147@example.com,2026-01-24,US
u03-004148,user4148@mail.co.in,2026-08-18,GB
u03-004149,user4149@uni.edu,2026-01-23,IN
u03-004150,user4150@mail.co.in,2026-08-13,AU
u03-004151,user4151@uni.edu,2026-06-11,GB
u03-004152,user4152@corp.io,2026-09-17,AU
u03-004153,user4153@mail.co.in,2026-08-15,IN
u03-004154,user4154@corp.io,2026-04-10,DE
u03-004155,user4155@corp.io,2026-02-18,GB
u03-004156,user4156@mail.co.in,2026-08-11,SG
u03-004157,user4157@uni.edu,2026-06-18,IN
u03-004158,user4158@example.com,2026-09-24,IN
u03-004159,user4159@uni.edu,2026-03-16,AU
u03-004160,user4160@corp.io,2026-07-11,SG
u03-004161,user4161@uni.edu,2026-09-23,SG
u03-004162,user4162@corp.io,2026-06-16,AU
u03-004163,user4163@uni.edu,2026-06-10,US
u03-004164,user4164@mail.co.in,2026-01-19,GB
u03-004165,user4165@uni.edu,2026-04-21,DE
u03-004166,user4166@uni.edu,2026-09-23,US
u03-004167,user4167@mail.co.in,2026-06-15,US
u03-004168,user4168@mail.co.in,2026-07-21,DE
u03-004169,user4169@mail.co.in,2026-01-24,AU
u03-004170,user4170@corp.io,2026-01-12,IN
u03-004171,user4171@example.com,2026-01-10,GB
u03-004172,user4172@example.com,2026-07-18,DE
u03-004173,user4173@example.com,2026-06-28,SG
u03-004174,user4174@mail.co.in,2026-03-23,IN
u03-004175,user4175@corp.io,2026-08-22,SG
u03-004176,user4176@mail.co.in,2026-09-22,GB
u03-004177,user4177@example.com,2026-08-12,GB
u03-004178,user4178@corp.io,2026-06-11,US
u03-004179,user4179@corp.io,2026-08-15,IN
u03-004180,user4180@uni.edu,2026-03-17,DE
u03-004181,user4181@uni.edu,2026-03-28,SG
u03-004182,user4182@uni.edu,2026-04-28,DE
u03-004183,user4183@uni.edu,2026-02-19,DE
u03-004184,user4184@uni.edu,2026-04-26,GB
u03-004185,user4185@example.com,2026-08-13,AU
u03-004186,user4186@corp.io,2026-04-15,US
u03-004187,user4187@example.com,2026-09-11,AU
u03-004188,user4188@mail.co.in,2026-06-17,SG
u03-004189,user4189@uni.edu,2026-04-26,DE
u03-004190,user4190@corp.io,2026-03-10,US
u03-004191,user4191@example.com,2026-03-27,SG
u03-004192,user4192@uni.edu,2026-08-16,SG
u03-004193,user4193@mail.co.in,2026-01-21,DE
u03-004194,user4194@corp.io,2026-04-10,AU
u03-004195,user4195@uni.edu,2026-02-24,GB
u03-004196,user4196@example.com,2026-04-11,SG
u03-004197,user4197@corp.io,2026-07-21,IN
u03-004198,user4198@example.com,2026-04-14,IN
u03-004199,user4199@mail.co.in,2026-02-18,US
u03-004200,user4200@corp.io,2026-05-23,IN
u03-004201,user4201@mail.co.in,2026-07-11,SG
u03-004202,user4202@mail.co.in,2026-06-19,IN
u03-004203,user4203@mail.co.in,2026-09-25,SG
u03-004204,user4204@example.com,2026-01-25,IN
u03-004205,user4205@uni.edu,2026-07-20,IN
u03-004206,user4206@corp.io,2026-06-12,AU
u03-004207,user4207@corp.io,2026-01-17,IN
u03-004208,user4208@corp.io,2026-08-18,US
u03-004209,user4209@mail.co.in,2026-09-11,SG
u03-004210,user4210@mail.co.in,2026-05-11,US
u03-004211,user4211@corp.io,2026-04-26,IN
u03-004212,user4212@corp.io,2026-06-24,SG
u03-004213,user4213@uni.edu,2026-02-24,IN
u03-004214,user4214@corp.io,2026-08-25,AU
u03-004215,user4215@example.com,2026-02-15,AU
u03-004216,user4216@example.com,2026-03-28,GB
u03-004217,user4217@uni.edu,2026-09-28,DE
u03-004218,user4218@corp.io,2026-03-15,DE
u03-004219,user4219@example.com,2026-05-23,AU
u03-004220,user4220@example.com,2026-03-21,US
u03-004221,user4221@example.com,2026-01-13,IN
u03-004222,user4222@example.com,2026-02-13,DE
u03-004223,user4223@example.com,2026-07-24,SG
u03-004224,user4224@mail.co.in,2026-08-11,AU
u03-004225,user4225@mail.co.in,2026-04-18,DE
u03-004226,user4226@example.com,2026-09-20,GB
u03-004227,user4227@mail.co.in,2026-02-28,DE
u03-004228,user4228@mail.co.in,2026-01-13,SG
u03-004229,user4229@corp.io,2026-01-14,DE
u03-004230,user4230@uni.edu,2026-05-14,US
u03-004231,user4231@corp.io,2026-06-13,GB
u03-004232,user4232@example.com,2026-02-16,AU
u03-004233,user4233@uni.edu,2026-01-10,IN
u03-004234,user4234@mail.co.in,2026-05-16,DE
u03-004235,user4235@corp.io,2026-09-14,SG
u03-004236,user4236@uni.edu,2026-03-24,DE
u03-004237,user4237@example.com,2026-02-13,AU
u03-004238,user4238@corp.io,2026-03-24,DE
u03-004239,user4239@example.com,2026-08-24,DE
u03-004240,user4240@uni.edu,2026-04-14,IN
u03-004241,user4241@corp.io,2026-09-18,AU
u03-004242,user4242@mail.co.in,2026-07-28,US
u03-004243,user4243@corp.io,2026-05-21,US
u03-004244,user4244@uni.edu,2026-04-18,IN
u03-004245,user4245@example.com,2026-08-27,IN
u03-004246,user4246@mail.co.in,2026-06-15,DE
u03-004247,user4247@uni.edu,2026-06-21,DE
u03-004248,user4248@corp.io,2026-05-23,SG
u03-004249,user4249@mail.co.in,2026-03-12,DE
u03-004250,user4250@mail.co.in,2026-09-18,GB
u03-004251,user4251@corp.io,2026-02-20,DE
u03-004252,user4252@uni.edu,2026-06-13,AU
u03-004253,user4253@uni.edu,2026-05-26,SG
u03-004254,user4254@uni.edu,2026-08-14,US
u03-004255,user4255@uni.edu,2026-04-23,DE
u03-004256,user4256@mail.co.in,2026-04-26,SG
u03-004257,user4257@mail.co.in,2026-08-27,DE
u03-004258,user4258@mail.co.in,2026-09-22,AU
u03-004259,user4259@uni.edu,2026-03-26,SG
u03-004260,user4260@example.com,2026-08-14,GB
u03-004261,user4261@corp.io,2026-05-20,DE
u03-004262,user4262@uni.edu,2026-03-28,SG
u03-004263,user4263@example.com,2026-08-10,GB
u03-004264,user4264@uni.edu,2026-06-10,US
u03-004265,user4265@example.com,2026-05-11,GB
u03-004266,user4266@uni.edu,2026-09-22,IN
u03-004267,user4267@example.com,2026-05-10,AU
u03-004268,user4268@example.com,2026-05-27,AU
u03-004269,user4269@mail.co.in,2026-07-15,GB
u03-004270,user4270@uni.edu,2026-01-18,SG
u03-004271,user4271@uni.edu,2026-08-27,GB
u03-004272,user4272@example.com,2026-02-25,DE
u03-004273,user4273@corp.io,2026-07-19,IN
u03-004274,user4274@corp.io,2026-06-20,AU
u03-004275,user4275@example.com,2026-07-12,SG
u03-004276,user4276@mail.co.in,2026-07-16,IN
u03-004277,user4277@uni.edu,2026-02-18,DE
u03-004278,user4278@example.com,2026-05-23,DE
u03-004279,user4279@example.com,2026-02-27,DE
u03-004280,user4280@uni.edu,2026-01-26,DE
u03-004281,user4281@corp.io,2026-03-25,IN
u03-004282,user4282@corp.io,2026-09-20,SG
u03-004283,user4283@corp.io,2026-08-12,DE
u03-004284,user4284@uni.edu,2026-06-27,IN
u03-004285,user4285@corp.io,2026-01-19,GB
u03-004286,user4286@mail.co.in,2026-08-22,AU
u03-004287,user4287@uni.edu,2026-03-27,GB
u03-004288,user4288@mail.co.in,2026-06-23,SG
u03-004289,user4289@mail.co.in,2026-09-23,US
u03-004290,user4290@mail.co.in,2026-03-27,AU
u03-004291,user4291@example.com,2026-02-21,AU
u03-004292,user4292@mail.co.in,2026-06-16,AU
u03-004293,user4293@uni.edu,2026-04-28,SG
u03-004294,user4294@mail.co.in,2026-09-10,AU
u03-004295,user4295@corp.io,2026-05-18,US
u03-004296,user4296@uni.edu,2026-07-21,AU
u03-004297,user4297@mail.co.in,2026-02-10,IN
u03-004298,user4298@uni.edu,2026-03-21,US
u03-004299,user4299@example.com,2026-04-14,SG
u03-004300,user4300@mail.co.in,2026-07-27,DE
u03-004301,user4301@uni.edu,2026-04-11,GB
u03-004302,user4302@mail.co.in,2026-01-15,GB
u03-004303,user4303@example.com,2026-07-20,SG
u03-004304,user4304@corp.io,2026-08-18,SG
u03-004305,user4305@mail.co.in,2026-07-16,SG
u03-004306,user4306@uni.edu,2026-01-23,US
u03-004307,user4307@mail.co.in,2026-09-21,IN
u03-004308,user4308@uni.edu,2026-09-10,IN
u03-004309,user4309@example.com,2026-06-20,AU
u03-004310,user4310@corp.io,2026-05-27,SG
u03-004311,user4311@mail.co.in,2026-08-20,IN
u03-004312,user4312@uni.edu,2026-01-25,GB
u03-004313,user4313@uni.edu,2026-02-23,US
u03-004314,user4314@mail.co.in,2026-08-20,IN
u03-004315,user4315@uni.edu,2026-07-28,IN
u03-004316,user4316@uni.edu,2026-02-15,SG
u03-004317,user4317@example.com,2026-08-20,GB
u03-004318,user4318@corp.io,2026-05-12,AU
u03-004319,user4319@example.com,2026-02-16,AU
u03-004320,user4320@corp.io,2026-01-24,DE
u03-004321,user4321@uni.edu,2026-04-28,AU
u03-004322,user4322@example.com,2026-03-28,DE
u03-004323,user4323@corp.io,2026-01-19,DE
u03-004324,user4324@mail.co.in,2026-03-19,DE
u03-004325,user4325@corp.io,2026-07-22,SG
u03-004326,user4326@example.com,2026-05-19,US
u03-004327,user4327@corp.io,2026-02-11,AU
u03-004328,user4328@example.com,2026-02-10,IN
u03-004329,user4329@corp.io,2026-02-25,US
u03-004330,user4330@corp.io,2026-03-23,GB
u03-004331,user4331@uni.edu,2026-08-26,SG
u03-004332,user4332@example.com,2026-03-16,SG
u03-004333,user4333@example.com,2026-05-10,IN
u03-004334,user4334@mail.co.in,2026-08-28,GB
u03-004335,user4335@mail.co.in,2026-05-28,DE
u03-004336,user4336@mail.co.in,2026-01-24,GB
u03-004337,user4337@corp.io,2026-04-20,GB
u03-004338,user4338@example.com,2026-02-10,DE
u03-004339,user4339@mail.co.in,2026-04-12,US
u03-004340,user4340@uni.edu,2026-02-23,DE
u03-004341,user4341@example.com,2026-02-20,IN
u03-004342,user4342@corp.io,2026-02-10,DE
u03-004343,user4343@mail.co.in,2026-09-25,GB
u03-004344,user4344@uni.edu,2026-08-11,SG
u03-004345,user4345@uni.edu,2026-09-14,IN
u03-004346,user4346@uni.edu,2026-05-11,SG
u03-004347,user4347@uni.edu,2026-03-26,AU
u03-004348,user4348@corp.io,2026-02-24,SG
u03-004349,user4349@example.com,2026-04-23,GB
u03-004350,user4350@corp.io,2026-04-11,SG
u03-004351,user4351@mail.co.in,2026-04-24,IN
u03-004352,user4352@mail.co.in,2026-09-11,IN
u03-004353,user4353@example.com,2026-09-17,IN
u03-004354,user4354@corp.io,2026-06-27,DE
u03-004355,user4355@uni.edu,2026-07-10,SG
u03-004356,user4356@corp.io,2026-07-13,US
u03-004357,user4357@uni.edu,2026-04-12,IN
u03-004358,user4358@corp.io,2026-07-19,DE
u03-004359,user4359@mail.co.in,2026-01-26,IN
u03-004360,user4360@mail.co.in,2026-05-27,DE
u03-004361,user4361@uni.edu,2026-05-12,DE
u03-004362,user4362@example.com,2026-03-14,AU
u03-004363,user4363@mail.co.in,2026-03-17,GB
u03-004364,user4364@uni.edu,2026-06-19,IN
u03-004365,user4365@mail.co.in,2026-03-18,DE
u03-004366,user4366@mail.co.in,2026-06-27,GB
u03-004367,user4367@example.com,2026-07-24,DE
u03-004368,user4368@example.com,2026-08-17,IN
u03-004369,user4369@corp.io,2026-09-17,IN
u03-004370,user4370@corp.io,2026-07-12,DE
u03-004371,user4371@example.com,2026-09-20,SG
u03-004372,user4372@uni.edu,2026-05-26,DE
u03-004373,user4373@mail.co.in,2026-07-23,US
u03-004374,user4374@uni.edu,2026-01-22,GB
u03-004375,user4375@uni.edu,2026-01-28,DE
u03-004376,user4376@corp.io,2026-08-27,SG
u03-004377,user4377@mail.co.in,2026-07-14,GB
u03-004378,user4378@example.com,2026-04-10,AU
u03-004379,user4379@uni.edu,2026-03-23,AU
u03-004380,user4380@example.com,2026-05-25,GB
u03-004381,user4381@example.com,2026-01-24,AU
u03-004382,user4382@example.com,2026-04-25,SG
u03-004383,user4383@uni.edu,2026-06-12,DE
u03-004384,user4384@uni.edu,2026-01-15,SG
u03-004385,user4385@mail.co.in,2026-08-18,GB
u03-004386,user4386@mail.co.in,2026-09-16,SG
u03-004387,user4387@uni.edu,2026-06-24,SG
u03-004388,user4388@uni.edu,2026-05-20,IN
u03-004389,user4389@uni.edu,2026-08-11,AU
u03-004390,user4390@mail.co.in,2026-04-28,GB
u03-004391,user4391@example.com,2026-01-26,SG
u03-004392,user4392@corp.io,2026-02-23,DE
u03-004393,user4393@example.com,2026-01-13,US
u03-004394,user4394@mail.co.in,2026-04-24,DE
u03-004395,user4395@uni.edu,2026-03-19,SG
u03-004396,user4396@mail.co.in,2026-02-23,GB
u03-004397,user4397@mail.co.in,2026-07-22,IN
u03-004398,user4398@mail.co.in,2026-05-11,GB
u03-004399,user4399@example.com,2026-03-22,AU
u03-004400,user4400@uni.edu,2026-01-16,SG
u03-004401,user4401@mail.co.in,2026-09-20,SG
u03-004402,user4402@mail.co.in,2026-05-20,SG
u03-004403,user4403@uni.edu,2026-04-14,IN
u03-004404,user4404@example.com,2026-07-21,US
u03-004405,user4405@corp.io,2026-07-28,SG
u03-004406,user4406@uni.edu,2026-01-21,IN
u03-004407,user4407@uni.edu,2026-05-10,GB
u03-004408,user4408@corp.io,2026-04-20,AU
u03-004409,user4409@uni.edu,2026-01-20,IN
u03-004410,user4410@corp.io,2026-02-16,SG
u03-004411,user4411@example.com,2026-01-16,SG
u03-004412,user4412@example.com,2026-05-27,US
u03-004413,user4413@uni.edu,2026-08-10,GB
u03-004414,user4414@mail.co.in,2026-09-17,GB
u03-004415,user4415@corp.io,2026-02-12,GB
u03-004416,user4416@corp.io,2026-07-23,US
u03-004417,user4417@corp..io,2026-05-22,DE
u03-004418,user4418@corp.io,2026-09-28,GB
u03-004419,user4419@example.com,2026-07-16,IN
u03-004420,user4420@mail.co.in,2026-09-22,IN
u03-004421,user4421@corp.io,2026-04-21,SG
u03-004422,user4422@mail.co.in,2026-02-16,AU
u03-004423,user4423@corp.io,2026-06-24,GB
u03-004424,user4424@mail.co.in,2026-09-16,AU
u03-004425,user4425@mail.co.in,2026-08-10,US
u03-004426,user4426@example.com,2026-06-28,IN
u03-004427,user4427@example.com,2026-02-24,GB
u03-004428,user4428@mail.co.in,2026-09-21,IN
u03-004429,user4429@corp.io,2026-05-28,SG
u03-004430,user4430@uni.edu,2026-02-25,SG
u03-004431,user4431@mail.co.in,2026-08-16,GB
u03-004432,user4432@corp.io,2026-09-23,DE
u03-004433,user4433@mail.co.in,2026-01-19,DE
u03-004434,user4434@example.com,2026-03-24,AU
u03-004435,user4435@corp.io,2026-08-10,US
u03-004436,user4436@example.com,2026-08-22,US
u03-004437,user4437@example.com,2026-05-10,DE
u03-004438,user4438@mail.co.in,2026-08-11,GB
u03-004439,user4439@mail.co.in,2026-02-14,US
u03-004440,user4440@example.com,2026-07-19,IN
u03-004441,user4441@mail.co.in,2026-09-28,DE
u03-004442,user4442@example.com,2026-05-28,GB
u03-004443,user4443@mail.co.in,2026-08-18,SG
u03-004444,user4444@uni.edu,2026-02-26,US
u03-004445,user4445@corp.io,2026-03-12,AU
u03-004446,user4446@uni.edu,2026-06-19,DE
u03-004447,user4447@example.com,2026-02-27,GB
u03-004448,user4448@example.com,2026-08-19,AU
u03-004449,user4449@mail.co.in,2026-05-17,SG
u03-004450,user4450@mail.co.in,2026-05-23,IN
u03-004451,user4451@corp.io,2026-04-20,AU
u03-004452,user4452@mail.co.in,2026-04-20,SG
u03-004453,user4453@example.com,2026-09-20,US
u03-004454,user4454@mail.co.in,2026-07-16,US
u03-004455,user4455@example.com,2026-01-25,GB
u03-004456,user4456@mail.co.in,2026-07-13,SG
u03-004457,user4457@corp.io,2026-07-22,GB
u03-004458,user4458@example.com,2026-09-24,IN
u03-004459,user4459@corp.io,2026-04-27,SG
u03-004460,user4460@uni.edu,2026-05-19,GB
u03-004461,user4461@uni.edu,2026-06-24,US
u03-004462,user4462@example.com,2026-06-24,IN
u03-004463,user4463@corp.io,2026-09-12,US
u03-004464,user4464@example.com,2026-08-14,AU
u03-004465,user4465@example.com,2026-01-10,GB
u03-004466,user4466@example.com,2026-03-25,SG
u03-004467,user4467@uni.edu,2026-06-22,IN
u03-004468,user4468@example.com,2026-06-15,IN
u03-004469,user4469@corp.io,2026-02-17,DE
u03-004470,user4470@uni.edu,2026-01-11,GB
u03-004471,user4471@mail.co.in,2026-04-12,IN
u03-004472,user4472@uni.edu,2026-02-22,AU
u03-004473,user4473@corp.io,2026-09-16,IN
u03-004474,user4474@mail.co.in,2026-05-18,US
u03-004475,user4475@example.com,2026-03-18,GB
u03-004476,user4476@mail.co.in,2026-01-17,SG
u03-004477,user4477@mail.co.in,2026-05-19,GB
u03-004478,user4478@corp.io,2026-02-11,US
u03-004479,user4479@uni.edu,2026-07-12,GB
u03-004480,user4480@corp.io,2026-03-10,GB
u03-004481,user4481@uni.edu,2026-09-28,AU
u03-004482,user4482@uni.edu,2026-02-26,GB
u03-004483,user4483@example.com,2026-04-22,SG
u03-004484,user4484@uni.edu,2026-05-20,GB
u03-004485,user4485@mail.co.in,2026-01-21,IN
u03-004486,user4486@corp.io,2026-06-21,US
u03-004487,user4487@uni.edu,2026-07-15,US
u03-004488,user4488@uni.edu,2026-01-19,DE
u03-004489,user4489@example.com,2026-02-20,IN
u03-004490,user4490@uni.edu,2026-01-24,DE
u03-004491,user4491@mail.co.in,2026-08-17,GB
u03-004492,user4492@uni.edu,2026-06-25,US
u03-004493,user4493@uni.edu,2026-08-15,SG
u03-004494,user4494@corp.io,2026-04-16,DE
u03-004495,user4495@example.com,2026-02-12,AU
u03-004496,user4496@example.com,2026-09-20,GB
u03-004497,user4497@corp.io,2026-09-17,US
u03-004498,user4498@corp.io,2026-07-27,US
u03-004499,user4499@example.com,2026-05-15,AU
u03-004500,user4500@corp.io,2026-01-15,GB
u03-004501,user4501@mail.co.in,2026-01-27,GB
u03-004502,user4502@uni.edu,2026-04-16,US
u03-004503,user4503@uni.edu,2026-06-23,GB
u03-004504,user4504@mail.co.in,2026-09-28,DE
u03-004505,user4505@corp.io,2026-07-15,IN
u03-004506,user4506@example.com,2026-07-18,US
u03-004507,user4507@example.com,2026-07-10,DE
u03-004508,user4508@example.com,2026-09-23,SG
u03-004509,user4509@corp.io,2026-02-14,AU
u03-004510,user4510@uni.edu,2026-07-21,SG
u03-004511,user4511@uni.edu,2026-07-12,DE
u03-004512,user4512@corp.io,2026-01-12,DE
u03-004513,user4513@mail.co.in,2026-09-10,GB
u03-004514,user4514@uni.edu,2026-04-27,IN
u03-004515,user4515@uni.edu,2026-04-14,IN
u03-004516,user4516@uni.edu,2026-07-20,AU
u03-004517,user4517@example.com,2026-01-14,GB
u03-004518,user4518@example.com,2026-04-25,US
u03-004519,user4519@corp.io,2026-03-27,DE
u03-004520,user4520@mail.co.in,2026-07-22,AU
u03-004521,user4521@corp.io,2026-09-27,IN
u03-004522,user4522@uni.edu,2026-03-11,DE
u03-004523,user4523@mail.co.in,2026-06-28,IN
u03-004524,user4524@uni.edu,2026-02-22,AU
u03-004525,user4525@example.com,2026-04-11,AU
u03-004526,user4526@mail.co.in,2026-03-25,GB
u03-004527,user4527@example.com,2026-01-10,IN
u03-004528,user4528@example.com,2026-02-22,US
u03-004529,user4529@uni.edu,2026-03-15,SG
u03-004530,user4530@example.com,2026-09-19,GB
u03-004531,user4531@corp.io,2026-07-19,AU
u03-004532,user4532@example.com,2026-08-22,GB
u03-004533,user4533@mail.co.in,2026-06-23,DE
u03-004534,user4534@example.com,2026-05-20,GB
u03-004535,user4535@corp.io,2026-07-24,DE
u03-004536,user4536@uni.edu,2026-09-11,US
u03-004537,user4537@example.com,2026-09-27,DE
u03-004538,user4538@corp.io,2026-02-26,SG
u03-004539,user4539@corp.io,2026-07-13,SG
u03-004540,user4540@example.com,2026-08-18,AU
u03-004541,user4541@example.com,2026-09-24,US
u03-004542,user4542@corp.io,2026-04-13,US
u03-004543,user4543@uni.edu,2026-07-24,AU
u03-004544,user4544@example.com,2026-03-14,SG
u03-004545,user4545@uni.edu,2026-05-12,SG
u03-004546,user4546@mail.co.in,2026-07-15,GB
u03-004547,user4547@uni.edu,2026-08-10,AU
u03-004548,user4548@example.com,2026-03-26,US
u03-004549,user4549@uni.edu,2026-04-23,IN
u03-004550,user4550@corp.io,2026-06-16,IN
u03-004551,user4551@example.com,2026-09-15,US
u03-004552,user4552@uni.edu,2026-01-17,GB
u03-004553,user4553@corp.io,2026-07-28,DE
u03-004554,user4554@mail.co.in,2026-01-15,DE
u03-004555,user4555@uni.edu,2026-04-20,SG
u03-004556,user4556@example.com,2026-08-22,SG
u03-004557,user4557@corp.io,2026-08-13,SG
u03-004558,user4558@example.com,2026-05-12,AU
u03-004559,user4559@uni.edu,2026-02-13,GB
u03-004560,user4560@mail.co.in,2026-05-26,AU
u03-004561,user4561@example.com,2026-03-22,IN
u03-004562,user4562@example.com,2026-03-20,DE
u03-004563,user4563@uni.edu,2026-08-24,US
u03-004564,user4564@example.com,2026-03-28,IN
u03-004565,user4565@uni.edu,2026-07-19,DE
u03-004566,user4566@uni.edu,2026-01-13,IN
u03-004567,user4567@corp.io,2026-09-26,IN
u03-004568,user4568@corp.io,2026-05-26,SG
u03-004569,user4569@uni.edu,2026-09-15,SG
u03-004570,user4570@example.com,2026-05-26,AU
u03-004571,user4571@uni.edu,2026-08-15,US
u03-004572,user4572@example.com,2026-06-17,AU
u03-004573,user4573@example.com,2026-03-25,US
u03-004574,user4574@example.com,2026-07-27,DE
u03-004575,user4575@corp.io,2026-06-23,US
u03-004576,user4576@uni.edu,2026-08-17,AU
u03-004577,user4577.example.com,2026-05-17,US
u03-004578,user4578@corp.io,2026-02-13,US
u03-004579,user4579@mail.co.in,2026-02-16,GB
u03-004580,user4580@mail.co.in,2026-06-26,IN
u03-004581,user4581@uni.edu,2026-08-28,SG
u03-004582,user4582@uni.edu,2026-09-28,SG
u03-004583,user4583@corp.io,2026-09-14,GB
u03-004584,user4584@mail.co.in,2026-03-21,US
u03-004585,user4585@corp.io,2026-07-12,IN
u03-004586,user4586@corp.io,2026-09-17,IN
u03-004587,user4587@example.com,2026-03-27,AU
u03-004588,user4588@uni.edu,2026-08-12,AU
u03-004589,user4589@mail.co.in,2026-04-25,SG
u03-004590,user4590@example.com,2026-01-20,AU
u03-004591,user4591@mail.co.in,2026-03-15,SG
u03-004592,user4592@corp.io,2026-08-14,IN
u03-004593,user4593@corp.io,2026-06-11,DE
u03-004594,user4594@example.com,2026-01-10,IN
u03-004595,user4595@mail.co.in,2026-05-15,AU
u03-004596,user4596@mail.co.in,2026-08-23,DE
u03-004597,user4597@uni.edu,2026-03-14,AU
u03-004598,user4598@example.com,2026-09-23,GB
u03-004599,user4599@mail.co.in,2026-08-27,IN
u03-004600,user4600@uni.edu,2026-04-13,US
u03-004601,user4601@mail.co.in,2026-09-21,DE
u03-004602,user4602@uni.edu,2026-01-13,US
u03-004603,user4603@mail.co.in,2026-02-25,GB
u03-004604,user4604@uni.edu,2026-06-22,SG
u03-004605,user4605@corp.io,2026-07-26,AU
u03-004606,user4606@example.com,2026-09-19,AU
u03-004607,user4607@mail.co.in,2026-02-28,US
u03-004608,user4608@mail.co.in,2026-06-16,US
u03-004609,user4609@example.com,2026-01-14,US
u03-004610,user4610@mail.co.in,2026-01-14,DE
u03-004611,user4611@uni.edu,2026-05-27,AU
u03-004612,user4612@example.com,2026-07-17,IN
u03-004613,user4613@mail.co.in,2026-01-16,SG
u03-004614,user4614@mail.co.in,2026-03-20,DE
u03-004615,user4615@example.com,2026-07-16,DE
u03-004616,user4616@corp.io,2026-07-14,AU
u03-004617,user4617@example.com,2026-08-26,AU
u03-004618,user4618@uni.edu,2026-06-28,IN
u03-004619,user4619@corp.io,2026-01-27,DE
u03-004620,user4620@mail.co.in,2026-02-15,US
u03-004621,user4621@mail.co.in,2026-02-21,US
u03-004622,user4622@mail.co.in,2026-04-19,GB
u03-004623,user4623@corp.io,2026-08-28,DE
u03-004624,user4624@corp.io,2026-09-13,IN
u03-004625,user4625@corp.io,2026-02-23,US
u03-004626,user4626@uni.edu,2026-08-15,AU
u03-004627,user4627@example.com,2026-08-16,IN
u03-004628,user4628@mail.co.in,2026-09-25,SG
u03-004629,user4629@corp.io,2026-02-16,SG
u03-004630,user4630@mail.co.in,2026-02-10,IN
u03-004631,user4631@example.com,2026-09-19,DE
u03-004632,user4632@uni.edu,2026-05-16,SG
u03-004633,user4633@mail.co.in,2026-09-16,SG
u03-004634,user4634@corp.io,2026-05-22,AU
u03-004635,user4635@corp.io,2026-07-25,GB
u03-004636,user4636@mail.co.in,2026-07-25,IN
u03-004637,user4637@example.com,2026-03-14,AU
u03-004638,user4638@uni.edu,2026-04-17,US
u03-004639,user4639@uni.edu,2026-05-16,US
u03-004640,user4640@mail.co.in,2026-09-16,US
u03-004641,user4641@example.com,2026-02-27,DE
u03-004642,user4642@mail.co.in,2026-01-17,AU
u03-004643,user4643@example.com,2026-09-11,US
u03-004644,user4644@example.com,2026-05-13,GB
u03-004645,user4645@mail.co.in,2026-06-13,IN
u03-004646,user4646@uni.edu,2026-05-17,US
u03-004647,user4647@uni.edu,2026-06-23,US
u03-004648,user4648@example.com,2026-03-14,DE
u03-004649,user4649@example.com,2026-01-28,AU
u03-004650,user4650@uni.edu,2026-07-17,AU
u03-004651,user4651@uni.edu,2026-02-18,US
u03-004652,user4652@corp.io,2026-06-21,IN
u03-004653,user4653@mail.co.in,2026-04-17,AU
u03-004654,user4654@uni.edu,2026-03-18,AU
u03-004655,user4655@uni.edu,2026-02-13,DE
u03-004656,user4656@corp.io,2026-08-13,GB
u03-004657,user4657@uni.edu,2026-08-13,IN
u03-004658,user4658@mail.co.in,2026-07-23,AU
u03-004659,user4659@corp.io,2026-02-19,SG
u03-004660,user4660@example.com,2026-06-16,SG
u03-004661,user4661@example.com,2026-01-14,SG
u03-004662,user4662@example.com,2026-03-15,IN
u03-004663,user4663@mail.co.in,2026-07-11,GB
u03-004664,user4664@corp.io,2026-02-18,SG
u03-004665,user4665@uni.edu,2026-08-22,US
u03-004666,user4666@mail.co.in,2026-04-21,GB
u03-004667,user4667@uni.edu,2026-08-16,AU
u03-004668,user4668@mail.co.in,2026-03-24,SG
u03-004669,user4669@corp.io,2026-08-11,GB
u03-004670,user4670@uni.edu,2026-06-10,IN
u03-004671,user4671@uni.edu,2026-04-25,IN
u03-004672,user4672@corp.io,2026-02-20,AU
u03-004673,user4673@uni.edu,2026-05-14,US
u03-004674,user4674@example.com,2026-04-17,GB
u03-004675,user4675@uni.edu,2026-08-24,US
u03-004676,user4676@example.com,2026-07-21,AU
u03-004677,user4677@uni.edu,2026-09-10,GB
u03-004678,user4678@example.com,2026-01-21,AU
u03-004679,user4679@mail.co.in,2026-03-20,GB
u03-004680,user4680@mail.co.in,2026-04-28,US
u03-004681,user4681@example.com,2026-04-19,IN
u03-004682,user4682@uni.edu,2026-09-23,DE
u03-004683,user4683@corp.io,2026-06-21,GB
u03-004684,user4684@example.com,2026-07-10,AU
u03-004685,user4685@example.com,2026-01-13,US
u03-004686,user4686@corp.io,2026-01-17,IN
u03-004687,user4687@uni.edu,2026-01-20,US
u03-004688,user4688@corp.io,2026-05-22,DE
u03-004689,user4689@uni.edu,2026-07-24,SG
u03-004690,user4690@corp.io,2026-06-27,AU
u03-004691,user4691@mail.co.in,2026-07-20,SG
u03-004692,user4692@corp.io,2026-06-24,SG
u03-004693,user4693@mail.co.in,2026-03-28,IN
u03-004694,user4694@corp.io,2026-08-22,DE
u03-004695,user4695@example.com,2026-04-21,US
u03-004696,user4696@corp.io,2026-06-12,SG
u03-004697,user4697@corp.io,2026-02-20,DE
u03-004698,user4698@mail.co.in,2026-01-26,DE
u03-004699,user4699@example.com,2026-03-22,AU
u03-004700,user4700@example.com,2026-04-11,GB
u03-004701,user4701@corp.io,2026-05-14,SG
u03-004702,user4702@corp.io,2026-01-12,GB
u03-004703,user4703@mail.co.in,2026-09-21,IN
u03-004704,user4704@corp.io,2026-09-10,DE
u03-004705,user4705@mail.co.in,2026-01-16,GB
u03-004706,user4706@example.com,2026-07-11,SG
u03-004707,user4707@mail.co.in,2026-07-15,AU
u03-004708,user4708@example.com,2026-01-27,IN
u03-004709,user4709@corp.io,2026-02-25,GB
u03-004710,user4710@mail.co.in,2026-08-23,SG
u03-004711,user4711@uni.edu,2026-08-11,AU
u03-004712,user4712@example.com,2026-03-15,US
u03-004713,user4713@mail.co.in,2026-03-16,IN
u03-004714,user4714@example.com,2026-08-20,GB
u03-004715,user4715@uni.edu,2026-08-24,IN
u03-004716,user4716@corp.io,2026-06-26,SG
u03-004717,user4717@mail.co.in,2026-09-16,SG
u03-004718,user4718@example.com,2026-06-25,AU
u03-004719,user4719@mail.co.in,2026-05-15,AU
u03-004720,user4720@example.com,2026-01-27,US
u03-004721,user4721@uni.edu,2026-01-16,DE
u03-004722,user4722@example.com,2026-04-25,SG
u03-004723,user4723@corp.io,2026-09-23,DE
u03-004724,user4724@uni.edu,2026-06-19,GB
u03-004725,user4725@uni.edu,2026-03-14,AU
u03-004726,user4726@mail.co.in,2026-08-26,US
u03-004727,user4727@mail.co.in,2026-04-28,US
u03-004728,user4728@mail.co.in,2026-01-26,DE
u03-004729,user4729@mail.co.in,2026-07-16,AU
u03-004730,user4730@corp.io,2026-02-25,GB
u03-004731,user4731@mail.co.in,2026-02-24,IN
u03-004732,user4732@example.com,2026-02-18,DE
u03-004733,user4733@example.com,2026-05-10,AU
u03-004734,user4734@mail.co.in,2026-07-10,DE
u03-004735,user4735@mail.co.in,2026-06-21,SG
u03-004736,user4736@corp.io,2026-07-25,IN
u03-004737,user4737@example.com,2026-04-17,IN
u03-004738,user4738@mail.co.in,2026-07-23,GB
u03-004739,user4739@mail.co.in,2026-05-22,IN
u03-004740,user4740@uni.edu,2026-04-11,GB
u03-004741,user4741@corp.io,2026-01-16,GB
u03-004742,user4742@mail.co.in,2026-06-20,IN
u03-004743,user4743@mail.co.in,2026-05-10,IN
u03-004744,user4744@uni.edu,2026-07-15,IN
u03-004745,user4745@mail.co.in,2026-05-20,SG
u03-004746,user4746@uni.edu,2026-03-21,IN
u03-004747,user4747@example.com,2026-06-10,GB
u03-004748,user4748@uni.edu,2026-07-19,AU
u03-004749,user4749@corp.io,2026-07-10,GB
u03-004750,user4750@corp.io,2026-02-19,DE
u03-004751,user4751@mail.co.in,2026-09-11,SG
u03-004752,user4752@corp.io,2026-02-14,US
u03-004753,user4753@corp.io,2026-01-18,US
u03-004754,user4754@corp.io,2026-06-14,SG
u03-004755,user4755@uni.edu,2026-07-13,GB
u03-004756,user4756@example.com,2026-06-20,US
u03-004757,user4757@mail.co.in,2026-06-26,SG
u03-004758,user4758@example.com,2026-02-14,GB
u03-004759,user4759@corp.io,2026-01-27,IN
u03-004760,user4760@uni.edu,2026-09-25,SG
u03-004761,user4761@example.com,2026-06-13,US
u03-004762,user4762@example.com,2026-09-19,DE
u03-004763,user4763@mail.co.in,2026-04-12,IN
u03-004764,user4764@corp.io,2026-07-19,DE
u03-004765,user4765@mail.co.in,2026-07-17,US
u03-004766,user4766@uni.edu,2026-02-13,AU
u03-004767,user4767@corp.io,2026-05-22,GB
u03-004768,user4768@mail.co.in,2026-08-18,AU
u03-004769,user4769@example.com,2026-02-26,AU
u03-004770,user4770@corp.io,2026-02-28,SG
u03-004771,user4771@mail.co.in,2026-05-19,GB
u03-004772,user4772@mail.co.in,2026-02-11,SG
u03-004773,user4773@mail.co.in,2026-09-17,US
u03-004774,user4774@uni.edu,2026-02-19,DE
u03-004775,user4775@example.com,2026-05-19,GB
u03-004776,user4776@corp.io,2026-01-25,US
u03-004777,user4777@corp.io,2026-07-17,IN
u03-004778,user4778@uni.edu,2026-08-11,DE
u03-004779,user4779@uni.edu,2026-09-17,GB
u03-004780,user4780@uni.edu,2026-06-22,DE
u03-004781,user4781@example.com,2026-01-28,IN
u03-004782,user4782@mail.co.in,2026-06-22,US
u03-004783,user4783@example.com,2026-08-16,IN
u03-004784,user4784@example.com,2026-02-18,SG
u03-004785,user4785@uni.edu,2026-06-20,GB
u03-004786,user4786@mail.co.in,2026-05-18,GB
u03-004787,user4787@corp.io,2026-09-10,AU
u03-004788,user4788@example.com,2026-03-12,DE
u03-004789,user4789@corp.io,2026-04-28,US
u03-004790,user4790@corp.io,2026-08-28,US
u03-004791,user4791@corp.io,2026-06-23,AU
u03-004792,user4792@example.com,2026-09-27,AU
u03-004793,user4793@example.com,2026-05-14,IN
u03-004794,user4794@mail.co.in,2026-05-14,DE
u03-004795,user4795@corp.io,2026-07-17,SG
u03-004796,user4796@mail.co.in,2026-07-11,GB
u03-004797,user4797@uni.edu,2026-02-20,GB
u03-004798,user4798@uni.edu,2026-03-17,GB
u03-004799,user4799@uni.edu,2026-08-12,DE
u03-004800,user4800@example.com,2026-03-21,SG
u03-004801,user4801@uni.edu,2026-02-25,SG
u03-004802,user4802@corp.io,2026-02-15,GB
u03-004803,user4803@uni.edu,2026-03-15,IN
u03-004804,user4804@mail.co.in,2026-09-22,SG
u03-004805,user4805@uni.edu,2026-03-21,SG
u03-004806,user4806@mail.co.in,2026-08-23,GB
u03-004807,user4807@mail.co.in,2026-08-19,DE
u03-004808,user4808@example.com,2026-09-11,AU
u03-004809,user4809@example.com,2026-09-25,DE
u03-004810,user4810@uni.edu,2026-02-27,IN
u03-004811,user4811@corp.io,2026-05-24,GB
u03-004812,user4812@uni.edu,2026-05-26,DE
u03-004813,user4813@uni.edu,2026-05-18,DE
u03-004814,user4814@example.com,2026-02-13,IN
u03-004815,user4815@mail.co.in,2026-07-21,IN
u03-004816,user4816@uni.edu,2026-06-17,DE
u03-004817,user4817@mail.co.in,2026-04-18,US
u03-004818,user4818@uni.edu,2026-04-27,AU
u03-004819,user4819@example.com,2026-02-25,SG
u03-004820,user4820@example.com,2026-03-15,DE
u03-004821,user4821@corp.io,2026-04-17,IN
u03-004822,user4822@mail.co.in,2026-09-26,AU
u03-004823,user4823@example.com,2026-05-12,US
u03-004824,user4824@uni.edu,2026-09-19,GB
u03-004825,user4825@mail.co.in,2026-06-17,SG
u03-004826,user4826@uni.edu,2026-03-10,SG
u03-004827,user4827@corp.io,2026-06-26,SG
u03-004828,user4828@uni.edu,2026-03-20,DE
u03-004829,user4829@example.com,2026-06-11,AU
u03-004830,user4830@uni.edu,2026-08-25,GB
u03-004831,user4831@uni.edu,2026-06-26,AU
u03-004832,user4832@mail.co.in,2026-05-14,AU
u03-004833,user4833@mail.co.in,2026-09-10,GB
u03-004834,user4834@corp.io,2026-09-22,SG
u03-004835,user4835@mail.co.in,2026-01-25,SG
u03-004836,user4836@uni.edu,2026-01-12,IN
u03-004837,user4837@mail.co.in,2026-09-12,AU
u03-004838,user4838@example.com,2026-07-26,US
u03-004839,user4839@uni.edu,2026-02-18,SG
u03-004840,user4840@uni.edu,2026-07-28,DE
u03-004841,user4841@uni.edu,2026-09-14,AU
u03-004842,user4842@mail.co.in,2026-05-22,AU
u03-004843,user4843@uni.edu,2026-08-25,AU
u03-004844,user4844@mail.co.in,2026-08-26,DE
u03-004845,user4845@corp.io,2026-05-23,AU
u03-004846,user4846@corp.io,2026-04-22,AU
u03-004847,user4847@uni.edu,2026-02-11,IN
u03-004848,user4848@mail.co.in,2026-02-26,AU
u03-004849,user4849@uni.edu,2026-02-20,DE
u03-004850,user4850@uni.edu,2026-06-28,GB
u03-004851,user4851@uni.edu,2026-03-22,US
u03-004852,user4852@corp.io,2026-04-14,DE
u03-004853,user4853@mail.co.in,2026-02-11,AU
u03-004854,user4854@corp.io,2026-09-16,US
u03-004855,user4855@corp.io,2026-02-18,AU
u03-004856,user4856@example.com,2026-08-21,SG
u03-004857,user4857@example.com,2026-09-22,US
u03-004858,user4858@uni.edu,2026-01-22,AU
u03-004859,user4859@uni.edu,2026-01-12,AU
u03-004860,user4860@mail.co.in,2026-08-25,SG
u03-004861,user4861@example.com,2026-03-23,SG
u03-004862,user4862@example.com,2026-01-26,US
u03-004863,user4863@mail.co.in,2026-05-20,US
u03-004864,user4864@mail.co.in,2026-07-15,AU
u03-004865,user4865@mail.co.in,2026-05-14,SG
u03-004866,user4866@uni.edu,2026-07-28,DE
u03-004867,user4867@uni.edu,2026-08-19,AU
u03-004868,user4868@mail.co.in,2026-02-25,AU
u03-004869,user4869@example.com,2026-04-25,AU
u03-004870,user4870@corp.io,2026-08-21,AU
u03-004871,user4871@mail.co.in,2026-09-17,SG
u03-004872,user4872@uni.edu,2026-09-10,AU
u03-004873,user4873@uni.edu,2026-07-16,SG
u03-004874,user4874@corp.io,2026-05-21,AU
u03-004875,user4875@example.com,2026-09-23,GB
u03-004876,user4876@corp.io,2026-03-16,IN
u03-004877,user4877@uni.edu,2026-09-17,SG
u03-004878,user4878@uni.edu,2026-09-10,AU
u03-004879,user4879@corp.io,2026-04-28,GB
u03-004880,user4880@mail.co.in,2026-03-27,DE
u03-004881,user4881@example.com,2026-01-23,DE
u03-004882,user4882@uni.edu,2026-07-10,SG
u03-004883,user4883@example.com,2026-09-18,IN
u03-004884,user4884@mail.co.in,2026-03-27,IN
u03-004885,user4885@corp.io,2026-03-18,GB
u03-004886,user4886@uni.edu,2026-09-20,US
u03-004887,user4887@uni.edu,2026-09-24,GB
u03-004888,user4888@uni.edu,2026-02-19,DE
u03-004889,user4889@mail.co.in,2026-09-11,AU
u03-004890,user4890@corp.io,2026-06-19,IN
u03-004891,user4891@mail.co.in,2026-05-22,GB
u03-004892,user4892@mail.co.in,2026-09-16,US
u03-004893,user4893@uni.edu,2026-04-26,IN
u03-004894,user4894@mail.co.in,2026-03-27,US
u03-004895,user4895@corp.io,2026-07-12,IN
u03-004896,user4896@corp.io,2026-05-25,AU
u03-004897,user4897@example.com,2026-04-12,AU
u03-004898,user4898@example.com,2026-06-28,GB
u03-004899,user4899@uni.edu,2026-04-11,GB
u03-004900,user4900@corp.io,2026-01-19,SG
u03-004901,user4901@mail.co.in,2026-08-19,IN
u03-004902,user4902@corp.io,2026-03-19,DE
u03-004903,user4903@corp.io,2026-07-27,IN
u03-004904,user4904@example.com,2026-08-10,SG
u03-004905,user4905@example.com,2026-08-18,GB
u03-004906,user4906@mail.co.in,2026-07-23,IN
u03-004907,user4907@uni.edu,2026-08-25,GB
u03-004908,user4908@example.com,2026-06-17,US
u03-004909,user4909@uni.edu,2026-02-25,AU
u03-004910,user4910@corp.io,2026-06-22,GB
u03-004911,user4911@mail.co.in,2026-07-19,SG
u03-004912,user4912@corp.io,2026-01-26,IN
u03-004913,user4913@uni.edu,2026-01-10,DE
u03-004914,user4914@uni.edu,2026-08-25,GB
u03-004915,user4915@uni.edu,2026-02-14,SG
u03-004916,user4916@example.com,2026-03-21,DE
u03-004917,user4917@example.com,2026-09-24,DE
u03-004918,user4918@mail.co.in,2026-04-22,US
u03-004919,user4919@mail.co.in,2026-07-21,DE
u03-004920,user4920@example.com,2026-04-12,DE
u03-004921,user4921@mail.co.in,2026-02-17,GB
u03-004922,user4922@corp.io,2026-02-10,AU
u03-004923,user4923@corp.io,2026-02-11,GB
u03-004924,user4924@example.com,2026-02-13,US
u03-004925,user4925@uni.edu,2026-02-15,IN
u03-004926,user4926@mail.co.in,2026-07-18,US
u03-004927,user4927@corp.io,2026-03-24,GB
u03-004928,user4928@example.com,2026-03-27,GB
u03-004929,user4929@uni.edu,2026-07-21,SG
u03-004930,user4930@mail.co.in,2026-02-21,SG
u03-004931,user4931@uni.edu,2026-06-25,IN
u03-004932,user4932@mail.co.in,2026-05-21,SG
u03-004933,user4933@uni.edu,2026-05-11,AU
u03-004934,user4934@example.com,2026-08-19,IN
u03-004935,user4935@corp.io,2026-04-24,DE
u03-004936,user4936@uni.edu,2026-01-21,DE
u03-004937,user4937@example.com,2026-03-16,GB
u03-004938,user4938@example.com,2026-09-27,DE
u03-004939,user4939@corp.io,2026-08-18,SG
u03-004940,user4940@uni.edu,2026-04-27,IN
u03-004941,user4941@uni.edu,2026-06-13,US
u03-004942,user4942@example.com,2026-09-27,IN
u03-004943,user4943@example.com,2026-08-24,IN
u03-004944,user4944@uni.edu,2026-09-26,US
u03-004945,user4945@corp.io,2026-03-15,US
u03-004946,user4946@mail.co.in,2026-07-21,GB
u03-004947,user4947@mail.co.in,2026-03-23,DE
u03-004948,user4948@example.com,2026-03-12,AU
u03-004949,user4949@example.com,2026-04-23,AU
u03-004950,user4950@example.com,2026-05-11,AU
u03-004951,user4951@uni.edu,2026-07-21,DE
u03-004952,user4952@uni.edu,2026-03-16,AU
u03-004953,user4953@mail.co.in,2026-03-11,AU
u03-004954,user4954@mail.co.in,2026-09-28,SG
u03-004955,user4955@mail.co.in,2026-02-21,GB
u03-004956,user4956@uni.edu,2026-01-12,US
u03-004957,user4957@mail.co.in,2026-06-15,IN
u03-004958,user4958@example.com,2026-08-26,AU
u03-004959,user4959@corp.io,2026-05-23,DE
u03-004960,user4960@uni.edu,2026-07-23,DE
u03-004961,user4961@mail.co.in,2026-01-28,GB
u03-004962,user4962@corp.io,2026-08-19,DE
u03-004963,user4963@mail.co.in,2026-05-21,DE
u03-004964,user4964@example.com,2026-06-22,DE
u03-004965,user4965@uni.edu,2026-08-26,SG
u03-004966,user4966@corp.io,2026-04-15,AU
u03-004967,user4967@corp.io,2026-09-17,AU
u03-004968,user4968@example.com,2026-03-13,AU
u03-004969,user4969@uni.edu,2026-03-10,DE
u03-004970,user4970@corp.io,2026-08-13,AU
u03-004971,user4971@uni.edu,2026-05-20,DE
u03-004972,user4972@corp.io,2026-05-19,IN
u03-004973,user4973@example.com,2026-01-20,AU
u03-004974,user4974@uni.edu,2026-03-23,AU
u03-004975,user4975@uni.edu,2026-01-25,IN
u03-004976,user4976@example.com,2026-06-19,AU
u03-004977,user4977@mail.co.in,2026-02-21,IN
u03-004978,user4978@example.com,2026-02-21,GB
u03-004979,user4979@mail.co.in,2026-05-26,DE
u03-004980,user4980@corp.io,2026-04-19,IN
u03-004981,user4981@mail.co.in,2026-06-17,AU
u03-004982,user4982@mail.co.in,2026-02-26,GB
u03-004983,user4983@uni.edu,2026-02-25,GB
u03-004984,user4984@mail.co.in,2026-05-12,SG
u03-004985,user4985@corp.io,2026-06-22,DE
u03-004986,user4986@example.com,2026-01-10,IN
u03-004987,user4987@corp.io,2026-06-23,IN
u03-004988,user4988@mail.co.in,2026-09-22,SG
u03-004989,user4989@uni.edu,2026-01-24,DE
u03-004990,user4990@mail.co.in,2026-04-24,SG
u03-004991,user4991@uni.edu,2026-08-23,SG
u03-004992,user4992@corp.io,2026-03-12,US
u03-004993,user4993@corp.io,2026-05-22,SG
u03-004994,user4994@mail.co.in,2026-04-23,AU
u03-004995,user4995@mail.co.in,2026-03-25,DE
u03-004996,user4996@mail.co.in,2026-06-14,SG
u03-004997,user4997@uni.edu,2026-03-17,GB
u03-004998,user4998@example.com,2026-06-19,US
u03-004999,user4999@uni.edu,2026-05-11,SG
