user_id,email,signup_date,country
u01-000000,user0@example.com,2026-01-25,AU
u01-000001,user1@mail.co.in,2026-09-14,IN
u01-000002,user2@example.com,2026-07-14,IN
u01-000003,user3@uni.edu,2026-07-28,IN
u01-000004,user4@corp.io,2026-02-19,GB
u01-000005,user5@mail.co.in,2026-07-11,US
u01-000006,user6@example.com,2026-04-10,DE
u01-000007,user7@uni.edu,2026-04-14,SG
u01-000008,user8@corp.io,2026-04-28,IN
u01-000009,user9@example.com,2026-06-23,US
u01-000010,user10@example.com,2026-06-26,US
u01-000011,user11@example.com,2026-02-17,SG
u01-000012,user12@uni.edu,2026-08-10,AU
u01-000013,user13@corp.io,2026-01-14,US
u01-000014,user14@example.com,2026-08-18,GB
u01-000015,user15@example.com,2026-01-17,IN
u01-000016,user16@corp.io,2026-04-27,SG
u01-000017,user17@uni.edu,2026-02-12,SG
u01-000018,user18@uni.edu,2026-09-20,DE
u01-000019,user19@example.com,2026-08-18,GB
u01-000020,user20@corp.io,2026-07-19,SG
u01-000021,user21@uni.edu,2026-04-13,GB
u01-000022,user22@mail.co.in,2026-09-15,IN
u01-000023,user23@mail.co.in,2026-05-27,GB
u01-000024,user24@example.com,2026-02-13,IN
u01-000025,user25@example.com,2026-04-12,US
u01-000026,user26@corp.io,2026-07-26,SG
u01-000027,user27@example.com,2026-08-11,US
u01-000028,user28@uni.edu,2026-09-26,IN
u01-000029,user29@example.com,2026-02-24,US
u01-000030,user30@mail.co.in,2026-08-14,US
u01-000031,user31@example.com,2026-06-18,AU
u01-000032,user32@uni.edu,2026-08-12,DE
u01-000033,user33@example.com,2026-05-19,DE
u01-000034,user34@corp.io,2026-01-15,DE
u01-000035,user35@mail.co.in,2026-08-26,GB
u01-000036,user36@mail.co.in,2026-02-26,SG
u01-000037,user37@uni.edu,2026-09-26,DE
u01-000038,user38@corp.io,2026-03-26,US
u01-000039,user39@mail.co.in,2026-09-14,GB
u01-000040,user40@example.com,2026-05-22,AU
u01-000041,user41@example.com,2026-02-27,DE
u01-000042,user42@uni.edu,2026-05-21,IN
u01-000043,user43@example.com,2026-05-26,AU
u01-000044,user44@corp.io,2026-03-22,GB
u01-000045,user45@mail.co.in,2026-04-10,SG
u01-000046,user46@uni.edu,2026-07-21,DE
u01-000047,user47@example.com,2026-01-23,US
u01-000048,user48@corp.io,2026-04-21,AU
u01-000049,user49@corp.io,2026-02-17,DE
u01-000050,user50@corp.io,2026-02-10,DE
u01-000051,user51@example.com,2026-08-12,SG
u01-000052,user52@mail.co.in,2026-01-13,GB
u01-000053,user53@example.com,2026-09-15,GB
u01-000054,user54@mail.co.in,2026-02-27,GB
u01-000055,user55@example.com,2026-01-14,US
u01-000056,user56@example.com,2026-08-21,US
u01-000057,user57@uni.edu,2026-05-13,DE
u01-000058,user58@uni.edu,2026-07-22,GB
u01-000059,user59@mail.co.in,2026-01-15,DE
u01-000060,user60@mail.co.in,2026-09-13,IN
u01-000061,user61@uni.edu,2026-09-25,SG
u01-000062,user62@example.com,2026-04-12,AU
u01-000063,user63@example.com,2026-06-12,US
u01-000064,user64@corp.io,2026-01-25,SG
u01-000065,user65@uni.edu,2026-07-10,US
u01-000066,user66@mail.co.in,2026-04-28,DE
u01-000067,user67@example.com,2026-09-18,DE
u01-000068,user68@mail.co.in,2026-09-18,US
u01-000069,user69@example.com,2026-07-27,SG
u01-000070,user70@uni.edu,2026-03-21,GB
u01-000071,user71@uni.edu,2026-01-15,GB
u01-000072,user72@corp.io,2026-09-10,IN
u01-000073,user73@corp.io,2026-02-16,SG
u01-000074,user74@corp.io,2026-08-13,IN
u01-000075,user75@mail.co.in,2026-01-28,AU
u01-000076,user76@corp.io,2026-07-24,SG
u01-000077,user77@mail.co.in,2026-08-23,AU
u01-000078,user78@example.com,2026-07-23,DE
u01-000079,user79@corp.io,2026-09-25,GB
u01-000080,user80@mail.co.in,2026-07-27,IN
u01-000081,user81@corp.io,2026-08-20,GB
u01-000082,user82@example.com,2026-03-16,IN
u01-000083,user83@mail.co.in,2026-04-26,GB
u01-000084,user84@example.com,2026-08-27,AU
u01-000085,user85@mail.co.in,2026-08-26,GB
u01-000086,user86@example.com,2026-03-22,GB
u01-000087,user87@example.com,2026-02-12,US
u01-000088,user88@example.com,2026-05-15,US
u01-000089,user89@example.com,2026-06-28,GB
u01-000090,user90@corp.io,2026-03-12,GB
u01-000091,user91@uni.edu,2026-01-25,IN
u01-000092,user92@mail.co.in,2026-08-24,US
u01-000093,user93@corp.io,2026-08-24,AU
u01-000094,user94@mail.co.in,2026-09-16,IN
u01-000095,user95@mail.co.in,2026-05-19,DE
u01-000096,user96@example.com,2026-02-16,US
u01-000097,user97@uni.edu,2026-05-16,DE
u01-000098,user98@example.com,2026-09-27,IN
u01-000099,user99@corp.io,2026-03-27,IN
u01-000100,user100@corp.io,2026-06-26,IN
u01-000101,user101@corp.io,2026-09-15,SG
u01-000102,user102@example.com,2026-03-25,DE
u01-000103,user103@corp.io,2026-09-22,DE
u01-000104,user104@corp.io,2026-02-10,US
u01-000105,user105@corp.io,2026-05-26,IN
u01-000106,user106@example.com,2026-09-15,AU
u01-000107,user107@mail.co.in,2026-08-20,DE
u01-000108,user108@uni.edu,2026-05-12,IN
u01-000109,user109@mail.co.in,2026-04-27,GB
u01-000110,user110@mail.co.in,2026-06-20,DE
u01-000111,user111@example.com,2026-03-10,US
u01-000112,user112@mail.co.in,2026-08-24,GB
u01-000113,user113@mail.co.in,2026-08-11,SG
u01-000114,user114@example.com,2026-06-12,US
u01-000115,user115@uni.edu,2026-03-26,GB
u01-000116,user116@example.com,2026-08-12,GB
u01-000117,user117@corp.io,2026-09-15,IN
u01-000118,user118@corp.io,2026-07-26,GB
u01-000119,user119@mail.co.in,2026-05-14,SG
u01-000120,user120@mail.co.in,2026-02-17,US
u01-000121,user121@uni.edu,2026-09-18,DE
u01-000122,user122@example.com,2026-05-10,SG
u01-000123,user123@corp.io,2026-04-21,US
u01-000124,user124@corp.io,2026-04-17,AU
u01-000125,user125@example.com,2026-06-25,GB
u01-000126,user126@uni.edu,2026-01-14,SG
u01-000127,user127@example.com,2026-06-21,SG
u01-000128,user128@example.com,2026-08-27,AU
u01-000129,user129@uni.edu,2026-06-21,IN
u01-000130,user130@corp.io,2026-04-14,GB
u01-000131,user131@mail.co.in,2026-08-14,DE
u01-000132,user132@corp.io,2026-07-17,AU
u01-000133,user133@corp.io,2026-07-15,IN
u01-000134,user134@mail.co.in,2026-06-16,AU
u01-000135,user135@uni.edu,2026-09-24,GB
u01-000136,user136@example.com,2026-09-23,IN
u01-000137,user137@corp.io,2026-05-21,DE
u01-000138,user138@uni.edu,2026-04-23,SG
u01-000139,user139@uni.edu,2026-04-16,IN
u01-000140,user140@example.com,2026-03-27,US
u01-000141,user141@mail.co.in,2026-02-13,SG
u01-000142,user142@example.com,2026-08-23,DE
u01-000143,user143@uni.edu,2026-02-27,AU
u01-000144,user144@uni.edu,2026-08-16,GB
u01-000145,user145@example.com,2026-01-26,GB
u01-000146,user146@uni.edu,2026-01-13,GB
u01-000147,user147@example.com,2026-01-14,SG
u01-000148,user148@mail.co.in,2026-06-19,IN
u01-000149,user149@corp.io,2026-04-21,DE
u01-000150,user150@mail.co.in,2026-01-22,GB
u01-000151,user151@corp.io,2026-07-17,IN
u01-000152,user152@corp.io,2026-06-24,SG
u01-000153,user153@uni.edu,2026-06-21,SG
u01-000154,user154@example.com,2026-04-11,GB
u01-000155,user155@mail.co.in,2026-07-19,DE
u01-000156,user156@corp.io,2026-04-20,SG
u01-000157,user157@corp.io,2026-04-26,IN
u01-000158,user158@example.com,2026-09-15,AU
u01-000159,user159@example.com,2026-02-13,IN
u01-000160,user160@corp.io,2026-05-17,US
u01-000161,user161@mail.co.in,2026-02-22,US
u01-000162,user162@uni.edu,2026-08-21,SG
u01-000163,user163@mail.co.in,2026-03-15,GB
u01-000164,user164@corp.io,2026-05-10,US
u01-000165,user165@mail.co.in,2026-06-20,IN
u01-000166,user166@example.com,2026-09-28,DE
u01-000167,user167@example.com,2026-08-10,IN
u01-000168,user168@corp.io,2026-01-12,AU
u01-000169,user169@corp.io,2026-01-12,US
u01-000170,user170@uni.edu,2026-02-24,IN
u01-000171,user171@mail.co.in,2026-06-24,DE
u01-000172,user172@corp.io,2026-08-27,AU
u01-000173,user173@example.com,2026-09-13,IN
u01-000174,user174@uni.edu,2026-05-14,AU
u01-000175,user175@corp.io,2026-06-21,DE
u01-000176,user176@corp.io,2026-09-21,DE
u01-000177,user177@corp.io,2026-01-12,US
u01-000178,user178@uni.edu,2026-05-28,SG
u01-000179,user179@corp.io,2026-04-19,GB
u01-000180,user180@uni.edu,2026-09-14,DE
u01-000181,user181@corp.io,2026-08-15,US
u01-000182,user182@uni.edu,2026-04-27,IN
u01-000183,user183@corp.io,2026-02-22,AU
u01-000184,user184@corp.io,2026-01-12,SG
u01-000185,user185@corp.io,2026-04-28,SG
u01-000186,user186@uni.edu,2026-07-11,AU
u01-000187,user187@uni.edu,2026-09-26,GB
u01-000188,user188@uni.edu,2026-02-18,IN
u01-000189,user189@corp.io,2026-03-10,US
u01-000190,user190@mail.co.in,2026-09-14,SG
u01-000191,user191@corp.io,2026-01-26,AU
u01-000192,user192@uni.edu,2026-09-19,DE
u01-000193,user193@mail.co.in,2026-03-12,US
u01-000194,user194@corp.io,2026-04-17,DE
u01-000195,user195@mail.co.in,2026-07-15,IN
u01-000196,user196@uni.edu,2026-09-12,DE
u01-000197,user197@mail.co.in,2026-02-26,IN
u01-000198,user198@uni.edu,2026-05-21,SG
u01-000199,user199@mail.co.in,2026-04-13,AU
u01-000200,user200@mail.co.in,2026-05-13,GB
u01-000201,user201@mail.co.in,2026-05-16,GB
u01-000202,user202@mail.co.in,2026-05-23,DE
u01-000203,user203@example.com,2026-05-19,US
u01-000204,user204@mail.co.in,2026-07-27,SG
u01-000205,user205@corp.io,2026-06-13,GB
u01-000206,user206@example.com,2026-04-15,AU
u01-000207,user207@uni.edu,2026-01-15,US
u01-000208,user208@mail.co.in,2026-09-28,GB
u01-000209,user209@mail.co.in,2026-06-26,GB
u01-000210,user210@uni.edu,2026-01-10,US
u01-000211,user211@example.com,2026-03-18,DE
u01-000212,user212@uni.edu,2026-09-18,IN
u01-000213,user213@example.com,2026-09-11,AU
u01-000214,user214@example.com,2026-04-24,US
u01-000215,user215@uni.edu,2026-04-16,US
u01-000216,user216@mail.co.in,2026-06-14,GB
u01-000217,user217@mail.co.in,2026-01-20,DE
u01-000218,user218@mail.co.in,2026-02-18,US
u01-000219,user219@example.com,2026-01-11,US
u01-000220,user220@example.com,2026-08-19,IN
u01-000221,user221@mail.co.in,2026-06-21,GB
u01-000222,user222@uni.edu,2026-05-17,DE
u01-000223,user223@mail.co.in,2026-02-21,IN
u01-000224,user224@corp.io,2026-03-18,US
u01-000225,user225@example.com,2026-02-10,US
u01-000226,user226@mail.co.in,2026-05-27,IN
u01-000227,user227@mail.co.in,2026-08-24,AU
u01-000228,user228@uni.edu,2026-08-21,US
u01-000229,user229@corp.io,2026-01-27,SG
u01-000230,user230@mail.co.in,2026-02-18,IN
u01-000231,user231@example.com,2026-08-11,US
u01-000232,user232@example.com,2026-05-28,SG
u01-000233,user233@example.com,2026-09-15,IN
u01-000234,user234@example.com,2026-08-24,SG
u01-000235,user235@example.com,2026-05-18,US
u01-000236,user236@mail.co.in,2026-04-19,DE
u01-000237,user237@mail.co.in,2026-01-24,AU
u01-000238,user238@uni.edu,2026-03-21,US
u01-000239,user239@example.com,2026-02-10,AU
u01-000240,user240@corp.io,2026-01-28,DE
u01-000241,user241@mail.co.in,2026-02-11,SG
u01-000242,user242@mail.co.in,2026-06-20,AU
u01-000243,user243@example.com,2026-02-15,DE
u01-000244,user244@uni.edu,2026-03-28,GB
u01-000245,user245@mail.co.in,2026-04-28,IN
u01-000246,user246@uni.edu,2026-09-23,AU
u01-000247,user247@example.com,2026-01-13,DE
u01-000248,user248@example.com,2026-08-15,IN
u01-000249,user249@corp.io,2026-07-21,IN
u01-000250,user250@uni.edu,2026-05-12,AU
u01-000251,user251@example.com,2026-09-10,IN
u01-000252,user252@example.com,2026-05-15,IN
u01-000253,user253@uni.edu,2026-08-15,DE
u01-000254,user254@uni.edu,2026-06-10,IN
u01-000255,user255@mail.co.in,2026-07-14,GB
u01-000256,user256@uni.edu,2026-01-20,AU
u01-000257,user257@corp.io,2026-02-11,GB
u01-000258,user258@mail.co.in,2026-06-25,AU
u01-000259,user259@example.com,2026-09-27,US
u01-000260,user260@corp.io,2026-03-10,DE
u01-000261,user261@mail.co.in,2026-07-28,GB
u01-000262,user262@corp.io,2026-02-15,AU
u01-000263,user263@mail.co.in,2026-09-19,AU
u01-000264,user264@mail.co.in,2026-04-15,GB
u01-000265,user265@corp.io,2026-05-27,DE
u01-000266,user266@example.com,2026-01-20,DE
u01-000267,user267@mail.co.in,2026-03-25,DE
u01-000268,user268@uni.edu,2026-08-22,IN
u01-000269,user269@uni.edu,2026-02-27,AU
u01-000270,user270@mail.co.in,2026-02-14,IN
u01-000271,user271@mail.co.in,2026-04-21,GB
u01-000272,user272@uni.edu,2026-07-19,DE
u01-000273,user273@mail.co.in,2026-08-15,SG
u01-000274,user274@corp.io,2026-02-18,GB
u01-000275,user275@example.com,2026-04-20,GB
u01-000276,user276@example.com,2026-08-13,IN
u01-000277,user277@uni.edu,2026-03-11,IN
u01-000278,user278@corp.io,2026-03-15,DE
u01-000279,user279@example.com,2026-03-22,SG
u01-000280,user280@example.com,2026-08-15,DE
u01-000281,user281@uni.edu,2026-09-14,AU
u01-000282,user282@example.com,2026-04-11,US
u01-000283,user283@uni.edu,2026-07-25,SG
u01-000284,user284@corp.io,2026-07-22,IN
u01-000285,user285@example.com,2026-03-10,AU
u01-000286,user286@example.com,2026-08-17,AU
u01-000287,user287@mail.co.in,2026-02-21,AU
u01-000288,user288@corp.io,2026-04-12,SG
u01-000289,user289@corp.io,2026-03-16,DE
u01-000290,user290@corp.io,2026-05-26,DE
u01-000291,user291@uni.edu,2026-04-11,GB
u01-000292,user292@example.com,2026-04-10,US
u01-000293,user293@corp.io,2026-06-10,GB
u01-000294,user294@example.com,2026-02-26,IN
u01-000295,user295@example.com,2026-09-18,AU
u01-000296,user296@corp.io,2026-03-12,US
u01-000297,user297@example.com,2026-04-14,SG
u01-000298,user298@uni.edu,2026-07-27,IN
u01-000299,user299@example.com,2026-06-23,SG
u01-000300,user300@example.com,2026-08-18,AU
u01-000301,user301@mail.co.in,2026-08-17,SG
u01-000302,user302@corp.io,2026-06-19,SG
u01-000303,user303@example.com,2026-03-15,SG
u01-000304,user304@corp.io,2026-01-12,AU
u01-000305,user305@uni.edu,2026-02-22,DE
u01-000306,user306@example.com,2026-02-22,US
u01-000307,user307@example.com,2026-07-20,DE
u01-000308,user308@mail.co.in,2026-05-18,SG
u01-000309,user309@corp.io,2026-06-21,GB
u01-000310,user310@corp.io,2026-09-15,DE
u01-000311,user311@uni.edu,2026-05-21,IN
u01-000312,user312@uni.edu,2026-09-19,GB
u01-000313,user313@uni.edu,2026-09-23,DE
u01-000314,user314@mail.co.in,2026-08-11,GB
u01-000315,user315@corp.io,2026-02-16,AU
u01-000316,user316@mail.co.in,2026-01-13,GB
u01-000317,user317@example.com,2026-08-14,IN
u01-000318,user318@example.com,2026-01-15,GB
u01-000319,user319@corp.io,2026-05-16,SG
u01-000320,user320@example.com,2026-05-18,US
u01-000321,user321@corp.io,2026-01-26,AU
u01-000322,user322@mail.co.in,2026-06-21,IN
u01-000323,user323@example.com,2026-03-15,DE
u01-000324,user324@corp.io,2026-09-17,DE
u01-000325,user325@example.com,2026-01-23,IN
u01-000326,user326@mail.co.in,2026-06-18,AU
u01-000327,user327@example.com,2026-04-26,DE
u01-000328,user328@corp.io,2026-09-28,AU
u01-000329,user329@uni.edu,2026-04-22,US
u01-000330,user330@mail.co.in,2026-05-19,AU
u01-000331,user331@uni.edu,2026-09-23,US
u01-000332,user332@example.com,2026-06-13,GB
u01-000333,user333@uni.edu,2026-05-21,AU
u01-000334,user334@corp.io,2026-07-12,US
u01-000335,user335@uni.edu,2026-05-26,GB
u01-000336,user336@corp.io,2026-01-13,IN
u01-000337,user337@mail.co.in,2026-07-24,AU
u01-000338,user338@mail.co.in,2026-04-17,DE
u01-000339,user339@example.com,2026-09-27,US
u01-000340,user340@uni.edu,2026-01-19,IN
u01-000341,user341@corp.io,2026-03-27,IN
u01-000342,user342@mail.co.in,2026-05-14,AU
u01-000343,user343@mail.co.in,2026-02-21,GB
u01-000344,user344@uni.edu,2026-09-21,IN
u01-000345,user345@uni.edu,2026-08-27,US
u01-000346,user346@corp.io,2026-08-20,GB
u01-000347,user347@example.com,2026-07-18,IN
u01-000348,user348@corp.io,2026-08-21,IN
u01-000349,user349@uni.edu,2026-08-11,US
u01-000350,user350@example.com,2026-09-14,IN
u01-000351,user351@mail.co.in,2026-06-15,IN
u01-000352,user352@uni.edu,2026-07-28,AU
u01-000353,user353@mail.co.in,2026-01-15,GB
u01-000354,user354@corp.io,2026-08-20,GB
u01-000355,user355@corp.io,2026-09-17,AU
u01-000356,user356@mail.co.in,2026-02-18,IN
u01-000357,user357@mail.co.in,2026-05-22,US
u01-000358,user358@mail.co.in,2026-04-27,IN
u01-000359,user359@mail.co.in,2026-04-11,DE
u01-000360,user360@example.com,2026-04-22,GB
u01-000361,user361@uni.edu,2026-04-19,AU
u01-000362,user362@corp.io,2026-08-11,IN
u01-000363,user363@example.com,2026-02-13,IN
u01-000364,user364@mail.co.in,2026-07-13,AU
u01-000365,user365@uni.edu,2026-08-15,IN
u01-000366,user366@corp.io,2026-06-21,SG
u01-000367,user367@mail.co.in,2026-06-21,IN
u01-000368,user368@corp.io,2026-02-22,US
u01-000369,user369@mail.co.in,2026-05-18,GB
u01-000370,user370@corp.io,2026-07-13,GB
u01-000371,user371@mail.co.in,2026-05-16,SG
u01-000372,user372@example.com,2026-03-19,DE
u01-000373,user373@uni.edu,2026-02-15,IN
u01-000374,user374@example.com,2026-01-27,IN
u01-000375,user375@corp.io,2026-08-24,GB
u01-000376,user376@mail.co.in,2026-07-12,SG
u01-000377,user377@mail.co.in,2026-06-23,AU
u01-000378,user378@corp.io,2026-01-20,AU
u01-000379,user379@corp.io,2026-02-10,US
u01-000380,user380@uni.edu,2026-06-19,US
u01-000381,user381@mail.co.in,2026-08-18,SG
u01-000382,user382@mail.co.in,2026-01-17,SG
u01-000383,user383@uni.edu,2026-08-27,DE
u01-000384,user384@corp.io,2026-06-17,AU
u01-000385,user385@example.com,2026-06-16,GB
u01-000386,user386@corp.io,2026-02-12,IN
u01-000387,user387@example.com,2026-03-17,DE
u01-000388,user388@mail.co.in,2026-06-23,IN
u01-000389,user389@mail.co.in,2026-01-14,US
u01-000390,user390@example.com,2026-03-14,GB
u01-000391,user391@example.com,2026-07-27,US
u01-000392,user392@corp.io,2026-05-22,DE
u01-000393,user393@uni.edu,2026-01-11,IN
u01-000394,user394@uni.edu,2026-07-20,AU
u01-000395,user395@mail.co.in,2026-06-14,AU
u01-000396,user396@mail.co.in,2026-02-19,AU
u01-000397,user397@uni.edu,2026-04-13,SG
u01-000398,user398@uni.edu,2026-05-16,GB
u01-000399,user399@mail.co.in,2026-06-14,SG
u01-000400,user400@uni.edu,2026-06-23,SG
u01-000401,user401@mail.co.in,2026-07-18,IN
u01-000402,user402@mail.co.in,2026-04-11,DE
u01-000403,user403@uni.edu,2026-05-13,US
u01-000404,user404@mail.co.in,2026-02-24,GB
u01-000405,user405@uni.edu,2026-08-15,GB
u01-000406,user406@example.com,2026-01-20,US
u01-000407,user407@corp.io,2026-07-15,US
u01-000408,user408@corp.io,2026-04-24,GB
u01-000409,user409@corp.io,2026-07-15,IN
u01-000410,user410@uni.edu,2026-06-27,IN
u01-000411,user411@uni.edu,2026-05-15,SG
u01-000412,user412@example.com,2026-05-10,IN
u01-000413,user413@uni.edu,2026-06-18,SG
u01-000414,user414@uni.edu,2026-04-25,SG
u01-000415,user415@corp.io,2026-05-26,DE
u01-000416,user416@corp.io,2026-06-22,SG
u01-000417,user417@mail.co.in,2026-06-10,IN
u01-000418,user418@example.com,2026-02-19,AU
u01-000419,user419@uni.edu,2026-03-28,AU
u01-000420,user420@uni.edu,2026-02-13,IN
u01-000421,user421@corp.io,2026-06-12,SG
u01-000422,user422@mail.co.in,2026-07-19,SG
u01-000423,user423@mail.co.in,2026-07-21,AU
u01-000424,user424@corp.io,2026-05-25,SG
u01-000425,user425@mail.co.in,2026-08-24,AU
u01-000426,user426@mail.co.in,2026-02-11,GB
u01-000427,user427@uni.edu,2026-06-13,DE
u01-000428,user428@corp.io,2026-03-10,DE
u01-000429,user429@example.com,2026-03-12,AU
u01-000430,user430@corp.io,2026-01-10,SG
u01-000431,user431@uni.edu,2026-08-22,SG
u01-000432,user432@mail.co.in,2026-09-12,AU
u01-000433,user433@corp.io,2026-08-23,DE
u01-000434,user434@mail.co.in,2026-01-12,SG
u01-000435,user435@mail.co.in,2026-07-14,DE
u01-000436,user436@corp.io,2026-07-14,IN
u01-000437,user437@mail.co.in,2026-04-19,US
u01-000438,user438@uni.edu,2026-07-18,SG
u01-000439,user439@uni.edu,2026-07-16,DE
u01-000440,user440@corp.io,2026-05-27,IN
u01-000441,user441@uni.edu,2026-06-15,AU
u01-000442,user442@uni.edu,2026-09-27,SG
u01-000443,user443@corp.io,2026-01-16,SG
u01-000444,user444@example.com,2026-07-14,US
u01-000445,user445@example.com,2026-03-27,AU
u01-000446,user446@example.com,2026-02-27,GB
u01-000447,user447@mail.co.in,2026-03-19,SG
u01-000448,user448@uni.edu,2026-07-27,DE
u01-000449,user449@corp.io,2026-01-20,IN
u01-000450,user450@example.com,2026-02-12,SG
u01-000451,user451@corp.io,2026-01-15,US
u01-000452,user452@mail.co.in,2026-03-22,IN
u01-000453,user453@corp.io,2026-09-11,AU
u01-000454,user454@corp.io,2026-02-26,DE
u01-000455,user455@example.com,2026-04-21,GB
u01-000456,user456@example.com,2026-05-18,IN
u01-000457,user457@mail.co.in,2026-04-28,SG
u01-000458,user458@example.com,2026-01-21,AU
u01-000459,user459@mail.co.in,2026-03-12,DE
u01-000460,user460@uni.edu,2026-02-17,DE
u01-000461,user461@corp.io,2026-03-24,GB
u01-000462,user462@corp.io,2026-08-10,DE
u01-000463,user463@uni.edu,2026-02-16,US
u01-000464,user464@example.com,2026-06-11,DE
u01-000465,user465@corp.io,2026-09-14,AU
u01-000466,user466@corp.io,2026-06-12,SG
u01-000467,user467@mail.co.in,2026-06-26,IN
u01-000468,user468@corp.io,2026-07-21,AU
u01-000469,user469@example.com,2026-01-20,DE
u01-000470,user470@corp.io,2026-08-19,SG
u01-000471,user471@mail.co.in,2026-03-18,DE
u01-000472,user472@corp.io,2026-04-14,SG
u01-000473,user473@mail.co.in,2026-06-20,AU
u01-000474,user474@corp.io,2026-05-11,IN
u01-000475,user475@corp.io,2026-02-16,SG
u01-000476,user476@uni.edu,2026-06-12,IN
u01-000477,user477@mail.co.in,2026-04-14,DE
u01-000478,user478@example.com,2026-07-15,IN
u01-000479,user479@example.com,2026-06-27,AU
u01-000480,user480.example.com,2026-05-23,US
u01-000481,user481@uni.edu,2026-07-20,IN
u01-000482,user482@example.com,2026-03-27,DE
u01-000483,user483@mail.co.in,2026-04-15,SG
u01-000484,user484@uni.edu,2026-03-19,GB
u01-000485,user485@corp.io,2026-01-15,DE
u01-000486,user486@uni.edu,2026-04-12,IN
u01-000487,user487@corp.io,2026-01-25,IN
u01-000488,user488@example.com,2026-07-16,SG
u01-000489,user489@example.com,2026-01-25,GB
u01-000490,user490@example.com,2026-07-21,GB
u01-000491,user491@example.com,2026-04-20,DE
u01-000492,user492@mail.co.in,2026-06-23,GB
u01-000493,user493@uni.edu,2026-01-22,SG
u01-000494,user494@uni.edu,2026-09-21,IN
u01-000495,user495@mail.co.in,2026-01-14,AU
u01-000496,user496@corp.io,2026-07-26,DE
u01-000497,user497@mail.co.in,2026-04-21,US
u01-000498,user498@example.com,2026-02-15,AU
u01-000499,user499@example.com,2026-09-22,AU
u01-000500,user500@uni.edu,2026-07-17,SG
u01-000501,user501@example.com,2026-04-25,GB
u01-000502,user502@corp.io,2026-03-17,US
u01-000503,user503@mail.co.in,2026-08-14,IN
u01-000504,user504@uni.edu,2026-05-25,SG
u01-000505,user505@uni.edu,2026-09-18,DE
u01-000506,user506@example.com,2026-07-26,SG
u01-000507,user507@example.com,2026-01-27,IN
u01-000508,user508@corp.io,2026-05-22,AU
u01-000509,user509@example.com,2026-02-19,GB
u01-000510,user510@corp.io,2026-03-13,US
u01-000511,user511@uni.edu,2026-09-18,US
u01-000512,user512@uni.edu,2026-02-17,DE
u01-000513,user513@example.com,2026-09-28,AU
u01-000514,user514@uni.edu,2026-05-17,DE
u01-000515,user515@mail.co.in,2026-05-12,IN
u01-000516,user516@corp.io,2026-05-16,AU
u01-000517,user517@mail.co.in,2026-02-24,SG
u01-000518,user518@corp.io,2026-07-18,DE
u01-000519,user519@uni.edu,2026-02-12,AU
u01-000520,user520@uni.edu,2026-07-27,GB
u01-000521,user521@example.com,2026-01-26,IN
u01-000522,user522@example.com,2026-06-25,GB
u01-000523,user523@uni.edu,2026-04-18,AU
u01-000524,user524@example.com,2026-05-10,IN
u01-000525,user525@mail.co.in,2026-07-26,AU
u01-000526,user526@example.com,2026-06-15,DE
u01-000527,user527@example.com,2026-09-23,IN
u01-000528,user528@mail.co.in,2026-03-20,US
u01-000529,user529@mail.co.in,2026-06-11,AU
u01-000530,user530@mail.co.in,2026-09-15,SG
u01-000531,user531@corp.io,2026-06-15,GB
u01-000532,user532@mail.co.in,2026-09-14,US
u01-000533,user533@mail.co.in,2026-01-17,GB
u01-000534,user534@uni.edu,2026-01-11,GB
u01-000535,user535@example.com,2026-04-13,GB
u01-000536,user536@uni.edu,2026-06-24,SG
u01-000537,user537@example.com,2026-06-24,SG
u01-000538,user538@uni.edu,2026-01-24,DE
u01-000539,user539@example.com,2026-09-25,IN
u01-000540,user540@example.com,2026-06-15,SG
u01-000541,user541@uni.edu,2026-02-10,SG
u01-000542,user542@example.com,2026-06-14,AU
u01-000543,user543@uni.edu,2026-05-11,SG
u01-000544,user544@example.com,2026-06-14,SG
u01-000545,user545@corp.io,2026-04-19,US
u01-000546,user546@uni.edu,2026-01-16,AU
u01-000547,user547@corp.io,2026-04-16,GB
u01-000548,user548@example.com,2026-08-24,GB
u01-000549,user549@uni.edu,2026-09-10,US
u01-000550,user550@corp.io,2026-01-28,AU
u01-000551,user551@example.com,2026-02-25,IN
u01-000552,user552@mail.co.in,2026-09-19,SG
u01-000553,user553@corp.io,2026-05-22,AU
u01-000554,user554@example.com,2026-02-12,AU
u01-000555,user555@corp.io,2026-07-21,IN
u01-000556,user556@corp.io,2026-06-28,SG
u01-000557,user557@uni.edu,2026-04-12,AU
u01-000558,user558@mail.co.in,2026-04-15,IN
u01-000559,user559@mail.co.in,2026-08-20,GB
u01-000560,user560@mail.co.in,2026-01-20,SG
u01-000561,user561@corp.io,2026-08-28,SG
u01-000562,user562@example.com,2026-01-10,GB
u01-000563,user563@example.com,2026-09-24,DE
u01-000564,user564@example.com,2026-06-15,IN
u01-000565,user565@corp.io,2026-08-25,SG
u01-000566,user566@uni.edu,2026-04-13,SG
u01-000567,user567@uni.edu,2026-09-17,US
u01-000568,user568@mail.co.in,2026-01-24,AU
u01-000569,user569@mail.co.in,2026-03-12,SG
u01-000570,user570@mail.co.in,2026-08-24,US
u01-000571,user571@example.com,2026-01-17,GB
u01-000572,user572@mail.co.in,2026-01-19,IN
u01-000573,user573@corp.io,2026-07-28,DE
u01-000574,user574@uni.edu,2026-07-19,DE
u01-000575,user575@example.com,2026-07-23,DE
u01-000576,user576@uni.edu,2026-03-16,IN
u01-000577,user577@uni.edu,2026-05-28,GB
u01-000578,user578@corp.io,2026-07-22,GB
u01-000579,user579@mail.co.in,2026-08-10,US
u01-000580,user580@uni.edu,2026-03-24,DE
u01-000581,user581@mail.co.in,2026-06-22,DE
u01-000582,user582@uni.edu,2026-04-15,AU
u01-000583,user583@mail.co.in,2026-08-25,IN
u01-000584,user584@example.com,2026-06-12,IN
u01-000585,user585@corp.io,2026-06-10,DE
u01-000586,user586@mail.co.in,2026-08-28,US
u01-000587,user587@corp.io,2026-06-22,DE
u01-000588,user588@example.com,2026-09-27,SG
u01-000589,user589@example.com,2026-05-11,AU
u01-000590,user590@example.com,2026-08-22,US
u01-000591,user591@mail.co.in,2026-08-21,SG
u01-000592,user592@example.com,2026-02-14,GB
u01-000593,user593@example.com,2026-08-16,IN
u01-000594,user594@corp.io,2026-02-15,IN
u01-000595,user595@uni.edu,2026-04-21,GB
u01-000596,user596@mail.co.in,2026-05-19,SG
u01-000597,user597@mail.co.in,2026-07-14,SG
u01-000598,user598@uni.edu,2026-05-24,GB
u01-000599,user599@corp.io,2026-09-20,IN
u01-000600,user600@uni.edu,2026-07-22,US
u01-000601,user601@corp.io,2026-04-10,IN
u01-000602,user602@corp.io,2026-02-21,IN
u01-000603,user603@example.com,2026-01-27,IN
u01-000604,user604@corp.io,2026-02-15,AU
u01-000605,user605@mail.co.in,2026-05-24,IN
u01-000606,user606@mail.co.in,2026-02-20,IN
u01-000607,user607@corp.io,2026-01-11,SG
u01-000608,user608@corp.io,2026-06-18,GB
u01-000609,user609@uni.edu,2026-04-11,US
u01-000610,user610@mail.co.in,2026-03-18,AU
u01-000611,user611@mail.co.in,2026-03-18,US
u01-000612,user612@uni.edu,2026-08-22,AU
u01-000613,user613@example.com,2026-09-26,SG
u01-000614,user614@example.com,2026-02-28,GB
u01-000615,user615@mail.co.in,2026-02-11,SG
u01-000616,user616@mail.co.in,2026-05-11,GB
u01-000617,user617@uni.edu,2026-02-11,IN
u01-000618,user618@example.com,2026-08-26,AU
u01-000619,user619@uni.edu,2026-06-23,DE
u01-000620,user620@uni.edu,2026-08-14,GB
u01-000621,user621@example.com,2026-05-22,SG
u01-000622,user622@uni.edu,2026-03-15,DE
u01-000623,user623@uni.edu,2026-03-18,GB
u01-000624,user624@uni.edu,2026-07-22,IN
u01-000625,user625@mail.co.in,2026-08-17,GB
u01-000626,user626@uni.edu,2026-01-28,DE
u01-000627,user627@mail.co.in,2026-07-17,GB
u01-000628,user628@uni.edu,2026-08-14,IN
u01-000629,user629@mail.co.in,2026-01-20,DE
u01-000630,user630@mail.co.in,2026-03-23,IN
u01-000631,user631@corp.io,2026-05-10,DE
u01-000632,user632@mail.co.in,2026-02-21,DE
u01-000633,user633@uni.edu,2026-05-25,SG
u01-000634,user634@example.com,2026-04-12,GB
u01-000635,user635@example.com,2026-04-26,SG
u01-000636,user636@mail.co.in,2026-08-25,DE
u01-000637,user637@uni.edu,2026-06-12,GB
u01-000638,user638@uni.edu,2026-02-19,DE
u01-000639,user639@corp.io,2026-04-14,US
u01-000640,user640@uni.edu,2026-08-22,AU
u01-000641,user641@mail.co.in,2026-06-25,AU
u01-000642,user642@mail.co.in,2026-09-16,GB
u01-000643,user643@mail.co.in,2026-08-25,DE
u01-000644,user644@uni.edu,2026-05-19,US
u01-000645,user645@corp.io,2026-06-15,SG
u01-000646,user646@corp.io,2026-04-28,SG
u01-000647,user647@example.com,2026-04-17,DE
u01-000648,user648@corp.io,2026-03-19,SG
u01-000649,user649@mail.co.in,2026-05-26,AU
u01-000650,user650@uni.edu,2026-07-21,AU
u01-000651,user651@corp.io,2026-03-10,US
u01-000652,user652@example.com,2026-08-15,DE
u01-000653,user653@mail.co.in,2026-06-26,SG
u01-000654,user654@uni.edu,2026-06-21,US
u01-000655,user655@mail.co.in,2026-06-15,IN
u01-000656,user656@mail.co.in,2026-01-10,IN
u01-000657,user657@corp.io,2026-08-13,IN
u01-000658,user658@corp.io,2026-08-11,US
u01-000659,user659@corp.io,2026-07-12,US
u01-000660,user660@example.com,2026-01-12,IN
u01-000661,user661@corp.io,2026-01-11,US
u01-000662,user662@example.com,2026-08-19,GB
u01-000663,user663@uni.edu,2026-03-22,IN
u01-000664,user664@uni.edu,2026-07-28,US
u01-000665,user665@corp.io,2026-01-16,DE
u01-000666,user666@example.com,2026-05-21,US
u01-000667,user667@mail.co.in,2026-05-28,IN
u01-000668,user668@corp.io,2026-02-14,GB
u01-000669,user669@corp.io,2026-07-14,SG
u01-000670,user670@example.com,2026-06-17,US
u01-000671,user671@example.com,2026-04-14,AU
u01-000672,user672@mail.co.in,2026-05-25,GB
u01-000673,user673@mail.co.in,2026-09-28,DE
u01-000674,user674@mail.co.in,2026-05-17,GB
u01-000675,user675@uni.edu,2026-01-26,SG
u01-000676,user676@mail.co.in,2026-04-12,GB
u01-000677,user677@uni.edu,2026-04-20,GB
u01-000678,user678@corp.io,2026-02-20,US
u01-000679,user679@mail.co.in,2026-01-22,IN
u01-000680,user680@example.com,2026-04-28,IN
u01-000681,user681@corp.io,2026-07-19,AU
u01-000682,user682@example.com,2026-05-19,GB
u01-000683,user683@uni.edu,2026-05-11,IN
u01-000684,user684@uni.edu,2026-01-11,SG
u01-000685,user685@mail.co.in,2026-05-14,GB
u01-000686,user686@example.com,2026-08-22,GB
u01-000687,user687@example.com,2026-01-12,US
u01-000688,user688@corp.io,2026-05-25,US
u01-000689,user689@mail.co.in,2026-06-25,SG
u01-000690,user690@mail.co.in,2026-01-24,SG
u01-000691,user691@uni.edu,2026-04-27,DE
u01-000692,user692@mail.co.in,2026-02-12,GB
u01-000693,user693@corp.io,2026-06-10,US
u01-000694,user694@corp.io,2026-09-14,SG
u01-000695,user695@example.com,2026-09-22,DE
u01-000696,user696@corp.io,2026-02-28,AU
u01-000697,user697@mail.co.in,2026-03-17,IN
u01-000698,user698@corp.io,2026-06-21,DE
u01-000699,user699@mail.co.in,2026-02-17,US
u01-000700,user700@mail.co.in,2026-08-21,IN
u01-000701,user701@corp.io,2026-08-16,AU
u01-000702,user702@corp.io,2026-08-28,SG
u01-000703,user703@example.com,2026-05-23,SG
u01-000704,user704@mail.co.in,2026-06-24,IN
u01-000705,user705@mail.co.in,2026-06-19,GB
u01-000706,user706@uni.edu,2026-03-14,AU
u01-000707,user707@uni.edu,2026-01-19,GB
u01-000708,user708@mail.co.in,2026-04-23,IN
u01-000709,user709@mail.co.in,2026-02-25,IN
u01-000710,user710@corp.io,2026-09-19,GB
u01-000711,user711@mail.co.in,2026-05-18,US
u01-000712,user712@uni.edu,2026-07-20,IN
u01-000713,user713@example.com,2026-09-24,GB
u01-000714,user714@uni.edu,2026-08-25,IN
u01-000715,user715@corp.io,2026-01-25,US
u01-000716,user716@example.com,2026-07-16,AU
u01-000717,user717@uni.edu,2026-04-15,AU
u01-000718,user718@uni.edu,2026-02-26,AU
u01-000719,user719@example.com,2026-05-18,DE
u01-000720,user720@example.com,2026-01-19,SG
u01-000721,user721@uni.edu,2026-09-26,GB
u01-000722,user722@example.com,2026-01-10,SG
u01-000723,user723@corp.io,2026-04-26,US
u01-000724,user724@uni.edu,2026-02-25,SG
u01-000725,user725@mail.co.in,2026-05-19,GB
u01-000726,user726@corp.io,2026-07-28,IN
u01-000727,user727@example.com,2026-08-27,AU
u01-000728,user728@mail.co.in,2026-04-25,IN
u01-000729,user729@example.com,2026-01-21,AU
u01-000730,user730@example.com,2026-04-14,AU
u01-000731,user731@uni.edu,2026-07-17,AU
u01-000732,user732@example.com,2026-04-16,AU
u01-000733,user733@mail.co.in,2026-08-20,AU
u01-000734,user734@mail.co.in,2026-02-10,IN
u01-000735,user735@mail.co.in,2026-08-15,US
u01-000736,user736@corp.io,2026-04-22,AU
u01-000737,user737@corp.io,2026-07-15,DE
u01-000738,user738@corp.io,2026-07-10,DE
u01-000739,user739@corp.io,2026-05-18,US
u01-000740,user740@corp.io,2026-05-19,IN
u01-000741,user741@example.com,2026-08-24,IN
u01-000742,user742@example.com,2026-02-14,IN
u01-000743,user743@corp.io,2026-01-28,DE
u01-000744,user744@corp.io,2026-04-12,GB
u01-000745,user745@example.com,2026-09-15,DE
u01-000746,user746@mail.co.in,2026-03-26,DE
u01-000747,user747@uni.edu.,2026-09-23,DE
u01-000748,user748@example.com,2026-06-16,IN
u01-000749,user749@uni.edu,2026-04-24,AU
u01-000750,user750@example.com,2026-08-17,US
u01-000751,user751@uni.edu,2026-05-22,GB
u01-000752,user752@corp.io,2026-04-19,GB
u01-000753,user753@uni.edu,2026-05-22,SG
u01-000754,user754@example.com,2026-02-13,GB
u01-000755,user755@mail.co.in,2026-01-24,GB
u01-000756,user756@corp.io,2026-02-10,DE
u01-000757,user757@uni.edu,2026-09-10,US
u01-000758,user758@corp.io,2026-08-21,SG
u01-000759,user759@mail.co.in,2026-01-17,GB
u01-000760,user760@corp.io,2026-01-23,US
u01-000761,user761@mail.co.in,2026-07-25,IN
u01-000762,user762@uni.edu,2026-01-24,US
u01-000763,user763@mail.co.in,2026-09-26,US
u01-000764,user764@corp.io,2026-09-10,US
u01-000765,user765@uni.edu,2026-04-27,DE
u01-000766,user766@uni.edu,2026-06-19,GB
u01-000767,user767@uni.edu,2026-03-27,US
u01-000768,user768@uni.edu,2026-03-21,DE
u01-000769,user769@corp.io,2026-09-19,SG
u01-000770,user770@corp.io,2026-08-18,DE
u01-000771,user771@corp.io,2026-05-10,US
u01-000772,user772@mail.co.in,2026-07-11,SG
u01-000773,user773@example.com,2026-04-28,GB
u01-000774,user774@example.com,2026-02-25,US
u01-000775,user775@uni.edu,2026-03-23,US
u01-000776,user776@mail.co.in,2026-01-26,GB
u01-000777,user777@mail.co.in,2026-04-16,DE
u01-000778,user778@mail.co.in,2026-03-12,US
u01-000779,user779@corp.io,2026-05-11,US
u01-000780,user780@mail.co.in,2026-06-19,US
u01-000781,user781@mail.co.in,2026-07-18,US
u01-000782,user782@mail.co.in,2026-01-19,IN
u01-000783,user783@example.com,2026-05-17,IN
u01-000784,user784@mail.co.in,2026-01-26,IN
u01-000785,user785@example.com,2026-06-12,SG
u01-000786,user786@uni.edu,2026-04-23,GB
u01-000787,user787@mail.co.in,2026-07-11,DE
u01-000788,user788@corp.io,2026-01-20,SG
u01-000789,user789@corp.io,2026-08-10,AU
u01-000790,user790@mail.co.in,2026-09-13,AU
u01-000791,user791@uni.edu,2026-06-11,DE
u01-000792,user792@corp.io,2026-02-21,IN
u01-000793,user793@example.com,2026-05-26,IN
u01-000794,user794@uni.edu,2026-06-12,GB
u01-000795,user795@uni.edu,2026-04-17,IN
u01-000796,user796@corp.io,2026-08-11,IN
u01-000797,user797@uni.edu,2026-08-20,DE
u01-000798,user798@example.com,2026-07-15,IN
u01-000799,user799@corp.io,2026-06-11,US
u01-000800,user800@uni.edu,2026-02-12,GB
u01-000801,user801@example.com,2026-05-27,GB
u01-000802,user802@example.com,2026-06-17,SG
u01-000803,user803@uni.edu,2026-03-15,AU
u01-000804,user804@mail.co.in,2026-02-24,AU
u01-000805,user805@uni.edu,2026-07-15,US
u01-000806,user806@uni.edu,2026-03-18,SG
u01-000807,user807@corp.io,2026-04-23,GB
u01-000808,user808@corp.io,2026-02-17,IN
u01-000809,user809@uni.edu,2026-09-20,IN
u01-000810,user810@mail.co.in,2026-07-25,SG
u01-000811,user811@example.com,2026-04-24,IN
u01-000812,user812@mail.co.in,2026-01-14,US
u01-000813,user813@example.com,2026-05-13,GB
u01-000814,user814@uni.edu,2026-06-19,AU
u01-000815,user815@example.com,2026-01-12,DE
u01-000816,user816@mail.co.in,2026-02-21,US
u01-000817,user817@mail.co.in,2026-07-27,US
u01-000818,user818@corp.io,2026-05-19,GB
u01-000819,user819@uni.edu,2026-09-14,US
u01-000820,user820@uni.edu,2026-01-16,US
u01-000821,user821@mail.co.in,2026-01-16,DE
u01-000822,user822@example.com,2026-04-17,SG
u01-000823,user823@example.com,2026-04-25,AU
u01-000824,user824@example.com,2026-01-12,US
u01-000825,user825@example.com,2026-09-15,AU
u01-000826,user826@uni.edu,2026-07-25,SG
u01-000827,user827@mail.co.in,2026-09-20,AU
u01-000828,user828@uni.edu,2026-02-19,DE
u01-000829,user829@corp.io,2026-08-26,DE
u01-000830,user830@example.com,2026-07-15,US
u01-000831,user831@uni.edu,2026-09-13,AU
u01-000832,user832@mail.co.in,2026-08-10,IN
u01-000833,user833@example.com,2026-09-20,IN
u01-000834,user834@uni.edu,2026-01-13,IN
u01-000835,user835@corp.io,2026-07-21,GB
u01-000836,user836@mail.co.in,2026-01-13,US
u01-000837,user837@mail.co.in,2026-02-16,AU
u01-000838,user838@uni.edu,2026-06-20,US
u01-000839,user839@corp.io,2026-01-15,DE
u01-000840,user840@example.com,2026-04-19,DE
u01-000841,user841@corp.io,2026-03-26,US
u01-000842,user842@example.com,2026-06-22,SG
u01-000843,user843@corp.io,2026-06-12,GB
u01-000844,user844@corp.io,2026-05-25,GB
u01-000845,user845@example.com,2026-02-14,DE
u01-000846,user846@corp.io,2026-01-18,AU
u01-000847,user847@mail.co.in,2026-01-25,DE
u01-000848,user848@corp.io,2026-05-14,GB
u01-000849,user849@mail.co.in,2026-05-10,IN
u01-000850,user850@corp.io,2026-01-27,DE
u01-000851,user851@mail.co.in,2026-02-24,IN
u01-000852,user852@mail.co.in,2026-09-23,GB
u01-000853,user853@mail.co.in,2026-01-26,DE
u01-000854,user854@uni.edu,2026-04-15,AU
u01-000855,user855@mail.co.in,2026-07-20,SG
u01-000856,user856@example.com,2026-02-16,AU
u01-000857,user857@example.com,2026-01-16,AU
u01-000858,user858@corp.io,2026-08-22,US
u01-000859,user859@mail.co.in,2026-02-12,AU
u01-000860,user860@uni.edu,2026-06-18,DE
u01-000861,user861@uni.edu,2026-05-13,IN
u01-000862,user862@uni.edu,2026-09-23,DE
u01-000863,user863@mail.co.in,2026-01-26,GB
u01-000864,user864@example.com,2026-08-21,US
u01-000865,user865@corp.io,2026-04-26,US
u01-000866,user866@mail.co.in,2026-07-22,AU
u01-000867,user867@uni.edu,2026-06-26,AU
u01-000868,user868@example.com,2026-03-23,AU
u01-000869,user869@mail.co.in,2026-09-21,GB
u01-000870,user870@example.com,2026-07-13,DE
u01-000871,user871@corp.io,2026-05-28,AU
u01-000872,user872@uni.edu,2026-06-28,GB
u01-000873,user873@uni.edu,2026-06-17,SG
u01-000874,user874@uni.edu,2026-04-11,DE
u01-000875,user875@mail.co.in,2026-09-19,SG
u01-000876,user876@mail.co.in,2026-07-15,GB
u01-000877,user877@mail.co.in,2026-05-24,US
u01-000878,user878@mail.co.in,2026-08-16,GB
u01-000879,user879@mail.co.in,2026-06-13,US
u01-000880,user880@example.com,2026-08-23,IN
u01-000881,user881@example.com,2026-05-18,GB
u01-000882,user882@example.com,2026-06-18,SG
u01-000883,user883@corp.io,2026-09-20,AU
u01-000884,user884@mail.co.in,2026-02-21,SG
u01-000885,user885@mail.co.in,2026-09-22,DE
u01-000886,user886@uni.edu,2026-09-21,DE
u01-000887,user887@uni.edu,2026-01-11,IN
u01-000888,user888@example.com,2026-08-23,US
u01-000889,user889@corp.io,2026-02-23,GB
u01-000890,user890@uni.edu,2026-03-25,AU
u01-000891,user891@mail.co.in,2026-02-13,SG
u01-000892,user892@example.com,2026-02-26,SG
u01-000893,user893@uni.edu,2026-06-10,GB
u01-000894,user894@uni.edu,2026-09-26,AU
u01-000895,user895@uni.edu,2026-05-24,DE
u01-000896,user896@mail.co.in,2026-01-27,US
u01-000897,user897@mail.co.in,2026-04-22,AU
u01-000898,user898@corp.io,2026-01-20,GB
u01-000899,user899@example.com,2026-08-18,SG
u01-000900,user900@uni.edu,2026-08-16,US
u01-000901,user901@uni.edu,2026-05-21,GB
u01-000902,user902@corp.io,2026-08-10,GB
u01-000903,user903@uni.edu,2026-02-21,GB
u01-000904,user904@corp.io,2026-05-11,IN
u01-000905,user905@mail.co.in,2026-05-11,IN
u01-000906,user906@mail.co.in,2026-07-27,US
u01-000907,user907@corp.io,2026-03-12,US
u01-000908,user908@mail.co.in,2026-01-15,IN
u01-000909,user909@uni.edu,2026-02-22,IN
u01-000910,user910@mail.co.in,2026-06-14,GB
u01-000911,user911@mail.co.in,2026-01-11,IN
u01-000912,user912@example.com,2026-03-11,US
u01-000913,user913@corp.io,2026-02-16,IN
u01-000914,user914@uni.edu,2026-04-12,GB
u01-000915,user915@example.com,2026-08-11,US
u01-000916,user916@example.com,2026-02-10,IN
u01-000917,user917@mail.co.in,2026-02-25,IN
u01-000918,user918@corp.io,2026-08-12,AU
u01-000919,user919@uni.edu,2026-03-23,DE
u01-000920,user920@uni.edu,2026-07-17,IN
u01-000921,user921@example.com,2026-09-15,AU
u01-000922,user922@uni.edu,2026-09-22,IN
u01-000923,user923@uni.edu,2026-07-24,DE
u01-000924,user924@corp.io,2026-05-26,AU
u01-000925,user925@example.com,2026-05-17,GB
u01-000926,user926@example.com,2026-06-15,AU
u01-000927,user927@corp.io,2026-07-18,SG
u01-000928,user928@mail.co.in,2026-06-25,US
u01-000929,user929@mail.co.in,2026-08-12,GB
u01-000930,user930@example.com,2026-02-24,AU
u01-000931,user931@uni.edu,2026-07-16,AU
u01-000932,user932@uni.edu,2026-07-19,IN
u01-000933,user933@corp.io,2026-02-13,US
u01-000934,user934@uni.edu,2026-01-16,DE
u01-000935,user935@corp.io,2026-09-15,DE
u01-000936,user936@mail.co.in,2026-03-14,GB
u01-000937,user937@corp.io,2026-04-15,US
u01-000938,user938@example.com,2026-07-11,AU
u01-000939,user939@corp.io,2026-02-19,SG
u01-000940,user940@example.com,2026-03-19,GB
u01-000941,user941@example.com,2026-04-27,US
u01-000942,user942@example.com,2026-07-12,US
u01-000943,user943@example.com,2026-07-19,GB
u01-000944,user944@mail.co.in,2026-07-24,SG
u01-000945,user945@uni.edu,2026-04-24,US
u01-000946,user946@corp.io,2026-01-23,GB
u01-000947,user947@example.com,2026-02-11,AU
u01-000948,user948@corp.io,2026-02-15,DE
u01-000949,user949@mail.co.in,2026-03-15,SG
u01-000950,user950@example.com,2026-08-25,US
u01-000951,user951@mail.co.in,2026-03-16,SG
u01-000952,user952@mail.co.in,2026-04-23,AU
u01-000953,user953@uni.edu,2026-01-14,GB
u01-000954,user954@mail.co.in,2026-07-12,SG
u01-000955,user955@corp.io,2026-09-13,SG
u01-000956,user956@mail.co.in,2026-04-24,IN
u01-000957,user957@example.com,2026-01-15,DE
u01-000958,user958@example.com,2026-03-10,IN
u01-000959,user959@example.com,2026-07-14,IN
u01-000960,user960@mail.co.in,2026-01-15,SG
u01-000961,user961@example.com,2026-02-11,DE
u01-000962,user962@corp.io,2026-07-22,US
u01-000963,user963@mail.co.in,2026-08-16,GB
u01-000964,user964@example.com,2026-04-15,DE
u01-000965,user965@mail.co.in,2026-09-18,US
u01-000966,user966@example.com,2026-04-25,SG
u01-000967,user967@example.com,2026-05-18,SG
u01-000968,user968@corp.io,2026-01-19,AU
u01-000969,user969@example.com,2026-09-23,AU
u01-000970,user970@corp.io,2026-07-20,US
u01-000971,user971@mail.co.in,2026-09-27,DE
u01-000972,user972@mail.co.in,2026-04-13,DE
u01-000973,user973@uni.edu,2026-01-15,AU
u01-000974,user974@example.com,2026-08-19,AU
u01-000975,user975@corp.io,2026-04-24,AU
u01-000976,user976@example.com,2026-08-23,SG
u01-000977,user977@uni.edu,2026-04-22,SG
u01-000978,user978@example.com,2026-08-18,SG
u01-000979,user979@example.com,2026-07-22,US
u01-000980,user980@uni.edu,2026-06-14,DE
u01-000981,user981@mail.co.in,2026-02-24,SG
u01-000982,user982@corp.io,2026-08-27,DE
u01-000983,user983@corp.io,2026-04-21,AU
u01-000984,user984@example.com,2026-01-11,SG
u01-000985,user985@mail.co.in,2026-01-19,GB
u01-000986,user986@uni.edu,2026-05-14,AU
u01-000987,user987@example.com,2026-02-17,DE
u01-000988,user988@example.com,2026-03-11,GB
u01-000989,user989@example.com,2026-06-14,SG
u01-000990,user990@example.com,2026-08-28,IN
u01-000991,user991@uni.edu,2026-02-22,GB
u01-000992,user992@mail.co.in,2026-08-28,IN
u01-000993,user993@uni.edu,2026-03-18,SG
u01-000994,user994@mail.co.in,2026-06-21,GB
u01-000995,user995@mail.co.in,2026-02-25,US
u01-000996,user996@mail.co.in,2026-03-28,IN
u01-000997,user997@corp.io,2026-06-22,GB
u01-000998,user998@uni.edu,2026-03-28,GB
u01-000999,user999@example.com,2026-05-14,IN
u01-001000,user1000@corp.io,2026-08-10,US
u01-001001,user1001@corp.io,2026-07-26,US
u01-001002,user1002@uni.edu,2026-04-10,DE
u01-001003,user1003@example.com,2026-08-20,US
u01-001004,user1004@mail.co.in,2026-02-27,DE
u01-001005,user1005@uni.edu,2026-06-27,DE
u01-001006,user1006@mail.co.in,2026-09-22,SG
u01-001007,user1007@uni.edu,2026-03-23,SG
u01-001008,user1008@uni.edu,2026-01-16,DE
u01-001009,user1009@example.com,2026-08-20,AU
u01-001010,user1010@mail.co.in,2026-08-27,US
u01-001011,user1011@corp.io,2026-07-24,US
u01-001012,user1012@example.com,2026-09-22,US
u01-001013,user1013@mail.co.in,2026-02-14,DE
u01-001014,user1014@corp.io,2026-04-22,GB
u01-001015,user1015@example.com,2026-03-26,DE
u01-001016,user1016@example.com,2026-04-17,AU
u01-001017,user1017@corp.io,2026-07-24,IN
u01-001018,user1018@corp.io,2026-06-11,GB
u01-001019,user1019@mail.co.in,2026-09-13,DE
u01-001020,user1020@corp.io,2026-09-14,GB
u01-001021,user1021@example.com,2026-04-18,SG
u01-001022,user1022@example.com,2026-05-22,SG
u01-001023,user1023@uni.edu,2026-03-19,IN
u01-001024,user1024@uni.edu,2026-09-18,SG
u01-001025,user1025@example.com,2026-04-19,IN
u01-001026,user1026@mail.co.in,2026-09-21,AU
u01-001027,user1027@uni.edu,2026-06-26,US
u01-001028,user1028@example.com,2026-03-17,GB
u01-001029,user1029@mail.co.in,2026-09-12,GB
u01-001030,user1030@mail.co.in,2026-09-17,US
u01-001031,user1031@uni.edu,2026-03-26,IN
u01-001032,user1032@corp.io,2026-06-11,IN
u01-001033,user1033@mail.co.in,2026-06-27,IN
u01-001034,user1034@corp.io,2026-02-15,GB
u01-001035,user1035@uni.edu,2026-08-27,SG
u01-001036,user1036@uni.edu,2026-06-15,DE
u01-001037,user1037@mail.co.in,2026-04-16,SG
u01-001038,user1038@corp.io,2026-07-28,US
u01-001039,user1039@uni.edu,2026-03-18,AU
u01-001040,user1040@example.com,2026-05-12,AU
u01-001041,user1041@uni.edu,2026-07-21,IN
u01-001042,user1042@example.com,2026-02-23,GB
u01-001043,user1043@mail.co.in,2026-05-11,GB
u01-001044,user1044@example.com,2026-01-22,DE
u01-001045,user1045@mail.co.in,2026-05-19,US
u01-001046,user1046@corp.io,2026-01-28,DE
u01-001047,user1047@corp.io,2026-01-20,GB
u01-001048,user1048@uni.edu,2026-02-19,GB
u01-001049,user1049@mail.co.in,2026-07-11,AU
u01-001050,user1050@corp.io,2026-02-10,GB
u01-001051,user1051@mail.co.in,2026-05-25,IN
u01-001052,user1052@uni.edu,2026-02-20,SG
u01-001053,user1053@mail.co.in,2026-01-23,IN
u01-001054,user1054@corp.io,2026-05-22,IN
u01-001055,user1055@corp.io,2026-02-23,DE
u01-001056,user1056@mail.co.in,2026-02-11,AU
u01-001057,user1057@example.com,2026-09-10,GB
u01-001058,user1058@corp.io,2026-01-12,US
u01-001059,user1059@example.com,2026-02-25,DE
u01-001060,user1060@corp.io,2026-06-16,US
u01-001061,user1061@example.com,2026-01-13,SG
u01-001062,user1062@example.com,2026-08-27,DE
u01-001063,user1063@example.com,2026-03-23,US
u01-001064,user1064@mail.co.in,2026-05-18,IN
u01-001065,user1065@corp.io,2026-09-16,US
u01-001066,user1066@example.com,2026-02-12,GB
u01-001067,user1067@corp.io,2026-08-14,IN
u01-001068,user1068@example.com,2026-04-17,IN
u01-001069,user1069@example.com,2026-05-22,SG
u01-001070,user1070@mail.co.in,2026-06-18,IN
u01-001071,user1071@corp.io,2026-02-20,SG
u01-001072,user1072@example.com,2026-08-17,DE
u01-001073,user1073@uni.edu,2026-01-20,US
u01-001074,user1074@uni.edu,2026-02-14,IN
u01-001075,user1075@mail.co.in,2026-04-16,SG
u01-001076,user1076@example.com,2026-04-12,US
u01-001077,user1077@corp.io,2026-01-17,DE
u01-001078,user1078@corp.io,2026-09-17,SG
u01-001079,user1079@example.com,2026-02-13,DE
u01-001080,user1080@example.com,2026-06-14,DE
u01-001081,user1081@corp.io,2026-04-24,SG
u01-001082,user1082@example.com,2026-02-10,DE
u01-001083,user1083@mail.co.in,2026-01-17,SG
u01-001084,user1084@example.com,2026-06-28,SG
u01-001085,user1085@mail.co.in,2026-06-24,DE
u01-001086,user1086@example.com,2026-08-13,US
u01-001087,user1087@mail.co.in,2026-01-16,IN
u01-001088,user1088@uni.edu,2026-06-28,SG
u01-001089,user1089@example.com,2026-09-22,SG
u01-001090,user1090@example.com,2026-01-21,SG
u01-001091,user1091@example.com,2026-04-10,SG
u01-001092,user1092@example.com,2026-05-22,SG
u01-001093,user1093@mail.co.in,2026-03-21,SG
u01-001094,user1094@uni.edu,2026-01-22,GB
u01-001095,user1095@example.com,2026-01-17,US
u01-001096,user1096@mail.co.in,2026-09-11,GB
u01-001097,user1097@corp.io,2026-08-10,SG
u01-001098,user1098@corp.io,2026-07-16,GB
u01-001099,user1099@example.com,2026-04-16,GB
u01-001100,user1100@example.com,2026-09-12,SG
u01-001101,user1101@mail.co.in,2026-04-22,AU
u01-001102,user1102@uni.edu,2026-09-10,SG
u01-001103,user1103@uni.edu,2026-09-18,SG
u01-001104,user1104@uni.edu,2026-02-25,US
u01-001105,user1105@uni.edu,2026-05-20,AU
u01-001106,user1106@uni.edu,2026-06-11,IN
u01-001107,user1107@uni.edu,2026-07-19,DE
u01-001108,user1108@corp.io,2026-07-13,US
u01-001109,user1109@corp.io,2026-09-11,DE
u01-001110,user1110@example.com,2026-06-23,US
u01-001111,user1111@mail.co.in,2026-03-19,US
u01-001112,user1112@mail.co.in,2026-07-13,GB
u01-001113,user1113@mail.co.in,2026-05-23,SG
u01-001114,user1114@corp.io,2026-02-21,IN
u01-001115,user1115@example.com,2026-06-18,IN
u01-001116,user1116@example.com,2026-09-24,AU
u01-001117,user1117@example.com,2026-08-24,AU
u01-001118,user1118@mail.co.in,2026-01-14,SG
u01-001119,user1119@mail.co.in,2026-06-27,AU
u01-001120,user1120@uni.edu,2026-03-21,IN
u01-001121,user1121@mail.co.in,2026-02-15,GB
u01-001122,user1122@corp.io,2026-09-27,AU
u01-001123,user1123@uni.edu,2026-01-18,AU
u01-001124,user1124@example.com,2026-08-18,US
u01-001125,user1125@uni.edu,2026-07-26,IN
u01-001126,user1126@example.com,2026-06-27,US
u01-001127,user1127@uni.edu,2026-02-18,IN
u01-001128,user1128@example.com,2026-08-17,GB
u01-001129,user1129@uni.edu,2026-04-28,US
u01-001130,user1130@mail.co.in,2026-04-13,AU
u01-001131,user1131@uni.edu,2026-01-14,AU
u01-001132,user1132@mail.co.in,2026-07-14,GB
u01-001133,user1133@corp.io,2026-06-23,DE
u01-001134,user1134@uni.edu,2026-09-13,AU
u01-001135,user1135@example.com,2026-06-25,IN
u01-001136,user1136@example.com,2026-06-19,DE
u01-001137,user1137@example.com,2026-05-19,AU
u01-001138,user1138@example.com,2026-03-11,GB
u01-001139,user1139@corp.io,2026-08-12,DE
u01-001140,user1140@example.com,2026-05-10,IN
u01-001141,user1141@mail.co.in,2026-07-23,GB
u01-001142,user1142@uni.edu,2026-07-23,GB
u01-001143,user1143@uni.edu,2026-05-20,DE
u01-001144,user1144@mail.co.in,2026-04-23,IN
u01-001145,user1145@corp.io,2026-09-26,US
u01-001146,user1146@uni.edu,2026-09-22,AU
u01-001147,user1147@uni.edu,2026-05-23,US
u01-001148,user1148@example.com,2026-05-22,GB
u01-001149,user1149@mail.co.in,2026-05-26,AU
u01-001150,user1150@corp.io,2026-05-10,US
u01-001151,user1151@corp.io,2026-08-20,US
u01-001152,user1152@corp.io,2026-06-15,AU
u01-001153,user1153@example.com,2026-05-23,SG
u01-001154,user1154@corp.io,2026-06-17,GB
u01-001155,user1155@uni.edu,2026-01-12,GB
u01-001156,user1156@example.com,2026-08-14,US
u01-001157,user1157@uni.edu,2026-01-18,GB
u01-001158,user1158@example.com,2026-03-28,IN
u01-001159,user1159@corp.io,2026-07-26,GB
u01-001160,user1160@mail.co.in,2026-07-27,IN
u01-001161,user1161@mail.co.in,2026-08-14,DE
u01-001162,user1162@mail.co.in,2026-06-17,GB
u01-001163,user1163@mail.co.in,2026-06-13,DE
u01-001164,user1164@corp.io,2026-05-13,GB
u01-001165,user1165@example.com,2026-03-20,SG
u01-001166,user1166@uni.edu,2026-01-27,US
u01-001167,user1167@uni.edu,2026-01-14,US
u01-001168,user1168@example.com,2026-04-10,SG
u01-001169,user1169@corp.io,2026-07-28,IN
u01-001170,user1170@mail.co.in,2026-09-15,IN
u01-001171,user1171@mail.co.in,2026-02-26,AU
u01-001172,user1172@example.com,2026-08-28,AU
u01-001173,user1173@uni.edu,2026-03-25,SG
u01-001174,user1174@example.com,2026-04-14,SG
u01-001175,user1175@uni.edu,2026-05-13,DE
u01-001176,user1176@mail.co.in,2026-08-16,DE
u01-001177,user1177@uni.edu,2026-08-13,GB
u01-001178,user1178@example.com,2026-09-23,GB
u01-001179,user1179@uni.edu,2026-03-11,IN
u01-001180,user1180@uni.edu,2026-02-22,IN
u01-001181,user1181@uni.edu,2026-06-13,US
u01-001182,user1182@mail.co.in,2026-05-11,DE
u01-001183,user1183@example.com,2026-06-10,IN
u01-001184,user1184@corp.io,2026-01-26,US
u01-001185,user1185@mail.co.in,2026-03-15,AU
u01-001186,user1186@example.com,2026-03-11,US
u01-001187,user1187@mail.co.in,2026-07-14,DE
u01-001188,user1188@uni.edu,2026-04-19,US
u01-001189,user1189@uni.edu,2026-02-28,US
u01-001190,user1190@corp.io,2026-07-23,IN
u01-001191,user1191@uni.edu,2026-07-26,AU
u01-001192,user1192@uni.edu,2026-05-26,AU
u01-001193,user1193@mail.co.in,2026-07-23,DE
u01-001194,user1194@example.com,2026-08-15,AU
u01-001195,user1195@mail.co.in,2026-07-11,US
u01-001196,user1196@corp.io,2026-04-25,DE
u01-001197,user1197@corp.io,2026-05-11,DE
u01-001198,user1198@mail.co.in,2026-02-23,SG
u01-001199,user1199@uni.edu,2026-04-18,AU
u01-001200,user1200@uni.edu,2026-04-24,US
u01-001201,user1201@corp.io,2026-03-15,SG
u01-001202,user1202@uni.edu,2026-04-25,DE
u01-001203,user1203@mail.co.in,2026-02-12,SG
u01-001204,user1204@corp.io,2026-07-27,GB
u01-001205,user1205@mail.co.in,2026-04-20,DE
u01-001206,user1206@corp.io,2026-09-22,AU
u01-001207,user1207@mail.co.in,2026-07-14,GB
u01-001208,user1208@corp.io,2026-06-13,DE
u01-001209,user1209@corp.io,2026-01-20,GB
u01-001210,user1210@corp.io,2026-02-26,US
u01-001211,user1211@mail.co.in,2026-01-19,SG
u01-001212,user1212@corp.io,2026-01-20,IN
u01-001213,user1213@example.com,2026-02-23,AU
u01-001214,user1214@mail.co.in,2026-08-26,US
u01-001215,user1215@uni.edu,2026-08-20,AU
u01-001216,user1216@corp.io,2026-03-27,US
u01-001217,user1217@uni.edu,2026-04-19,AU
u01-001218,user1218@example.com,2026-05-13,GB
u01-001219,user1219@mail.co.in,2026-07-11,IN
u01-001220,user1220@corp.io,2026-08-16,AU
u01-001221,user1221@uni.edu,2026-01-14,SG
u01-001222,user1222@example.com,2026-01-17,IN
u01-001223,user1223@example.com,2026-09-11,DE
u01-001224,user1224@corp.io,2026-08-17,US
u01-001225,user1225@example.com,2026-08-27,AU
u01-001226,user1226@mail.co.in,2026-03-20,IN
u01-001227,user1227@mail.co.in,2026-06-21,GB
u01-001228,user1228@uni.edu,2026-08-17,AU
u01-001229,user1229@example.com,2026-04-19,DE
u01-001230,user1230@example.com,2026-07-10,GB
u01-001231,user1231@corp.io,2026-07-26,GB
u01-001232,user1232@corp.io,2026-03-16,DE
u01-001233,user1233@corp.io,2026-07-20,US
u01-001234,user1234@corp.io,2026-07-19,AU
u01-001235,user1235@corp.io,2026-05-16,US
u01-001236,user1236@uni.edu,2026-09-14,AU
u01-001237,user1237@corp.io,2026-01-13,GB
u01-001238,user1238@corp.io,2026-08-10,SG
u01-001239,user1239@example.com,2026-04-19,IN
u01-001240,user1240@mail.co.in,2026-01-26,GB
u01-001241,user1241@example.com,2026-06-14,GB
u01-001242,user1242@example.com,2026-08-23,IN
u01-001243,user1243@uni.edu,2026-05-27,DE
u01-001244,user1244@mail.co.in,2026-06-17,GB
u01-001245,user1245@uni.edu,2026-04-25,DE
u01-001246,user1246@corp.io,2026-04-27,IN
u01-001247,user1247@uni.edu,2026-05-13,DE
u01-001248,user1248@uni.edu,2026-02-24,DE
u01-001249,user1249@example.com,2026-05-17,US
u01-001250,user1250@example.com,2026-09-18,IN
u01-001251,user1251@mail.co.in,2026-09-15,IN
u01-001252,user1252@mail.co.in,2026-04-18,GB
u01-001253,user1253@corp.io,2026-01-15,AU
u01-001254,user1254@mail.co.in,2026-07-10,GB
u01-001255,user1255@example.com,2026-06-19,GB
u01-001256,user1256@uni.edu,2026-02-21,GB
u01-001257,user1257@mail.co.in,2026-06-12,AU
u01-001258,user1258@corp.io,2026-02-14,GB
u01-001259,user1259@corp.io,2026-09-21,SG
u01-001260,user1260@uni.edu,2026-06-23,AU
u01-001261,user1261@example.com,2026-07-12,GB
u01-001262,user1262@mail.co.in,2026-02-20,AU
u01-001263,user1263@uni.edu,2026-06-17,DE
u01-001264,user1264@example.com,2026-08-17,US
u01-001265,user1265@example.com,2026-05-16,GB
u01-001266,user1266@uni.edu,2026-02-26,IN
u01-001267,user1267@example.com,2026-05-25,SG
u01-001268,user1268@corp.io,2026-03-16,DE
u01-001269,user1269@uni.edu,2026-01-27,SG
u01-001270,user1270@corp.io,2026-02-26,US
u01-001271,user1271@corp.io,2026-03-12,GB
u01-001272,user1272@mail.co.in,2026-02-17,IN
u01-001273,user1273@uni.edu,2026-03-25,GB
u01-001274,user1274@mail.co.in,2026-07-21,DE
u01-001275,user1275@uni.edu,2026-01-25,IN
u01-001276,user1276@mail.co.in,2026-08-11,US
u01-001277,user1277@example.com,2026-09-15,DE
u01-001278,user1278@example.com,2026-07-16,US
u01-001279,user1279@uni.edu,2026-08-26,SG
u01-001280,user1280@mail.co.in,2026-01-10,DE
u01-001281,user1281@example.com,2026-05-11,US
u01-001282,user1282@mail.co.in,2026-05-19,AU
u01-001283,user1283@example.com,2026-07-22,DE
u01-001284,user1284@example.com,2026-04-12,IN
u01-001285,user1285@uni.edu,2026-01-11,AU
u01-001286,user1286@corp.io,2026-01-12,IN
u01-001287,user1287@uni.edu,2026-05-25,AU
u01-001288,user1288@mail.co.in,2026-04-21,US
u01-001289,user1289@mail.co.in,2026-08-24,AU
u01-001290,user1290@uni.edu,2026-02-21,SG
u01-001291,user1291@mail.co.in,2026-04-18,SG
u01-001292,user1292@corp.io,2026-03-22,SG
u01-001293,user1293@uni.edu,2026-07-19,GB
u01-001294,user1294@example.com,2026-02-12,SG
u01-001295,user1295@corp.io,2026-07-21,GB
u01-001296,user1296@corp.io,2026-01-15,GB
u01-001297,user1297@example.com,2026-08-18,US
u01-001298,user1298@uni.edu,2026-08-14,IN
u01-001299,user1299@uni.edu,2026-01-24,AU
u01-001300,user1300@example.com,2026-09-11,US
u01-001301,user1301@example.com,2026-07-23,DE
u01-001302,user1302@example.com,2026-02-12,AU
u01-001303,user1303@example.com,2026-08-28,SG
u01-001304,user1304@example.com,2026-02-23,AU
u01-001305,user1305@mail.co.in,2026-07-26,AU
u01-001306,user1306@corp.io,2026-02-25,GB
u01-001307,user1307@mail.co.in,2026-07-24,AU
u01-001308,user1308@example.com,2026-03-14,DE
u01-001309,user1309@corp.io,2026-06-23,IN
u01-001310,user1310@mail.co.in,2026-09-11,DE
u01-001311,user1311@example.com,2026-07-18,DE
u01-001312,user1312@mail..co.in,2026-06-10,SG
u01-001313,user1313@example.com,2026-01-25,GB
u01-001314,user1314@example.com,2026-07-13,IN
u01-001315,user1315@corp.io,2026-04-12,DE
u01-001316,user1316@uni.edu,2026-04-11,US
u01-001317,user1317@corp.io,2026-07-13,DE
u01-001318,user1318@mail.co.in,2026-08-15,DE
u01-001319,user1319@mail.co.in,2026-09-10,GB
u01-001320,user1320@example.com,2026-09-23,SG
u01-001321,user1321@example.com,2026-03-18,GB
u01-001322,user1322@uni.edu,2026-07-13,AU
u01-001323,user1323@mail.co.in,2026-09-21,AU
u01-001324,user1324@mail.co.in,2026-05-27,DE
u01-001325,user1325@example.com,2026-06-15,IN
u01-001326,user1326@corp.io,2026-05-20,IN
u01-001327,user1327@corp.io,2026-06-10,AU
u01-001328,user1328@example.com,2026-03-23,AU
u01-001329,user1329@mail.co.in,2026-08-24,SG
u01-001330,user1330@uni.edu,2026-09-24,SG
u01-001331,user1331@uni.edu,2026-09-25,DE
u01-001332,user1332@mail.co.in,2026-07-13,SG
u01-001333,user1333@mail.co.in,2026-04-20,SG
u01-001334,user1334@corp.io,2026-08-10,IN
u01-001335,user1335@example.com,2026-08-24,US
u01-001336,user1336@corp.io,2026-08-22,GB
u01-001337,user1337@corp.io,2026-09-14,IN
u01-001338,user1338@example.com,2026-07-19,AU
u01-001339,user1339@corp.io,2026-08-14,AU
u01-001340,user1340@example.com,2026-06-14,AU
u01-001341,user1341@uni.edu,2026-01-16,AU
u01-001342,user1342@mail.co.in,2026-07-12,SG
u01-001343,user1343@corp.io,2026-01-21,DE
u01-001344,user1344@mail.co.in,2026-04-14,SG
u01-001345,user1345@example.com,2026-08-12,AU
u01-001346,user1346@example.com,2026-04-25,GB
u01-001347,user1347@uni.edu,2026-05-14,AU
u01-001348,user1348@mail.co.in,2026-05-11,AU
u01-001349,user1349@mail.co.in,2026-08-14,SG
u01-001350,user1350@corp.io,2026-01-11,IN
u01-001351,user1351@corp.io,2026-03-17,DE
u01-001352,user1352@corp.io,2026-09-23,AU
u01-001353,user1353@corp.io,2026-08-13,IN
u01-001354,user1354@uni.edu,2026-09-18,IN
u01-001355,user1355@mail.co.in,2026-05-24,SG
u01-001356,user1356@mail.co.in,2026-08-25,SG
u01-001357,user1357@mail.co.in,2026-02-23,DE
u01-001358,user1358@uni.edu,2026-08-24,US
u01-001359,user1359@corp.io,2026-08-20,SG
u01-001360,user1360@mail.co.in,2026-03-26,AU
u01-001361,user1361@corp.io,2026-08-24,US
u01-001362,user1362@mail.co.in,2026-07-22,US
u01-001363,user1363@corp.io,2026-07-14,AU
u01-001364,user1364@mail.co.in,2026-02-13,SG
u01-001365,user1365@corp.io,2026-09-19,SG
u01-001366,user1366@uni.edu,2026-09-22,IN
u01-001367,user1367@example.com,2026-01-21,DE
u01-001368,user1368@uni.edu,2026-06-19,DE
u01-001369,user1369@corp.io,2026-06-17,AU
u01-001370,user1370@corp.io,2026-07-17,AU
u01-001371,user1371@mail.co.in,2026-02-11,SG
u01-001372,user1372@example.com,2026-01-19,AU
u01-001373,user1373@example.com,2026-03-23,AU
u01-001374,user1374@example.com,2026-06-24,DE
u01-001375,user1375@uni.edu,2026-02-19,AU
u01-001376,user1376@example.com,2026-02-20,SG
u01-001377,user1377@corp.io,2026-06-25,AU
u01-001378,user1378@corp.io,2026-06-24,SG
u01-001379,user1379@mail.co.in,2026-04-16,SG
u01-001380,user1380@uni.edu,2026-04-27,US
u01-001381,user1381@uni.edu,2026-06-10,GB
u01-001382,user1382@corp.io,2026-09-23,DE
u01-001383,user1383@corp.io,2026-03-20,GB
u01-001384,user1384@mail.co.in,2026-01-11,DE
u01-001385,user1385@uni.edu,2026-02-13,DE
u01-001386,user1386@corp.io,2026-01-27,SG
u01-001387,user1387@mail.co.in,2026-09-11,US
u01-001388,user1388@corp.io,2026-09-13,IN
u01-001389,user1389@example.com,2026-01-14,AU
u01-001390,user1390@uni.edu,2026-01-24,DE
u01-001391,user1391@corp.io,2026-06-14,US
u01-001392,user1392@example.com,2026-06-16,IN
u01-001393,user1393@uni.edu,2026-08-21,SG
u01-001394,user1394@uni.edu,2026-09-10,GB
u01-001395,user1395@corp.io,2026-04-19,GB
u01-001396,user1396@corp.io,2026-05-17,US
u01-001397,user1397@uni.edu,2026-01-14,SG
u01-001398,user1398@uni.edu,2026-06-28,GB
u01-001399,user1399@example.com,2026-02-12,IN
u01-001400,user1400@corp.io,2026-03-22,US
u01-001401,user1401@corp.io,2026-09-17,DE
u01-001402,user1402@uni.edu,2026-05-20,AU
u01-001403,user1403@uni.edu,2026-02-23,IN
u01-001404,user1404@mail.co.in,2026-03-26,GB
u01-001405,user1405@example.com,2026-08-12,DE
u01-001406,user1406@example.com,2026-06-28,IN
u01-001407,user1407@example.com,2026-04-23,US
u01-001408,user1408@example.com,2026-04-21,IN
u01-001409,user1409@uni.edu,2026-05-20,IN
u01-001410,user1410@example.com,2026-07-28,SG
u01-001411,user1411@example.com,2026-02-15,AU
u01-001412,user1412@example.com,2026-08-10,SG
u01-001413,user1413@example.com,2026-09-18,AU
u01-001414,user1414@example.com,2026-05-12,GB
u01-001415,user1415@mail.co.in,2026-05-17,IN
u01-001416,user1416@example.com,2026-06-20,IN
u01-001417,user1417@uni.edu,2026-03-18,GB
u01-001418,user1418@example.com,2026-09-14,US
u01-001419,user1419@example.com,2026-04-20,DE
u01-001420,user1420@mail.co.in,2026-07-17,SG
u01-001421,user1421@uni.edu,2026-05-16,DE
u01-001422,user1422@mail.co.in,2026-08-14,US
u01-001423,user1423@mail.co.in,2026-03-20,US
u01-001424,user1424@corp.io,2026-06-20,SG
u01-001425,user1425@corp.io,2026-02-20,US
u01-001426,user1426@corp.io,2026-07-20,IN
u01-001427,user1427@mail.co.in,2026-06-16,IN
u01-001428,user1428@uni.edu,2026-07-10,IN
u01-001429,user1429@example.com,2026-09-25,AU
u01-001430,user1430@example.com,2026-09-12,GB
u01-001431,user1431@uni.edu,2026-06-21,DE
u01-001432,user1432@mail.co.in,2026-06-13,DE
u01-001433,user1433@example.com,2026-04-18,DE
u01-001434,user1434@uni.edu,2026-04-14,US
u01-001435,user1435@uni.edu,2026-07-15,DE
u01-001436,user1436@corp.io,2026-09-17,SG
u01-001437,user1437@corp.io,2026-07-22,SG
u01-001438,user1438@example.com,2026-07-19,SG
u01-001439,user1439@example.com,2026-04-16,AU
u01-001440,user1440@example.com,2026-02-19,IN
u01-001441,user1441@example.com,2026-06-19,US
u01-001442,user1442@mail.co.in,2026-08-16,DE
u01-001443,user1443@example.com,2026-05-12,US
u01-001444,user1444@mail.co.in,2026-08-24,AU
u01-001445,user1445@mail.co.in,2026-01-12,DE
u01-001446,user1446@mail.co.in,2026-09-25,DE
u01-001447,user1447@corp.io,2026-06-13,SG
u01-001448,user1448@example.com,2026-02-12,US
u01-001449,user1449@example.com,2026-01-11,IN
u01-001450,user1450@example.com,2026-03-26,DE
u01-001451,user1451@corp.io,2026-03-17,AU
u01-001452,user1452@uni.edu,2026-06-28,SG
u01-001453,user1453@mail.co.in,2026-07-24,IN
u01-001454,user1454@corp.io,2026-02-12,SG
u01-001455,user1455@mail.co.in,2026-05-23,SG
u01-001456,user1456@mail.co.in,2026-02-22,GB
u01-001457,user1457@corp.io,2026-05-26,US
u01-001458,user1458@mail.co.in,2026-09-13,SG
u01-001459,user1459@mail.co.in,2026-01-11,GB
u01-001460,user1460@corp.io,2026-02-19,AU
u01-001461,user1461@example.com,2026-03-22,IN
u01-001462,user1462@uni.edu,2026-02-27,AU
u01-001463,user1463@corp.io,2026-01-13,IN
u01-001464,user1464@uni.edu,2026-02-20,GB
u01-001465,user1465@example.com,2026-03-10,IN
u01-001466,user1466@corp.io,2026-07-22,AU
u01-001467,user1467@mail.co.in,2026-09-18,US
u01-001468,user1468@uni.edu,2026-07-20,IN
u01-001469,user1469@corp.io,2026-07-28,DE
u01-001470,user1470@example.com,2026-09-24,IN
u01-001471,user1471@corp.io,2026-01-20,IN
u01-001472,user1472@corp.io,2026-07-15,DE
u01-001473,user1473@example.com,2026-08-21,IN
u01-001474,user1474@uni.edu,2026-09-24,SG
u01-001475,user1475@example.com,2026-05-20,US
u01-001476,user1476@mail.co.in,2026-03-14,US
u01-001477,user1477@mail.co.in,2026-06-13,SG
u01-001478,user1478@mail.co.in,2026-07-25,SG
u01-001479,user1479@uni.edu,2026-07-19,US
u01-001480,user1480@uni.edu,2026-08-17,US
u01-001481,user1481@uni.edu,2026-04-15,IN
u01-001482,user1482@mail.co.in,2026-02-23,US
u01-001483,user1483@mail.co.in,2026-07-20,DE
u01-001484,user1484@corp.io,2026-09-24,GB
u01-001485,user1485@uni.edu,2026-01-18,US
u01-001486,user1486@uni.edu,2026-08-15,DE
u01-001487,user1487@example.com,2026-08-24,AU
u01-001488,user1488@example.com,2026-08-26,US
u01-001489,user1489@example.com,2026-03-22,DE
u01-001490,user1490@uni.edu,2026-09-22,SG
u01-001491,user1491@uni.edu,2026-03-26,GB
u01-001492,user1492@corp.io,2026-03-21,US
u01-001493,user1493@mail.co.in,2026-02-17,DE
u01-001494,user1494@uni.edu,2026-04-24,IN
u01-001495,user1495@uni.edu,2026-02-27,US
u01-001496,user1496@mail.co.in,2026-09-21,IN
u01-001497,user1497@example.com,2026-09-27,US
u01-001498,user1498@example.com,2026-01-18,DE
u01-001499,user1499@example.com,2026-08-22,US
u01-001500,user1500@mail.co.in,2026-09-21,IN
u01-001501,user1501@example.com,2026-01-16,AU
u01-001502,user1502@example.com,2026-06-11,DE
u01-001503,user1503@uni.edu,2026-05-25,DE
u01-001504,user1504@corp.io,2026-09-16,SG
u01-001505,user1505@corp.io,2026-06-18,IN
u01-001506,user1506@corp.io,2026-03-20,AU
u01-001507,user1507@mail.co.in,2026-04-13,GB
u01-001508,user1508@corp.io,2026-01-13,US
u01-001509,user1509@example.com,2026-03-11,SG
u01-001510,user1510@uni.edu,2026-09-17,DE
u01-001511,user1511@mail.co.in,2026-07-13,IN
u01-001512,user1512@example.com,2026-03-25,AU
u01-001513,user1513@mail.co.in,2026-09-20,GB
u01-001514,user1514@corp.io,2026-02-24,IN
u01-001515,user1515@corp.io,2026-08-11,SG
u01-001516,user1516@example.com,2026-08-18,GB
u01-001517,user1517@example.com,2026-02-25,AU
u01-001518,user1518@mail.co.in,2026-02-12,DE
u01-001519,user1519@corp.io,2026-09-11,DE
u01-001520,user1520@uni.edu,2026-09-11,GB
u01-001521,user1521@example.com,2026-07-16,DE
u01-001522,user1522@mail.co.in,2026-04-16,US
u01-001523,user1523@uni.edu,2026-02-25,DE
u01-001524,user1524@uni.edu,2026-04-18,IN
u01-001525,user1525@example.com,2026-04-17,IN
u01-001526,user1526@mail.co.in,2026-08-22,SG
u01-001527,user1527@example.com,2026-01-22,IN
u01-001528,user1528@example.com,2026-04-12,AU
u01-001529,user1529@mail.co.in,2026-03-20,AU
u01-001530,user1530@mail.co.in,2026-04-17,US
u01-001531,user1531@uni.edu,2026-05-21,SG
u01-001532,user1532@uni.edu,2026-09-17,AU
u01-001533,user1533@uni.edu,2026-02-17,DE
u01-001534,user1534@mail.co.in,2026-02-16,GB
u01-001535,user1535@mail.co.in,2026-08-18,DE
u01-001536,user1536@example.com,2026-09-28,DE
u01-001537,user1537@corp.io,2026-09-16,DE
u01-001538,user1538@mail.co.in,2026-02-14,SG
u01-001539,user1539@mail.co.in,2026-03-16,SG
u01-001540,user1540@mail.co.in,2026-09-21,SG
u01-001541,user1541@example.com,2026-03-17,AU
u01-001542,user1542@mail.co.in,2026-03-15,GB
u01-001543,user1543@mail.co.in,2026-02-15,GB
u01-001544,user1544@uni.edu,2026-08-13,DE
u01-001545,user1545@example.com,2026-07-25,IN
u01-001546,user1546@example.com,2026-08-16,SG
u01-001547,user1547@mail.co.in,2026-08-21,AU
u01-001548,user1548@example.com,2026-07-21,SG
u01-001549,user1549@mail.co.in,2026-06-15,US
u01-001550,user1550@corp.io,2026-03-15,IN
u01-001551,user1551@mail.co.in,2026-02-12,SG
u01-001552,user1552@example.com,2026-04-12,DE
u01-001553,user1553@example.com,2026-06-14,US
u01-001554,user1554@example.com,2026-06-11,IN
u01-001555,user1555@uni.edu,2026-05-27,AU
u01-001556,user1556@example.com,2026-03-28,SG
u01-001557,user1557@corp.io,2026-05-22,US
u01-001558,user1558@uni.edu,2026-03-12,AU
u01-001559,user1559@mail.co.in,2026-03-19,US
u01-001560,user1560@uni.edu,2026-07-17,US
u01-001561,user1561@corp.io,2026-05-28,DE
u01-001562,user1562@example.com,2026-06-13,US
u01-001563,user1563@mail.co.in,2026-07-16,IN
u01-001564,user1564@corp.io,2026-07-23,GB
u01-001565,user1565@uni.edu,2026-03-15,AU
u01-001566,user1566@mail.co.in,2026-09-24,DE
u01-001567,user1567@example.com,2026-03-15,GB
u01-001568,user1568@corp.io,2026-04-18,AU
u01-001569,user1569@mail.co.in,2026-08-27,GB
u01-001570,user1570@corp.io,2026-02-18,AU
u01-001571,user1571@mail.co.in,2026-06-17,AU
u01-001572,user1572@corp.io,2026-02-18,SG
u01-001573,user1573@corp.io,2026-06-10,SG
u01-001574,user1574@uni.edu,2026-05-20,US
u01-001575,user1575@uni.edu,2026-02-10,SG
u01-001576,user1576@mail.co.in,2026-01-24,DE
u01-001577,user1577@mail.co.in,2026-02-25,GB
u01-001578,user1578@corp.io,2026-06-10,AU
u01-001579,user1579@mail.co.in,2026-02-15,SG
u01-001580,user1580@corp.io,2026-01-10,US
u01-001581,user1581@example.com,2026-01-22,US
u01-001582,user1582@uni.edu,2026-09-27,SG
u01-001583,user1583@example.com,2026-09-23,US
u01-001584,user1584@corp.io,2026-02-24,AU
u01-001585,user1585@corp.io,2026-07-24,SG
u01-001586,user1586@uni.edu,2026-08-18,IN
u01-001587,user1587@uni.edu,2026-09-22,AU
u01-001588,user1588@uni.edu,2026-03-18,AU
u01-001589,user1589@uni.edu,2026-03-26,IN
u01-001590,user1590@uni.edu,2026-04-25,DE
u01-001591,user1591@mail.co.in,2026-02-28,AU
u01-001592,user1592@corp.io,2026-03-21,IN
u01-001593,user1593@corp.io,2026-09-16,AU
u01-001594,user1594@uni.edu,2026-02-15,IN
u01-001595,user1595@mail.co.in,2026-04-26,DE
u01-001596,user1596@example.com,2026-08-12,AU
u01-001597,user1597@example.com,2026-01-15,GB
u01-001598,user1598@example.com,2026-03-13,GB
u01-001599,user1599@uni.edu,2026-01-24,AU
u01-001600,user1600@corp.io,2026-05-19,DE
u01-001601,user1601@mail.co.in,2026-03-21,SG
u01-001602,user1602@mail.co.in,2026-09-14,IN
u01-001603,user1603@uni.edu,2026-04-27,IN
u01-001604,user1604@example.com,2026-07-22,SG
u01-001605,user1605@mail.co.in,2026-04-25,SG
u01-001606,user1606@corp.io,2026-06-20,SG
u01-001607,user1607@mail.co.in,2026-07-18,IN
u01-001608,user1608@corp.io,2026-04-28,IN
u01-001609,user1609@corp.io,2026-05-25,GB
u01-001610,user1610@example.com,2026-05-23,AU
u01-001611,user1611@corp.io,2026-03-16,GB
u01-001612,user1612@uni.edu,2026-08-27,IN
u01-001613,user1613@example.com,2026-01-21,AU
u01-001614,user1614@example.com,2026-06-26,IN
u01-001615,user1615@example.com,2026-08-26,AU
u01-001616,user1616@example.com,2026-09-23,DE
u01-001617,user1617@uni.edu,2026-01-10,US
u01-001618,user1618@example.com,2026-09-25,IN
u01-001619,user1619@corp.io,2026-07-26,DE
u01-001620,user1620@mail.co.in,2026-03-27,AU
u01-001621,user1621@uni.edu,2026-03-21,SG
u01-001622,user1622.uni.edu,2026-03-21,IN
u01-001623,user1623@corp.io,2026-02-16,AU
u01-001624,user1624@corp.io,2026-04-11,GB
u01-001625,user1625@mail.co.in,2026-07-28,DE
u01-001626,user1626@uni.edu,2026-02-16,IN
u01-001627,user1627@mail.co.in,2026-01-22,SG
u01-001628,user1628@corp.io,2026-03-11,US
u01-001629,user1629@corp.io,2026-02-10,AU
u01-001630,user1630@uni.edu,2026-05-10,
u01-001631,user1631@example.com,2026-07-28,DE
u01-001632,user1632@example.com,2026-03-28,AU
u01-001633,user1633@example.com,2026-04-20,GB
u01-001634,user1634@example.com,2026-06-19,AU
u01-001635,user1635@uni.edu,2026-06-10,SG
u01-001636,user1636@mail.co.in,2026-03-27,US
u01-001637,user1637@corp.io,2026-02-24,US
u01-001638,user1638@example.com,2026-07-28,AU
u01-001639,user1639@corp.io,2026-05-26,GB
u01-001640,user1640@corp.io,2026-05-12,GB
u01-001641,user1641@uni.edu,2026-03-17,GB
u01-001642,user1642@uni.edu,2026-08-10,GB
u01-001643,user1643@example.com,2026-05-18,SG
u01-001644,user1644@uni.edu,2026-07-16,AU
u01-001645,user1645@corp.io,2026-08-14,IN
u01-001646,user1646@mail.co.in,2026-04-15,DE
u01-001647,user1647@uni.edu,2026-06-16,US
u01-001648,user1648@corp.io,2026-01-10,IN
u01-001649,user1649@uni.edu,2026-06-23,GB
u01-001650,user1650@uni.edu,2026-09-18,SG
u01-001651,user1651@uni.edu,2026-07-13,AU
u01-001652,user1652@mail.co.in,2026-02-20,IN
u01-001653,user1653@uni.edu,2026-08-16,SG
u01-001654,user1654@mail.co.in,2026-08-15,IN
u01-001655,user1655@example.com,2026-03-18,AU
u01-001656,user1656@example.com,2026-02-19,US
u01-001657,user1657@uni.edu,2026-05-27,US
u01-001658,user1658@mail.co.in,2026-08-24,IN
u01-001659,user1659@uni.edu,2026-01-10,GB
u01-001660,user1660@example.com,2026-09-10,IN
u01-001661,user1661@corp.io,2026-06-26,DE
u01-001662,user1662@example.com,2026-06-21,US
u01-001663,user1663@mail.co.in,2026-07-20,IN
u01-001664,user1664@corp.io,2026-07-12,AU
u01-001665,user1665@example.com,2026-06-20,GB
u01-001666,user1666@uni.edu,2026-06-26,IN
u01-001667,user1667@example.com,2026-09-11,SG
u01-001668,user1668@mail.co.in,2026-01-18,SG
u01-001669,user1669@uni.edu,2026-05-20,US
u01-001670,user1670@uni.edu,2026-04-27,SG
u01-001671,user1671@uni.edu,2026-02-22,GB
u01-001672,user1672@example.com,2026-04-11,AU
u01-001673,user1673@uni.edu,2026-06-18,IN
u01-001674,user1674@example.com,2026-02-15,IN
u01-001675,user1675@mail.co.in,2026-03-20,SG
u01-001676,user1676@example.com,2026-02-28,SG
u01-001677,user1677@corp.io,2026-04-14,GB
u01-001678,user1678@example.com,2026-02-28,DE
u01-001679,user1679@mail.co.in,2026-05-22,SG
u01-001680,user1680@uni.edu,2026-08-14,US
u01-001681,user1681@uni.edu,2026-06-11,US
u01-001682,user1682@example.com,2026-04-12,SG
u01-001683,user1683@mail.co.in,2026-05-25,IN
u01-001684,user1684@corp.io,2026-05-14,DE
u01-001685,user1685@corp.io,2026-07-21,US
u01-001686,user1686@uni.edu,2026-05-22,DE
u01-001687,user1687@corp.io,2026-03-22,SG
u01-001688,user1688@mail.co.in,2026-08-10,US
u01-001689,user1689@uni.edu,2026-04-21,IN
u01-001690,user1690@uni.edu,2026-02-26,SG
u01-001691,user1691@example.com,2026-09-24,US
u01-001692,user1692@mail.co.in,2026-06-16,IN
u01-001693,user1693@corp.io,2026-05-15,IN
u01-001694,user1694@uni.edu,2026-03-11,SG
u01-001695,user1695@corp.io,2026-01-19,AU
u01-001696,user1696@example.com,2026-04-22,DE
u01-001697,user1697@corp.io,2026-09-13,IN
u01-001698,user1698@corp.io,2026-04-13,GB
u01-001699,user1699@uni.edu,2026-01-28,DE
u01-001700,user1700@corp.io,2026-01-16,SG
u01-001701,user1701@example.com,2026-05-25,SG
u01-001702,user1702@example.com,2026-09-21,US
u01-001703,user1703@uni.edu,2026-08-10,SG
u01-001704,user1704@corp.io,2026-02-11,US
u01-001705,user1705@example.com,2026-02-23,IN
u01-001706,user1706@corp.io,2026-07-15,SG
u01-001707,user1707@example.com,2026-02-15,DE
u01-001708,user1708@corp.io,2026-07-25,US
u01-001709,user1709@example.com,2026-01-11,AU
u01-001710,user1710@mail.co.in,2026-03-27,US
u01-001711,user1711@example.com,2026-07-26,SG
u01-001712,user1712@corp.io,2026-06-12,US
u01-001713,user1713@corp.io,2026-06-21,AU
u01-001714,user1714@example.com,2026-03-12,AU
u01-001715,user1715@corp.io,2026-02-12,IN
u01-001716,user1716@example.com,2026-04-26,IN
u01-001717,user1717@example.com,2026-04-24,AU
u01-001718,user1718@example.com,2026-06-25,US
u01-001719,user1719@uni.edu,2026-06-14,SG
u01-001720,user1720@corp.io,2026-06-28,US
u01-001721,user1721@corp.io,2026-03-28,GB
u01-001722,user1722@uni.edu,2026-01-17,US
u01-001723,user1723@uni.edu,2026-06-17,US
u01-001724,user1724@uni.edu,2026-05-18,SG
u01-001725,user1725@mail.co.in,2026-01-23,AU
u01-001726,user1726@example.com,2026-09-27,GB
u01-001727,user1727@uni.edu,2026-07-10,SG
u01-001728,user1728@example.com,2026-03-18,IN
u01-001729,user1729@example.com,2026-09-14,IN
u01-001730,user1730@example.com,2026-03-24,IN
u01-001731,user1731@example.com,2026-05-26,IN
u01-001732,user1732@corp.io,2026-02-10,US
u01-001733,user1733@mail.co.in,2026-05-16,IN
u01-001734,user1734@example.com,2026-04-10,IN
u01-001735,user1735@corp.io,2026-06-25,US
u01-001736,user1736@uni.edu,2026-08-24,US
u01-001737,user1737@uni.edu,2026-04-27,GB
u01-001738,user1738@uni.edu,2026-07-10,US
u01-001739,user1739@example.com,2026-07-10,IN
u01-001740,user1740@corp.io,2026-03-16,DE
u01-001741,user1741@mail.co.in,2026-07-27,US
u01-001742,user1742@example.com,2026-03-18,GB
u01-001743,user1743@uni.edu,2026-03-14,GB
u01-001744,user1744@uni.edu,2026-05-21,DE
u01-001745,user1745@corp.io,2026-07-26,DE
u01-001746,user1746@uni.edu,2026-09-13,GB
u01-001747,user1747@mail.co.in,2026-05-26,AU
u01-001748,user1748@uni.edu,2026-09-19,GB
u01-001749,user1749@example.com,2026-02-11,GB
u01-001750,user1750@uni.edu,2026-02-25,US
u01-001751,user1751@uni.edu,2026-08-18,AU
u01-001752,user1752@corp.io,2026-07-19,DE
u01-001753,user1753@uni.edu,2026-02-15,SG
u01-001754,user1754@example.com,2026-06-10,GB
u01-001755,user1755@uni.edu,2026-03-28,US
u01-001756,user1756@mail.co.in,2026-08-21,GB
u01-001757,user1757@uni.edu,2026-09-20,US
u01-001758,user1758@corp.io,2026-06-19,IN
u01-001759,user1759@corp.io,2026-08-19,DE
u01-001760,user1760@corp.io,2026-09-19,GB
u01-001761,user1761@uni.edu,2026-06-11,US
u01-001762,user1762@mail.co.in,2026-02-24,SG
u01-001763,user1763@uni.edu,2026-04-15,DE
u01-001764,user1764@uni.edu,2026-03-27,DE
u01-001765,user1765@example.com,2026-04-20,AU
u01-001766,user1766@example.com,2026-07-23,GB
u01-001767,user1767@example.com,2026-07-19,AU
u01-001768,user1768@uni.edu,2026-09-25,US
u01-001769,user1769@mail.co.in,2026-08-16,GB
u01-001770,user1770@example.com,2026-02-11,IN
u01-001771,user1771@uni.edu,2026-01-11,SG
u01-001772,user1772@example.com,2026-02-21,AU
u01-001773,user1773@uni.edu,2026-06-24,IN
u01-001774,user1774@example.com,2026-07-16,DE
u01-001775,user1775@uni.edu,2026-01-11,IN
u01-001776,user1776@example.com,2026-03-21,IN
u01-001777,user1777@uni.edu,2026-08-22,US
u01-001778,user1778@example.com,2026-04-12,SG
u01-001779,user1779@uni.edu,2026-03-23,DE
u01-001780,user1780@example.com,2026-01-28,SG
u01-001781,user1781@uni.edu,2026-01-11,AU
u01-001782,user1782@uni.edu,2026-04-25,DE
u01-001783,user1783@mail.co.in,2026-02-26,AU
u01-001784,user1784@example.com,2026-05-21,US
u01-001785,user1785@mail.co.in,2026-02-25,US
u01-001786,user1786@mail.co.in,2026-07-18,SG
u01-001787,user1787@uni.edu,2026-07-10,DE
u01-001788,user1788@uni.edu,2026-04-21,AU
u01-001789,user1789@mail.co.in,2026-07-17,GB
u01-001790,user1790@corp.io,2026-03-20,US
u01-001791,user1791@example.com,2026-09-27,DE
u01-001792,user1792@uni.edu,2026-05-15,SG
u01-001793,user1793@corp.io,2026-08-20,SG
u01-001794,user1794@corp.io,2026-04-19,SG
u01-001795,user1795@corp.io,2026-07-17,DE
u01-001796,user1796@corp.io,2026-07-22,SG
u01-001797,user1797@uni.edu,2026-04-28,AU
u01-001798,user1798@example.com,2026-09-23,SG
u01-001799,user1799@corp.io,2026-09-25,SG
u01-001800,user1800@example.com,2026-09-25,AU
u01-001801,user1801@mail.co.in,2026-01-16,IN
u01-001802,user1802@corp.io,2026-05-16,US
u01-001803,user1803@uni.edu,2026-08-28,DE
u01-001804,user1804@corp.io,2026-03-20,SG
u01-001805,user1805@mail.co.in,2026-03-14,GB
u01-001806,user1806@mail.co.in,2026-01-19,US
u01-001807,user1807@example.com,2026-04-11,SG
u01-001808,user1808@example.com,2026-03-22,SG
u01-001809,user1809@corp.io,2026-07-25,IN
u01-001810,user1810@uni.edu,2026-03-17,SG
u01-001811,user1811@mail.co.in,2026-05-18,IN
u01-001812,user1812@uni.edu,2026-05-19,US
u01-001813,user1813@uni.edu,2026-05-21,IN
u01-001814,user1814@mail.co.in,2026-02-13,US
u01-001815,user1815@mail.co.in,2026-08-10,AU
u01-001816,user1816@example.com,2026-01-12,SG
u01-001817,user1817@corp.io,2026-03-17,US
u01-001818,user1818@mail.co.in,2026-06-27,GB
u01-001819,user1819@example.com,2026-02-15,IN
u01-001820,user1820@mail.co.in,2026-06-24,DE
u01-001821,user1821@example.com,2026-04-22,IN
u01-001822,user1822@uni.edu,2026-07-21,DE
u01-001823,user1823@example.com,2026-09-13,US
u01-001824,user1824@corp.io,2026-09-17,DE
u01-001825,user1825@mail.co.in,2026-04-25,SG
u01-001826,user1826@example.com,2026-05-11,SG
u01-001827,user1827@uni.edu,2026-08-23,DE
u01-001828,user1828@uni.edu,2026-09-24,SG
u01-001829,user1829@corp.io,2026-01-15,SG
u01-001830,user1830@mail.co.in,2026-06-12,SG
u01-001831,user1831@mail.co.in,2026-03-11,IN
u01-001832,user1832@corp.io,2026-09-10,GB
u01-001833,user1833@uni.edu,2026-09-28,US
u01-001834,user1834@corp.io,2026-03-11,IN
u01-001835,user1835@corp.io,2026-02-27,DE
u01-001836,user1836@corp.io,2026-01-22,AU
u01-001837,user1837@example.com,2026-05-26,AU
u01-001838,user1838@corp.io,2026-01-20,DE
u01-001839,user1839@corp.io,2026-08-24,DE
u01-001840,user1840@corp.io,2026-03-26,US
u01-001841,user1841@corp.io,2026-05-22,DE
u01-001842,user1842@example.com,2026-08-13,GB
u01-001843,user1843@uni.edu,2026-08-24,AU
u01-001844,user1844@uni.edu,2026-05-14,SG
u01-001845,user1845@uni.edu,2026-04-20,GB
u01-001846,user1846@corp.io,2026-04-20,GB
u01-001847,user1847@mail.co.in,2026-07-13,GB
u01-001848,user1848@mail.co.in,2026-07-11,DE
u01-001849,user1849@uni.edu,2026-01-22,DE
u01-001850,user1850@corp.io,2026-02-28,IN
u01-001851,user1851@uni.edu,2026-04-20,DE
u01-001852,user1852@example.com,2026-03-25,DE
u01-001853,user1853@example.com,2026-04-15,IN
u01-001854,user1854@corp.io,2026-06-28,DE
u01-001855,user1855@uni.edu,2026-05-26,DE
u01-001856,user1856@uni.edu,2026-07-24,US
u01-001857,user1857@corp.io,2026-03-10,US
u01-001858,user1858@mail.co.in,2026-08-19,DE
u01-001859,user1859@corp.io,2026-08-24,AU
u01-001860,user1860@example.com,2026-05-15,US
u01-001861,user1861@corp.io,2026-05-10,IN
u01-001862,user1862@mail.co.in,2026-04-16,US
u01-001863,user1863@mail.co.in,2026-03-24,IN
u01-001864,user1864@corp.io,2026-03-27,GB
u01-001865,user1865@corp.io,2026-04-14,DE
u01-001866,user1866@example.com,2026-06-15,GB
u01-001867,user1867@example.com,2026-01-14,AU
u01-001868,user1868@uni.edu,2026-08-14,AU
u01-001869,user1869@uni.edu,2026-03-13,SG
u01-001870,user1870@corp.io,2026-07-20,SG
u01-001871,user1871@corp.io,2026-01-28,SG
u01-001872,user1872@example.com,2026-04-14,AU
u01-001873,user1873@corp.io,2026-06-24,US
u01-001874,user1874@mail.co.in,2026-09-22,GB
u01-001875,user1875@corp.io,2026-09-14,AU
u01-001876,user1876@example.com,2026-02-16,GB
u01-001877,user1877@example.com,2026-01-20,IN
u01-001878,user1878@mail.co.in,2026-03-18,SG
u01-001879,user1879@uni.edu,2026-09-14,DE
u01-001880,user1880@uni.edu,2026-04-24,IN
u01-001881,user1881@example.com,2026-07-12,US
u01-001882,user1882@uni.edu,2026-06-16,GB
u01-001883,user1883@example.com,2026-05-22,IN
u01-001884,user1884@uni.edu,2026-08-25,GB
u01-001885,user1885@mail.co.in,2026-07-24,GB
u01-001886,user1886@corp.io,2026-08-19,DE
u01-001887,user1887@uni.edu,2026-06-21,SG
u01-001888,user1888@mail.co.in,2026-02-18,DE
u01-001889,user1889@mail.co.in,2026-04-11,US
u01-001890,user1890@example.com,2026-08-12,IN
u01-001891,user1891@mail.co.in,2026-03-10,DE
u01-001892,user1892@mail.co.in,2026-09-17,GB
u01-001893,user1893@mail.co.in,2026-04-15,DE
u01-001894,user1894@uni.edu,2026-02-27,DE
u01-001895,user1895@example.com,2026-08-23,SG
u01-001896,user1896@example.com,2026-02-28,DE
u01-001897,user1897@mail.co.in,2026-02-21,DE
u01-001898,user1898@mail.co.in,2026-06-15,GB
u01-001899,user1899@corp.io,2026-08-19,GB
u01-001900,user1900@mail.co.in,2026-03-22,US
u01-001901,user1901@uni.edu,2026-05-10,IN
u01-001902,user1902@example.com,2026-09-27,IN
u01-001903,user1903@example.com,2026-06-23,DE
u01-001904,user1904@mail.co.in,2026-08-28,SG
u01-001905,user1905@example.com,2026-07-25,IN
u01-001906,user1906@example.com,2026-03-24,AU
u01-001907,user1907@uni.edu,2026-04-24,AU
u01-001908,user1908@example.com,2026-02-27,IN
u01-001909,user1909@corp.io,2026-05-15,AU
u01-001910,user1910@uni.edu,2026-09-24,SG
u01-001911,user1911@corp.io,2026-07-27,GB
u01-001912,user1912@uni.edu,2026-07-14,US
u01-001913,user1913@mail.co.in,2026-01-23,GB
u01-001914,user1914@example.com,2026-05-28,SG
u01-001915,user1915@example.com,2026-09-24,DE
u01-001916,user1916@corp.io,2026-02-28,AU
u01-001917,user1917@example.com,2026-06-14,IN
u01-001918,user1918@uni.edu,2026-01-11,US
u01-001919,user1919@example.com,2026-02-17,DE
u01-001920,user1920@mail.co.in,2026-01-26,IN
u01-001921,user1921@example.com,2026-03-19,SG
u01-001922,user1922@uni.edu,2026-03-18,AU
u01-001923,user1923@uni.edu,2026-05-22,SG
u01-001924,user1924@corp.io,2026-06-16,GB
u01-001925,user1925@uni.edu,2026-01-10,GB
u01-001926,user1926@example.com,2026-07-14,GB
u01-001927,user1927@example.com,2026-04-18,DE
u01-001928,user1928@uni.edu,2026-05-15,AU
u01-001929,user1929@uni.edu,2026-05-10,GB
u01-001930,user1930@example.com,2026-03-22,US
u01-001931,user1931@example.com,2026-02-19,IN
u01-001932,user1932@uni.edu,2026-04-15,AU
u01-001933,user1933@mail.co.in,2026-05-19,AU
u01-001934,user1934@corp.io,2026-06-25,AU
u01-001935,user1935@uni.edu,2026-04-27,SG
u01-001936,user1936@uni.edu,2026-06-17,DE
u01-001937,user1937@uni.edu,2026-02-13,US
u01-001938,user1938@example.com,2026-01-21,AU
u01-001939,user1939@mail.co.in,2026-05-10,IN
u01-001940,user1940@corp.io,2026-09-27,AU
u01-001941,user1941@mail.co.in,2026-09-14,AU
u01-001942,user1942@example.com,2026-08-18,DE
u01-001943,user1943@example.com,2026-01-17,DE
u01-001944,user1944@example.com,2026-09-20,US
u01-001945,user1945@uni.edu,2026-03-24,SG
u01-001946,user1946@corp.io,2026-08-14,AU
u01-001947,user1947@example.com,2026-03-25,DE
u01-001948,user1948@example.com,2026-03-19,SG
u01-001949,user1949@mail.co.in,2026-08-25,IN
u01-001950,user1950@example.com,2026-01-11,GB
u01-001951,user1951@mail.co.in,2026-04-28,IN
u01-001952,user1952@example.com,2026-08-17,GB
u01-001953,user1953@mail.co.in,2026-03-24,GB
u01-001954,user1954@corp.io,2026-08-10,DE
u01-001955,user1955@mail.co.in,2026-09-13,AU
u01-001956,user1956@example.com,2026-02-23,GB
u01-001957,user1957@mail.co.in,2026-09-16,DE
u01-001958,user1958@mail.co.in,2026-03-15,DE
u01-001959,user1959@mail.co.in,2026-01-15,GB
u01-001960,user1960@uni.edu,2026-04-21,US
u01-001961,user1961@uni.edu,2026-03-16,IN
u01-001962,user1962@corp.io,2026-06-20,AU
u01-001963,user1963@mail.co.in,2026-09-17,DE
u01-001964,user1964@corp.io,2026-02-11,AU
u01-001965,user1965@example.com,2026-03-18,DE
u01-001966,user1966@uni.edu,2026-05-15,US
u01-001967,user1967@mail.co.in,2026-05-23,AU
u01-001968,user1968@example.com,2026-06-14,US
u01-001969,user1969@uni.edu,2026-03-18,GB
u01-001970,user1970@example.com,2026-07-12,US
u01-001971,user1971@uni.edu,2026-03-18,SG
u01-001972,user1972@mail.co.in,2026-01-26,DE
u01-001973,user1973@example.com,2026-06-25,IN
u01-001974,user1974@example.com,2026-09-17,GB
u01-001975,user1975@uni.edu,2026-05-12,US
u01-001976,user1976@corp.io,2026-05-26,US
u01-001977,user1977@example.com,2026-07-14,US
u01-001978,user1978@mail.co.in,2026-05-23,GB
u01-001979,user1979@mail.co.in,2026-07-24,GB
u01-001980,user1980@mail.co.in,2026-03-16,SG
u01-001981,user1981@example.com,2026-09-21,US
u01-001982,user1982@example.com,2026-09-24,GB
u01-001983,user1983@mail.co.in,2026-02-19,DE
u01-001984,user1984@example.com,2026-05-23,GB
u01-001985,user1985@example.com,2026-06-16,AU
u01-001986,user1986@mail.co.in,2026-01-17,IN
u01-001987,user1987@mail.co.in,2026-07-23,US
u01-001988,user1988@mail.co.in,2026-01-15,DE
u01-001989,user1989@corp.io,2026-05-26,US
u01-001990,user1990@mail.co.in,2026-06-13,GB
u01-001991,user1991@corp.io,2026-05-28,AU
u01-001992,user1992@mail.co.in,2026-05-20,SG
u01-001993,user1993@uni.edu,2026-04-15,SG
u01-001994,user1994@uni.edu,2026-06-14,GB
u01-001995,user1995@mail.co.in,2026-03-13,US
u01-001996,user1996@mail.co.in,2026-08-11,SG
u01-001997,user1997@uni.edu,2026-06-11,SG
u01-001998,user1998@corp.io,2026-08-25,SG
u01-001999,user1999@mail.co.in,2026-06-25,GB
u01-002000,user2000@mail.co.in,2026-04-27,GB
u01-002001,user2001@example.com,2026-03-17,AU
u01-002002,user2002@mail.co.in,2026-01-27,SG
u01-002003,user2003@example.com,2026-02-27,GB
u01-002004,user2004@uni.edu,2026-03-26,DE
u01-002005,user2005@example.com,2026-09-27,US
u01-002006,user2006@corp.io,2026-09-11,US
u01-002007,user2007@mail.co.in,2026-09-26,SG
u01-002008,user2008@example.com,2026-04-17,IN
u01-002009,user2009@corp.io,2026-03-11,SG
u01-002010,user2010@uni.edu,2026-02-25,IN
u01-002011,user2011@example.com,2026-02-26,IN
u01-002012,user2012@uni.edu,2026-04-19,IN
u01-002013,user2013@example.com,2026-02-17,GB
u01-002014,user2014@uni.edu,2026-08-18,SG
u01-002015,user2015@corp.io,2026-07-21,US
u01-002016,user2016@uni.edu,2026-01-10,DE
u01-002017,user2017@mail.co.in,2026-05-22,GB
u01-002018,user2018@corp.io,2026-06-21,US
u01-002019,user2019@corp.io,2026-04-18,DE
u01-002020,user2020@mail.co.in,2026-06-11,IN
u01-002021,user2021@mail.co.in,2026-09-17,US
u01-002022,user2022@corp.io,2026-08-12,US
u01-002023,user2023@mail.co.in,2026-04-28,AU
u01-002024,user2024@uni.edu,2026-03-23,GB
u01-002025,user2025@example.com,2026-09-17,IN
u01-002026,user2026@corp.io,2026-04-20,SG
u01-002027,user2027@uni.edu,2026-01-18,IN
u01-002028,user2028@uni.edu,2026-02-26,US
u01-002029,user2029@corp.io,2026-05-25,AU
u01-002030,user2030@corp.io,2026-08-27,IN
u01-002031,user2031@corp.io,2026-01-19,IN
u01-002032,user2032@uni.edu,2026-07-15,AU
u01-002033,user2033@uni.edu,2026-06-24,AU
u01-002034,user2034@uni.edu,2026-08-27,GB
u01-002035,user2035@uni.edu,2026-04-10,DE
u01-002036,user2036@example.com,2026-02-20,GB
u01-002037,user2037@example.com,2026-06-17,SG
u01-002038,user2038@uni.edu,2026-03-22,AU
u01-002039,user2039@uni.edu,2026-09-17,GB
u01-002040,user2040@uni.edu,2026-05-12,US
u01-002041,user2041@corp.io,2026-06-15,US
u01-002042,user2042@corp.io,2026-03-14,SG
u01-002043,user2043@example.com,2026-09-28,AU
u01-002044,user2044@uni.edu,2026-08-27,IN
u01-002045,user2045@corp.io,2026-06-20,IN
u01-002046,user2046@corp.io,2026-03-20,SG
u01-002047,user2047@mail.co.in,2026-05-25,AU
u01-002048,user2048@corp.io,2026-03-27,GB
u01-002049,user2049@corp.io,2026-09-20,US
u01-002050,user2050@corp.io,2026-05-12,US
u01-002051,user2051@example.com,2026-04-11,US
u01-002052,user2052@corp.io,2026-02-16,IN
u01-002053,user2053@corp.io,2026-02-18,US
u01-002054,user2054@mail.co.in,2026-04-23,SG
u01-002055,user2055@corp.io,2026-08-27,GB
u01-002056,user2056@example.com,2026-09-17,DE
u01-002057,user2057@uni.edu,2026-09-18,US
u01-002058,user2058@mail.co.in,2026-05-15,SG
u01-002059,user2059@example.com,2026-05-16,DE
u01-002060,user2060@mail.co.in,2026-05-25,AU
u01-002061,user2061@example.com,2026-08-24,US
u01-002062,user2062@corp.io,2026-02-17,US
u01-002063,user2063@mail.co.in,2026-04-22,GB
u01-002064,user2064@uni.edu,2026-01-19,GB
u01-002065,user2065@corp.io,2026-09-25,US
u01-002066,user2066@mail.co.in,2026-03-18,US
u01-002067,user2067@corp.io,2026-03-19,GB
u01-002068,user2068@example.com,2026-06-10,GB
u01-002069,user2069@corp.io,2026-06-21,IN
u01-002070,user2070@corp.io,2026-06-19,GB
u01-002071,user2071@uni.edu,2026-05-21,SG
u01-002072,user2072@uni.edu,2026-03-23,AU
u01-002073,user2073@uni.edu,2026-09-26,SG
u01-002074,user2074@example.com,2026-09-17,AU
u01-002075,user2075@mail.co.in,2026-09-15,SG
u01-002076,user2076@corp.io,2026-02-13,IN
u01-002077,user2077@example.com,2026-03-23,GB
u01-002078,user2078@mail.co.in,2026-01-13,IN
u01-002079,user2079@mail.co.in,2026-08-26,DE
u01-002080,user2080@mail.co.in,2026-03-24,US
u01-002081,user2081@corp.io,2026-02-26,IN
u01-002082,user2082@example.com,2026-07-24,SG
u01-002083,user2083@corp.io,2026-07-20,SG
u01-002084,user2084@mail.co.in,2026-02-28,GB
u01-002085,user2085@mail.co.in,2026-03-13,AU
u01-002086,user2086@mail.co.in,2026-07-14,GB
u01-002087,user2087@mail.co.in,2026-06-17,IN
u01-002088,user2088@mail.co.in,2026-01-25,SG
u01-002089,user2089@example.com,2026-02-22,IN
u01-002090,user2090@mail.co.in,2026-03-18,IN
u01-002091,user2091@example.com,2026-07-25,US
u01-002092,user2092@example.com,2026-01-25,AU
u01-002093,user2093@corp.io,2026-06-17,US
u01-002094,user2094@mail.co.in,2026-09-11,IN
u01-002095,user2095@corp.io,2026-07-11,SG
u01-002096,user2096@mail.co.in,2026-03-11,US
u01-002097,user2097@corp.io,2026-02-14,US
u01-002098,user2098@mail.co.in,2026-04-11,US
u01-002099,user2099@example.com,2026-02-14,US
u01-002100,user2100@mail.co.in,2026-09-27,US
u01-002101,user2101@mail.co.in,2026-01-13,GB
u01-002102,user2102@mail.co.in,2026-06-22,IN
u01-002103,user2103@mail.co.in,2026-04-21,DE
u01-002104,user2104@example.com,2026-09-20,IN
u01-002105,user2105@corp.io,2026-08-23,DE
u01-002106,user2106@example.com,2026-03-18,SG
u01-002107,user2107@corp.io,2026-07-13,SG
u01-002108,user2108@corp.io,2026-07-18,US
u01-002109,user2109@uni.edu,2026-02-20,DE
u01-002110,user2110@mail.co.in,2026-03-27,SG
u01-002111,user2111@example.com,2026-01-18,US
u01-002112,user2112@mail.co.in,2026-02-22,SG
u01-002113,user2113@mail.co.in,2026-08-13,SG
u01-002114,user2114@uni.edu,2026-09-19,SG
u01-002115,user2115@uni.edu,2026-07-22,AU
u01-002116,user2116@mail.co.in,2026-07-19,GB
u01-002117,user2117@mail.co.in,2026-06-27,GB
u01-002118,user2118@mail.co.in,2026-06-23,AU
u01-002119,user2119@corp.io,2026-02-28,GB
u01-002120,user2120@uni.edu,2026-01-17,DE
u01-002121,user2121@example.com,2026-08-10,GB
u01-002122,user2122@example.com,2026-03-14,SG
u01-002123,user2123@mail.co.in,2026-08-26,DE
u01-002124,user2124@example.com,2026-06-19,US
u01-002125,user2125@mail.co.in,2026-07-28,DE
u01-002126,user2126@uni.edu,2026-08-23,DE
u01-002127,user2127@corp.io,2026-05-18,GB
u01-002128,user2128@example.com,2026-08-17,SG
u01-002129,user2129@example.com,2026-05-15,SG
u01-002130,user2130@mail.co.in,2026-03-25,AU
u01-002131,user2131@example.com,2026-02-16,AU
u01-002132,user2132@corp.io,2026-02-17,DE
u01-002133,user2133@corp.io,2026-01-25,DE
u01-002134,user2134@example.com,2026-01-28,US
u01-002135,user2135@corp.io,2026-05-18,SG
u01-002136,user2136@example.com,2026-03-15,US
u01-002137,user2137@mail.co.in,2026-06-25,AU
u01-002138,user2138@uni.edu,2026-03-15,SG
u01-002139,user2139@uni.edu,2026-02-21,SG
u01-002140,user2140@uni.edu,2026-03-12,DE
u01-002141,user2141@example.com,2026-03-20,AU
u01-002142,user2142@uni.edu,2026-08-25,GB
u01-002143,user2143@uni.edu,2026-02-12,AU
u01-002144,user2144@example.com,2026-09-22,IN
u01-002145,user2145@example.com,2026-08-23,AU
u01-002146,user2146@example.com,2026-02-11,DE
u01-002147,user2147@corp.io,2026-05-13,SG
u01-002148,user2148@mail.co.in,2026-09-18,GB
u01-002149,user2149@corp.io,2026-08-13,SG
u01-002150,user2150@uni.edu,2026-03-24,AU
u01-002151,user2151@corp.io,2026-02-13,IN
u01-002152,user2152@mail.co.in,2026-06-28,IN
u01-002153,user2153@uni.edu,2026-06-18,SG
u01-002154,user2154@example.com,2026-06-19,SG
u01-002155,user2155@example.com,2026-06-16,DE
u01-002156,user2156@corp.io,2026-07-25,US
u01-002157,user2157@corp.io,2026-05-17,DE
u01-002158,user2158@example.com,2026-07-11,DE
u01-002159,user2159@mail.co.in,2026-07-18,US
u01-002160,user2160@example.com,2026-09-15,AU
u01-002161,user2161@uni.edu,2026-01-22,DE
u01-002162,user2162@mail.co.in,2026-05-14,AU
u01-002163,user2163@example.com,2026-05-26,US
u01-002164,user2164@corp.io,2026-09-24,DE
u01-002165,user2165@corp.io,2026-08-16,AU
u01-002166,user2166@example.com,2026-08-26,GB
u01-002167,user2167@mail.co.in,2026-06-12,GB
u01-002168,user2168@corp.io,2026-07-22,SG
u01-002169,user2169@corp.io,2026-01-27,GB
u01-002170,user2170@example.com,2026-02-15,SG
u01-002171,user2171@mail.co.in,2026-02-15,SG
u01-002172,user2172@example.com,2026-04-18,US
u01-002173,user2173@example.com,2026-02-20,IN
u01-002174,user2174@uni.edu,2026-04-26,IN
u01-002175,user2175@mail.co.in,2026-01-11,SG
u01-002176,user2176@corp.io,2026-08-10,GB
u01-002177,user2177@uni.edu,2026-08-17,IN
u01-002178,user2178@corp.io,2026-01-11,DE
u01-002179,user2179@corp.io,2026-04-21,DE
u01-002180,user2180@uni.edu,2026-09-26,US
u01-002181,user2181@corp.io,2026-02-25,SG
u01-002182,user2182@mail.co.in,2026-02-19,DE
u01-002183,user2183@example.com,2026-06-13,AU
u01-002184,user2184@uni.edu,2026-05-15,US
u01-002185,user2185@corp.io,2026-01-17,AU
u01-002186,user2186@corp.io,2026-01-23,US
u01-002187,user2187@mail.co.in,2026-01-10,GB
u01-002188,user2188@mail.co.in,2026-01-10,AU
u01-002189,user2189@uni.edu,2026-03-22,SG
u01-002190,user2190@corp.io,2026-09-28,US
u01-002191,user2191@example.com,2026-04-15,US
u01-002192,user2192@example.com,2026-07-12,IN
u01-002193,user2193@mail.co.in,2026-08-12,IN
u01-002194,user2194@mail.co.in,2026-02-12,DE
u01-002195,user2195@mail.co.in,2026-02-15,US
u01-002196,user2196@example.com,2026-06-12,DE
u01-002197,user2197@uni.edu,2026-07-13,US
u01-002198,user2198@example.com,2026-04-13,IN
u01-002199,user2199@example.com,2026-05-13,GB
u01-002200,user2200@mail.co.in,2026-06-27,AU
u01-002201,user2201@mail.co.in,2026-06-14,US
u01-002202,user2202@uni.edu,2026-05-23,DE
u01-002203,user2203@uni.edu,2026-03-22,IN
u01-002204,user2204@corp.io,2026-09-10,IN
u01-002205,user2205@corp.io,2026-07-11,US
u01-002206,user2206@mail.co.in,2026-02-24,DE
u01-002207,user2207@uni.edu,2026-06-16,GB
u01-002208,user2208@corp.io,2026-09-27,GB
u01-002209,user2209@corp.io,2026-07-13,US
u01-002210,user2210@uni.edu,2026-05-15,US
u01-002211,user2211@corp.io,2026-08-10,IN
u01-002212,user2212@uni.edu,2026-05-26,GB
u01-002213,user2213@uni.edu,2026-07-23,IN
u01-002214,user2214@mail.co.in,2026-04-28,GB
u01-002215,user2215@mail.co.in,2026-07-16,GB
u01-002216,user2216@mail.co.in,2026-02-20,AU
u01-002217,user2217@example.com,2026-06-12,IN
u01-002218,user2218@mail.co.in,2026-03-20,IN
u01-002219,user2219@uni.edu,2026-07-16,IN
u01-002220,user2220@example.com,2026-04-12,GB
u01-002221,user2221@corp.io,2026-06-22,AU
u01-002222,user2222@corp.io,2026-05-26,SG
u01-002223,user2223@corp.io,2026-01-16,DE
u01-002224,user2224@corp.io,2026-05-26,GB
u01-002225,user2225@uni.edu,2026-01-15,DE
u01-002226,user2226@corp.io,2026-08-17,IN
u01-002227,user2227@uni.edu,2026-05-19,US
u01-002228,user2228@uni.edu,2026-08-13,US
u01-002229,user2229@corp.io,2026-08-10,DE
u01-002230,user2230@corp.io,2026-07-14,US
u01-002231,user2231@mail.co.in,2026-03-14,SG
u01-002232,user2232@example.com,2026-02-23,GB
u01-002233,user2233@mail.co.in,2026-04-27,US
u01-002234,user2234@uni.edu,2026-05-15,SG
u01-002235,user2235@uni.edu,2026-03-19,GB
u01-002236,user2236@example.com,2026-01-19,AU
u01-002237,user2237@corp.io,2026-05-12,GB
u01-002238,user2238@corp.io,2026-03-13,DE
u01-002239,user2239@uni.edu,2026-08-18,SG
u01-002240,user2240@example.com,2026-04-19,SG
u01-002241,user2241@corp.io,2026-07-17,DE
u01-002242,user2242@example.com,2026-04-24,DE
u01-002243,user2243@mail.co.in,2026-08-20,GB
u01-002244,user2244@uni.edu,2026-07-16,DE
u01-002245,user2245@mail.co.in,2026-01-10,AU
u01-002246,user2246@corp.io,2026-07-13,IN
u01-002247,user2247@mail.co.in,2026-08-10,SG
u01-002248,user2248@corp.io,2026-09-28,AU
u01-002249,user2249@example.com,2026-05-25,US
u01-002250,user2250@corp.io,2026-09-26,DE
u01-002251,user2251@corp.io,2026-05-19,US
u01-002252,user2252@mail.co.in,2026-06-21,SG
u01-002253,user2253@mail.co.in,2026-02-22,IN
u01-002254,user2254@example.com,2026-09-25,GB
u01-002255,user2255@example.com,2026-08-26,SG
u01-002256,user2256@corp.io,2026-06-14,AU
u01-002257,user2257@mail.co.in,2026-09-12,US
u01-002258,user2258@mail.co.in,2026-07-11,SG
u01-002259,user2259@mail.co.in,2026-01-15,AU
u01-002260,user2260@uni.edu,2026-04-20,IN
u01-002261,user2261@example.com,2026-09-14,US
u01-002262,user2262@mail.co.in,2026-02-22,GB
u01-002263,user2263@example.com,2026-09-12,SG
u01-002264,user2264@mail.co.in,2026-04-26,US
u01-002265,user2265@example.com,2026-07-22,IN
u01-002266,user2266@corp.io,2026-08-26,GB
u01-002267,user2267@uni.edu,2026-02-17,AU
u01-002268,user2268@example.com,2026-03-28,AU
u01-002269,user2269@example.com,2026-06-21,GB
u01-002270,user2270@example.com,2026-09-20,GB
u01-002271,user2271@mail.co.in,2026-04-28,AU
u01-002272,user2272@corp.io,2026-05-20,DE
u01-002273,user2273@corp.io,2026-06-26,GB
u01-002274,user2274@corp.io,2026-04-25,AU
u01-002275,user2275@corp.io,2026-04-24,SG
u01-002276,user2276@corp.io,2026-08-12,DE
u01-002277,user2277@mail.co.in,2026-08-28,SG
u01-002278,user2278@uni.edu,2026-08-11,GB
u01-002279,user2279@example.com,2026-09-16,AU
u01-002280,user2280@corp.io,2026-02-16,DE
u01-002281,user2281@example.com,2026-07-16,AU
u01-002282,user2282@uni.edu,2026-04-24,DE
u01-002283,user2283@example.com,2026-01-21,IN
u01-002284,user2284@corp.io,2026-08-26,DE
u01-002285,user2285@uni.edu,2026-02-26,SG
u01-002286,user2286@mail.co.in,2026-04-28,GB
u01-002287,user2287@uni.edu,2026-04-26,IN
u01-002288,user2288@corp.io,2026-03-14,AU
u01-002289,user2289@uni.edu,2026-03-18,GB
u01-002290,user2290@mail.co.in,2026-06-25,IN
u01-002291,user2291@corp.io,2026-05-24,DE
u01-002292,user2292@example.com,2026-08-15,AU
u01-002293,user2293@corp.io,2026-08-20,GB
u01-002294,user2294@mail.co.in,2026-01-19,IN
u01-002295,user2295@corp.io,2026-08-22,DE
u01-002296,user2296@example.com,2026-05-21,IN
u01-002297,user2297@uni.edu,2026-06-25,AU
u01-002298,user2298@example.com,2026-05-21,IN
u01-002299,user2299@corp.io,2026-02-20,GB
u01-002300,user2300@mail.co.in,2026-04-27,AU
u01-002301,user2301@example.com,2026-06-17,SG
u01-002302,user2302@mail.co.in,2026-06-18,US
u01-002303,user2303@corp.io,2026-06-13,GB
u01-002304,user2304@corp.io,2026-03-25,AU
u01-002305,user2305@example.com,2026-01-27,IN
u01-002306,user2306@corp.io,2026-03-13,GB
u01-002307,user2307@mail.co.in,2026-07-11,IN
u01-002308,user2308@mail.co.in,2026-03-24,DE
u01-002309,user2309@example.com,2026-07-17,DE
u01-002310,user2310@uni.edu,2026-05-10,IN
u01-002311,user2311@uni.edu,2026-06-19,SG
u01-002312,user2312@corp.io,2026-09-20,AU
u01-002313,user2313@corp.io,2026-08-10,IN
u01-002314,user2314@example.com,2026-08-12,GB
u01-002315,user2315@uni.edu,2026-07-10,IN
u01-002316,user2316@mail.co.in,2026-05-14,IN
u01-002317,user2317@corp.io,2026-09-24,SG
u01-002318,user2318@example.com,2026-04-15,US
u01-002319,user2319@example.com,2026-02-21,DE
u01-002320,user2320@corp.io,2026-09-18,SG
u01-002321,user2321@mail.co.in,2026-01-23,GB
u01-002322,user2322@corp.io,2026-05-21,SG
u01-002323,user2323@example.com,2026-04-14,AU
u01-002324,user2324@corp.io,2026-01-15,US
u01-002325,user2325@corp.io,2026-07-10,US
u01-002326,user2326@uni.edu,2026-06-27,DE
u01-002327,user2327@uni.edu,2026-07-26,IN
u01-002328,user2328@mail.co.in,2026-02-15,GB
u01-002329,user2329@example.com,2026-07-19,US
u01-002330,user2330@uni.edu,2026-04-16,US
u01-002331,user2331@mail.co.in,2026-08-11,SG
u01-002332,user2332@uni.edu,2026-05-11,GB
u01-002333,user2333@mail.co.in,2026-09-26,GB
u01-002334,user2334@corp.io,2026-07-25,DE
u01-002335,user2335@mail.co.in,2026-06-28,IN
u01-002336,user2336@corp.io,2026-03-14,US
u01-002337,user2337@uni.edu,2026-02-25,DE
u01-002338,user2338@corp.io,2026-04-11,US
u01-002339,user2339@uni.edu,2026-07-10,GB
u01-002340,user2340@uni.edu,2026-03-24,US
u01-002341,user2341@uni.edu,2026-09-20,US
u01-002342,user2342@corp.io,2026-05-27,SG
u01-002343,user2343@corp.io,2026-09-15,AU
u01-002344,user2344@mail.co.in,2026-08-19,US
u01-002345,user2345@example.com,2026-05-17,SG
u01-002346,user2346@corp.io,2026-01-22,IN
u01-002347,user2347@example.com,2026-01-18,SG
u01-002348,user2348@example.com,2026-06-26,GB
u01-002349,user2349@example.com,2026-05-16,US
u01-002350,user2350@uni.edu,2026-03-24,DE
u01-002351,user2351@corp.io,2026-05-18,AU
u01-002352,user2352@corp.io,2026-05-11,IN
u01-002353,user2353@example.com,2026-06-24,DE
u01-002354,user2354@example.com,2026-07-25,AU
u01-002355,user2355@corp.io,2026-09-23,DE
u01-002356,user2356@uni.edu,2026-05-13,SG
u01-002357,user2357@corp.io,2026-02-11,GB
u01-002358,user2358@example.com,2026-05-13,IN
u01-002359,user2359@uni.edu,2026-01-11,AU
u01-002360,user2360@uni.edu,2026-09-17,US
u01-002361,user2361@corp.io,2026-04-18,SG
u01-002362,user2362@example.com,2026-02-27,AU
u01-002363,user2363@mail.co.in,2026-01-26,GB
u01-002364,user2364@example.com,2026-01-22,SG
u01-002365,user2365@corp.io,2026-09-26,GB
u01-002366,user2366@mail.co.in,2026-09-25,DE
u01-002367,user2367@uni.edu,2026-07-11,SG
u01-002368,user2368@example.com,2026-04-23,AU
u01-002369,user2369@uni.edu,2026-03-16,IN
u01-002370,user2370@example.com,2026-03-28,US
u01-002371,user2371@example.com,2026-01-11,AU
u01-002372,user2372@example.com,2026-01-17,AU
u01-002373,user2373@example.com,2026-08-17,US
u01-002374,user2374@example.com,2026-09-17,US
u01-002375,user2375@corp.io,2026-05-17,DE
u01-002376,user2376@corp.io,2026-04-27,GB
u01-002377,user2377@mail.co.in,2026-06-19,AU
u01-002378,user2378@uni.edu,2026-06-11,GB
u01-002379,user2379@mail.co.in,2026-09-20,AU
u01-002380,user2380@example.com,2026-01-25,SG
u01-002381,user2381@example.com,2026-01-21,SG
u01-002382,user2382@mail.co.in,2026-03-19,AU
u01-002383,user2383@example.com,2026-04-14,IN
u01-002384,user2384@example.com,2026-08-19,IN
u01-002385,user2385@corp.io,2026-02-24,DE
u01-002386,user2386@corp.io,2026-02-26,SG
u01-002387,user2387@corp.io,2026-06-21,GB
u01-002388,user2388@corp.io,2026-08-17,AU
u01-002389,user2389@uni.edu,2026-06-21,GB
u01-002390,user2390@uni.edu,2026-08-12,DE
u01-002391,user2391@mail.co.in,2026-01-18,SG
u01-002392,user2392@uni.edu,2026-03-10,IN
u01-002393,user2393@example.com,2026-04-25,SG
u01-002394,user2394@corp.io,2026-04-28,DE
u01-002395,user2395@example.com,2026-01-14,US
u01-002396,user2396@mail.co.in,2026-06-11,GB
u01-002397,user2397@corp.io,2026-06-13,DE
u01-002398,user2398@example.com,2026-05-28,GB
u01-002399,user2399@corp.io,2026-04-23,GB
u01-002400,user2400@example.com,2026-06-25,GB
u01-002401,user2401@mail.co.in,2026-05-18,AU
u01-002402,user2402@corp.io,2026-09-19,US
u01-002403,user2403@corp.io,2026-03-17,DE
u01-002404,user2404@example.com,2026-01-11,DE
u01-002405,user2405@example.com,2026-09-22,GB
u01-002406,user2406@mail.co.in,2026-09-24,AU
u01-002407,user2407@uni.edu,2026-07-17,SG
u01-002408,user2408@mail.co.in,2026-07-22,GB
u01-002409,user2409@mail.co.in,2026-01-12,DE
u01-002410,user2410@mail.co.in,2026-01-12,US
u01-002411,user2411@example.com,2026-03-23,SG
u01-002412,user2412@uni.edu,2026-09-12,US
u01-002413,user2413@corp.io,2026-01-13,IN
u01-002414,user2414@uni.edu,2026-07-28,IN
u01-002415,user2415@uni.edu,2026-01-13,GB
u01-002416,user2416@mail.co.in,2026-03-12,AU
u01-002417,user2417@example.com,2026-04-10,US
u01-002418,user2418@corp.io,2026-06-14,IN
u01-002419,user2419@uni.edu,2026-02-21,US
u01-002420,user2420@uni.edu,2026-09-26,IN
u01-002421,user2421@example.com,2026-01-21,US
u01-002422,user2422@uni.edu,2026-08-24,GB
u01-002423,user2423@corp.io,2026-09-27,US
u01-002424,user2424@example.com,2026-08-12,AU
u01-002425,user2425@corp.io,2026-03-24,SG
u01-002426,user2426@mail.co.in,2026-08-16,SG
u01-002427,user2427@uni.edu,2026-05-12,US
u01-002428,user2428@corp.io,2026-01-19,AU
u01-002429,user2429@mail.co.in,2026-07-16,DE
u01-002430,user2430@uni.edu,2026-09-11,IN
u01-002431,user2431@uni.edu,2026-08-17,GB
u01-002432,user2432@example.com,2026-07-27,AU
u01-002433,user2433@uni.edu,2026-01-19,DE
u01-002434,user2434@uni.edu,2026-01-26,IN
u01-002435,user2435@example.com,2026-07-17,AU
u01-002436,user2436@mail.co.in,2026-06-10,IN
u01-002437,user2437@corp.io,2026-06-18,DE
u01-002438,user2438@uni.edu,2026-08-16,AU
u01-002439,user2439@mail.co.in,2026-02-13,SG
u01-002440,user2440@uni.edu,2026-08-28,IN
u01-002441,user2441@example.com,2026-06-19,GB
u01-002442,user2442@corp.io,2026-03-18,DE
u01-002443,user2443@corp.io,2026-09-27,IN
u01-002444,user2444@corp.io,2026-05-28,IN
u01-002445,user2445@corp.io,2026-04-19,IN
u01-002446,user2446@example.com,2026-08-20,US
u01-002447,user2447@example.com,2026-07-22,GB
u01-002448,user2448@uni.edu,2026-01-19,AU
u01-002449,user2449@mail.co.in,2026-03-10,AU
u01-002450,user2450@corp.io,2026-08-25,US
u01-002451,user2451@corp.io,2026-01-13,US
u01-002452,user2452@corp.io,2026-02-10,IN
u01-002453,user2453@corp.io,2026-03-11,GB
u01-002454,user2454@mail.co.in,2026-02-26,SG
u01-002455,user2455@corp.io,2026-09-14,SG
u01-002456,user2456@corp.io,2026-01-25,US
u01-002457,user2457@corp.io,2026-05-10,SG
u01-002458,user2458@mail.co.in,2026-01-25,DE
u01-002459,user2459@mail.co.in,2026-01-16,GB
u01-002460,user2460@uni.edu,2026-09-27,AU
u01-002461,user2461@mail.co.in,2026-06-20,IN
u01-002462,user2462@example.com,2026-06-17,US
u01-002463,user2463@uni.edu,2026-05-24,DE
u01-002464,user2464@example.com,2026-03-22,US
u01-002465,user2465@example.com,2026-02-27,IN
u01-002466,user2466@mail.co.in,2026-04-19,GB
u01-002467,user2467@mail.co.in,2026-02-16,DE
u01-002468,user2468@mail.co.in,2026-03-16,DE
u01-002469,user2469@example.com,2026-03-14,DE
u01-002470,user2470@example.com,2026-04-28,SG
u01-002471,user2471@uni.edu,2026-08-20,AU
u01-002472,user2472@uni.edu,2026-05-24,US
u01-002473,user2473@example.com,2026-07-25,SG
u01-002474,user2474@mail.co.in,2026-01-13,US
u01-002475,user2475@mail.co.in,2026-05-14,AU
u01-002476,user2476@corp.io,2026-03-23,GB
u01-002477,user2477@uni.edu,2026-01-13,SG
u01-002478,user2478@corp.io,2026-08-25,US
u01-002479,user2479@uni.edu,2026-05-26,AU
u01-002480,user2480@example.com,2026-07-16,SG
u01-002481,user2481@mail.co.in,2026-06-19,DE
u01-002482,user2482@mail.co.in,2026-09-27,IN
u01-002483,user2483@mail.co.in,2026-01-13,US
u01-002484,user2484@corp.io,2026-03-27,AU
u01-002485,user2485@uni.edu,2026-05-11,SG
u01-002486,user2486@example.com,2026-08-18,AU
u01-002487,user2487@uni.edu,2026-04-23,AU
u01-002488,user2488@corp.io,2026-07-18,AU
u01-002489,user2489@uni.edu,2026-01-13,US
u01-002490,user2490@example.com,2026-01-14,AU
u01-002491,user2491@corp.io,2026-08-12,US
u01-002492,user2492@mail.co.in,2026-09-24,AU
u01-002493,user2493@corp.io,2026-04-20,DE
u01-002494,user2494@corp.io,2026-05-10,US
u01-002495,user2495@mail.co.in,2026-04-20,US
u01-002496,user2496@example.com,2026-07-14,GB
u01-002497,user2497@uni.edu,2026-08-27,US
u01-002498,user2498@corp.io,2026-09-12,US
u01-002499,user2499@example.com,2026-09-23,AU
u01-002500,user2500@example.com,2026-04-26,SG
u01-002501,user2501@corp.io,2026-09-22,AU
u01-002502,user2502@mail.co.in,2026-09-23,IN
u01-002503,user2503@example.com,2026-08-13,US
u01-002504,user2504@corp.io,2026-08-10,IN
u01-002505,user2505@mail.co.in,2026-06-27,SG
u01-002506,user2506@uni.edu,2026-06-22,US
u01-002507,user2507@corp.io,2026-04-10,GB
u01-002508,user2508@example.com,2026-04-11,AU
u01-002509,user2509@example.com,2026-02-23,DE
u01-002510,user2510@corp.io,2026-07-10,US
u01-002511,user2511@mail.co.in,2026-03-24,GB
u01-002512,user2512@uni.edu,2026-01-12,US
u01-002513,user2513@corp.io,2026-02-25,US
u01-002514,user2514@example.com,2026-07-16,DE
u01-002515,user2515@corp.io,2026-04-23,SG
u01-002516,user2516@corp.io,2026-09-23,AU
u01-002517,user2517@mail.co.in,2026-03-12,US
u01-002518,user2518@corp.io,2026-03-24,US
u01-002519,user2519@uni.edu,2026-04-25,GB
u01-002520,user2520@example.com,2026-07-21,DE
u01-002521,user2521@uni.edu,2026-06-27,AU
u01-002522,user2522@mail.co.in,2026-01-23,SG
u01-002523,user2523@mail.co.in,2026-01-11,AU
u01-002524,user2524@uni.edu,2026-02-24,SG
u01-002525,user2525@example.com,2026-05-17,SG
u01-002526,user2526@uni.edu,2026-03-19,AU
u01-002527,user2527@uni.edu,2026-04-16,US
u01-002528,user2528@corp.io,2026-08-13,DE
u01-002529,user2529@uni.edu,2026-04-10,DE
u01-002530,user2530@mail.co.in,2026-09-18,IN
u01-002531,user2531@corp.io,2026-05-28,US
u01-002532,user2532@mail.co.in,2026-09-21,DE
u01-002533,user2533@corp.io,2026-02-12,AU
u01-002534,user2534@mail.co.in,2026-01-15,DE
u01-002535,user2535@example.com,2026-05-15,DE
u01-002536,user2536@mail.co.in,2026-01-22,SG
u01-002537,user2537@uni.edu,2026-06-23,SG
u01-002538,user2538@uni.edu,2026-01-27,IN
u01-002539,user2539@mail.co.in,2026-08-11,SG
u01-002540,user2540@uni.edu,2026-03-25,AU
u01-002541,user2541@corp.io,2026-02-21,DE
u01-002542,user2542@corp.io,2026-03-16,GB
u01-002543,user2543@mail.co.in,2026-04-15,IN
u01-002544,user2544@uni.edu,2026-09-17,IN
u01-002545,user2545@uni.edu,2026-01-28,AU
u01-002546,user2546@uni.edu,2026-02-19,IN
u01-002547,user2547@example.com,2026-03-22,US
u01-002548,user2548@example.com,2026-05-18,DE
u01-002549,user2549@example.com,2026-08-22,GB
u01-002550,user2550@uni.edu,2026-04-15,AU
u01-002551,user2551@uni.edu,2026-09-16,AU
u01-002552,user2552@corp.io,2026-02-24,IN
u01-002553,user2553@mail.co.in,2026-03-23,AU
u01-002554,user2554@example.com,2026-01-16,AU
u01-002555,user2555@mail.co.in,2026-07-11,GB
u01-002556,user2556@example.com,2026-01-17,GB
u01-002557,user2557@corp.io,2026-01-13,US
u01-002558,user2558@mail.co.in,2026-06-19,GB
u01-002559,user2559@uni.edu,2026-07-24,SG
u01-002560,user2560@corp.io,2026-09-19,US
u01-002561,user2561@corp.io,2026-06-25,IN
u01-002562,user2562@corp.io,2026-01-25,GB
u01-002563,user2563@corp.io,2026-05-28,DE
u01-002564,user2564@mail.co.in,2026-06-25,DE
u01-002565,user2565@mail.co.in,2026-05-28,US
u01-002566,user2566@uni.edu,2026-05-11,DE
u01-002567,user2567@uni.edu,2026-06-27,GB
u01-002568,user2568@corp.io,2026-08-13,DE
u01-002569,user2569@mail.co.in,2026-08-20,AU
u01-002570,user2570@corp.io,2026-09-24,US
u01-002571,user2571@corp.io,2026-07-28,AU
u01-002572,user2572@example.com,2026-02-25,AU
u01-002573,user2573@mail.co.in,2026-02-27,DE
u01-002574,user2574@uni.edu,2026-06-27,AU
u01-002575,user2575@corp.io,2026-09-23,SG
u01-002576,user2576@mail.co.in,2026-05-23,AU
u01-002577,user2577@mail.co.in,2026-03-25,SG
u01-002578,user2578@uni.edu,2026-02-15,AU
u01-002579,user2579@mail.co.in,2026-09-21,DE
u01-002580,user2580@mail.co.in,2026-09-10,DE
u01-002581,user2581@mail.co.in,2026-05-27,DE
u01-002582,user2582@example.com,2026-05-19,GB
u01-002583,user2583@example.com,2026-07-16,IN
u01-002584,user2584@corp.io,2026-02-22,IN
u01-002585,user2585@corp.io,2026-07-19,AU
u01-002586,user2586@uni.edu,2026-06-25,IN
u01-002587,user2587@mail.co.in,2026-09-14,DE
u01-002588,user2588@example.com,2026-06-24,US
u01-002589,user2589@example.com,2026-05-15,IN
u01-002590,user2590@example.com,2026-09-28,IN
u01-002591,user2591@uni.edu,2026-08-10,AU
u01-002592,user2592@corp.io,2026-08-13,SG
u01-002593,user2593@mail.co.in,2026-03-19,GB
u01-002594,user2594@uni.edu,2026-07-15,GB
u01-002595,user2595@example.com,2026-04-26,GB
u01-002596,user2596@corp.io,2026-05-12,AU
u01-002597,user2597@corp.io,2026-08-22,GB
u01-002598,user2598@mail.co.in,2026-01-16,US
u01-002599,user2599@uni.edu,2026-08-25,IN
u01-002600,user2600@example.com,2026-05-23,GB
u01-002601,user2601@example.com,2026-09-13,DE
u01-002602,user2602@mail.co.in,2026-01-20,US
u01-002603,user2603@example.com,2026-05-13,DE
u01-002604,user2604@uni.edu,2026-05-11,AU
u01-002605,user2605@mail.co.in,2026-05-20,IN
u01-002606,user2606@example.com,2026-05-28,IN
u01-002607,user2607@mail.co.in,2026-09-17,AU
u01-002608,user2608@mail.co.in,2026-07-17,AU
u01-002609,user2609@corp.io,2026-01-22,IN
u01-002610,user2610@uni.edu,2026-06-20,GB
u01-002611,user2611@uni.edu,2026-08-18,AU
u01-002612,user2612@uni.edu,2026-04-28,SG
u01-002613,user2613@corp.io,2026-07-26,SG
u01-002614,user2614@example.com,2026-09-11,US
u01-002615,user2615@example.com,2026-08-10,DE
u01-002616,user2616@uni.edu,2026-04-26,DE
u01-002617,user2617@example.com,2026-07-22,IN
u01-002618,user2618@uni.edu,2026-05-19,IN
u01-002619,user2619@mail.co.in,2026-02-28,IN
u01-002620,user2620@uni.edu,2026-02-10,GB
u01-002621,user2621@corp.io,2026-08-20,US
u01-002622,user2622@example.com,2026-09-26,GB
u01-002623,user2623@corp.io,2026-06-16,US
u01-002624,user2624@corp.io,2026-05-25,DE
u01-002625,user2625@example.com,2026-03-11,SG
u01-002626,user2626@example.com,2026-09-19,US
u01-002627,user2627@uni.edu,2026-05-28,AU
u01-002628,user2628@example.com,2026-06-25,US
u01-002629,user2629@mail.co.in,2026-02-20,IN
u01-002630,user2630@uni.edu,2026-05-28,AU
u01-002631,user2631@uni.edu,2026-01-26,GB
u01-002632,user2632@mail.co.in,2026-03-13,AU
u01-002633,user2633@example.com,2026-07-24,DE
u01-002634,user2634@mail.co.in,2026-03-19,US
u01-002635,user2635@uni.edu,2026-06-23,AU
u01-002636,user2636@mail.co.in,2026-01-28,DE
u01-002637,user2637@uni.edu,2026-02-11,US
u01-002638,user2638@mail.co.in,2026-04-10,IN
u01-002639,user2639@uni.edu,2026-08-19,SG
u01-002640,user2640@example.com,2026-04-10,US
u01-002641,user2641@example.com,2026-08-22,IN
u01-002642,user2642@uni.edu,2026-06-22,IN
u01-002643,user2643@mail.co.in,2026-09-28,AU
u01-002644,user2644@uni.edu,2026-05-22,IN
u01-002645,user2645@corp.io,2026-07-19,AU
u01-002646,user2646@uni.edu,2026-08-16,GB
u01-002647,user2647@mail.co.in,2026-08-17,IN
u01-002648,user2648@mail.co.in,2026-09-18,IN
u01-002649,user2649@example.com,2026-09-24,US
u01-002650,user2650@corp.io,2026-06-13,DE
u01-002651,user2651@uni.edu,2026-06-15,US
u01-002652,user2652@example.com,2026-06-24,US
u01-002653,user2653@example.com,2026-07-11,US
u01-002654,user2654@example.com,2026-09-13,AU
u01-002655,user2655@corp.io,2026-06-24,AU
u01-002656,user2656@corp.io,2026-02-19,DE
u01-002657,user2657@mail.co.in,2026-02-19,US
u01-002658,user2658@uni.edu,2026-01-28,DE
u01-002659,user2659@uni.edu,2026-04-11,SG
u01-002660,user2660@mail.co.in,2026-01-12,GB
u01-002661,user2661@mail.co.in,2026-04-27,DE
u01-002662,user2662@corp.io,2026-06-18,AU
u01-002663,user2663@example.com,2026-08-12,DE
u01-002664,user2664@corp.io,2026-06-16,US
u01-002665,user2665@example.com,2026-02-28,DE
u01-002666,user2666@uni.edu,2026-09-14,IN
u01-002667,user2667@uni.edu,2026-07-12,AU
u01-002668,user2668@corp.io,2026-05-18,US
u01-002669,user2669@uni.edu,2026-08-16,SG
u01-002670,user2670@example.com,2026-01-28,DE
u01-002671,user2671@mail.co.in,2026-04-24,SG
u01-002672,user2672@mail.co.in,2026-08-12,IN
u01-002673,user2673@example.com,2026-05-15,DE
u01-002674,user2674@example.com,2026-03-14,IN
u01-002675,user2675@corp.io,2026-03-13,DE
u01-002676,user2676@example.com,2026-08-10,US
u01-002677,user2677@example.com,2026-02-16,GB
u01-002678,user2678@example.com,2026-01-10,DE
u01-002679,user2679@corp.io,2026-04-19,SG
u01-002680,user2680@mail.co.in,2026-03-26,SG
u01-002681,user2681@corp.io,2026-05-24,US
u01-002682,user2682@example.com,2026-06-26,AU
u01-002683,user2683@example.com,2026-07-18,DE
u01-002684,user2684@mail.co.in,2026-06-21,GB
u01-002685,user2685@uni.edu,2026-02-10,SG
u01-002686,user2686@example.com,2026-08-16,GB
u01-002687,user2687@uni.edu,2026-09-21,GB
u01-002688,user2688@example.com,2026-05-16,IN
u01-002689,user2689@uni.edu,2026-02-16,GB
u01-002690,user2690@uni.edu,2026-05-14,AU
u01-002691,user2691@example.com,2026-08-16,US
u01-002692,user2692@example.com,2026-07-25,SG
u01-002693,user2693@uni.edu,2026-05-15,DE
u01-002694,user2694@mail.co.in,2026-06-28,SG
u01-002695,user2695@corp.io,2026-02-19,US
u01-002696,user2696@example.com,2026-04-18,US
u01-002697,user2697@uni.edu,2026-06-27,AU
u01-002698,user2698@example.com,2026-03-23,IN
u01-002699,user2699@mail.co.in,2026-04-18,IN
u01-002700,user2700@corp.io,2026-01-10,IN
u01-002701,user2701@uni.edu,2026-03-25,AU
u01-002702,user2702@corp.io,2026-06-20,DE
u01-002703,user2703@corp.io,2026-09-16,SG
u01-002704,user2704@corp.io,2026-06-18,US
u01-002705,user2705@uni.edu,2026-07-22,US
u01-002706,user2706@mail.co.in,2026-06-18,SG
u01-002707,user2707@example.com,2026-03-28,US
u01-002708,user2708@example.com,2026-04-10,IN
u01-002709,user2709@uni.edu,2026-05-24,GB
u01-002710,user2710@example.com,2026-08-12,AU
u01-002711,user2711@mail.co.in,2026-04-25,US
u01-002712,user2712@uni.edu,2026-09-16,IN
u01-002713,user2713@uni.edu,2026-01-23,GB
u01-002714,user2714@mail.co.in,2026-09-13,GB
u01-002715,user2715@uni.edu,2026-02-20,GB
u01-002716,user2716@example.com,2026-07-23,AU
u01-002717,user2717@mail.co.in,2026-04-23,SG
u01-002718,user2718@example.com,2026-06-22,GB
u01-002719,user2719@corp.io,2026-08-27,GB
u01-002720,user2720@uni.edu,2026-03-25,GB
u01-002721,user2721@mail.co.in,2026-04-13,IN
u01-002722,user2722@corp.io,2026-06-28,US
u01-002723,user2723@corp.io,2026-04-28,GB
u01-002724,user2724@example.com,2026-01-26,SG
u01-002725,user2725@mail.co.in,2026-01-15,SG
u01-002726,user2726@example.com,2026-01-19,IN
u01-002727,user2727@uni.edu,2026-08-15,GB
u01-002728,user2728@example.com,2026-03-17,AU
u01-002729,user2729@uni.edu,2026-04-13,SG
u01-002730,user2730@example.com,2026-01-10,AU
u01-002731,user2731@example.com,2026-02-12,US
u01-002732,user2732@uni.edu,2026-08-15,DE
u01-002733,user2733@example.com,2026-06-16,AU
u01-002734,user2734@mail.co.in,2026-01-27,IN
u01-002735,user2735@uni.edu,2026-02-27,DE
u01-002736,user2736@corp.io,2026-03-22,GB
u01-002737,user2737@mail.co.in,2026-07-17,GB
u01-002738,user2738@example.com,2026-02-16,US
u01-002739,user2739@mail.co.in,2026-03-17,IN
u01-002740,user2740@uni.edu,2026-03-21,DE
u01-002741,user2741@mail.co.in,2026-02-10,SG
u01-002742,user2742@example.com,2026-02-18,SG
u01-002743,user2743@example.com,2026-08-19,IN
u01-002744,user2744@mail.co.in,2026-06-25,US
u01-002745,user2745@example.com,2026-09-25,SG
u01-002746,user2746@corp.io,2026-05-12,IN
u01-002747,user2747@mail.co.in,2026-08-28,GB
u01-002748,user2748@corp.io,2026-04-16,AU
u01-002749,user2749@mail.co.in,2026-01-14,US
u01-002750,user2750@mail.co.in,2026-07-13,AU
u01-002751,user2751@corp.io,2026-07-11,AU
u01-002752,user2752@example.com,2026-08-22,SG
u01-002753,user2753@example.com,2026-05-19,AU
u01-002754,user2754@corp.io,2026-03-27,AU
u01-002755,user2755@corp.io,2026-09-27,SG
u01-002756,user2756@uni.edu,2026-03-23,US
u01-002757,user2757@mail.co.in,2026-09-16,SG
u01-002758,user2758@example.com,2026-05-16,IN
u01-002759,user2759@corp.io,2026-09-14,SG
u01-002760,user2760@corp.io,2026-03-13,IN
u01-002761,user2761@mail.co.in,2026-05-25,GB
u01-002762,user2762@example.com,2026-09-10,US
u01-002763,user2763@example.com,2026-03-19,DE
u01-002764,user2764@mail.co.in,2026-02-13,SG
u01-002765,user2765@uni.edu,2026-03-12,IN
u01-002766,user2766@uni.edu,2026-07-13,DE
u01-002767,user2767@uni.edu,2026-07-17,DE
u01-002768,user2768@corp.io,2026-07-27,IN
u01-002769,user2769@uni.edu,2026-01-20,GB
u01-002770,user2770@mail.co.in,2026-06-12,US
u01-002771,user2771@uni.edu,2026-03-16,AU
u01-002772,user2772@example.com,2026-05-25,US
u01-002773,user2773@corp.io,2026-06-21,IN
u01-002774,user2774@mail.co.in,2026-03-26,SG
u01-002775,user2775@corp.io,2026-09-19,SG
u01-002776,user2776@uni.edu,2026-01-26,AU
u01-002777,user2777@example.com,2026-07-14,AU
u01-002778,user2778@corp.io,2026-06-24,AU
u01-002779,user2779@mail.co.in,2026-01-13,DE
u01-002780,user2780@uni.edu,2026-08-13,IN
u01-002781,user2781@uni.edu,2026-04-20,IN
u01-002782,user2782@uni.edu,2026-04-28,SG
u01-002783,user2783@corp.io,2026-06-24,IN
u01-002784,user2784@uni.edu,2026-08-20,IN
u01-002785,user2785@uni.edu,2026-03-23,US
u01-002786,user2786@corp.io,2026-05-21,SG
u01-002787,user2787@uni.edu,2026-05-28,SG
u01-002788,user2788@corp.io,2026-03-23,GB
u01-002789,user2789@example.com,2026-08-28,US
u01-002790,user2790@example.com,2026-03-18,IN
u01-002791,user2791@uni.edu,2026-07-15,IN
u01-002792,user2792@mail.co.in,2026-05-23,SG
u01-002793,user2793@uni.edu,2026-09-24,US
u01-002794,user2794@example.com,2026-08-13,SG
u01-002795,user2795@example.com,2026-08-17,US
u01-002796,user2796@corp.io,2026-03-11,US
u01-002797,user2797@mail.co.in,2026-07-17,IN
u01-002798,user2798@mail.co.in,2026-07-26,AU
u01-002799,user2799@mail.co.in,2026-07-28,DE
u01-002800,user2800@example.com,2026-09-28,AU
u01-002801,user2801@mail.co.in,2026-04-13,AU
u01-002802,user2802@corp.io,2026-03-19,US
u01-002803,user2803@uni.edu,2026-03-26,AU
u01-002804,user2804@example.com,2026-07-27,IN
u01-002805,user2805@mail.co.in,2026-07-13,DE
u01-002806,user2806@corp.io,2026-05-22,GB
u01-002807,user2807@uni.edu,2026-03-13,DE
u01-002808,user2808@corp.io,2026-09-10,IN
u01-002809,user2809@mail.co.in,2026-09-20,DE
u01-002810,user2810@mail.co.in,2026-03-25,AU
u01-002811,user2811@corp.io,2026-05-20,IN
u01-002812,user2812@corp.io,2026-06-17,IN
u01-002813,user2813@corp.io,2026-06-27,AU
u01-002814,user2814@mail.co.in,2026-03-18,GB
u01-002815,user2815@uni.edu,2026-04-18,DE
u01-002816,user2816@example.com,2026-07-23,GB
u01-002817,user2817@corp.io,2026-06-19,AU
u01-002818,user2818@corp.io,2026-01-24,IN
u01-002819,user2819@corp.io,2026-06-25,SG
u01-002820,user2820@uni.edu,2026-01-26,GB
u01-002821,user2821@example.com,2026-06-20,AU
u01-002822,user2822@uni.edu,2026-06-25,AU
u01-002823,user2823@corp.io,2026-01-19,SG
u01-002824,user2824@example.com,2026-05-12,IN
u01-002825,user2825@example.com,2026-01-16,US
u01-002826,user2826@corp.io,2026-06-15,AU
u01-002827,user2827@mail.co.in,2026-07-26,US
u01-002828,user2828@example.com,2026-07-14,DE
u01-002829,user2829@mail.co.in,2026-08-21,GB
u01-002830,user2830@example.com,2026-01-10,SG
u01-002831,user2831@corp.io,2026-08-12,DE
u01-002832,user2832@mail.co.in,2026-07-11,SG
u01-002833,user2833@example.com,2026-02-22,AU
u01-002834,user2834@uni.edu,2026-01-24,GB
u01-002835,user2835@mail.co.in,2026-07-23,GB
u01-002836,user2836@example.com,2026-09-27,AU
u01-002837,user2837@mail.co.in,2026-03-20,DE
u01-002838,user2838@example.com,2026-01-20,US
u01-002839,user2839@mail.co.in,2026-01-24,AU
u01-002840,user2840@uni.edu,2026-06-11,US
u01-002841,user2841@uni.edu,2026-01-17,DE
u01-002842,user2842@uni.edu,2026-06-14,DE
u01-002843,user2843@example.com,2026-05-25,SG
u01-002844,user2844@example.com,2026-02-21,SG
u01-002845,user2845@uni.edu,2026-03-26,US
u01-002846,user2846@example.com,2026-05-18,IN
u01-002847,user2847@uni.edu,2026-03-13,DE
u01-002848,user2848@uni.edu,2026-01-14,DE
u01-002849,user2849@uni.edu,2026-02-28,IN
u01-002850,user2850@mail.co.in,2026-08-24,GB
u01-002851,user2851@corp.io,2026-01-26,IN
u01-002852,user2852@corp.io,2026-01-13,SG
u01-002853,user2853@corp.io,2026-02-19,DE
u01-002854,user2854@corp.io,2026-04-27,US
u01-002855,user2855@mail.co.in,2026-01-23,GB
u01-002856,user2856@uni.edu,2026-03-12,SG
u01-002857,user2857@uni.edu,2026-01-28,AU
u01-002858,user2858@mail.co.in,2026-07-27,DE
u01-002859,user2859@mail.co.in,2026-08-14,IN
u01-002860,user2860@example.com,2026-02-11,AU
u01-002861,user2861@example.com,2026-01-26,SG
u01-002862,user2862@example.com,2026-08-17,IN
u01-002863,user2863@example.com,2026-07-24,IN
u01-002864,user2864@corp.io,2026-09-18,IN
u01-002865,user2865@corp.io,2026-08-24,US
u01-002866,user2866@example.com,2026-07-15,DE
u01-002867,user2867@corp.io,2026-02-26,AU
u01-002868,user2868@example.com,2026-06-22,AU
u01-002869,user2869@example.com,2026-08-28,DE
u01-002870,user2870@mail.co.in,2026-09-24,AU
u01-002871,user2871@mail.co.in,2026-02-18,DE
u01-002872,user2872@corp.io,2026-03-14,AU
u01-002873,user2873@corp.io,2026-02-28,DE
u01-002874,user2874@uni.edu,2026-08-24,SG
u01-002875,user2875@uni.edu,2026-06-28,DE
u01-002876,user2876@uni.edu,2026-01-24,IN
u01-002877,user2877@mail.co.in,2026-06-17,US
u01-002878,user2878@mail.co.in,2026-09-22,DE
u01-002879,user2879@example.com,2026-09-17,US
u01-002880,user2880@mail.co.in,2026-06-27,DE
u01-002881,user2881@mail.co.in,2026-04-18,US
u01-002882,user2882@uni.edu,2026-06-16,AU
u01-002883,user2883@corp.io,2026-04-21,GB
u01-002884,user2884@uni.edu,2026-06-13,US
u01-002885,user2885@corp.io,2026-03-21,IN
u01-002886,user2886@example.com,2026-03-20,GB
u01-002887,user2887@corp.io,2026-01-19,US
u01-002888,user2888@uni.edu,2026-03-23,SG
u01-002889,user2889@mail.co.in,2026-04-18,SG
u01-002890,user2890@uni.edu,2026-07-18,DE
u01-002891,user2891@uni.edu,2026-01-12,US
u01-002892,user2892@corp.io,2026-05-16,IN
u01-002893,user2893@example.com,2026-02-19,SG
u01-002894,user2894@uni.edu,2026-04-19,GB
u01-002895,user2895@example.com,2026-07-10,AU
u01-002896,user2896@example.com,2026-06-19,AU
u01-002897,user2897@mail.co.in,2026-09-10,US
u01-002898,user2898@example.com,2026-02-12,AU
u01-002899,user2899@example.com,2026-03-11,IN
u01-002900,user2900@corp.io,2026-04-25,IN
u01-002901,user2901@example.com,2026-01-24,SG
u01-002902,user2902@example.com,2026-01-21,AU
u01-002903,user2903@corp.io,2026-05-28,SG
u01-002904,user2904@mail.co.in,2026-03-15,GB
u01-002905,user2905@mail.co.in,2026-09-12,IN
u01-002906,user2906@corp.io,2026-01-16,US
u01-002907,user2907@uni.edu,2026-07-15,DE
u01-002908,user2908@uni.edu,2026-05-23,AU
u01-002909,user2909@example.com,2026-02-19,DE
u01-002910,user2910@corp.io,2026-06-18,SG
u01-002911,user2911@example.com,2026-04-17,US
u01-002912,user2912@corp.io,2026-08-28,IN
u01-002913,user2913@example.com,2026-01-24,DE
u01-002914,user2914@uni.edu,2026-03-15,DE
u01-002915,user2915@mail.co.in,2026-02-23,DE
u01-002916,user2916@example.com,2026-04-26,GB
u01-002917,user2917@mail.co.in,2026-04-27,AU
u01-002918,user2918@corp.io,2026-07-26,US
u01-002919,user2919@uni.edu,2026-07-16,IN
u01-002920,user2920@corp.io,2026-05-28,AU
u01-002921,user2921@mail.co.in,2026-09-10,IN
u01-002922,user2922@uni.edu,2026-05-11,IN
u01-002923,user2923@mail.co.in,2026-05-23,IN
u01-002924,user2924@uni.edu,2026-06-21,DE
u01-002925,user2925@mail.co.in,2026-01-18,SG
u01-002926,user2926@uni.edu,2026-03-20,US
u01-002927,user2927@corp.io,2026-07-26,DE
u01-002928,user2928@mail.co.in,2026-03-21,IN
u01-002929,user2929@uni.edu,2026-04-23,IN
u01-002930,user2930@uni.edu,2026-07-24,US
u01-002931,user2931@example.com,2026-04-11,AU
u01-002932,user2932@corp.io,2026-06-14,DE
u01-002933,user2933@mail.co.in,2026-08-18,US
u01-002934,user2934@example.com,2026-07-24,DE
u01-002935,user2935@uni.edu,2026-09-28,DE
u01-002936,user2936@example.com,2026-03-28,IN
u01-002937,user2937@mail.co.in,2026-07-13,AU
u01-002938,user2938@corp.io,2026-08-16,IN
u01-002939,user2939@mail.co.in,2026-09-18,IN
u01-002940,user2940@mail.co.in,2026-06-14,AU
u01-002941,user2941@uni.edu,2026-07-20,SG
u01-002942,user2942@uni.edu,2026-08-28,SG
u01-002943,user2943@corp.io,2026-08-22,IN
u01-002944,user2944@uni.edu,2026-04-13,US
u01-002945,user2945@example.com,2026-04-22,AU
u01-002946,user2946@corp.io,2026-09-21,GB
u01-002947,user2947@corp.io,2026-04-28,SG
u01-002948,user2948@example.com,2026-05-27,AU
u01-002949,user2949@example.com,2026-07-22,IN
u01-002950,user2950@example.com,2026-03-20,IN
u01-002951,user2951@mail.co.in,2026-03-14,IN
u01-002952,user2952@corp.io,2026-08-11,IN
u01-002953,user2953@uni.edu,2026-08-25,GB
u01-002954,user2954@example.com,2026-06-28,GB
u01-002955,user2955@corp.io,2026-09-20,AU
u01-002956,user2956@example.com,2026-06-18,GB
u01-002957,user2957@corp.io,2026-09-20,IN
u01-002958,user2958@example.com,2026-01-23,IN
u01-002959,user2959@corp.io,2026-08-11,US
u01-002960,user2960@corp.io,2026-08-23,US
u01-002961,user2961@uni.edu,2026-04-14,SG
u01-002962,user2962@example.com,2026-04-17,GB
u01-002963,user2963@corp.io,2026-08-15,GB
u01-002964,user2964@corp.io,2026-09-19,AU
u01-002965,user2965@example.com,2026-02-26,AU
u01-002966,user2966@uni.edu,2026-08-10,AU
u01-002967,user2967@uni.edu,2026-08-12,DE
u01-002968,user2968@mail.co.in,2026-07-20,DE
u01-002969,user2969@uni.edu,2026-04-11,US
u01-002970,user2970@corp.io,2026-04-26,IN
u01-002971,user2971@uni.edu,2026-08-17,GB
u01-002972,user2972@example.com,2026-04-15,IN
u01-002973,user2973@example.com,2026-08-21,SG
u01-002974,user2974@mail.co.in,2026-07-15,AU
u01-002975,user2975@corp.io,2026-06-15,US
u01-002976,user2976@mail.co.in,2026-03-22,AU
u01-002977,user2977@example.com,2026-05-21,AU
u01-002978,user2978@corp.io,2026-01-17,US
u01-002979,user2979@uni.edu,2026-07-20,GB
u01-002980,user2980@corp.io,2026-03-12,GB
u01-002981,user2981@corp.io,2026-05-26,IN
u01-002982,user2982@example.com,2026-09-27,GB
u01-002983,user2983@example.com,2026-08-21,US
u01-002984,user2984@mail.co.in,2026-08-19,IN
u01-002985,user2985@corp.io,2026-08-25,SG
u01-002986,user2986@uni.edu,2026-08-23,AU
u01-002987,user2987@corp.io,2026-08-12,IN
u01-002988,user2988@example.com,2026-05-21,US
u01-002989,user2989@uni.edu,2026-01-14,GB
u01-002990,user2990@corp.io,2026-09-27,DE
u01-002991,user2991@uni.edu,2026-08-21,SG
u01-002992,user2992@corp.io,2026-03-26,US
u01-002993,user2993@mail.co.in,2026-01-26,IN
u01-002994,user2994@mail.co.in,2026-01-12,US
u01-002995,user2995@uni.edu,2026-05-17,AU
u01-002996,user2996@uni.edu,2026-07-11,GB
u01-002997,user2997@example.com,2026-02-13,IN
u01-002998,user2998@mail.co.in,2026-03-20,US
u01-002999,user2999@uni.edu,2026-08-17,GB
u01-003000,user3000@uni.edu,2026-02-14,SG
u01-003001,user3001@mail.co.in,2026-03-22,AU
u01-003002,user3002@mail.co.in,2026-01-25,GB
u01-003003,user3003@mail.co.in,2026-04-17,GB
u01-003004,user3004@corp.io,2026-02-14,SG
u01-003005,user3005@uni.edu,2026-09-14,SG
u01-003006,user3006@mail.co.in,2026-05-15,GB
u01-003007,user3007@mail.co.in,2026-09-10,AU
u01-003008,user3008@corp.io,2026-05-26,IN
u01-003009,user3009@corp.io,2026-07-19,AU
u01-003010,user3010@mail.co.in,2026-02-13,GB
u01-003011,user3011@uni.edu,2026-07-15,GB
u01-003012,user3012@uni.edu,2026-06-12,IN
u01-003013,user3013@example.com,2026-05-14,DE
u01-003014,user3014@example.com,2026-05-19,IN
u01-003015,user3015@mail.co.in,2026-06-26,AU
u01-003016,user3016@corp.io,2026-04-10,IN
u01-003017,user3017@corp.io,2026-05-12,US
u01-003018,user3018@corp.io,2026-06-19,DE
u01-003019,user3019@corp.io,2026-08-12,DE
u01-003020,user3020@example.com,2026-04-10,DE
u01-003021,user3021@corp.io,2026-02-24,DE
u01-003022,user3022@corp.io,2026-05-27,SG
u01-003023,user3023@uni.edu,2026-05-13,SG
u01-003024,user3024@uni.edu,2026-02-16,US
u01-003025,user3025@corp.io,2026-07-11,DE
u01-003026,user3026@uni.edu,2026-01-16,DE
u01-003027,user3027@corp.io,2026-06-18,IN
u01-003028,user3028@corp.io,2026-01-28,DE
u01-003029,user3029@corp.io,2026-07-17,DE
u01-003030,user3030@example.com,2026-09-18,AU
u01-003031,user3031@example.com,2026-02-21,SG
u01-003032,user3032@example.com,2026-02-16,IN
u01-003033,user3033@uni.edu,2026-08-11,AU
u01-003034,user3034@uni.edu,2026-04-27,GB
u01-003035,user3035@uni.edu,2026-05-10,SG
u01-003036,user3036@example.com,2026-01-28,AU
u01-003037,user3037@mail.co.in,2026-08-21,GB
u01-003038,user3038@mail.co.in,2026-08-11,IN
u01-003039,user3039@corp.io,2026-04-21,IN
u01-003040,user3040@corp.io,2026-02-16,GB
u01-003041,user3041@corp.io,2026-08-13,US
u01-003042,user3042@mail.co.in,2026-04-10,AU
u01-003043,user3043@mail.co.in,2026-03-26,GB
u01-003044,user3044@corp.io,2026-04-27,IN
u01-003045,user3045@example.com,2026-07-13,US
u01-003046,user3046@mail.co.in,2026-01-25,SG
u01-003047,user3047@corp.io,2026-05-14,US
u01-003048,user3048@corp.io,2026-04-21,AU
u01-003049,user3049@uni.edu,2026-09-28,US
u01-003050,user3050@mail.co.in,2026-07-22,US
u01-003051,user3051@uni.edu,2026-02-23,SG
u01-003052,user3052@corp.io,2026-04-19,DE
u01-003053,user3053@mail.co.in,2026-07-12,US
u01-003054,user3054@corp.io,2026-07-27,DE
u01-003055,user3055@corp.io,2026-04-27,IN
u01-003056,user3056@example.com,2026-04-15,IN
u01-003057,user3057@example.com,2026-04-25,IN
u01-003058,user3058@mail.co.in,2026-03-23,SG
u01-003059,user3059@corp.io,2026-07-25,IN
u01-003060,user3060@example.com,2026-04-12,DE
u01-003061,user3061@mail.co.in,2026-04-12,GB
u01-003062,user3062@corp.io,2026-07-17,DE
u01-003063,user3063@example.com,2026-07-19,IN
u01-003064,user3064@example.com,2026-04-22,DE
u01-003065,user3065@corp.io,2026-06-19,AU
u01-003066,user3066@mail.co.in,2026-06-13,GB
u01-003067,user3067@uni.edu,,GB
u01-003068,user3068@corp.io,2026-02-28,GB
u01-003069,user3069@mail.co.in,2026-02-12,US
u01-003070,user3070@mail.co.in,2026-01-26,AU
u01-003071,user3071@mail.co.in,2026-06-28,SG
u01-003072,user3072@corp.io,2026-02-14,AU
u01-003073,user3073@corp.io,2026-02-18,AU
u01-003074,user3074@example.com,2026-01-15,US
u01-003075,user3075@uni.edu,2026-02-24,SG
u01-003076,user3076@mail.co.in,2026-08-28,DE
u01-003077,user3077@corp.io,2026-03-15,AU
u01-003078,user3078@example.com,2026-05-19,AU
u01-003079,user3079@mail.co.in,2026-09-13,AU
u01-003080,user3080@uni.edu,2026-09-13,US
u01-003081,user3081@corp.io,2026-04-25,AU
u01-003082,user3082@mail.co.in,2026-06-21,AU
u01-003083,user3083@example.com,2026-08-14,AU
u01-003084,user3084@corp.io,2026-05-24,AU
u01-003085,user3085@uni.edu,2026-03-21,SG
u01-003086,user3086@example.com,2026-07-20,US
u01-003087,user3087@uni.edu,2026-02-25,DE
u01-003088,user3088@mail.co.in,2026-06-27,US
u01-003089,user3089@uni.edu,2026-01-16,SG
u01-003090,user3090@corp..io,2026-08-23,GB
u01-003091,user3091@example.com,2026-05-26,IN
u01-003092,user3092@uni.edu,2026-01-23,SG
u01-003093,user3093@corp.io,2026-05-19,US
u01-003094,user3094@uni.edu,2026-06-27,SG
u01-003095,user3095@mail.co.in,2026-06-14,DE
u01-003096,user3096@uni.edu,2026-02-12,SG
u01-003097,user3097@corp.io,2026-06-23,GB
u01-003098,user3098@uni.edu,2026-08-12,AU
u01-003099,user3099@example.com,2026-05-23,IN
u01-003100,user3100@example.com,2026-05-13,US
u01-003101,user3101@uni.edu,2026-06-13,GB
u01-003102,user3102@corp.io,2026-01-20,US
u01-003103,user3103@example.com,2026-03-16,GB
u01-003104,user3104@example.com,2026-09-27,DE
u01-003105,user3105@uni.edu,2026-05-24,GB
u01-003106,user3106@mail.co.in,2026-04-19,AU
u01-003107,user3107@corp.io,2026-03-22,DE
u01-003108,user3108@example.com,2026-07-14,AU
u01-003109,user3109@uni.edu,2026-08-20,SG
u01-003110,user3110@corp.io,2026-08-25,AU
u01-003111,user3111@uni.edu,2026-08-13,DE
u01-003112,user3112@example.com,2026-01-10,AU
u01-003113,user3113@example.com,2026-09-27,GB
u01-003114,user3114@corp.io,2026-05-17,DE
u01-003115,user3115@uni.edu,2026-09-21,SG
u01-003116,user3116@uni.edu,2026-02-12,SG
u01-003117,user3117@corp.io,2026-05-26,DE
u01-003118,user3118@uni.edu,2026-06-24,IN
u01-003119,user3119@uni.edu,2026-03-16,GB
u01-003120,user3120@mail.co.in,2026-05-24,SG
u01-003121,user3121@mail.co.in,2026-07-28,AU
u01-003122,user3122@corp.io,2026-09-19,DE
u01-003123,user3123@mail.co.in,2026-07-19,DE
u01-003124,user3124@uni.edu,2026-06-12,US
u01-003125,user3125@mail.co.in,2026-05-27,DE
u01-003126,user3126@example.com,2026-03-19,US
u01-003127,user3127@uni.edu,2026-03-16,SG
u01-003128,user3128@example.com,2026-01-13,IN
u01-003129,user3129@uni.edu,2026-06-24,IN
u01-003130,user3130@mail.co.in,2026-07-24,SG
u01-003131,user3131@corp.io,2026-03-14,SG
u01-003132,user3132@example.com,2026-04-22,IN
u01-003133,user3133@mail.co.in,2026-01-14,DE
u01-003134,user3134@uni.edu,2026-07-28,AU
u01-003135,user3135@example.com,2026-05-13,GB
u01-003136,user3136@example.com,2026-09-12,US
u01-003137,user3137@example.com,2026-02-18,AU
u01-003138,user3138@mail.co.in,2026-09-10,GB
u01-003139,user3139@mail.co.in,2026-09-20,GB
u01-003140,user3140@mail.co.in,2026-07-18,US
u01-003141,user3141@mail.co.in,2026-01-14,US
u01-003142,user3142@corp.io,2026-06-28,GB
u01-003143,user3143@example.com,2026-02-23,IN
u01-003144,user3144@corp.io,2026-07-21,GB
u01-003145,user3145@mail.co.in,2026-03-22,GB
u01-003146,user3146@corp.io,2026-06-23,GB
u01-003147,user3147@mail.co.in,2026-08-21,US
u01-003148,user3148@corp.io,2026-01-26,GB
u01-003149,user3149@uni.edu,2026-06-17,DE
u01-003150,user3150@mail.co.in,2026-08-14,US
u01-003151,user3151@corp.io,2026-08-11,SG
u01-003152,user3152@example.com,2026-02-16,GB
u01-003153,user3153@uni.edu,2026-02-21,IN
u01-003154,user3154@corp.io,2026-09-14,AU
u01-003155,user3155@mail.co.in,2026-07-19,US
u01-003156,user3156@example.com,2026-01-17,AU
u01-003157,user3157@corp.io,2026-02-28,GB
u01-003158,user3158@example.com,2026-03-15,DE
u01-003159,user3159@uni.edu,2026-01-19,DE
u01-003160,user3160@mail.co.in,2026-01-28,DE
u01-003161,user3161@example.com,2026-05-24,IN
u01-003162,user3162@example.com,2026-09-12,US
u01-003163,user3163@uni.edu,2026-01-23,IN
u01-003164,user3164@corp.io,2026-08-20,IN
u01-003165,user3165@corp.io,2026-04-23,GB
u01-003166,user3166@example.com,2026-02-14,DE
u01-003167,user3167@uni.edu,2026-04-20,AU
u01-003168,user3168@example.com,2026-07-21,AU
u01-003169,user3169@corp.io,2026-04-16,GB
u01-003170,user3170@example.com,2026-06-25,AU
u01-003171,user3171@mail.co.in,2026-03-16,AU
u01-003172,user3172@example.com,2026-07-20,DE
u01-003173,user3173@example.com,2026-08-16,AU
u01-003174,user3174@uni.edu,2026-02-27,SG
u01-003175,user3175@mail.co.in,2026-04-19,GB
u01-003176,user3176@corp.io,2026-03-16,AU
u01-003177,user3177@corp.io,2026-09-12,IN
u01-003178,user3178@uni.edu,2026-04-21,AU
u01-003179,user3179@mail.co.in,2026-05-20,IN
u01-003180,user3180@corp.io,2026-04-10,AU
u01-003181,user3181@example.com,2026-03-11,SG
u01-003182,user3182@mail.co.in,2026-01-16,IN
u01-003183,user3183@example.com,2026-09-11,AU
u01-003184,user3184@example.com,2026-02-11,AU
u01-003185,user3185@example.com,2026-08-26,GB
u01-003186,user3186@mail.co.in,2026-07-26,AU
u01-003187,user3187@mail.co.in,2026-01-25,US
u01-003188,user3188@uni.edu,2026-08-12,SG
u01-003189,user3189@mail.co.in,2026-06-16,SG
u01-003190,user3190@corp.io,2026-07-19,GB
u01-003191,user3191@uni.edu,2026-02-27,SG
u01-003192,user3192@corp.io,2026-01-20,GB
u01-003193,user3193@uni.edu,2026-05-23,IN
u01-003194,user3194@example.com,2026-06-14,US
u01-003195,user3195@uni.edu,2026-05-25,DE
u01-003196,user3196@example.com,2026-04-15,US
u01-003197,user3197@example.com,2026-01-11,DE
u01-003198,user3198@example.com,2026-07-24,DE
u01-003199,user3199@mail.co.in,2026-01-21,GB
u01-003200,user3200@mail.co.in,2026-05-16,US
u01-003201,user3201@example.com,2026-08-19,DE
u01-003202,user3202@corp.io,2026-02-10,DE
u01-003203,user3203@mail.co.in,2026-03-15,SG
u01-003204,user3204@uni.edu,2026-06-21,AU
u01-003205,user3205@example.com,2026-03-11,DE
u01-003206,user3206@uni.edu,2026-07-25,GB
u01-003207,user3207@mail.co.in,2026-01-21,SG
u01-003208,user3208@mail.co.in,2026-08-23,SG
u01-003209,user3209@uni.edu,2026-05-23,US
u01-003210,user3210@example.com,2026-01-23,SG
u01-003211,user3211@example.com,2026-09-13,DE
u01-003212,user3212@uni.edu,2026-09-13,DE
u01-003213,user3213@example.com,2026-06-19,AU
u01-003214,user3214@mail.co.in,2026-03-19,US
u01-003215,user3215@example.com,2026-04-10,US
u01-003216,user3216@mail.co.in,2026-08-26,SG
u01-003217,user3217@corp.io,2026-08-14,AU
u01-003218,user3218@uni.edu,2026-07-19,AU
u01-003219,user3219@example.com,2026-06-15,DE
u01-003220,user3220@mail.co.in,2026-06-20,GB
u01-003221,user3221@mail.co.in,2026-06-14,GB
u01-003222,user3222@corp.io,2026-02-27,GB
u01-003223,user3223@uni.edu,2026-03-21,IN
u01-003224,user3224@mail.co.in,2026-04-15,IN
u01-003225,user3225@example.com,2026-07-26,SG
u01-003226,user3226@uni.edu,2026-07-28,GB
u01-003227,user3227@corp.io,2026-09-10,US
u01-003228,user3228@uni.edu,2026-05-21,GB
u01-003229,user3229@mail.co.in,2026-03-23,SG
u01-003230,user3230@uni.edu,2026-04-13,IN
u01-003231,user3231@mail.co.in,2026-02-11,DE
u01-003232,user3232@mail.co.in,2026-03-23,US
u01-003233,user3233@corp.io,2026-01-22,SG
u01-003234,user3234@corp.io,2026-07-23,IN
u01-003235,user3235@uni.edu,2026-08-28,AU
u01-003236,user3236@corp.io,2026-08-22,SG
u01-003237,user3237@uni.edu,2026-09-20,DE
u01-003238,user3238@example.com,2026-04-26,IN
u01-003239,user3239@uni.edu,2026-01-19,IN
u01-003240,user3240@corp.io,2026-03-19,DE
u01-003241,user3241@corp.io,2026-01-13,GB
u01-003242,user3242@mail.co.in,2026-07-20,GB
u01-003243,user3243@mail.co.in,2026-05-10,IN
u01-003244,user3244@corp.io,2026-03-17,SG
u01-003245,user3245@example.com,2026-07-22,US
u01-003246,user3246@mail.co.in,2026-01-14,US
u01-003247,user3247@example.com,2026-02-16,US
u01-003248,user3248@example.com,2026-03-24,GB
u01-003249,user3249@example.com,2026-09-18,GB
u01-003250,user3250@mail.co.in,2026-03-24,AU
u01-003251,user3251@uni.edu,2026-06-17,US
u01-003252,user3252@mail.co.in,2026-05-17,GB
u01-003253,user3253@uni.edu,2026-03-27,AU
u01-003254,user3254@uni.edu,2026-04-21,GB
u01-003255,user3255@mail.co.in,2026-09-11,SG
u01-003256,user3256@example.com,2026-06-28,AU
u01-003257,user3257@mail.co.in,2026-08-22,US
u01-003258,user3258@mail.co.in,2026-06-18,GB
u01-003259,user3259@mail.co.in,2026-09-18,US
u01-003260,user3260@uni.edu,2026-08-23,US
u01-003261,user3261@corp.io,2026-08-23,DE
u01-003262,user3262@corp.io,2026-03-24,SG
u01-003263,user3263@example.com,2026-07-26,IN
u01-003264,user3264@corp.io,2026-07-14,IN
u01-003265,user3265@example.com,2026-07-11,GB
u01-003266,user3266@corp.io,2026-07-19,SG
u01-003267,user3267@mail.co.in,2026-02-12,US
u01-003268,user3268@mail.co.in,2026-04-19,AU
u01-003269,user3269@corp.io,2026-08-27,GB
u01-003270,user3270@example.com,2026-04-15,DE
u01-003271,user3271@uni.edu,2026-07-24,DE
u01-003272,user3272@example.com,2026-08-19,IN
u01-003273,user3273@corp.io,2026-09-26,DE
u01-003274,user3274@example.com,2026-01-13,DE
u01-003275,user3275@example.com,2026-04-10,IN
u01-003276,user3276@example.com,2026-03-11,US
u01-003277,user3277@corp.io,2026-04-14,SG
u01-003278,user3278@example.com,2026-06-17,GB
u01-003279,user3279@example.com,2026-09-28,AU
u01-003280,user3280@example.com,2026-03-24,DE
u01-003281,user3281@uni.edu,2026-07-11,AU
u01-003282,user3282@mail.co.in,2026-08-10,AU
u01-003283,user3283@mail.co.in,2026-05-12,IN
u01-003284,user3284@mail.co.in,,SG
u01-003285,user3285@example.com,2026-04-16,DE
u01-003286,user3286@example.com,2026-04-14,GB
u01-003287,user3287@uni.edu,2026-05-24,US
u01-003288,user3288@corp.io,2026-02-15,DE
u01-003289,user3289@example.com,2026-06-23,US
u01-003290,user3290@uni.edu,2026-04-22,US
u01-003291,user3291@uni.edu,2026-07-11,DE
u01-003292,user3292@corp.io,2026-06-15,GB
u01-003293,user3293@uni.edu,2026-03-15,DE
u01-003294,user3294@mail.co.in,2026-02-18,US
u01-003295,user3295@example.com,2026-05-20,AU
u01-003296,user3296@mail.co.in,2026-05-17,US
u01-003297,user3297@mail.co.in,2026-02-19,SG
u01-003298,user3298@corp.io,2026-03-14,GB
u01-003299,user3299@mail.co.in,2026-01-25,DE
u01-003300,user3300@example.com,2026-09-21,US
u01-003301,user3301@mail.co.in,2026-08-12,AU
u01-003302,user3302@corp.io,2026-08-23,GB
u01-003303,user3303@example.com,2026-09-11,SG
u01-003304,user3304@example.com,2026-01-15,US
u01-003305,user3305@mail.co.in,2026-08-11,AU
u01-003306,user3306@corp.io,2026-05-22,GB
u01-003307,user3307@corp.io,2026-09-26,GB
u01-003308,user3308@uni.edu,2026-07-24,US
u01-003309,user3309@corp.io,2026-05-24,GB
u01-003310,user3310@corp.io,2026-08-26,SG
u01-003311,user3311@example.com,2026-06-20,DE
u01-003312,user3312@uni.edu,2026-03-17,GB
u01-003313,user3313@example.com,2026-03-27,DE
u01-003314,user3314@corp.io,2026-05-23,SG
u01-003315,user3315@corp.io,2026-03-20,DE
u01-003316,user3316@example.com,2026-08-25,DE
u01-003317,user3317@uni.edu,2026-06-25,SG
u01-003318,user3318@mail.co.in,2026-09-14,SG
u01-003319,user3319@example.com,2026-07-15,SG
u01-003320,user3320@corp.io,2026-03-23,DE
u01-003321,user3321@example.com,2026-03-11,DE
u01-003322,user3322@uni.edu,2026-04-26,DE
u01-003323,user3323@example.com,2026-06-11,GB
u01-003324,user3324@uni.edu,2026-04-10,IN
u01-003325,user3325@corp.io,2026-02-28,SG
u01-003326,user3326@example.com,2026-01-10,SG
u01-003327,user3327@corp.io,2026-04-12,DE
u01-003328,user3328@example.com,2026-07-11,GB
u01-003329,user3329@uni.edu,2026-01-24,AU
u01-003330,user3330@corp.io,2026-03-24,US
u01-003331,user3331@corp.io,2026-04-10,
u01-003332,user3332@mail.co.in,2026-06-23,US
u01-003333,user3333@uni.edu,2026-09-11,DE
u01-003334,user3334@corp.io,2026-05-18,AU
u01-003335,user3335@mail.co.in,2026-06-12,IN
u01-003336,user3336@example.com,2026-01-26,SG
u01-003337,user3337@mail.co.in,2026-09-25,US
u01-003338,user3338@example.com,2026-07-25,GB
u01-003339,user3339@corp.io,2026-02-13,SG
u01-003340,user3340@example.com,2026-03-16,SG
u01-003341,user3341@uni.edu,2026-05-17,IN
u01-003342,user3342@mail.co.in,2026-02-21,GB
u01-003343,user3343@mail.co.in,2026-05-24,IN
u01-003344,user3344@example.com,2026-09-13,US
u01-003345,user3345@corp.io,2026-01-23,SG
u01-003346,user3346@uni.edu,2026-03-25,AU
u01-003347,user3347@example.com,2026-04-15,AU
u01-003348,user3348@uni.edu,2026-04-23,IN
u01-003349,user3349@uni.edu,2026-04-27,DE
u01-003350,user3350@uni.edu,2026-02-21,IN
u01-003351,user3351@example.com,2026-04-26,GB
u01-003352,user3352@uni.edu,2026-08-13,AU
u01-003353,user3353@example.com,2026-03-21,SG
u01-003354,user3354@corp.io,2026-06-25,AU
u01-003355,user3355@corp.io,2026-09-28,IN
u01-003356,user3356@mail.co.in,2026-05-16,AU
u01-003357,user3357@mail.co.in,2026-09-15,DE
u01-003358,user3358@corp.io,2026-07-27,IN
u01-003359,user3359@example.com,2026-05-23,SG
u01-003360,user3360@mail.co.in,2026-03-15,IN
u01-003361,user3361@example.com,2026-05-20,SG
u01-003362,user3362@uni.edu,2026-09-17,IN
u01-003363,user3363@example.com,2026-06-20,DE
u01-003364,user3364@corp.io,2026-05-16,US
u01-003365,user3365@example.com,2026-09-15,US
u01-003366,user3366@mail.co.in,2026-09-15,US
u01-003367,user3367@uni.edu,2026-05-21,DE
u01-003368,user3368@mail.co.in,2026-07-21,DE
u01-003369,user3369@example.com,2026-01-28,US
u01-003370,user3370@mail.co.in,2026-09-18,DE
u01-003371,user3371@mail.co.in,2026-08-16,DE
u01-003372,user3372@mail.co.in,2026-08-13,GB
u01-003373,user3373@example.com,2026-08-11,US
u01-003374,user3374@corp.io,2026-06-14,IN
u01-003375,user3375@mail.co.in,2026-09-22,GB
u01-003376,user3376@example.com,2026-09-22,IN
u01-003377,user3377@example.com,2026-04-20,GB
u01-003378,user3378@uni.edu,2026-06-24,SG
u01-003379,user3379@mail.co.in,2026-01-11,US
u01-003380,user3380@example.com,2026-05-21,IN
u01-003381,user3381@example.com,2026-08-21,US
u01-003382,user3382@mail.co.in,2026-03-21,GB
u01-003383,user3383@corp.io,2026-07-20,AU
u01-003384,user3384@corp.io,2026-04-12,DE
u01-003385,user3385@mail.co.in,2026-05-23,GB
u01-003386,user3386@example.com,2026-09-11,IN
u01-003387,user3387@example.com,2026-04-14,IN
u01-003388,user3388@example.com,2026-01-16,SG
u01-003389,user3389@mail.co.in,2026-04-13,GB
u01-003390,user3390@uni.edu,2026-05-27,DE
u01-003391,user3391@mail.co.in,2026-06-28,SG
u01-003392,user3392@mail.co.in,2026-01-15,US
u01-003393,user3393@corp.io,2026-04-24,AU
u01-003394,user3394@uni.edu,2026-06-19,IN
u01-003395,user3395@corp.io,2026-02-19,GB
u01-003396,user3396@example.com,2026-05-21,SG
u01-003397,user3397@mail.co.in,2026-06-14,SG
u01-003398,user3398@corp.io,2026-02-23,GB
u01-003399,user3399@uni.edu,2026-04-18,AU
u01-003400,user3400@corp.io,2026-05-24,DE
u01-003401,user3401@uni.edu,2026-09-10,GB
u01-003402,user3402@mail.co.in,2026-01-26,US
u01-003403,user3403@uni.edu,2026-07-27,IN
u01-003404,user3404@uni.edu,2026-07-25,US
u01-003405,user3405@example.com,2026-02-17,AU
u01-003406,user3406@example.com,2026-07-28,IN
u01-003407,user3407@uni.edu,2026-09-19,IN
u01-003408,user3408@uni.edu,2026-06-13,SG
u01-003409,user3409@mail.co.in,2026-02-25,US
u01-003410,user3410@uni.edu,2026-08-13,GB
u01-003411,user3411@uni.edu,2026-08-13,DE
u01-003412,user3412@mail.co.in,2026-09-21,AU
u01-003413,user3413@example.com,2026-08-15,AU
u01-003414,user3414@corp.io,2026-03-12,SG
u01-003415,user3415@uni.edu,2026-06-18,DE
u01-003416,user3416@uni.edu,2026-08-11,AU
u01-003417,user3417@example.com,2026-06-22,DE
u01-003418,user3418@mail.co.in,2026-03-15,GB
u01-003419,user3419@mail.co.in,2026-04-13,GB
u01-003420,user3420@corp.io,2026-08-28,DE
u01-003421,user3421@uni.edu,2026-03-23,AU
u01-003422,user3422@corp.io,2026-01-28,IN
u01-003423,user3423@uni.edu,2026-08-22,US
u01-003424,user3424@uni.edu,2026-06-21,IN
u01-003425,user3425@corp.io,2026-09-18,DE
u01-003426,user3426@uni.edu,2026-08-25,SG
u01-003427,user3427@example.com,2026-08-21,SG
u01-003428,user3428@mail.co.in,2026-05-19,IN
u01-003429,user3429@mail.co.in,2026-03-10,US
u01-003430,user3430@uni.edu,2026-02-25,GB
u01-003431,user3431@corp.io,2026-07-10,SG
u01-003432,user3432@corp.io,2026-02-27,IN
u01-003433,user3433@corp.io,2026-06-11,GB
u01-003434,user3434@corp.io,2026-09-26,GB
u01-003435,user3435@corp.io,2026-09-26,US
u01-003436,user3436@uni.edu,2026-04-20,AU
u01-003437,user3437@corp.io,2026-08-28,GB
u01-003438,user3438@example.com,2026-02-17,SG
u01-003439,user3439@mail.co.in,2026-08-18,IN
u01-003440,user3440@example.com,2026-07-22,SG
u01-003441,user3441@corp.io,2026-02-17,SG
u01-003442,user3442@mail.co.in,2026-09-23,GB
u01-003443,user3443@example.com,2026-02-10,GB
u01-003444,user3444@corp.io,2026-08-25,GB
u01-003445,user3445@mail.co.in,2026-04-22,US
u01-003446,user3446@example.com,2026-09-21,DE
u01-003447,user3447@example.com,2026-02-23,IN
u01-003448,user3448@uni.edu,2026-03-26,US
u01-003449,user3449@corp.io,2026-04-28,AU
u01-003450,user3450@uni.edu,2026-02-24,GB
u01-003451,user3451@uni.edu,2026-09-23,IN
u01-003452,user3452@example.com,2026-06-19,GB
u01-003453,user3453@corp.io,2026-05-15,US
u01-003454,user3454@corp.io,2026-06-24,GB
u01-003455,user3455@example.com,2026-04-24,IN
u01-003456,user3456@example.com,2026-03-20,SG
u01-003457,user3457@example.com,2026-04-12,GB
u01-003458,user3458@uni.edu,2026-02-10,AU
u01-003459,user3459@mail.co.in,2026-03-21,GB
u01-003460,user3460@mail.co.in,2026-09-26,US
u01-003461,user3461@mail.co.in,2026-04-23,DE
u01-003462,user3462@mail.co.in,2026-01-21,IN
u01-003463,user3463@corp.io,2026-01-10,GB
u01-003464,user3464@example.com,2026-09-11,GB
u01-003465,user3465@example.com,2026-08-22,AU
u01-003466,user3466@example.com,2026-07-21,SG
u01-003467,user3467@uni.edu,2026-09-27,IN
u01-003468,user3468@example.com,2026-06-15,US
u01-003469,user3469@corp.io,2026-04-11,AU
u01-003470,user3470@corp.io,2026-03-13,AU
u01-003471,user3471@example.com,2026-09-21,IN
u01-003472,user3472@mail.co.in,2026-02-15,DE
u01-003473,user3473@example.com,2026-07-20,GB
u01-003474,user3474@uni.edu,2026-03-20,IN
u01-003475,user3475@example.com,2026-09-10,IN
u01-003476,user3476@uni.edu,2026-03-25,DE
u01-003477,user3477@corp.io,2026-06-22,DE
u01-003478,user3478@example.com,2026-06-10,SG
u01-003479,user3479@mail.co.in,2026-06-10,US
u01-003480,user3480@uni.edu,2026-08-23,DE
u01-003481,user3481@mail.co.in,2026-04-24,AU
u01-003482,user3482@uni.edu,2026-06-12,US
u01-003483,user3483@example.com,2026-09-11,DE
u01-003484,user3484@mail.co.in,2026-04-17,AU
u01-003485,user3485@uni.edu,2026-03-13,GB
u01-003486,user3486@mail.co.in,2026-06-19,AU
u01-003487,user3487@corp.io,2026-04-28,US
u01-003488,user3488@corp.io,2026-02-17,US
u01-003489,user3489@mail.co.in,2026-03-17,GB
u01-003490,user3490@mail.co.in,2026-09-25,GB
u01-003491,user3491@corp.io,2026-02-15,DE
u01-003492,user3492@corp.io,2026-04-12,GB
u01-003493,user3493@corp.io,2026-08-17,US
u01-003494,user3494@mail.co.in,2026-03-12,SG
u01-003495,user3495@uni.edu,2026-05-10,IN
u01-003496,user3496@example.com,2026-06-16,IN
u01-003497,user3497@uni.edu,2026-07-23,DE
u01-003498,user3498@example.com,2026-01-13,GB
u01-003499,user3499@example.com,2026-02-24,AU
u01-003500,user3500@mail.co.in,2026-07-14,US
u01-003501,user3501@example.com,2026-06-18,GB
u01-003502,user3502@mail.co.in,2026-01-13,IN
u01-003503,user3503@corp.io,2026-04-12,DE
u01-003504,user3504@mail.co.in,2026-03-22,GB
u01-003505,user3505@mail.co.in,2026-03-11,US
u01-003506,user3506@mail.co.in,2026-02-21,IN
u01-003507,user3507@corp.io,2026-02-19,GB
u01-003508,user3508@uni.edu,2026-09-20,US
u01-003509,user3509@mail.co.in,2026-06-24,IN
u01-003510,user3510@example.com,2026-08-13,DE
u01-003511,user3511@example.com,2026-01-13,GB
u01-003512,user3512@mail.co.in,2026-06-23,IN
u01-003513,user3513@mail.co.in,2026-07-22,GB
u01-003514,user3514@mail.co.in,2026-02-26,GB
u01-003515,user3515@mail.co.in,2026-04-20,DE
u01-003516,user3516@corp.io,2026-02-21,US
u01-003517,user3517@mail.co.in,2026-06-14,US
u01-003518,user3518@example.com,2026-08-17,DE
u01-003519,user3519@mail.co.in,2026-05-27,SG
u01-003520,user3520@uni.edu,2026-07-12,IN
u01-003521,user3521@mail.co.in,2026-09-13,SG
u01-003522,user3522@mail.co.in,2026-01-12,DE
u01-003523,user3523@uni.edu,2026-05-22,DE
u01-003524,user3524@uni.edu,2026-09-23,AU
u01-003525,user3525@example.com,2026-03-11,GB
u01-003526,user3526@corp.io,2026-09-25,IN
u01-003527,user3527@corp.io,2026-07-11,DE
u01-003528,user3528@corp.io,2026-02-26,GB
u01-003529,user3529@example.com,2026-02-15,IN
u01-003530,user3530@example.com,2026-05-25,IN
u01-003531,user3531@example.com,2026-04-14,SG
u01-003532,user3532@uni.edu,2026-04-22,GB
u01-003533,user3533@example.com,2026-03-18,US
u01-003534,user3534@mail.co.in,2026-05-21,US
u01-003535,user3535@example.com,2026-07-28,AU
u01-003536,user3536@uni.edu,2026-09-26,IN
u01-003537,user3537@mail.co.in,2026-02-17,SG
u01-003538,user3538@example.com,2026-05-22,GB
u01-003539,user3539@mail.co.in,2026-02-24,SG
u01-003540,user3540@uni.edu,2026-02-13,DE
u01-003541,user3541@mail.co.in,2026-01-17,GB
u01-003542,user3542@mail.co.in,2026-03-22,DE
u01-003543,user3543@mail.co.in,2026-03-14,GB
u01-003544,user3544@example.com,2026-07-10,SG
u01-003545,user3545@corp.io,2026-07-26,SG
u01-003546,user3546@corp.io,2026-01-25,SG
u01-003547,user3547@mail.co.in,2026-08-26,AU
u01-003548,user3548@uni.edu,2026-03-18,IN
u01-003549,user3549@uni.edu,2026-08-24,US
u01-003550,user3550@corp.io,2026-01-12,SG
u01-003551,user3551@uni.edu,2026-09-14,US
u01-003552,user3552@uni.edu,2026-06-14,IN
u01-003553,user3553@example.com,2026-04-14,SG
u01-003554,user3554@mail.co.in,2026-07-18,DE
u01-003555,user3555@uni.edu,2026-09-24,DE
u01-003556,user3556@mail.co.in,2026-03-13,IN
u01-003557,user3557@corp.io,2026-06-16,US
u01-003558,user3558@uni.edu,2026-04-22,AU
u01-003559,user3559@example.com,2026-03-26,DE
u01-003560,user3560@mail.co.in,2026-08-11,AU
u01-003561,user3561@mail.co.in,2026-05-21,IN
u01-003562,user3562@corp.io,2026-02-20,AU
u01-003563,user3563@corp.io,2026-08-12,GB
u01-003564,user3564@corp.io,2026-04-13,GB
u01-003565,user3565@mail.co.in,2026-09-15,AU
u01-003566,user3566@uni.edu,2026-03-14,SG
u01-003567,user3567@example.com,2026-08-28,DE
u01-003568,user3568@uni.edu,2026-02-20,IN
u01-003569,user3569@example.com,2026-08-16,IN
u01-003570,user3570@mail.co.in,2026-03-16,US
u01-003571,user3571@mail.co.in,2026-02-26,US
u01-003572,user3572@uni.edu,2026-04-21,IN
u01-003573,user3573@mail.co.in,2026-04-28,GB
u01-003574,user3574@mail.co.in,2026-01-11,IN
u01-003575,user3575@corp.io,2026-02-15,SG
u01-003576,user3576@mail.co.in,2026-08-15,US
u01-003577,user3577@example.com,2026-02-22,SG
u01-003578,user3578@uni.edu,2026-05-10,DE
u01-003579,user3579@corp.io,2026-01-22,IN
u01-003580,user3580@example.com,2026-05-11,AU
u01-003581,user3581@mail.co.in,2026-03-21,US
u01-003582,user3582@mail.co.in,2026-07-17,DE
u01-003583,user3583@uni.edu,2026-04-21,DE
u01-003584,user3584@corp.io,2026-04-22,AU
u01-003585,user3585@mail.co.in,2026-06-16,SG
u01-003586,user3586@example.com,2026-04-10,AU
u01-003587,user3587@mail.co.in,2026-02-18,DE
u01-003588,user3588@mail.co.in,2026-07-12,AU
u01-003589,user3589@corp.io,2026-01-20,SG
u01-003590,user3590@corp.io,2026-01-14,US
u01-003591,user3591@mail.co.in,2026-01-27,SG
u01-003592,user3592@mail.co.in,2026-06-13,IN
u01-003593,user3593@example.com,2026-03-10,DE
u01-003594,user3594@example.com,2026-03-28,GB
u01-003595,user3595@uni.edu,2026-06-14,AU
u01-003596,user3596@example.com,2026-04-28,SG
u01-003597,user3597@mail.co.in,2026-08-15,GB
u01-003598,user3598@uni.edu,2026-09-16,SG
u01-003599,user3599@uni.edu,2026-04-19,AU
u01-003600,user3600@uni.edu,2026-04-13,IN
u01-003601,user3601@example.com,2026-09-16,AU
u01-003602,user3602@corp.io,2026-07-23,IN
u01-003603,user3603@uni.edu,2026-03-14,DE
u01-003604,user3604@example.com,2026-05-19,SG
u01-003605,user3605@corp.io,2026-03-18,SG
u01-003606,user3606@mail.co.in,2026-06-27,SG
u01-003607,user3607@example.com,2026-06-23,US
u01-003608,user3608@uni.edu,2026-01-14,SG
u01-003609,user3609@corp.io,2026-01-26,SG
u01-003610,user3610@mail.co.in,2026-07-20,AU
u01-003611,user3611@uni.edu,2026-07-24,SG
u01-003612,user3612@example.com,2026-03-26,DE
u01-003613,user3613@mail.co.in,2026-09-15,AU
u01-003614,user3614@example.com,2026-03-25,DE
u01-003615,user3615@corp.io,2026-02-25,SG
u01-003616,user3616@mail.co.in,2026-03-12,DE
u01-003617,user3617@corp.io,2026-07-28,IN
u01-003618,user3618@mail.co.in,2026-02-11,AU
u01-003619,user3619@mail.co.in,2026-09-11,SG
u01-003620,user3620@example.com,2026-06-24,US
u01-003621,user3621@uni.edu,2026-09-28,IN
u01-003622,user3622@example.com,2026-07-21,AU
u01-003623,user3623@mail.co.in,2026-06-14,SG
u01-003624,user3624@uni.edu,2026-03-24,SG
u01-003625,user3625@corp.io,2026-06-25,AU
u01-003626,user3626@mail.co.in,2026-09-27,AU
u01-003627,user3627@corp.io,2026-01-17,US
u01-003628,user3628@uni.edu,2026-09-10,GB
u01-003629,user3629@uni.edu,2026-05-22,US
u01-003630,user3630@example.com,2026-01-25,US
u01-003631,user3631@uni.edu,2026-05-28,DE
u01-003632,user3632@corp.io,2026-05-20,IN
u01-003633,user3633@mail.co.in,2026-07-25,DE
u01-003634,user3634@corp.io,2026-04-12,DE
u01-003635,user3635@example.com,2026-03-10,SG
u01-003636,user3636@example.com,2026-03-11,US
u01-003637,user3637@corp.io,2026-02-14,IN
u01-003638,user3638@corp.io,2026-06-23,SG
u01-003639,user3639@mail.co.in,2026-06-17,AU
u01-003640,user3640@example.com,2026-05-11,US
u01-003641,user3641@corp.io,2026-07-26,GB
u01-003642,user3642@mail.co.in,2026-04-27,AU
u01-003643,user3643@corp.io,2026-07-13,SG
u01-003644,user3644@corp.io,2026-06-25,SG
u01-003645,user3645@mail.co.in,2026-01-21,US
u01-003646,user3646@uni.edu,2026-05-25,DE
u01-003647,user3647@mail.co.in,2026-01-12,AU
u01-003648,user3648@uni.edu,2026-03-25,AU
u01-003649,user3649@example.com,2026-05-17,US
u01-003650,user3650@corp.io,2026-06-13,US
u01-003651,user3651@uni.edu,2026-07-18,GB
u01-003652,user3652@mail.co.in,2026-06-15,IN
u01-003653,user3653@uni.edu,2026-06-22,US
u01-003654,user3654@uni.edu,2026-05-28,SG
u01-003655,user3655@mail.co.in,2026-06-28,DE
u01-003656,user3656@example.com,2026-08-16,DE
u01-003657,user3657@corp.io,2026-07-23,US
u01-003658,user3658@uni.edu,2026-04-17,GB
u01-003659,user3659@uni.edu,2026-05-20,DE
u01-003660,user3660@mail.co.in,2026-06-21,SG
u01-003661,user3661@example.com,2026-06-27,IN
u01-003662,user3662@example.com,2026-03-26,US
u01-003663,user3663@mail.co.in,2026-05-18,AU
u01-003664,user3664@example.com,2026-04-20,AU
u01-003665,user3665@example.com,2026-07-27,SG
u01-003666,user3666@example.com,2026-02-16,DE
u01-003667,user3667@corp.io,2026-07-21,AU
u01-003668,user3668@uni.edu,2026-05-25,AU
u01-003669,user3669@example.com,2026-05-10,DE
u01-003670,user3670@uni.edu,2026-05-24,GB
u01-003671,user3671@example.com,2026-03-26,GB
u01-003672,user3672@uni.edu,2026-05-20,SG
u01-003673,user3673@mail.co.in,2026-05-18,US
u01-003674,user3674@corp.io,2026-05-28,SG
u01-003675,user3675@mail.co.in,2026-06-10,US
u01-003676,user3676@example.com,2026-02-11,GB
u01-003677,user3677@uni.edu,2026-04-21,SG
u01-003678,user3678@example.com,2026-03-27,US
u01-003679,user3679@uni.edu,2026-03-23,IN
u01-003680,user3680@uni.edu,2026-03-14,SG
u01-003681,user3681@example.com,2026-02-27,GB
u01-003682,user3682@uni.edu,2026-07-19,AU
u01-003683,user3683@mail.co.in,2026-03-12,SG
u01-003684,user3684@mail.co.in,2026-06-16,DE
u01-003685,user3685@corp.io,2026-03-22,GB
u01-003686,user3686@corp.io,2026-04-16,DE
u01-003687,user3687@example.com,2026-02-19,GB
u01-003688,user3688@uni.edu,2026-04-11,SG
u01-003689,user3689@example.com,2026-05-23,DE
u01-003690,user3690@example.com,2026-05-14,GB
u01-003691,user3691@example.com,2026-08-17,SG
u01-003692,user3692@uni.edu,2026-01-19,IN
u01-003693,user3693@corp.io,2026-01-26,SG
u01-003694,user3694@corp.io,2026-01-16,IN
u01-003695,user3695@uni.edu,2026-05-12,AU
u01-003696,user3696@example.com,2026-07-26,IN
u01-003697,user3697@mail.co.in,2026-09-23,IN
u01-003698,user3698@corp.io,2026-09-15,US
u01-003699,user3699@example.com,2026-05-17,IN
u01-003700,user3700@example.com,2026-07-25,GB
u01-003701,user3701@uni.edu,2026-08-16,GB
u01-003702,user3702@corp.io,2026-07-18,AU
u01-003703,user3703@mail.co.in,2026-09-14,DE
u01-003704,user3704@mail.co.in,2026-08-19,DE
u01-003705,user3705@corp.io,2026-03-24,GB
u01-003706,user3706@uni.edu,2026-06-12,IN
u01-003707,user3707@mail.co.in,2026-05-23,GB
u01-003708,user3708@corp.io,2026-06-17,AU
u01-003709,user3709@corp.io,2026-02-23,US
u01-003710,user3710@corp.io,2026-03-12,DE
u01-003711,user3711@uni.edu,2026-04-25,GB
u01-003712,user3712@uni.edu,2026-01-25,DE
u01-003713,user3713@corp.io,2026-01-10,IN
u01-003714,user3714@corp.io,2026-02-26,DE
u01-003715,user3715@corp.io,2026-07-15,US
u01-003716,user3716@example.com,2026-07-13,DE
u01-003717,user3717@mail.co.in,2026-06-12,GB
u01-003718,user3718@mail.co.in,2026-02-26,IN
u01-003719,user3719@uni.edu,2026-08-20,US
u01-003720,user3720@uni.edu,2026-05-19,US
u01-003721,user3721@example.com,2026-07-21,US
u01-003722,user3722@corp.io,2026-06-10,SG
u01-003723,user3723@mail.co.in,2026-03-19,IN
u01-003724,user3724@corp.io,2026-01-25,DE
u01-003725,user3725@example.com,2026-08-24,DE
u01-003726,user3726@mail.co.in,2026-04-26,GB
u01-003727,user3727@example.com,2026-06-17,AU
u01-003728,user3728@corp.io,2026-09-27,US
u01-003729,user3729@example.com,2026-05-14,US
u01-003730,user3730@uni.edu,2026-04-28,GB
u01-003731,user3731@example.com,2026-09-21,DE
u01-003732,user3732@mail.co.in,2026-09-26,US
u01-003733,user3733@corp.io,2026-08-11,DE
u01-003734,user3734@corp.io,2026-07-16,DE
u01-003735,user3735@uni.edu,2026-07-15,DE
u01-003736,user3736@corp.io,2026-09-25,SG
u01-003737,user3737@corp.io,2026-02-16,IN
u01-003738,user3738@example.com,2026-08-12,SG
u01-003739,user3739@corp.io,2026-06-19,SG
u01-003740,user3740@corp.io,2026-05-14,GB
u01-003741,user3741@mail.co.in,2026-06-26,AU
u01-003742,user3742@mail.co.in,2026-06-22,IN
u01-003743,user3743@corp.io,2026-05-17,IN
u01-003744,user3744@example.com,2026-01-26,SG
u01-003745,user3745@uni.edu,2026-01-22,AU
u01-003746,user3746@corp.io,2026-06-20,DE
u01-003747,user3747@corp.io,2026-04-24,US
u01-003748,user3748@uni.edu,2026-06-15,DE
u01-003749,user3749@mail.co.in,2026-05-19,GB
u01-003750,user3750@example.com,2026-05-17,AU
u01-003751,user3751@example.com,2026-05-24,US
u01-003752,user3752@uni.edu,2026-08-24,DE
u01-003753,user3753@corp.io,2026-02-16,AU
u01-003754,user3754@corp.io,2026-04-14,AU
u01-003755,user3755@mail.co.in,2026-09-16,DE
u01-003756,user3756@example.com,2026-01-10,DE
u01-003757,user3757@corp.io,2026-02-10,SG
u01-003758,user3758@mail.co.in,2026-01-21,US
u01-003759,user3759@uni.edu,2026-01-10,DE
u01-003760,user3760@example.com,2026-03-12,GB
u01-003761,user3761@corp.io,2026-08-22,US
u01-003762,user3762@corp.io,2026-04-23,DE
u01-003763,user3763@uni.edu,2026-08-28,SG
u01-003764,user3764@uni.edu,2026-09-27,SG
u01-003765,user3765@uni.edu,2026-06-28,AU
u01-003766,user3766@corp.io,2026-06-28,SG
u01-003767,user3767@mail.co.in,2026-02-12,AU
u01-003768,user3768@example.com,2026-08-28,SG
u01-003769,user3769@corp.io,2026-02-15,IN
u01-003770,user3770@mail.co.in,2026-07-19,AU
u01-003771,user3771@example.com,2026-07-11,US
u01-003772,user3772@uni.edu,2026-03-14,DE
u01-003773,user3773@mail.co.in,2026-02-16,AU
u01-003774,user3774@mail.co.in,2026-09-11,SG
u01-003775,user3775@uni.edu,2026-06-26,IN
u01-003776,user3776@corp.io,2026-05-13,GB
u01-003777,user3777@corp.io,2026-02-28,GB
u01-003778,user3778@corp.io,2026-05-19,US
u01-003779,user3779@example.com,2026-06-11,AU
u01-003780,user3780@corp.io,2026-04-25,IN
u01-003781,user3781@mail.co.in,2026-08-15,GB
u01-003782,user3782@mail.co.in,2026-03-23,US
u01-003783,user3783@mail.co.in,2026-07-23,AU
u01-003784,user3784@corp.io,2026-01-15,US
u01-003785,user3785@example.com,2026-07-18,US
u01-003786,user3786@example.com,2026-07-18,DE
u01-003787,user3787@mail.co.in,2026-03-28,SG
u01-003788,user3788@mail.co.in,2026-01-20,AU
u01-003789,user3789@uni.edu,2026-08-25,US
u01-003790,user3790@corp.io,2026-09-19,IN
u01-003791,user3791@example.com,2026-04-11,GB
u01-003792,user3792@example.com,2026-02-25,IN
u01-003793,user3793@uni.edu,2026-06-13,AU
u01-003794,user3794@corp.io,2026-07-16,GB
u01-003795,user3795@example.com,2026-05-10,GB
u01-003796,user3796@example.com,2026-09-28,SG
u01-003797,user3797@corp.io,2026-07-26,DE
u01-003798,user3798@example.com,2026-02-15,GB
u01-003799,user3799@example.com,2026-04-17,US
u01-003800,user3800@corp.io,2026-02-22,DE
u01-003801,user3801@corp.io,2026-03-11,SG
u01-003802,user3802@uni.edu,2026-03-19,AU
u01-003803,user3803@corp.io,2026-04-14,IN
u01-003804,user3804@uni.edu,2026-05-17,SG
u01-003805,user3805@uni.edu,2026-02-21,SG
u01-003806,user3806@example.com,2026-06-26,AU
u01-003807,user3807@mail.co.in,2026-04-24,SG
u01-003808,user3808@uni.edu,2026-07-23,GB
u01-003809,user3809@uni.edu,2026-05-11,DE
u01-003810,user3810@mail.co.in,2026-04-23,IN
u01-003811,user3811@uni.edu,2026-04-18,DE
u01-003812,user3812@uni.edu,2026-07-11,SG
u01-003813,user3813@uni.edu,2026-03-19,AU
u01-003814,user3814@corp.io,2026-01-22,DE
u01-003815,user3815@example.com,2026-06-21,DE
u01-003816,user3816@uni.edu,2026-08-15,IN
u01-003817,user3817@example.com,2026-05-16,GB
u01-003818,user3818@uni.edu,2026-06-28,AU
u01-003819,user3819@uni.edu,2026-07-10,GB
u01-003820,user3820@uni.edu,2026-01-16,SG
u01-003821,user3821@corp.io,2026-09-17,DE
u01-003822,user3822@mail.co.in,2026-09-23,AU
u01-003823,user3823@uni.edu,2026-06-20,AU
u01-003824,user3824@uni.edu,2026-09-26,SG
u01-003825,user3825@uni.edu,2026-08-24,GB
u01-003826,user3826@mail.co.in,2026-09-28,AU
u01-003827,user3827@uni.edu,2026-06-10,AU
u01-003828,user3828@uni.edu,2026-09-17,IN
u01-003829,user3829@corp.io,2026-09-24,GB
u01-003830,user3830@mail.co.in,2026-05-24,IN
u01-003831,user3831@example.com,2026-07-26,US
u01-003832,user3832@example.com,2026-07-15,AU
u01-003833,user3833@mail.co.in,2026-09-12,US
u01-003834,user3834@example.com,2026-05-26,DE
u01-003835,user3835@corp.io,2026-04-26,IN
u01-003836,user3836@mail.co.in,2026-08-18,SG
u01-003837,user3837@example.com,2026-07-26,GB
u01-003838,user3838@mail.co.in,2026-04-27,DE
u01-003839,user3839@mail.co.in,2026-02-19,IN
u01-003840,user3840@example.com,2026-09-11,AU
u01-003841,user3841@uni.edu,2026-02-21,AU
u01-003842,user3842@example.com,2026-05-17,AU
u01-003843,user3843@mail.co.in,2026-03-20,DE
u01-003844,user3844@example.com,2026-03-24,IN
u01-003845,user3845@mail.co.in,2026-06-19,AU
u01-003846,user3846@corp.io,2026-07-21,SG
u01-003847,user3847@uni.edu,2026-08-11,DE
u01-003848,user3848@uni.edu,2026-07-13,GB
u01-003849,user3849@corp.io,2026-02-23,SG
u01-003850,user3850@corp.io,2026-05-26,GB
u01-003851,user3851@mail.co.in,2026-09-23,GB
u01-003852,user3852@mail.co.in,2026-03-11,AU
u01-003853,user3853@example.com,2026-02-17,SG
u01-003854,user3854@mail.co.in,2026-04-18,GB
u01-003855,user3855@uni.edu,2026-06-15,GB
u01-003856,user3856@uni.edu,2026-01-20,GB
u01-003857,user3857@corp.io,2026-09-15,SG
u01-003858,user3858@corp.io,2026-07-14,IN
u01-003859,user3859@corp.io,2026-07-25,SG
u01-003860,user3860@example.com,2026-08-10,AU
u01-003861,user3861@uni.edu,2026-01-20,IN
u01-003862,user3862@example.com,2026-07-28,IN
u01-003863,user3863@mail.co.in,2026-09-25,SG
u01-003864,user3864@uni.edu,2026-01-23,GB
u01-003865,user3865@mail.co.in,2026-02-18,SG
u01-003866,user3866@example.com,2026-01-12,SG
u01-003867,user3867@uni.edu,2026-05-23,IN
u01-003868,user3868@corp.io,2026-06-27,DE
u01-003869,user3869@uni.edu,2026-04-22,GB
u01-003870,user3870@mail.co.in,2026-02-22,DE
u01-003871,user3871@uni.edu,2026-09-25,IN
u01-003872,user3872@example.com,2026-05-28,IN
u01-003873,user3873@corp.io,2026-01-25,GB
u01-003874,user3874@example.com,2026-08-20,AU
u01-003875,user3875@example.com,2026-01-14,DE
u01-003876,user3876@mail.co.in,2026-02-14,DE
u01-003877,user3877@corp.io,2026-06-26,IN
u01-003878,user3878@corp.io,2026-08-15,GB
u01-003879,user3879@example.com,2026-06-25,AU
u01-003880,user3880@corp.io,2026-05-11,US
u01-003881,user3881@example.com,2026-07-18,GB
u01-003882,user3882@mail.co.in,2026-06-20,AU
u01-003883,user3883@uni.edu,2026-02-17,SG
u01-003884,user3884@example.com,2026-05-22,IN
u01-003885,user3885@uni.edu,2026-06-10,GB
u01-003886,user3886@mail.co.in,2026-04-28,GB
u01-003887,user3887@mail.co.in,2026-04-11,AU
u01-003888,user3888@uni.edu,2026-01-13,US
u01-003889,user3889@corp.io,2026-06-22,SG
u01-003890,user3890@mail.co.in,2026-01-15,DE
u01-003891,user3891@mail.co.in,2026-08-20,DE
u01-003892,user3892@corp.io,2026-03-21,DE
u01-003893,user3893@mail.co.in,2026-04-28,US
u01-003894,user3894@mail.co.in,2026-07-27,AU
u01-003895,user3895@uni.edu,2026-06-21,GB
u01-003896,user3896@uni.edu,2026-06-17,SG
u01-003897,user3897@example.com,2026-02-15,US
u01-003898,user3898@uni.edu,2026-01-16,AU
u01-003899,user3899@example.com,2026-06-21,DE
u01-003900,user3900@corp.io,2026-02-13,IN
u01-003901,user3901@uni.edu,2026-03-20,SG
u01-003902,user3902@corp.io,2026-06-15,US
u01-003903,user3903@uni.edu,2026-02-28,GB
u01-003904,user3904@uni.edu,2026-04-14,SG
u01-003905,user3905@uni.edu,2026-09-14,GB
u01-003906,user3906@example.com,2026-02-14,IN
u01-003907,user3907@uni.edu,2026-01-10,IN
u01-003908,user3908@uni.edu,2026-07-28,US
u01-003909,user3909@example.com,2026-08-15,US
u01-003910,user3910@uni.edu,2026-07-22,DE
u01-003911,user3911@uni.edu,2026-01-27,AU
u01-003912,user3912@example.com,2026-09-14,US
u01-003913,user3913@mail.co.in,2026-05-26,GB
u01-003914,user3914@corp.io,2026-04-13,US
u01-003915,user3915@mail.co.in,2026-06-25,IN
u01-003916,user3916@mail.co.in,2026-02-26,IN
u01-003917,user3917@corp.io,2026-03-23,DE
u01-003918,user3918@uni.edu,2026-03-10,SG
u01-003919,user3919@uni.edu,2026-03-26,IN
u01-003920,user3920@corp.io,2026-01-13,US
u01-003921,user3921@example.com,2026-04-26,DE
u01-003922,user3922@uni.edu,2026-05-10,SG
u01-003923,user3923@corp.io,2026-06-26,GB
u01-003924,user3924@corp.io,2026-08-15,AU
u01-003925,user3925@example.com,2026-09-12,DE
u01-003926,user3926@uni.edu,2026-05-10,AU
u01-003927,user3927@mail.co.in,2026-09-21,AU
u01-003928,user3928@example.com,2026-09-25,AU
u01-003929,user3929@mail.co.in,2026-04-28,US
u01-003930,user3930@example.com,2026-09-16,US
u01-003931,user3931@mail.co.in,2026-04-24,US
u01-003932,user3932@corp.io,2026-01-17,DE
u01-003933,user3933@corp.io,2026-05-13,AU
u01-003934,user3934@mail.co.in,2026-07-18,IN
u01-003935,user3935@example.com,2026-03-16,US
u01-003936,user3936@uni.edu,2026-01-19,IN
u01-003937,user3937@uni.edu,2026-01-18,SG
u01-003938,user3938@mail.co.in,2026-01-14,SG
u01-003939,user3939@mail.co.in,2026-07-20,GB
u01-003940,user3940@mail.co.in,2026-04-20,GB
u01-003941,user3941@example.com,2026-08-11,DE
u01-003942,user3942@corp.io,2026-07-11,AU
u01-003943,user3943@mail.co.in,2026-06-11,SG
u01-003944,user3944@example.com,2026-07-24,DE
u01-003945,user3945@corp.io,2026-02-22,IN
u01-003946,user3946@mail.co.in,2026-06-12,IN
u01-003947,user3947@corp.io,2026-07-24,GB
u01-003948,user3948@mail.co.in,2026-02-14,GB
u01-003949,user3949@corp.io,2026-04-27,GB
u01-003950,user3950@uni.edu,2026-05-26,AU
u01-003951,user3951@uni.edu,2026-04-24,AU
u01-003952,user3952@mail.co.in,2026-08-14,IN
u01-003953,user3953@uni.edu,2026-03-24,AU
u01-003954,user3954@uni.edu,2026-08-12,US
u01-003955,user3955@mail.co.in,2026-07-16,IN
u01-003956,user3956@example.com,2026-05-18,AU
u01-003957,user3957@corp.io,2026-05-12,AU
u01-003958,user3958@example.com,2026-08-20,SG
u01-003959,user3959@uni.edu,2026-06-21,DE
u01-003960,user3960@corp.io,2026-09-25,GB
u01-003961,user3961@corp.io,2026-04-28,DE
u01-003962,user3962@corp.io,2026-03-28,SG
u01-003963,user3963@example.com,2026-02-27,DE
u01-003964,user3964@mail.co.in,2026-03-17,DE
u01-003965,user3965@mail.co.in,2026-07-16,IN
u01-003966,user3966@example.com,2026-01-15,GB
u01-003967,user3967@mail.co.in,2026-06-13,US
u01-003968,user3968@corp.io,2026-01-22,GB
u01-003969,user3969@corp.io,2026-02-12,SG
u01-003970,user3970@corp.io,2026-02-22,IN
u01-003971,user3971@mail.co.in,2026-05-27,US
u01-003972,user3972@mail.co.in,2026-07-10,GB
u01-003973,user3973@example.com,2026-02-18,DE
u01-003974,user3974@mail.co.in,2026-03-14,GB
u01-003975,user3975@mail.co.in,2026-01-25,GB
u01-003976,user3976@uni.edu,2026-02-13,IN
u01-003977,user3977@example.com,2026-01-26,AU
u01-003978,user3978@corp.io,2026-09-23,US
u01-003979,user3979@mail.co.in,2026-04-18,AU
u01-003980,user3980@uni.edu,2026-09-12,DE
u01-003981,user3981@uni.edu,2026-02-18,SG
u01-003982,user3982@mail.co.in,2026-06-13,DE
u01-003983,user3983@uni.edu,2026-03-22,DE
u01-003984,user3984@corp.io,2026-09-13,IN
u01-003985,user3985@example.com,2026-07-17,SG
u01-003986,user3986@example.com,2026-06-23,AU
u01-003987,user3987@example.com,2026-02-16,GB
u01-003988,user3988@example.com,2026-01-13,GB
u01-003989,user3989@example.com,2026-04-15,SG
u01-003990,user3990@corp.io,2026-05-18,US
u01-003991,user3991@corp.io,2026-04-20,SG
u01-003992,user3992@example.com,2026-02-17,GB
u01-003993,user3993@example.com,2026-02-17,SG
u01-003994,user3994@uni.edu,2026-04-10,US
u01-003995,user3995@example.com,2026-08-16,US
u01-003996,user3996@mail.co.in,2026-09-11,DE
u01-003997,user3997@example.com,2026-02-19,DE
u01-003998,user3998@corp.io,2026-03-23,DE
u01-003999,user3999@uni.edu,2026-03-13,IN
u01-004000,user4000@uni.edu,2026-05-14,GB
u01-004001,user4001@uni.edu,2026-04-13,SG
u01-004002,user4002@uni.edu,2026-03-13,SG
u01-004003,user4003@mail.co.in,2026-05-23,IN
u01-004004,user4004@example.com,2026-01-23,AU
u01-004005,user4005@uni.edu,2026-07-14,AU
u01-004006,user4006@example.com,2026-08-19,IN
u01-004007,user4007@corp.io,2026-03-22,US
u01-004008,user4008@mail.co.in,2026-09-15,IN
u01-004009,user4009@example.com,2026-07-16,AU
u01-004010,user4010@uni.edu,2026-05-20,AU
u01-004011,user4011@mail.co.in,2026-01-11,AU
u01-004012,user4012@mail.co.in,2026-03-22,DE
u01-004013,user4013@corp.io,2026-01-10,AU
u01-004014,user4014@uni.edu,2026-03-26,AU
u01-004015,user4015@mail.co.in,2026-02-24,AU
u01-004016,user4016@uni.edu,2026-02-12,AU
u01-004017,user4017@uni.edu,2026-03-19,US
u01-004018,user4018@example.com,2026-03-21,GB
u01-004019,user4019@corp.io,2026-08-13,AU
u01-004020,user4020@corp.io,2026-01-27,SG
u01-004021,user4021@mail.co.in,2026-07-18,SG
u01-004022,user4022@corp.io,2026-03-23,GB
u01-004023,user4023@example.com,2026-08-26,SG
u01-004024,user4024@mail.co.in,2026-08-16,US
u01-004025,user4025@corp.io,2026-02-14,IN
u01-004026,user4026@corp.io,2026-06-21,US
u01-004027,user4027@uni.edu,2026-08-17,GB
u01-004028,user4028@mail.co.in,2026-06-19,IN
u01-004029,user4029@uni.edu,2026-07-15,IN
u01-004030,user4030@mail.co.in,2026-06-20,US
u01-004031,user4031@uni.edu,2026-03-28,US
u01-004032,user4032@corp.io,2026-09-21,AU
u01-004033,user4033@mail.co.in,2026-05-12,DE
u01-004034,user4034@corp.io,2026-09-26,US
u01-004035,user4035@uni.edu,2026-09-23,SG
u01-004036,user4036@uni.edu,2026-09-13,US
u01-004037,user4037@corp.io,2026-07-28,IN
u01-004038,user4038@mail.co.in,2026-05-23,IN
u01-004039,user4039@mail.co.in,2026-03-17,GB
u01-004040,user4040@mail.co.in,2026-03-19,GB
u01-004041,user4041@example.com,2026-04-18,IN
u01-004042,user4042@mail.co.in,2026-01-16,GB
u01-004043,user4043@example.com,2026-09-15,US
u01-004044,user4044@uni.edu,2026-05-27,AU
u01-004045,user4045@uni.edu,2026-03-28,IN
u01-004046,user4046@example.com,2026-07-10,IN
u01-004047,user4047@example.com,2026-07-23,IN
u01-004048,user4048@uni.edu,2026-04-20,US
u01-004049,user4049@example.com,2026-05-20,GB
u01-004050,user4050@uni.edu,2026-09-15,DE
u01-004051,user4051@example.com,2026-02-28,US
u01-004052,user4052@example.com,2026-02-21,SG
u01-004053,user4053@mail.co.in,2026-06-19,GB
u01-004054,user4054@mail.co.in,2026-03-19,US
u01-004055,user4055@uni.edu,2026-01-11,IN
u01-004056,user4056@uni.edu,2026-05-22,SG
u01-004057,user4057@example.com,2026-06-26,GB
u01-004058,user4058@corp.io,2026-06-15,US
u01-004059,user4059@mail.co.in,2026-01-22,SG
u01-004060,user4060@mail.co.in,2026-02-23,IN
u01-004061,user4061@uni.edu,2026-05-28,DE
u01-004062,user4062@example.com,2026-09-17,AU
u01-004063,user4063@corp.io,2026-03-17,AU
u01-004064,user4064@mail.co.in,2026-03-13,DE
u01-004065,user4065@corp.io,2026-02-12,DE
u01-004066,user4066@uni.edu,2026-05-23,IN
u01-004067,user4067@example.com,2026-04-14,US
u01-004068,user4068@corp.io,2026-07-28,SG
u01-004069,user4069@mail.co.in,2026-04-20,US
u01-004070,user4070@example.com,2026-02-10,GB
u01-004071,user4071@mail.co.in,2026-08-19,US
u01-004072,user4072@example.com,2026-05-28,SG
u01-004073,user4073@uni.edu,2026-09-12,DE
u01-004074,user4074@uni.edu,2026-04-11,DE
u01-004075,user4075@mail.co.in,2026-04-26,IN
u01-004076,user4076@uni.edu,2026-09-14,DE
u01-004077,user4077@mail.co.in,2026-04-28,IN
u01-004078,user4078@corp.io,2026-03-15,US
u01-004079,user4079@corp.io,2026-02-24,DE
u01-004080,user4080@mail.co.in,2026-07-17,DE
u01-004081,user4081@uni.edu,2026-08-19,SG
u01-004082,user4082@corp.io,2026-07-27,DE
u01-004083,user4083@mail.co.in,2026-07-12,SG
u01-004084,user4084@uni.edu,2026-05-23,GB
u01-004085,user4085@uni.edu,2026-01-18,AU
u01-004086,user4086@corp.io,2026-05-20,AU
u01-004087,user4087@example.com,2026-09-17,SG
u01-004088,user4088@corp.io,2026-08-10,US
u01-004089,user4089@corp.io,2026-05-14,SG
u01-004090,user4090@example.com,2026-05-28,GB
u01-004091,user4091@example.com,2026-07-26,US
u01-004092,user4092@mail.co.in,2026-08-14,DE
u01-004093,user4093@corp.io,2026-03-22,US
u01-004094,user4094@mail.co.in,2026-04-11,SG
u01-004095,user4095@uni.edu,2026-07-22,US
u01-004096,user4096@example.com,2026-02-17,US
u01-004097,user4097@uni.edu,2026-07-21,SG
u01-004098,user4098@mail.co.in,2026-03-28,SG
u01-004099,user4099@mail.co.in,2026-08-17,US
u01-004100,user4100@example.com,2026-01-20,AU
u01-004101,user4101@example.com,2026-02-17,IN
u01-004102,user4102@uni.edu,2026-02-18,GB
u01-004103,user4103@mail.co.in,2026-01-14,DE
u01-004104,user4104@mail.co.in,2026-05-12,DE
u01-004105,user4105@corp.io,2026-08-17,IN
u01-004106,user4106@mail.co.in,2026-09-20,US
u01-004107,user4107@mail.co.in,2026-04-21,IN
u01-004108,user4108@example.com,2026-06-14,IN
u01-004109,user4109@example.com,2026-03-18,GB
u01-004110,user4110@mail.co.in,2026-01-17,DE
u01-004111,user4111@uni.edu,2026-01-19,DE
u01-004112,user4112@example.com,2026-06-14,DE
u01-004113,user4113@uni.edu,2026-08-12,IN
u01-004114,user4114@example.com,2026-01-22,SG
u01-004115,user4115@corp.io,2026-06-13,GB
u01-004116,user4116@corp.io,2026-05-12,IN
u01-004117,user4117@example.com,2026-08-21,US
u01-004118,user4118@mail.co.in,2026-09-27,IN
u01-004119,user4119@uni.edu,2026-02-25,DE
u01-004120,user4120@corp.io,2026-04-27,IN
u01-004121,user4121@corp.io,2026-01-21,DE
u01-004122,user4122@corp.io,2026-07-22,SG
u01-004123,user4123@uni.edu,2026-06-19,IN
u01-004124,user4124@uni.edu,2026-04-17,SG
u01-004125,user4125@uni.edu,2026-03-26,US
u01-004126,user4126@uni.edu,2026-01-26,DE
u01-004127,user4127@mail.co.in,2026-09-20,GB
u01-004128,user4128@example.com,2026-03-17,AU
u01-004129,user4129@example.com,2026-03-28,AU
u01-004130,user4130@corp.io,2026-06-11,DE
u01-004131,user4131@example.com,2026-01-28,SG
u01-004132,user4132@corp.io,2026-04-24,AU
u01-004133,user4133@corp.io,2026-07-20,DE
u01-004134,user4134@uni.edu,2026-03-24,US
u01-004135,user4135@corp.io,2026-09-27,IN
u01-004136,user4136@mail.co.in,2026-02-21,DE
u01-004137,user4137@example.com,2026-02-20,DE
u01-004138,user4138@uni.edu,2026-08-18,GB
u01-004139,user4139@uni.edu,2026-03-14,US
u01-004140,user4140@corp.io,2026-08-23,US
u01-004141,user4141@example.com,2026-09-24,AU
u01-004142,user4142@uni.edu,2026-04-14,IN
u01-004143,user4143@mail.co.in,2026-08-21,DE
u01-004144,user4144@uni.edu,2026-01-17,IN
u01-004145,user4145@example.com,2026-06-21,GB
u01-004146,user4146@mail.co.in,2026-08-15,GB
u01-004147,user4147@corp.io,2026-04-16,AU
u01-004148,user4148@corp.io,2026-06-17,IN
u01-004149,user4149@mail.co.in,2026-09-27,IN
u01-004150,user4150@mail.co.in,2026-03-27,DE
u01-004151,user4151@uni.edu,2026-01-11,US
u01-004152,user4152@example.com,2026-09-21,DE
u01-004153,user4153@example.com,2026-01-13,SG
u01-004154,user4154@corp.io,2026-03-17,IN
u01-004155,user4155@uni.edu,2026-05-20,IN
u01-004156,user4156@uni.edu,2026-01-26,IN
u01-004157,user4157@mail.co.in,2026-07-28,AU
u01-004158,user4158@corp.io,2026-03-27,IN
u01-004159,user4159@mail.co.in,2026-09-21,IN
u01-004160,user4160@example.com,2026-04-20,US
u01-004161,user4161@mail.co.in,2026-04-12,IN
u01-004162,user4162@example.com,2026-07-17,DE
u01-004163,user4163@uni.edu,2026-09-26,DE
u01-004164,user4164@uni.edu,2026-01-18,IN
u01-004165,user4165@uni.edu,2026-06-26,AU
u01-004166,user4166@mail.co.in,2026-06-16,AU
u01-004167,user4167@example.com,2026-05-15,GB
u01-004168,user4168@example.com,2026-09-17,AU
u01-004169,user4169@corp.io,2026-06-17,DE
u01-004170,user4170@mail.co.in,2026-08-15,GB
u01-004171,user4171@uni.edu,2026-06-20,IN
u01-004172,user4172@uni.edu,2026-08-10,DE
u01-004173,user4173@example.com,2026-05-22,SG
u01-004174,user4174@example.com,2026-01-28,IN
u01-004175,user4175@corp.io,2026-04-10,US
u01-004176,user4176@uni.edu,2026-06-12,IN
u01-004177,user4177@example.com,2026-03-17,US
u01-004178,user4178@corp.io,2026-02-10,DE
u01-004179,user4179@example.com,2026-06-12,SG
u01-004180,user4180@uni.edu,2026-05-19,SG
u01-004181,user4181@uni.edu,2026-08-26,US
u01-004182,user4182@mail.co.in,2026-04-19,DE
u01-004183,user4183@corp.io,2026-06-21,AU
u01-004184,user4184@corp.io,2026-04-15,DE
u01-004185,user4185@example.com,2026-03-14,US
u01-004186,user4186@mail.co.in,2026-08-21,IN
u01-004187,user4187@corp.io,2026-08-11,US
u01-004188,user4188@corp.io,2026-05-13,IN
u01-004189,user4189@uni.edu,2026-06-14,SG
u01-004190,user4190@corp.io,2026-02-11,DE
u01-004191,user4191@mail.co.in,2026-04-25,US
u01-004192,user4192@uni.edu,2026-05-26,US
u01-004193,user4193@corp.io,2026-06-14,IN
u01-004194,user4194@uni.edu,2026-02-14,DE
u01-004195,user4195@uni.edu,2026-02-23,SG
u01-004196,user4196@corp.io,2026-04-11,GB
u01-004197,user4197@example.com,2026-05-15,IN
u01-004198,user4198@example.com,2026-03-17,US
u01-004199,user4199@uni.edu,2026-09-11,DE
u01-004200,user4200@mail.co.in,2026-07-10,SG
u01-004201,user4201@mail.co.in,2026-04-24,GB
u01-004202,user4202@mail.co.in,2026-08-10,US
u01-004203,user4203@uni.edu,2026-01-10,AU
u01-004204,user4204@corp.io,2026-05-19,GB
u01-004205,user4205@mail.co.in,2026-07-24,SG
u01-004206,user4206@mail.co.in,2026-04-22,US
u01-004207,user4207@uni.edu,2026-01-25,GB
u01-004208,user4208@uni.edu,2026-06-26,US
u01-004209,user4209@uni.edu,2026-03-19,GB
u01-004210,user4210@uni.edu,2026-04-11,GB
u01-004211,user4211@mail.co.in,2026-05-23,DE
u01-004212,user4212@uni.edu,2026-07-28,US
u01-004213,user4213@example.com,2026-07-11,IN
u01-004214,user4214@mail.co.in,2026-04-12,SG
u01-004215,user4215@mail.co.in,2026-05-15,AU
u01-004216,user4216@uni.edu,2026-01-28,SG
u01-004217,user4217@example.com,2026-09-10,IN
u01-004218,user4218@example.com,2026-06-10,US
u01-004219,user4219@example.com,2026-08-22,GB
u01-004220,user4220@mail.co.in,2026-09-26,SG
u01-004221,user4221@corp.io,2026-03-10,GB
u01-004222,user4222@mail.co.in,2026-02-22,IN
u01-004223,user4223@uni.edu,2026-03-16,AU
u01-004224,user4224@mail.co.in,2026-06-22,US
u01-004225,user4225@corp.io,2026-02-14,AU
u01-004226,user4226@mail.co.in,2026-02-19,US
u01-004227,user4227@example.com,2026-09-18,AU
u01-004228,user4228@mail.co.in,2026-09-15,GB
u01-004229,user4229@example.com,2026-03-24,DE
u01-004230,user4230@mail.co.in,2026-04-28,DE
u01-004231,user4231@uni.edu,2026-08-20,SG
u01-004232,user4232@example.com,2026-06-20,IN
u01-004233,user4233@corp.io,2026-01-16,IN
u01-004234,user4234@uni.edu,2026-04-21,SG
u01-004235,user4235@example.com,2026-04-11,GB
u01-004236,user4236@example.com,2026-08-17,AU
u01-004237,user4237@corp.io,2026-03-26,US
u01-004238,user4238@uni.edu,2026-05-23,IN
u01-004239,user4239@example.com,2026-04-16,GB
u01-004240,user4240@uni.edu,2026-04-10,IN
u01-004241,user4241@corp.io,2026-07-14,GB
u01-004242,user4242@uni.edu,2026-09-16,SG
u01-004243,user4243@corp.io,2026-03-12,IN
u01-004244,user4244@mail.co.in,2026-03-24,GB
u01-004245,user4245@mail.co.in,2026-02-19,US
u01-004246,user4246@uni.edu,2026-04-25,IN
u01-004247,user4247@uni.edu,2026-05-14,GB
u01-004248,user4248@uni.edu,2026-09-15,US
u01-004249,user4249@example.com,2026-04-21,SG
u01-004250,user4250@corp.io,2026-05-22,GB
u01-004251,user4251@example.com,2026-09-27,SG
u01-004252,user4252@mail.co.in,2026-07-25,GB
u01-004253,user4253@uni.edu,2026-04-23,AU
u01-004254,user4254@uni.edu,2026-02-18,DE
u01-004255,user4255@mail.co.in,2026-06-15,US
u01-004256,user4256@corp.io,2026-06-10,SG
u01-004257,user4257@mail.co.in,2026-01-25,SG
u01-004258,user4258@uni.edu,2026-09-19,DE
u01-004259,user4259@example.com,2026-03-25,GB
u01-004260,user4260@corp.io,2026-08-26,IN
u01-004261,user4261@uni.edu,2026-01-17,AU
u01-004262,user4262@example.com,2026-05-20,SG
u01-004263,user4263@mail.co.in,2026-06-11,AU
u01-004264,user4264@uni.edu,2026-07-14,DE
u01-004265,user4265@example.com,2026-08-15,DE
u01-004266,user4266@mail.co.in,2026-07-10,DE
u01-004267,user4267@mail.co.in,2026-07-17,DE
u01-004268,user4268@corp.io,2026-04-13,GB
u01-004269,user4269@uni.edu,2026-06-11,AU
u01-004270,user4270@uni.edu,2026-08-18,SG
u01-004271,user4271@corp.io,2026-02-10,US
u01-004272,user4272@mail.co.in,2026-09-23,DE
u01-004273,user4273@mail.co.in,2026-08-11,IN
u01-004274,user4274@example.com,2026-08-16,AU
u01-004275,user4275@mail.co.in,2026-06-17,US
u01-004276,user4276@mail.co.in,2026-03-22,US
u01-004277,user4277@mail.co.in,2026-09-19,GB
u01-004278,user4278@mail.co.in,2026-03-12,AU
u01-004279,user4279@corp.io,2026-05-23,DE
u01-004280,user4280@corp.io,2026-03-23,DE
u01-004281,user4281@mail.co.in,2026-01-15,IN
u01-004282,user4282@mail.co.in,2026-01-13,SG
u01-004283,user4283@example.com,2026-09-14,AU
u01-004284,user4284@corp.io,2026-01-23,US
u01-004285,user4285@uni.edu,2026-01-23,GB
u01-004286,user4286@mail.co.in,2026-03-14,DE
u01-004287,user4287@example.com,2026-08-17,US
u01-004288,user4288@uni.edu,2026-08-17,AU
u01-004289,user4289@mail.co.in,2026-07-23,US
u01-004290,user4290@example.com,2026-03-15,DE
u01-004291,user4291@mail.co.in,2026-05-17,US
u01-004292,user4292@corp.io,2026-04-27,DE
u01-004293,user4293@uni.edu,2026-09-21,SG
u01-004294,user4294@example.com,2026-01-25,DE
u01-004295,user4295@corp.io,2026-06-13,DE
u01-004296,user4296@mail.co.in,2026-08-13,AU
u01-004297,user4297@mail.co.in,2026-08-11,GB
u01-004298,user4298@mail.co.in,2026-08-21,US
u01-004299,user4299@corp.io,2026-07-18,GB
u01-004300,user4300@mail.co.in,2026-09-18,SG
u01-004301,user4301@mail.co.in,2026-09-12,DE
u01-004302,user4302@corp.io,2026-02-22,IN
u01-004303,user4303@example.com,2026-06-19,SG
u01-004304,user4304@mail.co.in,2026-08-16,US
u01-004305,user4305@mail.co.in,2026-02-11,IN
u01-004306,user4306@mail.co.in,2026-01-24,IN
u01-004307,user4307@corp.io,2026-01-21,IN
u01-004308,user4308@corp.io,2026-05-19,AU
u01-004309,user4309@mail.co.in,2026-06-19,SG
u01-004310,user4310@corp.io,2026-04-20,US
u01-004311,user4311@uni.edu,2026-03-25,AU
u01-004312,user4312@corp.io,2026-01-13,IN
u01-004313,user4313@example.com,2026-06-25,SG
u01-004314,user4314@mail.co.in,2026-07-16,GB
u01-004315,user4315@example.com,2026-08-21,GB
u01-004316,user4316@mail.co.in,2026-05-19,US
u01-004317,user4317@mail.co.in,2026-05-20,US
u01-004318,user4318@example.com,2026-02-12,IN
u01-004319,user4319@corp.io,2026-09-21,IN
u01-004320,user4320@corp.io,2026-07-10,IN
u01-004321,user4321@example.com,2026-04-19,US
u01-004322,user4322@uni.edu,2026-06-13,SG
u01-004323,user4323@example.com,2026-09-18,DE
u01-004324,user4324@example.com,2026-09-11,GB
u01-004325,user4325@example.com,2026-01-16,SG
u01-004326,user4326@mail.co.in,2026-05-26,US
u01-004327,user4327@example.com,2026-04-12,DE
u01-004328,user4328@example.com,2026-03-20,US
u01-004329,user4329@mail.co.in,2026-06-13,SG
u01-004330,user4330@example.com,2026-08-16,SG
u01-004331,user4331@example.com,2026-08-11,DE
u01-004332,user4332@corp.io,2026-05-20,GB
u01-004333,user4333@uni.edu,2026-09-15,DE
u01-004334,user4334@example.com,2026-05-16,AU
u01-004335,user4335@mail.co.in,2026-03-17,DE
u01-004336,user4336@uni.edu,2026-03-15,IN
u01-004337,user4337@corp.io,2026-08-20,US
u01-004338,user4338@uni.edu,2026-04-25,SG
u01-004339,user4339@mail.co.in,2026-05-25,IN
u01-004340,user4340@example.com,2026-07-14,IN
u01-004341,user4341@mail.co.in,2026-09-24,GB
u01-004342,user4342@example.com,2026-05-21,IN
u01-004343,user4343@corp.io,2026-04-20,GB
u01-004344,user4344@corp.io,2026-09-21,US
u01-004345,user4345@mail.co.in,2026-04-21,GB
u01-004346,user4346@example.com,2026-08-11,AU
u01-004347,user4347@corp.io,2026-04-13,US
u01-004348,user4348@uni.edu,2026-07-20,GB
u01-004349,user4349@corp.io,2026-07-22,GB
u01-004350,user4350@corp.io,2026-01-15,AU
u01-004351,user4351@uni.edu,2026-08-18,GB
u01-004352,user4352@uni.edu,2026-07-12,GB
u01-004353,user4353@uni.edu,2026-07-26,AU
u01-004354,user4354@corp.io,2026-04-14,DE
u01-004355,user4355@mail.co.in,2026-05-15,AU
u01-004356,user4356@uni.edu,2026-01-14,SG
u01-004357,user4357@mail.co.in,2026-06-18,IN
u01-004358,user4358@mail.co.in,2026-02-16,SG
u01-004359,user4359@uni.edu,2026-07-13,GB
u01-004360,user4360@example.com,2026-01-14,SG
u01-004361,user4361@mail.co.in,2026-07-10,GB
u01-004362,user4362@mail.co.in,2026-09-13,GB
u01-004363,user4363@corp.io,2026-02-22,GB
u01-004364,user4364@example.com,2026-02-28,SG
u01-004365,user4365@example.com,2026-08-16,SG
u01-004366,user4366@uni.edu,2026-06-22,DE
u01-004367,user4367@example.com,2026-05-10,AU
u01-004368,user4368@mail.co.in,2026-07-20,US
u01-004369,user4369@corp.io,2026-04-14,GB
u01-004370,user4370@mail.co.in,2026-09-24,US
u01-004371,user4371@uni.edu,2026-07-16,IN
u01-004372,user4372@uni.edu,2026-07-15,GB
u01-004373,user4373@mail.co.in,2026-01-22,DE
u01-004374,user4374@uni.edu,2026-08-18,IN
u01-004375,user4375@corp.io,2026-09-24,AU
u01-004376,user4376@example.com,2026-01-19,GB
u01-004377,user4377@corp.io,2026-04-14,AU
u01-004378,user4378@example.com,2026-06-14,DE
u01-004379,user4379@example.com,2026-04-22,GB
u01-004380,user4380@uni.edu,2026-07-15,IN
u01-004381,user4381@corp.io,2026-06-18,AU
u01-004382,user4382@corp.io,2026-08-28,US
u01-004383,user4383@corp.io,2026-09-13,SG
u01-004384,user4384@corp.io,2026-03-22,DE
u01-004385,user4385@uni.edu,2026-01-13,US
u01-004386,user4386@uni.edu,2026-03-23,GB
u01-004387,user4387@example.com,2026-04-28,GB
u01-004388,user4388@example.com,2026-07-22,DE
u01-004389,user4389@example.com,2026-06-22,AU
u01-004390,user4390@corp.io,2026-02-10,SG
u01-004391,user4391@corp.io,2026-08-12,US
u01-004392,user4392@corp.io,2026-05-23,DE
u01-004393,user4393@corp.io,2026-05-24,GB
u01-004394,user4394@mail.co.in,2026-07-28,GB
u01-004395,user4395@uni.edu,2026-04-23,AU
u01-004396,user4396@uni.edu,2026-07-20,IN
u01-004397,user4397@mail.co.in,2026-06-13,DE
u01-004398,user4398@corp.io,2026-05-23,IN
u01-004399,user4399@mail.co.in,2026-01-25,IN
u01-004400,user4400@corp.io,2026-02-25,US
u01-004401,user4401@corp.io,2026-06-12,DE
u01-004402,user4402@corp.io,2026-03-28,SG
u01-004403,user4403@mail.co.in,2026-02-26,IN
u01-004404,user4404@corp.io,2026-04-19,US
u01-004405,user4405@example.com,2026-03-19,GB
u01-004406,user4406@example.com,2026-03-25,US
u01-004407,user4407@example.com,2026-04-10,SG
u01-004408,user4408@corp.io,2026-09-26,GB
u01-004409,user4409@mail.co.in,2026-06-17,US
u01-004410,user4410@corp.io,2026-08-25,DE
u01-004411,user4411@mail.co.in,2026-01-18,US
u01-004412,user4412@mail.co.in,2026-03-12,DE
u01-004413,user4413@uni.edu,2026-07-22,AU
u01-004414,user4414@example.com,2026-06-12,AU
u01-004415,user4415@example.com,2026-05-22,US
u01-004416,user4416@corp.io,2026-09-27,IN
u01-004417,user4417@corp.io,2026-06-12,GB
u01-004418,user4418@mail.co.in,2026-05-22,GB
u01-004419,user4419@mail.co.in,2026-01-24,GB
u01-004420,user4420@mail.co.in,2026-04-12,SG
u01-004421,user4421@uni.edu,2026-08-17,DE
u01-004422,user4422@example.com,2026-04-20,SG
u01-004423,user4423@mail.co.in,2026-03-26,DE
u01-004424,user4424@uni.edu,2026-04-13,GB
u01-004425,user4425@mail.co.in,2026-03-21,GB
u01-004426,user4426@mail.co.in,2026-06-11,US
u01-004427,user4427@example.com,2026-07-27,US
u01-004428,user4428@uni.edu,2026-02-18,IN
u01-004429,user4429@example.com,2026-06-13,US
u01-004430,user4430@example.com,2026-08-11,US
u01-004431,user4431@example.com,2026-01-12,AU
u01-004432,user4432@uni.edu,2026-08-16,US
u01-004433,user4433@mail.co.in,2026-02-15,US
u01-004434,user4434@example.com,2026-07-18,AU
u01-004435,user4435@uni.edu,2026-06-26,GB
u01-004436,user4436@uni.edu,2026-04-15,GB
u01-004437,user4437@corp.io,2026-06-12,IN
u01-004438,user4438@corp.io,2026-09-18,DE
u01-004439,user4439@example.com,2026-02-15,AU
u01-004440,user4440@example.com,2026-06-24,AU
u01-004441,user4441@corp.io,2026-03-14,US
u01-004442,user4442@example.com,2026-02-12,US
u01-004443,user4443@corp.io,2026-03-24,AU
u01-004444,user4444@example.com,2026-02-13,AU
u01-004445,user4445@example.com,2026-03-16,DE
u01-004446,user4446@example.com,2026-09-15,US
u01-004447,user4447@example.com,2026-06-15,IN
u01-004448,user4448@uni.edu,2026-03-14,IN
u01-004449,user4449@corp.io,2026-04-21,AU
u01-004450,user4450@mail.co.in,2026-02-23,IN
u01-004451,user4451@uni.edu,2026-03-28,SG
u01-004452,user4452@uni.edu,2026-08-25,GB
u01-004453,user4453@example.com,2026-06-27,AU
u01-004454,user4454@example.com,2026-03-20,SG
u01-004455,user4455@corp.io,2026-09-25,AU
u01-004456,user4456@corp.io,2026-01-23,IN
u01-004457,user4457@uni.edu,2026-06-27,US
u01-004458,user4458@mail.co.in,2026-04-24,GB
u01-004459,user4459@example.com,2026-01-16,GB
u01-004460,user4460@mail.co.in,2026-05-17,SG
u01-004461,user4461@mail.co.in,2026-02-10,SG
u01-004462,user4462@mail.co.in,2026-03-25,US
u01-004463,user4463@uni.edu,2026-03-21,SG
u01-004464,user4464@example.com,2026-07-19,AU
u01-004465,user4465@mail.co.in,2026-02-28,US
u01-004466,user4466@example.com,2026-07-25,AU
u01-004467,user4467@mail.co.in,2026-03-23,US
u01-004468,user4468@corp.io,2026-09-12,GB
u01-004469,user4469@example.com,2026-07-22,AU
u01-004470,user4470@corp.io,2026-09-11,IN
u01-004471,user4471@example.com,2026-07-12,AU
u01-004472,user4472@mail.co.in,2026-05-27,DE
u01-004473,user4473@corp.io,2026-01-23,US
u01-004474,user4474@uni.edu,2026-08-23,GB
u01-004475,user4475@mail.co.in,2026-07-21,AU
u01-004476,user4476@example.com,2026-06-20,DE
u01-004477,user4477@corp.io,2026-07-22,IN
u01-004478,user4478@uni.edu,2026-05-13,US
u01-004479,user4479@example.com,2026-07-10,GB
u01-004480,user4480@example.com,2026-02-18,US
u01-004481,user4481@uni.edu,2026-07-10,GB
u01-004482,user4482@mail.co.in,2026-09-10,DE
u01-004483,user4483@example.com,2026-07-22,IN
u01-004484,user4484@mail.co.in,2026-06-12,US
u01-004485,user4485@corp.io,2026-04-28,AU
u01-004486,user4486@corp.io,2026-08-14,DE
u01-004487,user4487@example.com,2026-07-23,US
u01-004488,user4488@mail.co.in,2026-09-16,US
u01-004489,user4489@mail.co.in,2026-06-27,US
u01-004490,user4490@mail.co.in,2026-08-19,IN
u01-004491,user4491@uni.edu,2026-09-18,SG
u01-004492,user4492@mail.co.in,2026-09-20,DE
u01-004493,user4493@uni.edu,2026-06-12,SG
u01-004494,user4494@corp.io,2026-05-22,DE
u01-004495,user4495@mail.co.in,2026-05-10,US
u01-004496,user4496@corp.io,2026-07-20,GB
u01-004497,user4497@corp.io,2026-06-10,SG
u01-004498,user4498@corp.io,2026-03-21,GB
u01-004499,user4499@example.com,2026-06-21,DE
u01-004500,user4500@example.com,2026-01-24,GB
u01-004501,user4501@uni.edu,2026-07-14,DE
u01-004502,user4502@example.com,2026-08-16,SG
u01-004503,user4503@mail.co.in,2026-07-21,AU
u01-004504,user4504@mail.co.in,2026-02-13,US
u01-004505,user4505@uni.edu,2026-03-18,DE
u01-004506,user4506@corp.io,2026-01-12,IN
u01-004507,user4507@uni.edu,2026-05-21,GB
u01-004508,user4508@mail.co.in,2026-09-17,IN
u01-004509,user4509@mail.co.in,2026-07-21,DE
u01-004510,user4510@example.com,2026-08-20,IN
u01-004511,user4511@mail.co.in,2026-05-21,GB
u01-004512,user4512@example.com,2026-02-21,US
u01-004513,user4513@corp.io,2026-01-23,IN
u01-004514,user4514@corp.io,2026-08-17,DE
u01-004515,user4515@example.com,2026-01-11,IN
u01-004516,user4516@corp.io,2026-07-28,DE
u01-004517,user4517@corp.io,2026-01-25,IN
u01-004518,user4518@corp.io,2026-09-11,DE
u01-004519,user4519@corp.io,2026-04-23,DE
u01-004520,user4520@mail.co.in,2026-05-17,GB
u01-004521,user4521@example.com,2026-02-14,IN
u01-004522,user4522@example.com,2026-06-16,AU
u01-004523,user4523@mail.co.in,2026-01-27,IN
u01-004524,user4524@uni.edu,2026-08-15,SG
u01-004525,user4525@corp.io,2026-06-21,DE
u01-004526,user4526@corp.io,2026-01-24,GB
u01-004527,user4527@mail.co.in,2026-04-19,AU
u01-004528,user4528@mail.co.in,2026-07-18,IN
u01-004529,user4529@corp.io,2026-06-25,GB
u01-004530,user4530@mail.co.in,2026-01-12,AU
u01-004531,user4531@uni.edu,2026-06-21,AU
u01-004532,user4532@uni.edu,2026-04-15,AU
u01-004533,user4533@mail.co.in,2026-07-26,SG
u01-004534,user4534@mail.co.in,2026-05-17,IN
u01-004535,user4535@uni.edu,2026-01-15,SG
u01-004536,user4536@example.com,2026-04-14,GB
u01-004537,user4537@uni.edu,2026-08-28,US
u01-004538,user4538@example.com,2026-03-20,DE
u01-004539,user4539@uni.edu,2026-01-10,GB
u01-004540,user4540@example.com,2026-02-23,AU
u01-004541,user4541@uni.edu,2026-06-19,US
u01-004542,user4542@corp.io,2026-09-24,IN
u01-004543,user4543@mail.co.in,2026-07-17,SG
u01-004544,user4544@mail.co.in,2026-07-18,US
u01-004545,user4545@example.com,2026-01-22,GB
u01-004546,user4546@uni.edu,2026-05-28,US
u01-004547,user4547@example.com,2026-09-18,SG
u01-004548,user4548@example.com,2026-04-17,GB
u01-004549,user4549@corp.io,2026-06-19,US
u01-004550,user4550@uni.edu,2026-03-12,DE
u01-004551,user4551@uni.edu.,2026-07-14,DE
u01-004552,user4552@mail.co.in,2026-04-23,IN
u01-004553,user4553@mail.co.in,2026-09-10,US
u01-004554,user4554@uni.edu,2026-04-11,AU
u01-004555,user4555@mail.co.in,2026-01-21,DE
u01-004556,user4556@uni.edu,2026-07-26,AU
u01-004557,user4557@uni.edu,2026-08-20,IN
u01-004558,user4558@uni.edu,2026-08-18,AU
u01-004559,user4559@mail.co.in,2026-03-24,IN
u01-004560,user4560@example.com,2026-09-27,GB
u01-004561,user4561@example.com,2026-04-24,AU
u01-004562,user4562@mail.co.in,2026-04-13,GB
u01-004563,user4563@example.com,2026-03-23,GB
u01-004564,user4564@uni.edu,2026-09-22,DE
u01-004565,user4565@corp.io,2026-05-13,US
u01-004566,user4566@example.com,2026-08-15,IN
u01-004567,user4567@example.com,2026-03-12,SG
u01-004568,user4568@corp.io,2026-03-26,DE
u01-004569,user4569@corp.io,2026-04-13,GB
u01-004570,user4570@corp.io,2026-06-13,US
u01-004571,user4571@uni.edu,2026-08-20,DE
u01-004572,user4572@corp.io,2026-02-16,DE
u01-004573,user4573@example.com,2026-04-28,AU
u01-004574,user4574@uni.edu,2026-07-12,IN
u01-004575,user4575@example.com,2026-09-19,US
u01-004576,user4576@example.com,2026-01-25,GB
u01-004577,user4577@example.com,2026-03-27,IN
u01-004578,user4578@example.com,2026-02-23,US
u01-004579,user4579@example.com,2026-09-11,AU
u01-004580,user4580@example.com,2026-06-10,GB
u01-004581,user4581@mail.co.in,2026-03-20,AU
u01-004582,user4582@mail.co.in,2026-06-26,US
u01-004583,user4583@mail.co.in,2026-04-28,AU
u01-004584,user4584@example.com,2026-05-12,SG
u01-004585,user4585@mail.co.in,2026-02-21,SG
u01-004586,user4586@corp.io,2026-08-22,IN
u01-004587,user4587@uni.edu,2026-05-17,DE
u01-004588,user4588@uni.edu,2026-09-17,US
u01-004589,user4589@mail.co.in,2026-07-27,GB
u01-004590,user4590@uni.edu,2026-03-21,AU
u01-004591,user4591@corp.io,2026-07-16,GB
u01-004592,user4592@uni.edu,2026-09-10,SG
u01-004593,user4593@mail.co.in,2026-09-15,DE
u01-004594,user4594@corp.io,2026-07-24,DE
u01-004595,user4595@example.com,2026-01-22,GB
u01-004596,user4596@corp.io,2026-05-20,IN
u01-004597,user4597@example.com,2026-05-23,IN
u01-004598,user4598@corp.io,2026-07-26,SG
u01-004599,user4599@mail.co.in,2026-03-17,AU
u01-004600,user4600@mail.co.in,2026-01-13,SG
u01-004601,user4601@mail.co.in,2026-02-28,DE
u01-004602,user4602@corp.io,2026-02-25,AU
u01-004603,user4603@example.com,2026-06-12,DE
u01-004604,user4604@mail.co.in,2026-07-21,IN
u01-004605,user4605@example.com,2026-02-16,IN
u01-004606,user4606@corp.io,2026-05-26,US
u01-004607,user4607@mail.co.in,2026-09-12,AU
u01-004608,user4608@mail.co.in,2026-02-21,GB
u01-004609,user4609@mail.co.in,2026-06-12,AU
u01-004610,user4610@corp.io,2026-01-16,GB
u01-004611,user4611@uni.edu,2026-09-18,AU
u01-004612,user4612@uni.edu,2026-07-10,GB
u01-004613,user4613@mail.co.in,2026-04-21,AU
u01-004614,user4614@example.com,2026-07-15,IN
u01-004615,user4615@corp.io,2026-04-17,AU
u01-004616,user4616@uni.edu,2026-06-28,IN
u01-004617,user4617@corp.io,2026-02-17,IN
u01-004618,user4618@example.com,2026-05-13,SG
u01-004619,user4619@mail.co.in,2026-06-17,IN
u01-004620,user4620@example.com,2026-04-16,AU
u01-004621,user4621@mail.co.in,2026-08-15,DE
u01-004622,user4622@uni..edu,2026-04-13,DE
u01-004623,user4623@example.com,2026-02-19,GB
u01-004624,user4624@corp.io,2026-04-22,AU
u01-004625,user4625@example.com,2026-06-26,DE
u01-004626,user4626@uni.edu,2026-09-21,AU
u01-004627,user4627@example.com,2026-07-23,IN
u01-004628,user4628@example.com,2026-03-23,US
u01-004629,user4629@corp.io,2026-09-10,IN
u01-004630,user4630@uni.edu,2026-06-12,AU
u01-004631,user4631@example.com,2026-08-19,GB
u01-004632,user4632@mail.co.in,2026-08-12,DE
u01-004633,user4633@example.com,2026-08-21,DE
u01-004634,user4634@example.com,2026-07-23,SG
u01-004635,user4635@corp.io,2026-02-19,SG
u01-004636,user4636@example.com,2026-02-15,DE
u01-004637,user4637@uni.edu,2026-09-17,US
u01-004638,user4638@corp.io,2026-05-14,GB
u01-004639,user4639@mail.co.in,2026-02-14,GB
u01-004640,user4640@corp.io,2026-03-27,AU
u01-004641,user4641@example.com,2026-09-28,AU
u01-004642,user4642@corp.io,2026-08-18,SG
u01-004643,user4643@example.com,2026-09-21,AU
u01-004644,user4644@example.com,2026-07-14,GB
u01-004645,user4645@mail.co.in,2026-04-20,SG
u01-004646,user4646@uni.edu,2026-02-13,DE
u01-004647,user4647@mail.co.in,2026-08-18,SG
u01-004648,user4648@mail.co.in,2026-08-15,IN
u01-004649,user4649@example.com,2026-07-28,GB
u01-004650,user4650@corp.io,2026-05-12,SG
u01-004651,user4651@mail.co.in,2026-08-17,SG
u01-004652,user4652@corp.io,2026-01-17,US
u01-004653,user4653@uni.edu,2026-06-23,DE
u01-004654,user4654@corp.io,2026-03-13,GB
u01-004655,user4655@mail.co.in,2026-07-16,IN
u01-004656,user4656@corp.io,2026-01-18,IN
u01-004657,user4657@mail.co.in,2026-05-24,GB
u01-004658,user4658@example.com,2026-07-11,AU
u01-004659,user4659@mail.co.in,2026-03-21,US
u01-004660,user4660@mail.co.in,2026-03-18,IN
u01-004661,user4661@mail.co.in,2026-07-23,GB
u01-004662,user4662@uni.edu,2026-09-12,DE
u01-004663,user4663@corp.io,2026-01-24,DE
u01-004664,user4664@uni.edu,2026-09-11,IN
u01-004665,user4665@uni.edu,2026-06-22,AU
u01-004666,user4666@mail.co.in,2026-01-23,AU
u01-004667,user4667@uni.edu,2026-06-11,SG
u01-004668,user4668@uni.edu,2026-07-28,DE
u01-004669,user4669@corp.io,2026-08-24,SG
u01-004670,user4670@uni.edu,2026-01-16,GB
u01-004671,user4671@example.com,2026-08-15,IN
u01-004672,user4672@mail.co.in,2026-05-15,US
u01-004673,user4673@mail.co.in,2026-04-13,IN
u01-004674,user4674@mail.co.in,2026-02-16,DE
u01-004675,user4675@mail.co.in,2026-07-13,GB
u01-004676,user4676@corp.io,2026-05-24,GB
u01-004677,user4677@example.com,2026-01-13,AU
u01-004678,user4678@corp.io,2026-01-22,AU
u01-004679,user4679@uni.edu,2026-04-17,AU
u01-004680,user4680@uni.edu,2026-04-27,IN
u01-004681,user4681@uni.edu,2026-01-11,IN
u01-004682,user4682@corp.io,2026-02-13,GB
u01-004683,user4683@corp.io,2026-01-14,US
u01-004684,user4684@mail.co.in,2026-02-14,SG
u01-004685,user4685@corp.io,2026-01-15,GB
u01-004686,user4686@uni..edu,2026-06-28,DE
u01-004687,user4687@mail.co.in,2026-08-28,SG
u01-004688,user4688@uni.edu,2026-09-26,GB
u01-004689,user4689@corp.io,2026-06-21,SG
u01-004690,user4690@uni.edu,2026-06-10,AU
u01-004691,user4691@mail.co.in,2026-05-23,SG
u01-004692,user4692@uni.edu,2026-08-11,SG
u01-004693,user4693@corp.io,2026-07-16,SG
u01-004694,user4694@mail.co.in,2026-08-10,IN
u01-004695,user4695@mail.co.in,2026-02-23,IN
u01-004696,user4696@uni.edu,2026-07-19,US
u01-004697,user4697@mail.co.in,2026-07-17,SG
u01-004698,user4698@example.com,2026-05-24,AU
u01-004699,user4699@mail.co.in,2026-07-28,GB
u01-004700,user4700@example.com,2026-05-25,IN
u01-004701,user4701@uni.edu,2026-03-22,AU
u01-004702,user4702@corp.io,2026-03-23,AU
u01-004703,user4703@uni.edu,2026-07-14,SG
u01-004704,user4704@uni.edu,2026-05-24,AU
u01-004705,user4705@mail.co.in,2026-05-28,AU
u01-004706,user4706@uni.edu,2026-05-18,AU
u01-004707,user4707@corp.io,2026-04-20,US
u01-004708,user4708@uni.edu,2026-03-24,AU
u01-004709,user4709@corp.io,2026-05-14,IN
u01-004710,user4710@corp.io,2026-04-17,US
u01-004711,user4711@uni.edu,2026-02-11,SG
u01-004712,user4712@uni.edu,2026-04-13,US
u01-004713,user4713@mail.co.in,2026-06-25,IN
u01-004714,user4714@example.com,2026-04-13,GB
u01-004715,user4715@corp.io,2026-06-20,IN
u01-004716,user4716@uni.edu,2026-08-16,GB
u01-004717,user4717@uni.edu,2026-09-25,AU
u01-004718,user4718@corp.io,2026-07-14,US
u01-004719,user4719@example.com,2026-09-25,AU
u01-004720,user4720@uni.edu,2026-08-11,IN
u01-004721,user4721@example.com,2026-01-12,IN
u01-004722,user4722@mail.co.in,2026-09-10,GB
u01-004723,user4723@mail.co.in,2026-02-12,US
u01-004724,user4724@mail.co.in,2026-08-24,US
u01-004725,user4725@mail.co.in,2026-05-12,US
u01-004726,user4726@mail.co.in,2026-09-13,DE
u01-004727,user4727@corp.io,2026-08-12,AU
u01-004728,user4728@mail.co.in,2026-04-23,SG
u01-004729,user4729@example.com,2026-05-15,AU
u01-004730,user4730@mail.co.in,2026-02-26,SG
u01-004731,user4731@uni.edu,2026-04-11,SG
u01-004732,user4732@uni.edu,2026-07-14,SG
u01-004733,user4733@corp.io,2026-05-16,GB
u01-004734,user4734@example.com,2026-04-11,DE
u01-004735,user4735@mail.co.in,2026-01-27,US
u01-004736,user4736@uni.edu,2026-05-22,AU
u01-004737,user4737@mail.co.in,2026-06-28,IN
u01-004738,user4738@uni.edu,2026-03-27,GB
u01-004739,user4739@mail.co.in,2026-06-10,AU
u01-004740,user4740@example.com,2026-02-16,GB
u01-004741,user4741@uni.edu,2026-06-22,GB
u01-004742,user4742@uni.edu,2026-06-12,DE
u01-004743,user4743@corp.io,2026-02-24,SG
u01-004744,user4744@corp.io,2026-03-14,GB
u01-004745,user4745@example.com,2026-04-19,GB
u01-004746,user4746@corp.io,2026-03-11,DE
u01-004747,user4747@mail.co.in,2026-03-13,AU
u01-004748,user4748@uni.edu,2026-04-14,US
u01-004749,user4749@mail.co.in,2026-04-13,DE
u01-004750,user4750@example.com,2026-04-14,IN
u01-004751,user4751@mail.co.in,2026-06-19,US
u01-004752,user4752@uni.edu,2026-03-16,DE
u01-004753,user4753@uni.edu,2026-08-16,US
u01-004754,user4754@mail.co.in,2026-02-18,GB
u01-004755,user4755@mail.co.in,2026-06-10,IN
u01-004756,user4756@uni.edu,2026-06-11,DE
u01-004757,user4757@mail.co.in,2026-02-26,IN
u01-004758,user4758@mail.co.in,2026-07-14,GB
u01-004759,user4759@uni.edu,2026-08-19,GB
u01-004760,user4760@mail.co.in,2026-03-26,US
u01-004761,user4761@uni.edu,2026-01-27,GB
u01-004762,user4762@example.com,2026-02-22,GB
u01-004763,user4763@example.com,2026-03-19,DE
u01-004764,user4764@mail.co.in,2026-05-20,AU
u01-004765,user4765@mail.co.in,2026-05-15,IN
u01-004766,user4766@corp.io,2026-09-17,SG
u01-004767,user4767@corp.io,2026-06-25,DE
u01-004768,user4768@uni.edu,2026-04-12,AU
u01-004769,user4769@uni.edu,2026-08-19,SG
u01-004770,user4770@example.com,2026-06-11,SG
u01-004771,user4771@uni.edu,2026-09-15,DE
u01-004772,user4772@mail.co.in,2026-09-28,SG
u01-004773,user4773@mail.co.in,2026-03-16,GB
u01-004774,user4774@corp.io,2026-04-15,DE
u01-004775,user4775@uni.edu,2026-07-22,DE
u01-004776,user4776@corp.io,2026-02-10,US
u01-004777,user4777@corp.io,2026-05-17,IN
u01-004778,user4778@mail.co.in,2026-07-12,IN
u01-004779,user4779@example.com,2026-04-22,AU
u01-004780,user4780@uni.edu,2026-04-25,IN
u01-004781,user4781@example.com,2026-07-12,AU
u01-004782,user4782@uni.edu,2026-02-22,DE
u01-004783,user4783@mail.co.in,2026-09-12,AU
u01-004784,user4784@uni.edu,2026-09-25,US
u01-004785,user4785@example.com,2026-03-27,SG
u01-004786,user4786@corp.io,2026-07-12,SG
u01-004787,user4787@mail.co.in,2026-02-14,US
u01-004788,user4788@mail.co.in,2026-06-18,AU
u01-004789,user4789@uni.edu,2026-07-27,SG
u01-004790,user4790@corp.io,2026-03-24,IN
u01-004791,user4791@mail.co.in,2026-04-21,US
u01-004792,user4792@example.com,2026-04-15,SG
u01-004793,user4793@corp.io,2026-08-13,DE
u01-004794,user4794@example.com,2026-04-15,AU
u01-004795,user4795@uni.edu,2026-07-24,US
u01-004796,user4796@uni.edu,2026-05-18,DE
u01-004797,user4797@example.com,2026-08-18,US
u01-004798,user4798@example.com,2026-06-15,DE
u01-004799,user4799@corp.io,2026-08-18,IN
u01-004800,user4800@corp.io,2026-04-15,DE
u01-004801,user4801@uni.edu,2026-02-14,SG
u01-004802,user4802@corp.io,2026-07-23,SG
u01-004803,user4803@corp.io,2026-04-22,SG
u01-004804,user4804@corp.io,2026-04-10,US
u01-004805,user4805@corp.io,2026-03-26,IN
u01-004806,user4806@uni.edu,2026-04-23,GB
u01-004807,user4807@example.com,2026-08-28,AU
u01-004808,user4808@mail.co.in,2026-07-10,AU
u01-004809,user4809@mail.co.in,2026-07-17,GB
u01-004810,user4810@corp.io,2026-05-20,IN
u01-004811,user4811@uni.edu,2026-01-24,GB
u01-004812,user4812@corp.io,2026-04-26,DE
u01-004813,user4813@mail.co.in,2026-02-28,SG
u01-004814,user4814@mail.co.in,2026-02-24,US
u01-004815,user4815@mail.co.in,2026-08-27,US
u01-004816,user4816@corp.io,2026-06-13,DE
u01-004817,user4817@uni.edu,2026-07-17,US
u01-004818,user4818@example.com,2026-01-17,IN
u01-004819,user4819@uni.edu,2026-07-22,US
u01-004820,user4820@example.com,2026-09-10,AU
u01-004821,user4821@example.com,2026-02-27,IN
u01-004822,user4822@uni.edu,2026-09-12,DE
u01-004823,user4823@uni.edu,2026-02-12,GB
u01-004824,user4824@mail.co.in,2026-04-16,GB
u01-004825,user4825@example.com,2026-06-15,DE
u01-004826,user4826@mail.co.in,2026-01-11,US
u01-004827,user4827@corp.io,2026-01-27,US
u01-004828,user4828@uni.edu,2026-03-18,GB
u01-004829,user4829@uni.edu,2026-05-11,GB
u01-004830,user4830@mail.co.in,2026-07-10,GB
u01-004831,user4831@example.com,2026-01-17,AU
u01-004832,user4832@uni.edu,2026-02-17,AU
u01-004833,user4833@uni.edu,2026-03-14,AU
u01-004834,user4834@uni.edu,2026-09-14,US
u01-004835,user4835@mail.co.in,2026-09-28,SG
u01-004836,user4836@uni.edu,2026-06-17,IN
u01-004837,user4837@example.com,2026-08-18,DE
u01-004838,user4838@mail.co.in,2026-06-11,GB
u01-004839,user4839@mail.co.in,2026-09-11,GB
u01-004840,user4840@example.com,2026-03-27,DE
u01-004841,user4841@corp.io,2026-01-20,SG
u01-004842,user4842@corp.io,2026-04-16,US
u01-004843,user4843@example.com,2026-07-14,DE
u01-004844,user4844@example.com,2026-04-26,AU
u01-004845,user4845@example.com,2026-09-10,IN
u01-004846,user4846@example.com,2026-06-27,SG
u01-004847,user4847@uni.edu,2026-07-17,SG
u01-004848,user4848@example.com,2026-09-20,IN
u01-004849,user4849@uni.edu,2026-06-21,IN
u01-004850,user4850@uni.edu,2026-03-28,SG
u01-004851,user4851@uni.edu,2026-04-14,AU
u01-004852,user4852@uni.edu,2026-08-14,US
u01-004853,user4853@mail.co.in,2026-04-16,SG
u01-004854,user4854@example.com,2026-07-24,DE
u01-004855,user4855@uni.edu,2026-01-21,US
u01-004856,user4856@uni.edu,2026-08-22,US
u01-004857,user4857@mail.co.in,2026-08-20,GB
u01-004858,user4858@uni.edu,2026-07-22,US
u01-004859,user4859@example.com,2026-02-21,GB
u01-004860,user4860@uni.edu,2026-09-26,DE
u01-004861,user4861@example.com,2026-05-21,US
u01-004862,user4862@example.com,2026-09-28,GB
u01-004863,user4863@corp.io,2026-04-22,US
u01-004864,user4864@mail.co.in,2026-04-28,IN
u01-004865,user4865@corp.io,2026-08-25,DE
u01-004866,user4866@uni.edu,2026-04-15,SG
u01-004867,user4867@mail.co.in,2026-06-11,AU
u01-004868,user4868@mail.co.in,2026-09-26,DE
u01-004869,user4869@mail.co.in,2026-05-18,GB
u01-004870,user4870@uni.edu,2026-08-18,IN
u01-004871,user4871@example.com,2026-03-10,DE
u01-004872,user4872@example.com,2026-02-10,US
u01-004873,user4873@example.com,2026-06-15,IN
u01-004874,user4874@corp.io,2026-09-18,SG
u01-004875,user4875@example.com,2026-03-25,DE
u01-004876,user4876@example.com,2026-06-19,SG
u01-004877,user4877@mail.co.in,2026-08-16,IN
u01-004878,user4878@example.com,2026-03-23,AU
u01-004879,user4879@mail.co.in,2026-02-10,GB
u01-004880,user4880@mail.co.in,2026-07-12,DE
u01-004881,user4881@example.com,2026-04-25,GB
u01-004882,user4882@example.com,2026-04-11,AU
u01-004883,user4883@corp.io,2026-02-16,US
u01-004884,user4884@uni.edu,2026-03-18,AU
u01-004885,user4885@corp.io,2026-05-28,GB
u01-004886,user4886@corp.io,2026-01-10,SG
u01-004887,user4887@example.com,2026-08-26,DE
u01-004888,user4888@example.com,2026-09-18,DE
u01-004889,user4889@uni.edu,2026-06-20,AU
u01-004890,user4890@mail.co.in,2026-09-19,GB
u01-004891,user4891@uni.edu,2026-09-15,US
u01-004892,user4892@uni.edu,2026-09-11,DE
u01-004893,user4893@mail.co.in,2026-09-24,SG
u01-004894,user4894@uni.edu,2026-05-11,US
u01-004895,user4895@uni.edu,2026-03-28,AU
u01-004896,user4896@corp.io,2026-04-27,IN
u01-004897,user4897@corp.io,2026-05-16,DE
u01-004898,user4898@mail.co.in,2026-05-10,SG
u01-004899,user4899@mail.co.in,2026-03-27,IN
u01-004900,user4900@example.com,2026-06-10,IN
u01-004901,user4901@corp.io,2026-07-26,IN
u01-004902,user4902@mail.co.in,2026-02-14,IN
u01-004903,user4903@mail.co.in,2026-05-16,US
u01-004904,user4904@example.com,2026-07-13,GB
u01-004905,user4905@example.com,2026-03-10,SG
u01-004906,user4906@mail.co.in,2026-03-18,AU
u01-004907,user4907@uni.edu,2026-06-12,IN
u01-004908,user4908@mail.co.in,2026-04-19,AU
u01-004909,user4909@corp.io,2026-06-23,AU
u01-004910,user4910@mail.co.in,2026-04-12,DE
u01-004911,user4911@uni.edu,2026-08-23,SG
u01-004912,user4912@mail.co.in,2026-07-19,US
u01-004913,user4913@corp.io,2026-09-28,GB
u01-004914,user4914@mail.co.in,2026-03-26,GB
u01-004915,user4915@example.com,2026-04-20,GB
u01-004916,user4916@corp.io,2026-06-13,DE
u01-004917,user4917@mail.co.in,2026-07-22,AU
u01-004918,user4918@uni.edu,2026-06-13,GB
u01-004919,user4919@corp.io,2026-09-25,DE
u01-004920,user4920@corp.io,2026-05-17,US
u01-004921,user4921@mail.co.in,2026-03-25,AU
u01-004922,user4922@corp.io,2026-03-12,DE
u01-004923,user4923@uni.edu,2026-04-15,AU
u01-004924,user4924@uni.edu,2026-05-24,SG
u01-004925,user4925@mail.co.in,2026-03-18,SG
u01-004926,user4926@corp.io,2026-01-10,IN
u01-004927,user4927@corp.io,2026-09-13,DE
u01-004928,user4928@example.com,2026-01-12,IN
u01-004929,user4929@example.com,2026-09-13,AU
u01-004930,user4930@mail.co.in,2026-09-14,DE
u01-004931,user4931@example.com,2026-03-16,GB
u01-004932,user4932@uni.edu,2026-08-22,US
u01-004933,user4933@corp.io,2026-01-24,GB
u01-004934,user4934@corp.io,2026-03-23,SG
u01-004935,user4935@example.com,2026-07-25,DE
u01-004936,user4936@example.com,2026-04-10,DE
u01-004937,user4937@uni.edu,2026-04-12,DE
u01-004938,user4938@mail.co.in,2026-05-28,DE
u01-004939,user4939@mail.co.in,2026-01-20,SG
u01-004940,user4940@corp.io,2026-06-13,DE
u01-004941,user4941@example.com,2026-02-12,SG
u01-004942,user4942@uni.edu,2026-03-21,DE
u01-004943,user4943@corp.io,2026-04-15,IN
u01-004944,user4944@corp.io,2026-07-21,AU
u01-004945,user4945@mail.co.in,2026-09-24,AU
u01-004946,user4946@uni.edu,2026-03-17,IN
u01-004947,user4947@corp.io,2026-07-28,IN
u01-004948,user4948@corp.io,2026-03-20,IN
u01-004949,user4949@corp.io,2026-08-16,IN
u01-004950,user4950@uni.edu,2026-08-23,IN
u01-004951,user4951@example.com,2026-02-18,DE
u01-004952,user4952@uni.edu,2026-06-25,GB
u01-004953,user4953@example.com,2026-06-22,SG
u01-004954,user4954@corp.io,2026-08-16,SG
u01-004955,user4955@uni.edu,2026-06-12,SG
u01-004956,user4956@uni.edu,2026-07-16,IN
u01-004957,user4957@corp.io,2026-06-22,IN
u01-004958,user4958@uni.edu,2026-03-17,DE
u01-004959,user4959@corp.io,2026-06-18,SG
u01-004960,user4960@corp.io,2026-01-22,AU
u01-004961,user4961@uni.edu,2026-02-10,GB
u01-004962,user4962@uni.edu,2026-04-15,DE
u01-004963,user4963@corp.io,2026-05-23,AU
u01-004964,user4964@mail.co.in,2026-03-19,IN
u01-004965,user4965@example.com,2026-06-13,DE
u01-004966,user4966@example.com,2026-09-28,GB
u01-004967,user4967@uni.edu,2026-01-24,IN
u01-004968,user4968@mail.co.in,2026-07-12,US
u01-004969,user4969@uni.edu,2026-02-26,GB
u01-004970,user4970@mail.co.in,2026-05-21,US
u01-004971,user4971@example.com,2026-01-16,GB
u01-004972,user4972@uni.edu,2026-06-28,IN
u01-004973,user4973@uni.edu,2026-05-17,DE
u01-004974,user4974@mail.co.in,2026-08-22,AU
u01-004975,user4975@mail.co.in,2026-09-20,US
u01-004976,user4976@uni.edu,2026-03-23,GB
u01-004977,user4977@example.com,2026-09-20,AU
u01-004978,user4978@mail.co.in,2026-05-27,IN
u01-004979,user4979@corp.io,2026-07-13,DE
u01-004980,user4980@example.com,2026-04-20,AU
u01-004981,user4981@uni.edu,2026-04-24,DE
u01-004982,user4982@example.com,2026-07-26,DE
u01-004983,user4983@example.com,2026-03-21,SG
u01-004984,user4984@mail.co.in,2026-03-23,US
u01-004985,user4985@mail.co.in,2026-07-14,GB
u01-004986,user4986@example.com,2026-05-20,IN
u01-004987,user4987@mail.co.in,2026-06-17,US
u01-004988,user4988@corp.io,2026-03-15,AU
u01-004989,user4989@corp.io,2026-03-11,GB
u01-004990,user4990@corp.io,2026-04-26,AU
u01-004991,user4991@uni.edu,2026-02-20,AU
u01-004992,user4992@mail.co.in,2026-05-28,US
u01-004993,user4993@uni.edu,2026-08-23,US
u01-004994,user4994@uni.edu,2026-02-16,DE
u01-004995,user4995@example.com,2026-09-26,IN
u01-004996,user4996@example.com,2026-09-15,DE
u01-004997,user4997@corp.io,2026-09-17,AU
u01-004998,user4998@uni.edu,2026-06-28,IN
u01-004999,user4999@example.com,2026-07-25,US
