user_id,email,signup_date,country
u00-000000,user0@corp.io,2026-03-27,DE
u00-000001,user1@mail.co.in,2026-04-17,GB
u00-000002,user2@corp.io,2026-04-21,US
u00-000003,user3@corp.io,2026-03-11,AU
u00-000004,user4@corp.io,2026-03-24,AU
u00-000005,user5@corp.io,2026-04-10,SG
u00-000006,user6@corp.io,2026-04-27,US
u00-000007,user7@example.com,2026-05-15,GB
u00-000008,user8@example.com,2026-01-20,IN
u00-000009,user9@uni.edu,2026-05-26,SG
u00-000010,user10@example.com,2026-04-19,DE
u00-000011,user11@uni.edu,2026-04-17,GB
u00-000012,user12@corp.io,2026-02-19,DE
u00-000013,user13@corp.io,2026-06-25,SG
u00-000014,user14@uni.edu,2026-08-20,IN
u00-000015,user15@example.com,2026-03-24,AU
u00-000016,user16@example.com,2026-04-19,IN
u00-000017,user17@uni.edu,2026-03-16,US
u00-000018,user18@uni.edu,2026-06-20,GB
u00-000019,user19@corp.io,2026-04-22,IN
u00-000020,user20@mail.co.in,2026-04-19,GB
u00-000021,user21@corp.io,2026-06-10,SG
u00-000022,user22@mail.co.in,2026-02-25,DE
u00-000023,user23@corp.io,2026-07-22,SG
u00-000024,user24@example.com,2026-05-11,IN
u00-000025,user25@mail.co.in,2026-04-13,GB
u00-000026,user26@mail.co.in,2026-03-13,IN
u00-000027,user27@mail.co.in,2026-09-18,US
u00-000028,user28@uni.edu,2026-02-16,AU
u00-000029,user29@example.com,2026-03-14,AU
u00-000030,user30@uni.edu,2026-03-12,DE
u00-000031,user31@uni.edu,2026-04-16,GB
u00-000032,user32@example.com,2026-01-17,US
u00-000033,user33@corp.io,2026-04-25,US
u00-000034,user34@uni.edu,2026-09-23,AU
u00-000035,user35@example.com,2026-01-24,AU
u00-000036,user36@example.com,2026-07-12,AU
u00-000037,user37@corp.io,2026-05-16,IN
u00-000038,user38@corp.io,2026-02-19,US
u00-000039,user39@uni.edu,2026-04-20,US
u00-000040,user40@example.com,2026-04-28,AU
u00-000041,user41@mail.co.in,2026-01-27,DE
u00-000042,user42@corp.io,2026-03-14,AU
u00-000043,user43@corp.io,2026-07-16,SG
u00-000044,user44@mail.co.in,2026-06-13,GB
u00-000045,user45@uni.edu,2026-07-20,DE
u00-000046,user46@corp.io,2026-04-15,US
u00-000047,user47@uni.edu,2026-07-19,IN
u00-000048,user48@uni.edu,2026-03-24,AU
u00-000049,user49@corp.io,2026-03-25,US
u00-000050,user50@uni.edu,2026-05-27,IN
u00-000051,user51@uni.edu,2026-09-26,IN
u00-000052,user52@mail.co.in,2026-03-25,DE
u00-000053,user53@mail.co.in,2026-04-14,DE
u00-000054,user54@corp.io,2026-01-19,AU
u00-000055,user55@example.com,2026-02-22,AU
u00-000056,user56@mail.co.in,2026-08-21,DE
u00-000057,user57@corp.io,2026-08-10,AU
u00-000058,user58@corp.io,2026-05-24,GB
u00-000059,user59@mail.co.in,2026-04-12,AU
u00-000060,user60@example.com,2026-01-18,US
u00-000061,user61@example.com,2026-01-17,DE
u00-000062,user62@mail.co.in,2026-08-19,AU
u00-000063,user63@uni.edu,2026-04-12,AU
u00-000064,user64@corp.io,2026-07-21,US
u00-000065,user65@mail.co.in,2026-01-16,US
u00-000066,user66@corp.io,2026-08-23,IN
u00-000067,user67@uni.edu,2026-05-17,US
u00-000068,user68@uni.edu,2026-02-27,US
u00-000069,user69@corp.io,2026-09-10,DE
u00-000070,user70@mail.co.in,2026-06-13,DE
u00-000071,user71@corp.io,2026-04-15,AU
u00-000072,user72@uni.edu,2026-02-10,DE
u00-000073,user73@uni.edu,2026-08-10,GB
u00-000074,user74@corp.io,2026-01-15,AU
u00-000075,user75@corp.io,2026-07-17,US
u00-000076,user76@mail.co.in,2026-02-21,GB
u00-000077,user77@example.com,2026-06-20,US
u00-000078,user78@example.com,2026-09-23,SG
u00-000079,user79@corp.io,2026-08-26,SG
u00-000080,user80@uni.edu,2026-01-22,US
u00-000081,user81@example.com,2026-03-20,SG
u00-000082,user82@mail.co.in,2026-01-28,GB
u00-000083,user83@corp.io,2026-06-16,AU
u00-000084,user84@mail.co.in,2026-06-15,DE
u00-000085,user85@example.com,2026-06-15,US
u00-000086,user86@mail.co.in,2026-05-15,GB
u00-000087,user87@mail.co.in,2026-07-17,SG
u00-000088,user88@mail.co.in,2026-05-21,GB
u00-000089,user89@mail.co.in,2026-07-12,AU
u00-000090,user90@uni.edu,2026-06-14,AU
u00-000091,user91@uni.edu,2026-06-26,US
u00-000092,user92@uni.edu,2026-03-28,SG
u00-000093,user93@uni.edu,2026-07-19,AU
u00-000094,user94@example.com,2026-02-20,US
u00-000095,user95@uni.edu,2026-04-25,US
u00-000096,user96@corp.io,2026-09-28,GB
u00-000097,user97@mail.co.in,2026-05-27,SG
u00-000098,user98@mail.co.in,2026-04-19,US
u00-000099,user99@example.com,2026-06-13,AU
u00-000100,user100@mail.co.in,2026-03-27,IN
u00-000101,user101@corp.io,2026-05-10,IN
u00-000102,user102@corp.io,2026-08-27,AU
u00-000103,user103@example.com,2026-03-16,IN
u00-000104,user104@corp.io,2026-03-12,DE
u00-000105,user105@example.com,2026-08-17,DE
u00-000106,user106@uni.edu,2026-08-17,GB
u00-000107,user107@uni.edu,2026-01-10,DE
u00-000108,user108@example.com,2026-07-20,DE
u00-000109,user109@uni.edu,2026-08-15,DE
u00-000110,user110@mail.co.in,2026-03-11,US
u00-000111,user111@mail.co.in,2026-02-25,US
u00-000112,user112@example.com,2026-07-23,US
u00-000113,user113@corp.io,2026-05-18,AU
u00-000114,user114@mail.co.in,2026-03-28,US
u00-000115,user115@example.com,2026-04-14,DE
u00-000116,user116@uni.edu,2026-05-14,US
u00-000117,user117@uni.edu,2026-02-24,IN
u00-000118,user118@corp.io,2026-06-24,AU
u00-000119,user119@mail.co.in,2026-05-23,DE
u00-000120,user120@example.com,2026-08-11,IN
u00-000121,user121@example.com,2026-01-27,IN
u00-000122,user122@example.com,2026-02-19,GB
u00-000123,user123@mail.co.in,2026-02-24,AU
u00-000124,user124@example.com,2026-01-21,AU
u00-000125,user125@mail.co.in,2026-03-25,DE
u00-000126,user126@uni.edu,2026-09-14,IN
u00-000127,user127@uni.edu,2026-01-21,AU
u00-000128,user128@uni.edu,2026-08-21,IN
u00-000129,user129@uni.edu,2026-09-18,AU
u00-000130,user130@example.com,2026-07-14,GB
u00-000131,user131@uni.edu,2026-04-22,US
u00-000132,user132@example.com,2026-04-15,DE
u00-000133,user133@uni.edu,2026-05-10,IN
u00-000134,user134@corp.io,2026-02-22,SG
u00-000135,user135@uni.edu,2026-01-10,DE
u00-000136,user136@corp.io,2026-09-25,GB
u00-000137,user137@uni.edu,2026-04-20,IN
u00-000138,user138@example.com,2026-04-26,SG
u00-000139,user139@mail.co.in,2026-08-26,SG
u00-000140,user140@corp.io,2026-08-10,IN
u00-000141,user141@example.com,2026-06-11,US
u00-000142,user142@mail.co.in,2026-09-20,US
u00-000143,user143@example.com,2026-01-26,SG
u00-000144,user144@mail.co.in,2026-05-12,DE
u00-000145,user145@corp.io,2026-01-19,DE
u00-000146,user146@example.com,2026-08-18,IN
u00-000147,user147@mail.co.in,2026-06-15,US
u00-000148,user148@example.com,2026-05-25,GB
u00-000149,user149@uni.edu,2026-05-28,SG
u00-000150,user150@uni.edu,2026-02-10,AU
u00-000151,user151@uni.edu,2026-06-20,AU
u00-000152,user152@uni.edu,2026-05-15,AU
u00-000153,user153@corp.io,2026-07-24,IN
u00-000154,user154@uni.edu,2026-07-25,IN
u00-000155,user155@corp.io,2026-05-28,SG
u00-000156,user156@example.com,2026-03-10,GB
u00-000157,user157@mail.co.in,2026-03-18,GB
u00-000158,user158@example.com,2026-06-25,GB
u00-000159,user159@mail.co.in,2026-03-13,US
u00-000160,user160@uni.edu,2026-03-28,GB
u00-000161,user161@mail.co.in,2026-09-13,DE
u00-000162,user162@uni.edu,2026-07-23,SG
u00-000163,user163@uni.edu,2026-01-18,SG
u00-000164,user164@uni.edu,2026-05-20,GB
u00-000165,user165@uni.edu,2026-04-23,SG
u00-000166,user166@mail.co.in,2026-09-25,GB
u00-000167,user167@uni.edu,2026-01-23,DE
u00-000168,user168@mail.co.in,2026-06-24,DE
u00-000169,user169@mail.co.in,2026-09-16,US
u00-000170,user170@uni.edu,2026-02-11,AU
u00-000171,user171@mail.co.in,2026-07-25,AU
u00-000172,user172@uni.edu,2026-07-22,AU
u00-000173,user173@example.com,2026-02-16,US
u00-000174,user174@example.com,2026-09-26,SG
u00-000175,user175@mail.co.in,2026-01-27,DE
u00-000176,user176@corp.io,2026-08-24,SG
u00-000177,user177@example.com,2026-06-22,US
u00-000178,user178@example.com,2026-04-24,IN
u00-000179,user179@uni.edu,2026-05-13,AU
u00-000180,user180@example.com,2026-08-12,SG
u00-000181,user181@mail.co.in,2026-08-12,IN
u00-000182,user182@example.com,2026-06-13,AU
u00-000183,user183@uni.edu,2026-08-15,SG
u00-000184,user184@mail.co.in,2026-09-10,SG
u00-000185,user185@example.com,2026-04-24,GB
u00-000186,user186@uni.edu,2026-06-10,GB
u00-000187,user187@corp.io,2026-07-10,SG
u00-000188,user188@corp.io,2026-04-17,US
u00-000189,user189@mail.co.in,2026-02-13,GB
u00-000190,user190@corp.io,2026-02-28,DE
u00-000191,user191@example.com,2026-07-12,GB
u00-000192,user192@mail.co.in,2026-05-24,US
u00-000193,user193@corp.io,2026-02-17,SG
u00-000194,user194@corp.io,2026-08-17,SG
u00-000195,user195@uni.edu,2026-06-10,US
u00-000196,user196@corp.io,2026-01-27,AU
u00-000197,user197@corp.io,2026-03-11,GB
u00-000198,user198@corp.io,2026-01-11,IN
u00-000199,user199@mail.co.in,2026-09-24,DE
u00-000200,user200@example.com,2026-06-13,AU
u00-000201,user201@uni.edu,2026-08-22,IN
u00-000202,user202@example.com,2026-08-15,US
u00-000203,user203@mail.co.in,2026-09-14,IN
u00-000204,user204@corp.io,2026-01-22,IN
u00-000205,user205@corp.io,2026-07-12,US
u00-000206,user206@uni.edu,2026-02-23,GB
u00-000207,user207@corp.io,2026-04-11,GB
u00-000208,user208@uni.edu,2026-04-20,GB
u00-000209,user209@mail.co.in,2026-06-12,IN
u00-000210,user210@mail.co.in,2026-05-12,AU
u00-000211,user211@example.com,2026-06-15,AU
u00-000212,user212@uni.edu,2026-09-22,IN
u00-000213,user213@uni.edu,2026-06-22,AU
u00-000214,user214@mail.co.in,2026-06-26,GB
u00-000215,user215@mail.co.in,2026-09-18,GB
u00-000216,user216@uni.edu,2026-07-19,GB
u00-000217,user217@example.com,2026-04-12,DE
u00-000218,user218@uni.edu,2026-07-15,DE
u00-000219,user219@mail.co.in,2026-07-22,SG
u00-000220,user220@uni.edu,2026-06-20,US
u00-000221,user221@mail.co.in,2026-04-25,US
u00-000222,user222@corp.io,2026-02-15,US
u00-000223,user223@example.com,2026-01-24,US
u00-000224,user224@example.com,2026-04-24,GB
u00-000225,user225@corp.io,2026-02-16,AU
u00-000226,user226@corp.io,2026-09-13,GB
u00-000227,user227@corp.io,2026-05-28,DE
u00-000228,user228@corp.io,2026-06-24,AU
u00-000229,user229@corp.io,2026-02-12,IN
u00-000230,user230@uni.edu,2026-01-21,AU
u00-000231,user231@uni.edu,2026-06-22,AU
u00-000232,user232@corp.io,2026-09-10,IN
u00-000233,user233@uni.edu,2026-07-27,SG
u00-000234,user234@example.com,2026-04-19,IN
u00-000235,user235@mail.co.in,2026-03-28,DE
u00-000236,user236@corp.io,2026-02-23,US
u00-000237,user237@example.com,2026-05-12,DE
u00-000238,user238@corp.io,2026-02-14,AU
u00-000239,user239@uni.edu,2026-03-11,AU
u00-000240,user240@mail.co.in,2026-04-11,DE
u00-000241,user241@mail.co.in,2026-05-17,AU
u00-000242,user242@example.com,2026-04-21,GB
u00-000243,user243@example.com,2026-01-19,DE
u00-000244,user244@uni.edu,2026-02-19,US
u00-000245,user245@example.com,2026-02-21,IN
u00-000246,user246@uni.edu,2026-01-17,AU
u00-000247,user247@mail.co.in,2026-06-23,GB
u00-000248,user248@uni.edu,2026-03-24,SG
u00-000249,user249@mail.co.in,2026-02-23,US
u00-000250,user250@uni.edu,2026-03-21,SG
u00-000251,user251@corp.io,2026-06-20,SG
u00-000252,user252@mail.co.in,2026-04-16,GB
u00-000253,user253@example.com,2026-07-20,DE
u00-000254,user254@corp.io,2026-04-26,SG
u00-000255,user255@corp.io,2026-08-18,DE
u00-000256,user256@example.com,2026-08-16,IN
u00-000257,user257@corp.io,2026-09-15,DE
u00-000258,user258@uni.edu,2026-05-28,GB
u00-000259,user259@corp.io,2026-07-27,DE
u00-000260,user260@corp.io,2026-03-20,DE
u00-000261,user261@example.com,2026-06-13,GB
u00-000262,user262@mail.co.in,2026-01-12,GB
u00-000263,user263@uni.edu,2026-09-17,GB
u00-000264,user264@mail.co.in,2026-01-28,IN
u00-000265,user265@corp.io,2026-04-22,IN
u00-000266,user266@uni.edu,2026-09-22,DE
u00-000267,user267@mail.co.in,2026-02-27,DE
u00-000268,user268@example.com,2026-04-28,AU
u00-000269,user269@uni.edu,2026-07-13,IN
u00-000270,user270@corp.io,2026-05-19,GB
u00-000271,user271@example.com,2026-09-23,AU
u00-000272,user272@mail.co.in,2026-08-18,GB
u00-000273,user273@mail.co.in,2026-06-14,IN
u00-000274,user274@uni.edu,2026-09-14,SG
u00-000275,user275@mail.co.in,2026-04-16,SG
u00-000276,user276@example.com,2026-09-18,AU
u00-000277,user277@uni.edu,2026-04-12,IN
u00-000278,user278@mail.co.in,2026-04-11,IN
u00-000279,user279@example.com,2026-04-18,GB
u00-000280,user280@corp.io,2026-02-23,DE
u00-000281,user281@example.com,2026-03-28,DE
u00-000282,user282@uni.edu,2026-06-23,SG
u00-000283,user283@mail.co.in,2026-07-20,SG
u00-000284,user284@mail.co.in,2026-01-21,AU
u00-000285,user285@uni.edu,2026-09-23,AU
u00-000286,user286@corp.io,2026-07-25,AU
u00-000287,user287@uni.edu,2026-03-14,AU
u00-000288,user288@example.com,2026-07-12,GB
u00-000289,user289@uni.edu,2026-05-12,SG
u00-000290,user290@corp.io,2026-08-26,IN
u00-000291,user291@example.com,2026-09-22,US
u00-000292,user292@example.com,2026-07-23,US
u00-000293,user293@example.com,2026-03-15,GB
u00-000294,user294@example.com,2026-08-26,US
u00-000295,user295@mail.co.in,2026-08-24,SG
u00-000296,user296@corp.io,2026-02-24,GB
u00-000297,user297@corp.io,2026-02-13,GB
u00-000298,user298@example.com,2026-02-13,GB
u00-000299,user299@uni.edu,2026-04-27,GB
u00-000300,user300@mail.co.in,2026-01-22,GB
u00-000301,user301@example.com,2026-03-17,SG
u00-000302,user302@uni.edu,2026-05-17,US
u00-000303,user303@corp.io,2026-01-23,IN
u00-000304,user304@uni.edu,2026-09-13,US
u00-000305,user305@mail.co.in,2026-02-19,SG
u00-000306,user306@example.com,2026-05-26,IN
u00-000307,user307@example.com,2026-03-25,SG
u00-000308,user308@mail.co.in,2026-05-19,AU
u00-000309,user309@mail.co.in,2026-01-26,SG
u00-000310,user310@corp.io,2026-06-10,IN
u00-000311,user311@uni.edu,2026-01-16,AU
u00-000312,user312@corp.io,2026-02-14,DE
u00-000313,user313@uni.edu,2026-05-19,GB
u00-000314,user314@example.com,2026-02-24,DE
u00-000315,user315@mail.co.in,2026-02-14,SG
u00-000316,user316@corp.io,2026-08-26,US
u00-000317,user317@corp.io,2026-03-23,IN
u00-000318,user318@example.com,2026-05-27,IN
u00-000319,user319@example.com,2026-04-25,US
u00-000320,user320@corp.io,2026-08-12,SG
u00-000321,user321@corp.io,2026-01-22,DE
u00-000322,user322@corp.io,2026-01-28,DE
u00-000323,user323@uni.edu,2026-08-17,DE
u00-000324,user324@example.com,2026-06-24,IN
u00-000325,user325@example.com,2026-06-18,SG
u00-000326,user326@uni.edu,2026-04-21,US
u00-000327,user327@mail.co.in,2026-07-13,IN
u00-000328,user328@mail.co.in,2026-07-24,US
u00-000329,user329@corp.io,2026-09-28,US
u00-000330,user330@example.com,2026-07-10,IN
u00-000331,user331@corp.io,2026-03-17,AU
u00-000332,user332@uni.edu,2026-03-18,IN
u00-000333,user333@corp.io,2026-01-11,AU
u00-000334,user334@uni.edu,2026-09-27,DE
u00-000335,user335@mail.co.in,2026-04-24,IN
u00-000336,user336@example.com,2026-06-24,AU
u00-000337,user337@example.com,2026-05-23,GB
u00-000338,user338@example.com,2026-03-13,DE
u00-000339,user339@corp.io,2026-05-16,DE
u00-000340,user340@mail.co.in,2026-07-17,IN
u00-000341,user341@mail.co.in,2026-05-21,SG
u00-000342,user342@uni.edu,2026-07-13,SG
u00-000343,user343@corp.io,2026-01-25,IN
u00-000344,user344@corp.io,2026-02-23,SG
u00-000345,user345@mail.co.in,2026-04-12,GB
u00-000346,user346@uni.edu,2026-01-22,DE
u00-000347,user347@example.com,2026-06-11,AU
u00-000348,user348@mail.co.in,2026-04-24,DE
u00-000349,user349@mail.co.in,2026-08-24,AU
u00-000350,user350@mail.co.in,2026-04-12,SG
u00-000351,user351@mail.co.in,2026-04-20,US
u00-000352,user352@uni.edu,2026-07-18,SG
u00-000353,user353@example.com,2026-07-25,DE
u00-000354,user354@uni.edu,2026-03-15,IN
u00-000355,user355@example.com,2026-02-11,SG
u00-000356,user356@example.com,2026-08-13,DE
u00-000357,user357@uni.edu,2026-06-13,IN
u00-000358,user358@mail.co.in,2026-06-19,US
u00-000359,user359@mail.co.in,2026-04-26,DE
u00-000360,user360@example.com,2026-08-22,GB
u00-000361,user361@uni.edu,2026-02-17,DE
u00-000362,user362@uni.edu,2026-09-23,AU
u00-000363,user363@mail.co.in,2026-01-19,SG
u00-000364,user364@example.com,2026-06-22,GB
u00-000365,user365@mail.co.in,2026-06-11,GB
u00-000366,user366@example.com,2026-06-16,US
u00-000367,user367@mail.co.in,2026-05-22,DE
u00-000368,user368@example.com,2026-03-26,GB
u00-000369,user369@example.com,2026-04-21,SG
u00-000370,user370@mail.co.in,2026-07-16,IN
u00-000371,user371@corp.io,2026-05-11,IN
u00-000372,user372@mail.co.in,2026-05-26,SG
u00-000373,user373@corp.io,2026-06-28,AU
u00-000374,user374@corp.io,2026-03-28,IN
u00-000375,user375@mail.co.in,2026-03-18,DE
u00-000376,user376@uni.edu,2026-07-14,US
u00-000377,user377@mail.co.in,2026-08-17,DE
u00-000378,user378@example.com,2026-08-15,IN
u00-000379,user379@corp.io,2026-09-16,US
u00-000380,user380@mail.co.in,2026-04-15,SG
u00-000381,user381@uni.edu,2026-08-12,SG
u00-000382,user382@example.com,2026-08-11,GB
u00-000383,user383@uni.edu,2026-03-25,IN
u00-000384,user384@corp.io,2026-07-13,SG
u00-000385,user385@uni.edu,2026-04-25,SG
u00-000386,user386@example.com,2026-01-10,IN
u00-000387,user387@mail.co.in,2026-06-28,SG
u00-000388,user388@example.com,2026-08-14,SG
u00-000389,user389@corp.io,2026-07-16,AU
u00-000390,user390@example.com,2026-04-18,US
u00-000391,user391@corp.io,2026-02-12,US
u00-000392,user392@example.com,2026-05-19,GB
u00-000393,user393@mail.co.in,2026-09-14,AU
u00-000394,user394@example.com,2026-08-25,DE
u00-000395,user395@uni.edu,2026-05-17,US
u00-000396,user396@example.com,2026-01-24,IN
u00-000397,user397@uni.edu,2026-04-12,GB
u00-000398,user398@mail.co.in,2026-05-11,DE
u00-000399,user399@example.com,2026-07-22,SG
u00-000400,user400@corp.io,2026-06-21,AU
u00-000401,user401@mail.co.in,2026-09-12,SG
u00-000402,user402@corp.io,2026-06-21,AU
u00-000403,user403@example.com,2026-01-13,GB
u00-000404,user404@corp.io,2026-03-27,US
u00-000405,user405@mail.co.in,2026-08-27,GB
u00-000406,user406@mail.co.in,2026-07-18,US
u00-000407,user407@uni.edu,2026-02-25,SG
u00-000408,user408@mail.co.in,2026-08-26,US
u00-000409,user409@mail.co.in,2026-02-16,DE
u00-000410,user410@mail.co.in,2026-03-17,AU
u00-000411,user411@corp.io,2026-09-18,US
u00-000412,user412@example.com,2026-05-27,IN
u00-000413,user413@corp.io,2026-09-14,AU
u00-000414,user414@corp.io,2026-03-16,IN
u00-000415,user415@corp.io,2026-07-16,DE
u00-000416,user416@mail.co.in,2026-02-27,AU
u00-000417,user417@corp.io,2026-08-18,IN
u00-000418,user418@uni.edu,2026-04-23,US
u00-000419,user419@example.com,2026-01-12,GB
u00-000420,user420@example.com,2026-06-26,GB
u00-000421,user421@uni.edu,2026-05-13,US
u00-000422,user422@corp.io,2026-07-25,US
u00-000423,user423@example.com,2026-07-23,GB
u00-000424,user424@corp.io,2026-08-16,GB
u00-000425,user425@mail.co.in,2026-08-27,DE
u00-000426,user426@mail.co.in,2026-09-21,AU
u00-000427,user427@example.com,2026-06-12,IN
u00-000428,user428@mail.co.in,2026-03-17,DE
u00-000429,user429@mail.co.in,2026-09-12,AU
u00-000430,user430@mail.co.in,2026-04-12,DE
u00-000431,user431@example.com,2026-03-13,AU
u00-000432,user432@uni.edu,2026-03-19,DE
u00-000433,user433@example.com,2026-04-12,DE
u00-000434,user434@example.com,2026-06-25,AU
u00-000435,user435@example.com,2026-01-18,DE
u00-000436,user436@uni.edu,2026-02-25,DE
u00-000437,user437@mail.co.in,2026-03-28,GB
u00-000438,user438@mail.co.in,2026-04-25,AU
u00-000439,user439@mail.co.in,2026-09-25,DE
u00-000440,user440@corp.io,2026-04-19,SG
u00-000441,user441@uni.edu,2026-03-14,GB
u00-000442,user442@uni.edu,2026-01-27,US
u00-000443,user443@corp.io,2026-07-11,US
u00-000444,user444@example.com,2026-03-10,DE
u00-000445,user445@mail.co.in,2026-07-13,US
u00-000446,user446@example.com,2026-09-17,AU
u00-000447,user447@uni.edu,2026-08-24,GB
u00-000448,user448@mail.co.in,2026-01-27,AU
u00-000449,user449@uni.edu,2026-07-19,SG
u00-000450,user450@uni.edu,2026-02-10,GB
u00-000451,user451@corp.io,2026-08-24,GB
u00-000452,user452@uni.edu,2026-03-25,DE
u00-000453,user453@corp.io,2026-03-16,US
u00-000454,user454@uni.edu,2026-01-12,US
u00-000455,user455@mail.co.in,2026-06-22,AU
u00-000456,user456@mail.co.in,2026-01-27,US
u00-000457,user457@corp.io,2026-07-28,DE
u00-000458,user458@mail.co.in,2026-07-19,US
u00-000459,user459@example.com,2026-03-16,US
u00-000460,user460@uni.edu,2026-03-26,IN
u00-000461,user461@mail.co.in,2026-07-18,AU
u00-000462,user462@example.com,2026-01-18,US
u00-000463,user463@example.com,2026-04-10,GB
u00-000464,user464@corp.io,2026-08-14,US
u00-000465,user465@uni.edu,2026-05-28,US
u00-000466,user466@example.com,2026-09-28,US
u00-000467,user467@mail.co.in,2026-03-22,AU
u00-000468,user468@example.com,2026-08-11,US
u00-000469,user469@uni.edu,2026-07-14,AU
u00-000470,user470@corp.io,2026-08-21,SG
u00-000471,user471@corp.io,2026-03-10,AU
u00-000472,user472@uni.edu,2026-06-20,DE
u00-000473,user473@example.com,2026-02-16,SG
u00-000474,user474@mail.co.in,2026-02-10,AU
u00-000475,user475@uni.edu,2026-08-10,DE
u00-000476,user476@uni.edu,2026-04-14,AU
u00-000477,user477@uni.edu,2026-02-23,IN
u00-000478,user478@corp.io,2026-02-20,DE
u00-000479,user479@uni.edu,2026-06-16,IN
u00-000480,user480@corp.io,2026-04-11,IN
u00-000481,user481@uni.edu,2026-05-27,IN
u00-000482,user482@example.com,2026-03-16,SG
u00-000483,user483@mail.co.in,2026-06-24,DE
u00-000484,user484@mail.co.in,2026-03-22,DE
u00-000485,user485@example.com,2026-01-20,IN
u00-000486,user486@mail.co.in,2026-01-15,DE
u00-000487,user487@uni.edu,2026-09-14,US
u00-000488,user488@corp.io,2026-08-15,SG
u00-000489,user489@example.com,2026-05-26,DE
u00-000490,user490@mail.co.in,2026-01-19,US
u00-000491,user491@corp.io,2026-06-18,SG
u00-000492,user492@uni.edu,2026-09-18,AU
u00-000493,user493@example.com,2026-03-24,IN
u00-000494,user494@mail.co.in,2026-05-23,AU
u00-000495,user495@corp.io,2026-03-12,DE
u00-000496,user496@example.com,2026-03-17,DE
u00-000497,user497@uni.edu,2026-09-19,IN
u00-000498,user498@mail.co.in,2026-01-21,IN
u00-000499,user499@corp.io,2026-09-27,AU
u00-000500,user500@uni.edu,2026-03-13,DE
u00-000501,user501@corp.io,2026-07-16,IN
u00-000502,user502@corp.io,2026-02-22,DE
u00-000503,user503@uni.edu,2026-04-22,GB
u00-000504,user504@uni.edu,2026-02-26,GB
u00-000505,user505@mail.co.in,2026-09-20,SG
u00-000506,user506@example.com,2026-03-13,SG
u00-000507,user507@example.com,2026-07-22,IN
u00-000508,user508@corp.io,2026-07-24,AU
u00-000509,user509@uni.edu,2026-06-26,AU
u00-000510,user510@mail.co.in,2026-02-21,IN
u00-000511,user511@corp.io,2026-02-15,US
u00-000512,user512@corp.io,2026-08-24,US
u00-000513,user513@uni.edu,2026-04-17,US
u00-000514,user514@uni.edu,2026-04-28,US
u00-000515,user515@corp.io,,AU
u00-000516,user516@corp.io,2026-01-14,IN
u00-000517,user517@uni.edu,2026-03-21,DE
u00-000518,user518@example.com,2026-06-12,IN
u00-000519,user519@example.com,2026-06-12,IN
u00-000520,user520@uni.edu,2026-07-22,US
u00-000521,user521@example.com,2026-07-14,AU
u00-000522,user522@corp.io,2026-05-26,IN
u00-000523,user523@uni.edu,2026-07-13,GB
u00-000524,user524@corp.io,2026-05-11,GB
u00-000525,user525@example.com,2026-06-13,IN
u00-000526,user526@example.com,2026-02-18,GB
u00-000527,user527@mail.co.in,2026-04-27,DE
u00-000528,user528@example.com,2026-07-26,DE
u00-000529,user529@mail.co.in,2026-06-24,GB
u00-000530,user530@corp.io,2026-04-10,US
u00-000531,user531@example.com,2026-05-20,DE
u00-000532,user532@uni.edu,2026-03-19,IN
u00-000533,user533@example.com,2026-06-20,IN
u00-000534,user534@example.com,2026-05-20,AU
u00-000535,user535@corp.io,2026-02-20,GB
u00-000536,user536@uni.edu,2026-03-24,SG
u00-000537,user537@corp.io,2026-02-11,SG
u00-000538,user538@example.com,2026-07-26,US
u00-000539,user539@mail.co.in,2026-04-14,IN
u00-000540,user540@uni.edu,2026-01-16,US
u00-000541,user541@uni.edu,2026-04-15,IN
u00-000542,user542@corp.io,2026-04-19,US
u00-000543,user543@corp.io,2026-06-27,AU
u00-000544,user544@mail.co.in,2026-02-26,AU
u00-000545,user545@corp.io,2026-04-17,AU
u00-000546,user546@uni.edu,2026-04-16,SG
u00-000547,user547@example.com,2026-04-14,IN
u00-000548,user548@example.com,2026-06-20,US
u00-000549,user549@corp.io,2026-07-13,US
u00-000550,user550@example.com,2026-04-20,GB
u00-000551,user551@corp.io,2026-02-27,GB
u00-000552,user552@uni.edu,2026-08-11,SG
u00-000553,user553@example.com,2026-07-16,US
u00-000554,user554@uni.edu,2026-04-27,IN
u00-000555,user555@corp.io,2026-09-21,GB
u00-000556,user556@uni.edu,2026-02-17,AU
u00-000557,user557@mail.co.in,2026-02-27,US
u00-000558,user558@corp.io,2026-01-18,DE
u00-000559,user559@uni.edu,2026-06-14,IN
u00-000560,user560@corp.io,2026-07-17,SG
u00-000561,user561@example.com,2026-03-24,GB
u00-000562,user562@mail.co.in,2026-08-10,GB
u00-000563,user563@corp.io,2026-09-23,IN
u00-000564,user564@uni.edu,2026-01-14,AU
u00-000565,user565@uni.edu,2026-08-25,US
u00-000566,user566@corp.io,2026-05-11,DE
u00-000567,user567@mail.co.in,2026-01-15,GB
u00-000568,user568@uni.edu,2026-07-14,DE
u00-000569,user569@mail.co.in,2026-08-23,AU
u00-000570,user570@mail.co.in,2026-03-13,AU
u00-000571,user571@uni.edu,2026-07-14,US
u00-000572,user572@mail.co.in,2026-06-10,AU
u00-000573,user573@corp.io,2026-09-16,DE
u00-000574,user574@uni.edu,2026-04-28,AU
u00-000575,user575@example.com,2026-03-15,AU
u00-000576,user576@corp.io,2026-03-18,US
u00-000577,user577@uni.edu,2026-01-17,AU
u00-000578,user578@mail.co.in,2026-09-26,AU
u00-000579,user579@example.com,2026-03-21,US
u00-000580,user580@corp.io,2026-04-19,IN
u00-000581,user581@corp.io,2026-08-15,DE
u00-000582,user582@corp.io,2026-03-23,IN
u00-000583,user583@corp.io,2026-03-23,IN
u00-000584,user584@uni.edu,2026-03-23,AU
u00-000585,user585@example.com,2026-07-17,DE
u00-000586,user586@uni.edu,2026-03-12,AU
u00-000587,user587@mail.co.in,2026-08-22,GB
u00-000588,user588@uni.edu,2026-04-14,US
u00-000589,user589@uni.edu,2026-01-22,AU
u00-000590,user590@example.com,2026-09-27,AU
u00-000591,user591@example.com,2026-02-25,GB
u00-000592,user592@mail.co.in,2026-03-21,SG
u00-000593,user593@example.com,2026-04-15,SG
u00-000594,user594@example.com,2026-05-11,SG
u00-000595,user595@uni.edu,2026-06-26,US
u00-000596,user596@corp.io,2026-04-24,US
u00-000597,user597@example.com,2026-07-25,US
u00-000598,user598@uni.edu,2026-01-17,DE
u00-000599,user599@uni.edu,2026-07-11,DE
u00-000600,user600@example.com,2026-03-19,IN
u00-000601,user601@corp.io,2026-09-10,GB
u00-000602,user602@uni.edu,2026-03-18,GB
u00-000603,user603@uni.edu,2026-02-14,DE
u00-000604,user604@corp.io,2026-05-20,IN
u00-000605,user605@uni.edu,2026-03-25,DE
u00-000606,user606@example.com,2026-01-14,GB
u00-000607,user607@uni.edu,2026-01-19,US
u00-000608,user608@mail.co.in,2026-06-28,US
u00-000609,user609@corp.io,2026-07-11,US
u00-000610,user610@mail.co.in,2026-08-17,IN
u00-000611,user611@mail.co.in,2026-03-23,US
u00-000612,user612@corp.io,2026-05-26,DE
u00-000613,user613@corp.io,2026-09-12,US
u00-000614,user614@corp.io,2026-09-11,IN
u00-000615,user615@example.com,2026-09-16,AU
u00-000616,user616@corp.io,2026-06-23,GB
u00-000617,user617@corp.io,2026-01-16,AU
u00-000618,user618@example.com,2026-01-19,DE
u00-000619,user619@uni.edu,2026-07-15,AU
u00-000620,user620@corp.io,2026-07-17,US
u00-000621,user621@example.com,2026-03-19,US
u00-000622,user622@uni.edu,2026-08-24,US
u00-000623,user623@example.com,2026-08-24,DE
u00-000624,user624@uni.edu,2026-07-20,DE
u00-000625,user625@uni.edu,2026-04-15,AU
u00-000626,user626@corp.io,2026-08-19,US
u00-000627,user627@mail.co.in,2026-03-28,US
u00-000628,user628@corp.io,2026-01-10,GB
u00-000629,user629@corp.io,2026-09-19,DE
u00-000630,user630@corp.io,2026-06-28,DE
u00-000631,user631@uni.edu,2026-05-22,US
u00-000632,user632@uni.edu,2026-05-26,AU
u00-000633,user633@example.com,2026-05-18,SG
u00-000634,user634@corp.io,2026-04-10,US
u00-000635,user635@example.com,2026-05-27,GB
u00-000636,user636@mail.co.in,2026-07-13,GB
u00-000637,user637@corp.io,2026-05-15,IN
u00-000638,user638@corp.io,2026-01-28,IN
u00-000639,user639@example.com,2026-05-12,DE
u00-000640,user640@corp.io,2026-08-22,IN
u00-000641,user641@uni.edu,2026-01-27,SG
u00-000642,user642@mail.co.in,2026-03-26,DE
u00-000643,user643@mail.co.in,2026-03-10,SG
u00-000644,user644@corp.io,2026-01-16,SG
u00-000645,user645@uni.edu,2026-04-24,IN
u00-000646,user646@mail.co.in,2026-07-24,US
u00-000647,user647@uni.edu,2026-06-24,IN
u00-000648,user648@example.com,2026-01-20,IN
u00-000649,user649@corp.io,2026-02-19,IN
u00-000650,user650@uni.edu,2026-08-16,GB
u00-000651,user651@uni.edu,2026-04-18,GB
u00-000652,user652@uni.edu,2026-05-27,AU
u00-000653,user653@mail.co.in,2026-03-13,DE
u00-000654,user654@mail.co.in,2026-01-12,IN
u00-000655,user655@mail.co.in,2026-04-20,US
u00-000656,user656@mail.co.in,2026-05-16,AU
u00-000657,user657@mail.co.in,2026-01-27,GB
u00-000658,user658@corp.io,2026-09-26,DE
u00-000659,user659@uni.edu,2026-08-10,DE
u00-000660,user660@uni.edu,2026-03-23,DE
u00-000661,user661@example.com,2026-08-20,AU
u00-000662,user662@example.com,2026-04-23,IN
u00-000663,user663@mail.co.in,2026-09-23,US
u00-000664,user664@uni.edu,2026-03-24,GB
u00-000665,user665@uni.edu,2026-08-22,GB
u00-000666,user666@uni.edu,2026-01-22,US
u00-000667,user667@example.com,2026-04-11,GB
u00-000668,user668@example.com,2026-01-28,SG
u00-000669,user669@uni.edu,2026-06-15,US
u00-000670,user670@mail.co.in,2026-02-20,GB
u00-000671,user671@mail.co.in,2026-08-23,DE
u00-000672,user672@corp.io,2026-07-13,SG
u00-000673,user673@mail.co.in,2026-06-12,SG
u00-000674,user674@mail.co.in,2026-01-13,GB
u00-000675,user675@example.com,2026-09-11,GB
u00-000676,user676@corp.io,2026-05-20,AU
u00-000677,user677@example.com,2026-02-17,GB
u00-000678,user678@uni.edu,2026-05-28,US
u00-000679,user679@mail.co.in,2026-02-23,DE
u00-000680,user680@corp.io,2026-04-13,GB
u00-000681,user681@corp.io,2026-05-24,SG
u00-000682,user682@uni.edu,2026-07-23,SG
u00-000683,user683@corp.io,2026-08-24,IN
u00-000684,user684@mail.co.in,2026-06-11,US
u00-000685,user685@mail.co.in,2026-07-26,SG
u00-000686,user686@mail.co.in,2026-03-15,AU
u00-000687,user687@corp.io,2026-01-10,DE
u00-000688,user688@mail.co.in,2026-06-27,SG
u00-000689,user689@corp.io,2026-06-12,US
u00-000690,user690@corp.io,2026-04-17,DE
u00-000691,user691@corp.io,2026-08-13,DE
u00-000692,user692@corp.io,2026-07-13,IN
u00-000693,user693@corp.io,2026-08-10,US
u00-000694,user694@example.com,2026-07-15,IN
u00-000695,user695@corp.io,2026-03-12,US
u00-000696,user696@example.com,2026-07-18,DE
u00-000697,user697@example.com,2026-07-18,AU
u00-000698,user698@corp.io,2026-04-14,GB
u00-000699,user699@mail.co.in,2026-06-18,US
u00-000700,user700@example.com,2026-07-25,IN
u00-000701,user701@example.com,2026-09-13,AU
u00-000702,user702@mail.co.in,2026-06-26,GB
u00-000703,user703@example.com,2026-08-23,AU
u00-000704,user704@uni.edu,2026-01-27,AU
u00-000705,user705@example.com,2026-09-19,DE
u00-000706,user706@corp.io,2026-07-10,DE
u00-000707,user707@example.com,2026-05-11,GB
u00-000708,user708@mail.co.in,2026-06-28,SG
u00-000709,user709@corp.io,2026-05-16,DE
u00-000710,user710@uni.edu,2026-06-12,AU
u00-000711,user711@uni.edu,2026-08-23,US
u00-000712,user712@mail.co.in,2026-01-12,GB
u00-000713,user713@corp.io,2026-08-15,IN
u00-000714,user714@uni.edu,2026-07-17,SG
u00-000715,user715@uni.edu,2026-07-24,DE
u00-000716,user716@mail.co.in,2026-06-14,IN
u00-000717,user717@example.com,2026-09-16,GB
u00-000718,user718@example.com,2026-06-24,IN
u00-000719,user719@mail.co.in,2026-09-18,SG
u00-000720,user720@corp.io,2026-06-19,IN
u00-000721,user721@corp.io,2026-01-11,IN
u00-000722,user722@mail.co.in,2026-06-10,GB
u00-000723,user723@example.com,2026-02-19,IN
u00-000724,user724@example.com,2026-09-26,IN
u00-000725,user725@uni.edu,2026-07-27,AU
u00-000726,user726@uni.edu,2026-02-13,US
u00-000727,user727@example.com,2026-05-15,GB
u00-000728,user728@corp.io,2026-04-19,GB
u00-000729,user729@corp.io,2026-01-19,SG
u00-000730,user730@corp.io,2026-06-11,DE
u00-000731,user731@mail.co.in,2026-02-22,AU
u00-000732,user732@uni.edu,2026-03-26,DE
u00-000733,user733@example.com,2026-03-12,US
u00-000734,user734@mail.co.in,2026-04-15,IN
u00-000735,user735@mail.co.in,2026-09-23,AU
u00-000736,user736@uni.edu,2026-01-19,IN
u00-000737,user737@uni.edu,2026-08-22,GB
u00-000738,user738@corp.io,2026-01-16,SG
u00-000739,user739@uni.edu,2026-02-20,GB
u00-000740,user740@mail.co.in,2026-03-22,DE
u00-000741,user741@uni.edu,2026-07-18,GB
u00-000742,user742@example.com,2026-06-11,DE
u00-000743,user743@mail.co.in,2026-05-13,DE
u00-000744,user744@example.com,2026-03-14,IN
u00-000745,user745@mail.co.in,2026-07-20,GB
u00-000746,user746@corp.io,2026-06-21,GB
u00-000747,user747@corp.io,2026-09-26,AU
u00-000748,user748@corp.io,2026-07-27,US
u00-000749,user749@corp.io,2026-05-24,SG
u00-000750,user750@example.com,2026-06-25,DE
u00-000751,user751@mail.co.in,2026-05-21,US
u00-000752,user752@uni.edu,2026-08-24,AU
u00-000753,user753@mail.co.in,2026-01-27,US
u00-000754,user754@example.com,2026-09-20,SG
u00-000755,user755@example.com,2026-03-13,AU
u00-000756,user756@example.com,2026-06-23,DE
u00-000757,user757@corp.io,2026-07-23,US
u00-000758,user758@mail.co.in,2026-02-23,US
u00-000759,user759@uni.edu,2026-09-17,DE
u00-000760,user760@example.com,2026-01-21,SG
u00-000761,user761@mail.co.in,2026-08-10,GB
u00-000762,user762@corp.io,2026-07-16,IN
u00-000763,user763@corp.io,2026-03-10,DE
u00-000764,user764@mail.co.in,2026-09-16,US
u00-000765,user765@mail.co.in,2026-02-27,AU
u00-000766,user766@uni.edu,2026-04-20,DE
u00-000767,user767@example.com,2026-04-13,US
u00-000768,user768@uni.edu,2026-09-16,SG
u00-000769,user769@mail.co.in,2026-07-14,GB
u00-000770,user770@uni.edu,2026-02-15,SG
u00-000771,user771@uni.edu,2026-09-27,AU
u00-000772,user772@uni.edu,2026-05-20,SG
u00-000773,user773@corp.io,2026-01-20,DE
u00-000774,user774@mail.co.in,2026-09-17,GB
u00-000775,user775@example.com,2026-03-17,AU
u00-000776,user776@mail.co.in,2026-06-22,DE
u00-000777,user777@mail.co.in,2026-03-28,IN
u00-000778,user778@uni.edu,2026-02-23,SG
u00-000779,user779@example.com,2026-02-18,IN
u00-000780,user780@corp.io,2026-09-24,IN
u00-000781,user781@corp.io,2026-04-13,DE
u00-000782,user782@mail.co.in,2026-07-21,IN
u00-000783,user783@corp.io,2026-08-16,SG
u00-000784,user784@mail.co.in,2026-03-26,GB
u00-000785,user785@example.com,2026-04-16,DE
u00-000786,user786@corp.io,2026-06-23,DE
u00-000787,user787@corp.io,2026-07-26,IN
u00-000788,user788@example.com,2026-04-11,IN
u00-000789,user789@mail.co.in,2026-01-10,AU
u00-000790,user790@uni.edu,2026-04-24,US
u00-000791,user791@example.com,2026-01-20,IN
u00-000792,user792@uni.edu,2026-03-21,DE
u00-000793,user793@uni.edu,2026-03-28,AU
u00-000794,user794@mail.co.in,2026-07-23,DE
u00-000795,user795@example.com,2026-03-23,DE
u00-000796,user796@mail.co.in,2026-03-19,DE
u00-000797,user797@corp.io,2026-01-22,US
u00-000798,user798@uni.edu,2026-03-21,SG
u00-000799,user799@mail.co.in,2026-04-21,US
u00-000800,user800@corp.io,2026-09-13,GB
u00-000801,user801@uni.edu,2026-02-12,DE
u00-000802,user802@corp.io,2026-03-12,AU
u00-000803,user803@mail.co.in,2026-02-17,AU
u00-000804,user804@corp.io,2026-01-26,US
u00-000805,user805@mail.co.in,2026-08-18,US
u00-000806,user806@corp.io,2026-06-18,IN
u00-000807,user807@mail.co.in,2026-01-21,GB
u00-000808,user808@mail.co.in,2026-05-25,DE
u00-000809,user809@uni.edu,2026-01-28,IN
u00-000810,user810@example.com,2026-02-28,GB
u00-000811,user811@example.com,2026-01-23,SG
u00-000812,user812@uni..edu,2026-07-10,US
u00-000813,user813@uni.edu,2026-06-24,AU
u00-000814,user814@example.com,2026-08-20,US
u00-000815,user815@corp.io,2026-03-26,GB
u00-000816,user816@uni.edu,2026-05-16,AU
u00-000817,user817@mail.co.in,2026-01-10,US
u00-000818,user818@corp.io,2026-08-14,DE
u00-000819,user819@example.com,2026-05-17,AU
u00-000820,user820@uni.edu,2026-04-16,DE
u00-000821,user821@mail.co.in,2026-03-22,AU
u00-000822,user822@corp.io,2026-03-16,SG
u00-000823,user823@example.com,2026-08-10,GB
u00-000824,user824@mail.co.in,2026-07-24,IN
u00-000825,user825@corp.io,2026-08-17,IN
u00-000826,user826@uni.edu,2026-02-24,SG
u00-000827,user827@example.com,2026-04-26,AU
u00-000828,user828@uni.edu,2026-05-24,DE
u00-000829,user829@example.com,2026-02-12,IN
u00-000830,user830@example.com,2026-03-12,US
u00-000831,user831@example.com,2026-08-12,AU
u00-000832,user832@uni.edu,2026-03-14,AU
u00-000833,user833@corp.io,2026-02-13,GB
u00-000834,user834@example.com,2026-04-16,SG
u00-000835,user835@corp.io,2026-04-14,DE
u00-000836,user836@mail.co.in,2026-04-19,DE
u00-000837,user837@corp.io,2026-07-10,IN
u00-000838,user838@mail.co.in,2026-09-14,SG
u00-000839,user839@corp.io,2026-08-16,SG
u00-000840,user840@corp.io,2026-03-10,AU
u00-000841,user841@corp.io,2026-04-25,IN
u00-000842,user842@example.com,2026-06-15,GB
u00-000843,user843@example.com,2026-04-12,AU
u00-000844,user844@uni.edu,2026-09-18,DE
u00-000845,user845@corp.io,2026-04-27,US
u00-000846,user846@corp.io,2026-07-19,AU
u00-000847,user847@corp.io,2026-02-13,GB
u00-000848,user848@uni.edu,2026-05-15,GB
u00-000849,user849@example.com,2026-08-21,DE
u00-000850,user850@mail.co.in,2026-05-11,DE
u00-000851,user851@mail.co.in,2026-06-22,GB
u00-000852,user852@corp.io,2026-02-10,US
u00-000853,user853@mail.co.in,2026-08-24,DE
u00-000854,user854@corp.io,2026-09-25,SG
u00-000855,user855@mail.co.in,2026-04-10,SG
u00-000856,user856@example.com,2026-07-17,AU
u00-000857,user857@uni.edu,2026-08-10,GB
u00-000858,user858@example.com,2026-01-18,SG
u00-000859,user859@uni.edu,2026-01-19,AU
u00-000860,user860@example.com,2026-04-27,GB
u00-000861,user861@corp.io,2026-08-19,GB
u00-000862,user862@corp.io,2026-04-21,SG
u00-000863,user863@mail.co.in,2026-04-17,SG
u00-000864,user864@mail.co.in,2026-01-16,US
u00-000865,user865@uni.edu,2026-01-26,SG
u00-000866,user866@corp.io,2026-07-21,AU
u00-000867,user867@uni.edu,2026-01-17,SG
u00-000868,user868@uni.edu,2026-02-19,AU
u00-000869,user869@corp.io,2026-07-27,DE
u00-000870,user870@uni.edu,2026-02-10,US
u00-000871,user871@example.com,2026-03-20,GB
u00-000872,user872@corp.io,2026-04-16,DE
u00-000873,user873@mail.co.in,2026-03-11,DE
u00-000874,user874@corp.io,2026-01-26,GB
u00-000875,user875@example.com,2026-06-24,SG
u00-000876,user876@uni.edu,2026-02-23,SG
u00-000877,user877@mail.co.in,2026-09-19,GB
u00-000878,user878@corp.io,2026-07-15,IN
u00-000879,user879@mail.co.in,2026-09-13,US
u00-000880,user880@mail.co.in,2026-02-15,IN
u00-000881,user881@uni.edu,2026-01-27,SG
u00-000882,user882@mail.co.in,2026-04-18,US
u00-000883,user883@uni.edu,2026-01-25,AU
u00-000884,user884@uni.edu,2026-09-20,DE
u00-000885,user885@corp.io,2026-02-20,SG
u00-000886,user886@corp.io,2026-05-18,IN
u00-000887,user887@example.com,2026-07-25,US
u00-000888,user888@corp.io,2026-04-24,US
u00-000889,user889@example.com,2026-03-25,GB
u00-000890,user890@example.com,2026-02-25,IN
u00-000891,user891@corp.io,2026-09-10,IN
u00-000892,user892@uni.edu,2026-08-24,DE
u00-000893,user893@uni.edu,2026-01-21,SG
u00-000894,user894@corp.io,2026-05-28,AU
u00-000895,user895@mail.co.in,2026-06-28,AU
u00-000896,user896@example.com,2026-07-11,GB
u00-000897,user897@example.com,2026-03-20,US
u00-000898,user898@mail.co.in,2026-02-25,GB
u00-000899,user899@mail.co.in,2026-06-17,SG
u00-000900,user900@corp.io,2026-01-27,IN
u00-000901,user901@corp.io,2026-01-16,GB
u00-000902,user902@mail.co.in,2026-01-18,US
u00-000903,user903@uni.edu,2026-05-18,US
u00-000904,user904@mail.co.in,2026-05-16,US
u00-000905,user905@uni.edu,2026-08-19,IN
u00-000906,user906@example.com,2026-07-20,GB
u00-000907,user907@uni.edu,2026-07-20,US
u00-000908,user908@example.com,2026-02-17,SG
u00-000909,user909@example.com,2026-02-10,AU
u00-000910,user910@mail.co.in,2026-06-28,IN
u00-000911,user911@example.com,2026-04-27,AU
u00-000912,user912@uni.edu,2026-01-24,GB
u00-000913,user913@example.com,2026-05-12,US
u00-000914,user914@uni.edu,2026-09-13,AU
u00-000915,user915@example.com,2026-05-10,US
u00-000916,user916@example.com,2026-02-23,AU
u00-000917,user917@mail.co.in,2026-04-26,US
u00-000918,user918@corp.io,2026-09-19,SG
u00-000919,user919@example.com,2026-09-15,SG
u00-000920,user920@corp.io,2026-07-24,IN
u00-000921,user921@mail.co.in,2026-06-26,US
u00-000922,user922@uni.edu,2026-02-24,GB
u00-000923,user923@example.com,2026-01-27,IN
u00-000924,user924@uni.edu,2026-06-26,GB
u00-000925,user925@example.com,2026-06-11,GB
u00-000926,user926@corp.io,2026-09-25,DE
u00-000927,user927@mail.co.in,2026-04-27,GB
u00-000928,user928@mail.co.in,2026-06-21,SG
u00-000929,user929@corp.io,2026-09-17,IN
u00-000930,user930@uni.edu,2026-05-13,US
u00-000931,user931@corp.io,2026-02-27,GB
u00-000932,user932@corp.io,2026-03-24,GB
u00-000933,user933@mail.co.in,2026-06-22,IN
u00-000934,user934@uni.edu,2026-04-23,DE
u00-000935,user935@example.com,2026-09-28,DE
u00-000936,user936@example.com,2026-02-24,GB
u00-000937,user937@uni.edu,2026-03-13,DE
u00-000938,user938@mail.co.in,2026-06-21,IN
u00-000939,user939@uni.edu,2026-08-19,US
u00-000940,user940@example.com,2026-09-16,IN
u00-000941,user941@uni.edu,2026-04-26,IN
u00-000942,user942@mail.co.in,2026-06-21,IN
u00-000943,user943@uni.edu,2026-08-16,US
u00-000944,user944@corp.io,2026-01-13,US
u00-000945,user945@example.com,2026-02-14,GB
u00-000946,user946@corp.io,2026-08-28,DE
u00-000947,user947@example.com,2026-05-12,GB
u00-000948,user948@example.com,2026-08-18,US
u00-000949,user949@corp.io,2026-05-12,AU
u00-000950,user950@example.com,2026-06-17,SG
u00-000951,user951@corp.io,2026-08-22,AU
u00-000952,user952@example.com,2026-05-23,AU
u00-000953,user953@uni.edu,2026-09-11,SG
u00-000954,user954@mail.co.in,2026-01-25,US
u00-000955,user955@uni.edu,2026-04-15,SG
u00-000956,user956@uni.edu,2026-05-26,SG
u00-000957,user957@uni.edu,2026-04-12,GB
u00-000958,user958@corp.io,2026-05-27,GB
u00-000959,user959@uni.edu,2026-01-13,US
u00-000960,user960@corp.io,2026-04-13,DE
u00-000961,user961@corp.io,2026-01-14,AU
u00-000962,user962@mail.co.in,2026-03-18,DE
u00-000963,user963@mail.co.in,2026-02-25,DE
u00-000964,user964@mail.co.in,2026-06-16,SG
u00-000965,user965@example.com,2026-04-28,SG
u00-000966,user966@example.com,2026-01-18,DE
u00-000967,user967@uni.edu,2026-05-23,US
u00-000968,user968@corp.io,2026-02-24,US
u00-000969,user969@example.com,2026-07-15,IN
u00-000970,user970@corp.io,2026-02-25,AU
u00-000971,user971@example.com,2026-01-28,DE
u00-000972,user972@corp.io,2026-08-20,IN
u00-000973,user973@example.com,2026-01-12,SG
u00-000974,user974@example.com,2026-02-22,GB
u00-000975,user975@example.com,2026-02-25,DE
u00-000976,user976@corp.io,2026-08-21,IN
u00-000977,user977@uni.edu,2026-04-28,US
u00-000978,user978@corp.io,2026-06-24,GB
u00-000979,user979@mail.co.in,2026-01-13,SG
u00-000980,user980@uni.edu,2026-03-23,DE
u00-000981,user981@corp.io,2026-03-17,SG
u00-000982,user982@example.com,2026-07-10,US
u00-000983,user983@corp.io,2026-01-21,DE
u00-000984,user984@uni.edu,2026-07-22,US
u00-000985,user985@corp.io,2026-07-17,IN
u00-000986,user986@corp.io,2026-04-27,GB
u00-000987,user987@corp.io,2026-05-22,SG
u00-000988,user988@uni.edu,2026-05-25,IN
u00-000989,user989@uni.edu,2026-04-16,IN
u00-000990,user990@mail.co.in,2026-02-16,US
u00-000991,user991@uni.edu,2026-04-14,US
u00-000992,user992@uni.edu,2026-05-15,AU
u00-000993,user993@corp.io,2026-06-21,US
u00-000994,user994@corp.io,2026-06-23,DE
u00-000995,user995@corp.io,2026-01-10,SG
u00-000996,user996@corp.io,2026-07-24,SG
u00-000997,user997@uni.edu,2026-03-24,SG
u00-000998,user998@uni.edu,2026-01-18,DE
u00-000999,user999@uni.edu,2026-01-10,US
u00-001000,user1000@mail.co.in,2026-02-15,GB
u00-001001,user1001@mail.co.in,2026-01-20,US
u00-001002,user1002@mail.co.in,2026-02-19,DE
u00-001003,user1003@uni.edu,2026-07-27,SG
u00-001004,user1004@corp.io,2026-03-12,IN
u00-001005,user1005@mail.co.in,2026-01-23,DE
u00-001006,user1006@uni.edu,2026-02-25,IN
u00-001007,user1007@corp.io,2026-06-27,GB
u00-001008,user1008@uni.edu,2026-02-28,IN
u00-001009,user1009@mail.co.in,2026-03-10,US
u00-001010,user1010@corp.io,2026-02-23,AU
u00-001011,user1011@mail.co.in,2026-09-11,DE
u00-001012,user1012@mail.co.in,2026-04-25,GB
u00-001013,user1013@example.com,2026-01-12,AU
u00-001014,user1014@mail.co.in,2026-02-22,IN
u00-001015,user1015@mail.co.in,2026-07-23,AU
u00-001016,user1016@corp.io,2026-05-20,DE
u00-001017,user1017@mail.co.in,2026-08-13,SG
u00-001018,user1018@corp.io,2026-02-19,AU
u00-001019,user1019@mail.co.in,2026-04-26,AU
u00-001020,user1020@example.com,2026-07-22,AU
u00-001021,user1021@corp.io,2026-01-13,US
u00-001022,user1022@uni.edu,2026-07-22,IN
u00-001023,user1023@corp.io,2026-02-27,AU
u00-001024,user1024@mail.co.in,2026-08-23,GB
u00-001025,user1025@mail.co.in,2026-05-28,IN
u00-001026,user1026@example.com,2026-08-11,AU
u00-001027,user1027@example.com,2026-08-26,IN
u00-001028,user1028@mail.co.in,2026-02-25,AU
u00-001029,user1029@example.com,2026-07-14,SG
u00-001030,user1030@mail.co.in,2026-02-26,IN
u00-001031,user1031@example.com,2026-06-13,IN
u00-001032,user1032@mail.co.in,2026-04-12,IN
u00-001033,user1033@mail.co.in,2026-08-10,DE
u00-001034,user1034@corp.io,2026-05-21,DE
u00-001035,user1035@uni.edu,2026-06-16,AU
u00-001036,user1036@uni.edu,2026-03-19,IN
u00-001037,user1037@uni.edu,2026-02-19,IN
u00-001038,user1038@mail.co.in,2026-06-19,IN
u00-001039,user1039@corp.io,2026-04-11,IN
u00-001040,user1040@mail.co.in,2026-09-27,SG
u00-001041,user1041@example.com,2026-09-21,GB
u00-001042,user1042@example.com,2026-04-22,AU
u00-001043,user1043@example.com,2026-08-28,GB
u00-001044,user1044@mail.co.in,2026-05-26,DE
u00-001045,user1045@mail.co.in,2026-05-23,GB
u00-001046,user1046@example.com,2026-09-16,IN
u00-001047,user1047@uni.edu,2026-06-21,SG
u00-001048,user1048@mail.co.in,2026-04-16,AU
u00-001049,user1049@corp.io,2026-07-22,AU
u00-001050,user1050@uni.edu,2026-06-20,AU
u00-001051,user1051@mail.co.in,2026-01-10,AU
u00-001052,user1052@example.com,2026-07-11,GB
u00-001053,user1053@example.com,2026-08-27,GB
u00-001054,user1054@uni.edu,2026-08-23,SG
u00-001055,user1055@corp.io,2026-04-20,US
u00-001056,user1056@mail.co.in,2026-04-16,AU
u00-001057,user1057@example.com,2026-02-10,IN
u00-001058,user1058@example.com,2026-05-12,AU
u00-001059,user1059@example.com,2026-04-28,DE
u00-001060,user1060@example.com,2026-06-24,US
u00-001061,user1061@uni.edu,2026-07-10,US
u00-001062,user1062@example.com,2026-02-28,US
u00-001063,user1063@corp.io,2026-03-19,IN
u00-001064,user1064@example.com,2026-09-12,DE
u00-001065,user1065@uni.edu,2026-06-22,IN
u00-001066,user1066@mail.co.in,2026-01-11,US
u00-001067,user1067@uni.edu,2026-05-25,AU
u00-001068,user1068@example.com,2026-07-16,GB
u00-001069,user1069@corp.io,2026-03-10,GB
u00-001070,user1070@uni.edu,2026-07-19,US
u00-001071,user1071@mail.co.in,2026-02-12,SG
u00-001072,user1072@corp.io,2026-08-14,GB
u00-001073,user1073@corp.io,2026-02-17,IN
u00-001074,user1074@mail.co.in,2026-03-28,DE
u00-001075,user1075@example.com,2026-05-27,GB
u00-001076,user1076@mail.co.in,2026-08-18,GB
u00-001077,user1077@corp.io,2026-05-20,AU
u00-001078,user1078@mail.co.in,2026-04-13,SG
u00-001079,user1079@mail.co.in,2026-07-28,DE
u00-001080,user1080@uni.edu,2026-05-15,GB
u00-001081,user1081@mail.co.in,2026-01-23,IN
u00-001082,user1082@uni.edu,2026-02-27,GB
u00-001083,user1083@corp.io,2026-05-13,AU
u00-001084,user1084@mail.co.in,2026-04-12,US
u00-001085,user1085@uni.edu,2026-09-12,SG
u00-001086,user1086@mail.co.in,2026-08-18,US
u00-001087,user1087@uni.edu,2026-01-22,SG
u00-001088,user1088@uni.edu,2026-06-23,IN
u00-001089,user1089@example.com,2026-02-17,AU
u00-001090,user1090@corp.io,2026-07-16,SG
u00-001091,user1091@corp.io,2026-02-14,US
u00-001092,user1092@mail.co.in,2026-08-21,SG
u00-001093,user1093@corp.io,2026-05-24,GB
u00-001094,user1094@mail.co.in,2026-02-28,AU
u00-001095,user1095@mail.co.in,2026-01-22,GB
u00-001096,user1096@example.com,2026-05-15,IN
u00-001097,user1097@uni.edu,2026-09-19,AU
u00-001098,user1098@example.com,2026-03-18,GB
u00-001099,user1099@corp.io,2026-08-17,SG
u00-001100,user1100@uni.edu,2026-01-21,US
u00-001101,user1101@uni.edu,2026-08-14,DE
u00-001102,user1102@uni.edu,2026-01-19,US
u00-001103,user1103@example.com,2026-07-19,US
u00-001104,user1104@uni.edu,2026-04-25,GB
u00-001105,user1105@uni.edu,2026-07-16,DE
u00-001106,user1106@uni.edu,2026-09-16,SG
u00-001107,user1107@mail.co.in,2026-07-19,GB
u00-001108,user1108@mail.co.in,2026-09-11,US
u00-001109,user1109@uni.edu,2026-04-14,SG
u00-001110,user1110@mail.co.in,2026-05-13,US
u00-001111,user1111@corp.io,2026-02-20,SG
u00-001112,user1112@example.com,2026-08-28,DE
u00-001113,user1113@mail.co.in,2026-05-28,AU
u00-001114,user1114@corp.io,2026-03-27,IN
u00-001115,user1115@mail.co.in,2026-01-28,DE
u00-001116,user1116@uni.edu,2026-08-11,SG
u00-001117,user1117@mail.co.in,2026-01-12,AU
u00-001118,user1118@uni.edu,2026-04-15,AU
u00-001119,user1119@uni.edu,2026-03-24,GB
u00-001120,user1120@example.com,2026-09-26,US
u00-001121,user1121@mail.co.in,2026-07-10,DE
u00-001122,user1122@mail.co.in,2026-07-16,IN
u00-001123,user1123@uni.edu,2026-05-15,DE
u00-001124,user1124@mail.co.in,2026-04-12,IN
u00-001125,user1125@uni.edu,2026-09-18,US
u00-001126,user1126@example.com,2026-08-10,GB
u00-001127,user1127@uni.edu,2026-08-11,US
u00-001128,user1128@mail.co.in,2026-09-28,US
u00-001129,user1129@example.com,2026-08-12,AU
u00-001130,user1130@mail.co.in,2026-06-26,AU
u00-001131,user1131@corp.io,2026-09-23,SG
u00-001132,user1132@mail.co.in,2026-05-10,SG
u00-001133,user1133@corp.io,2026-05-13,IN
u00-001134,user1134@corp.io,2026-04-23,AU
u00-001135,user1135@uni.edu,2026-06-27,GB
u00-001136,user1136@example.com,2026-01-14,GB
u00-001137,user1137@mail.co.in,2026-05-23,AU
u00-001138,user1138@example.com,2026-07-18,SG
u00-001139,user1139@example.com,2026-06-27,SG
u00-001140,user1140@example.com,2026-02-14,US
u00-001141,user1141@corp.io,2026-03-23,SG
u00-001142,user1142@corp.io,2026-05-28,AU
u00-001143,user1143@mail.co.in,2026-02-27,AU
u00-001144,user1144@mail.co.in,2026-07-21,DE
u00-001145,user1145@example.com,2026-01-13,DE
u00-001146,user1146@mail.co.in,2026-01-17,GB
u00-001147,user1147@corp.io,2026-06-10,AU
u00-001148,user1148@example.com,2026-02-24,DE
u00-001149,user1149@corp.io,2026-04-26,DE
u00-001150,user1150@example.com,2026-01-16,AU
u00-001151,user1151@example.com,2026-08-10,AU
u00-001152,user1152@example.com,2026-05-23,SG
u00-001153,user1153@uni.edu,2026-01-11,GB
u00-001154,user1154@example.com,2026-08-21,US
u00-001155,user1155@mail.co.in,2026-02-20,GB
u00-001156,user1156@mail.co.in,2026-04-14,DE
u00-001157,user1157@example.com,2026-02-13,GB
u00-001158,user1158@uni.edu,2026-07-13,DE
u00-001159,user1159@example.com,2026-09-25,US
u00-001160,user1160@example.com,2026-04-19,SG
u00-001161,user1161@mail.co.in,2026-03-21,IN
u00-001162,user1162@corp.io,2026-07-19,GB
u00-001163,user1163@corp.io,2026-06-10,IN
u00-001164,user1164@uni.edu,2026-02-12,SG
u00-001165,user1165@uni.edu,2026-04-22,IN
u00-001166,user1166@example.com,2026-04-13,GB
u00-001167,user1167@uni.edu,2026-08-26,DE
u00-001168,user1168@mail.co.in,2026-06-25,AU
u00-001169,user1169@example.com,2026-06-27,SG
u00-001170,user1170@uni.edu,2026-01-25,US
u00-001171,user1171@corp.io,2026-07-12,DE
u00-001172,user1172@uni.edu,2026-06-17,DE
u00-001173,user1173@corp.io,2026-04-20,DE
u00-001174,user1174@mail.co.in,2026-04-23,SG
u00-001175,user1175@uni.edu,2026-06-23,AU
u00-001176,user1176@mail.co.in,2026-09-11,IN
u00-001177,user1177@example.com,2026-08-16,AU
u00-001178,user1178@mail.co.in,2026-05-10,SG
u00-001179,user1179@example.com,2026-03-28,SG
u00-001180,user1180@corp.io,2026-03-26,GB
u00-001181,user1181@mail.co.in,2026-07-14,SG
u00-001182,user1182@uni.edu,2026-07-19,IN
u00-001183,user1183@uni.edu,2026-09-11,SG
u00-001184,user1184@mail.co.in,2026-04-22,DE
u00-001185,user1185@corp.io,2026-08-23,US
u00-001186,user1186@corp.io,2026-04-24,SG
u00-001187,user1187@example.com,2026-09-19,GB
u00-001188,user1188@corp.io,2026-09-11,GB
u00-001189,user1189@corp.io,2026-04-17,SG
u00-001190,user1190@corp.io,2026-03-10,GB
u00-001191,user1191@corp.io,2026-01-19,US
u00-001192,user1192@example.com,2026-02-10,SG
u00-001193,user1193@example.com,2026-08-19,AU
u00-001194,user1194@mail.co.in,2026-04-12,US
u00-001195,user1195@uni.edu,2026-02-12,GB
u00-001196,user1196@uni.edu,2026-01-15,IN
u00-001197,user1197@mail.co.in,2026-06-17,US
u00-001198,user1198@corp.io,2026-01-14,IN
u00-001199,user1199@mail.co.in,2026-08-25,GB
u00-001200,user1200@example.com,2026-02-15,GB
u00-001201,user1201@mail.co.in,2026-08-13,IN
u00-001202,user1202@corp.io,2026-06-12,AU
u00-001203,user1203@uni.edu,2026-03-22,DE
u00-001204,user1204@mail.co.in,2026-05-18,DE
u00-001205,user1205@corp.io,2026-06-11,DE
u00-001206,user1206@uni.edu,2026-05-18,AU
u00-001207,user1207@example.com,2026-04-21,AU
u00-001208,user1208@uni.edu,2026-08-16,AU
u00-001209,user1209@corp.io,2026-07-27,GB
u00-001210,user1210@uni.edu,2026-06-17,US
u00-001211,user1211@example.com,2026-01-20,IN
u00-001212,user1212@example.com,2026-04-23,SG
u00-001213,user1213@corp.io,2026-06-19,GB
u00-001214,user1214@example.com,2026-07-24,GB
u00-001215,user1215@uni.edu,2026-06-27,GB
u00-001216,user1216@mail.co.in,2026-09-17,AU
u00-001217,user1217@corp.io,2026-09-14,AU
u00-001218,user1218@example.com,2026-01-28,GB
u00-001219,user1219@corp.io,2026-09-10,US
u00-001220,user1220@mail.co.in,2026-07-27,DE
u00-001221,user1221@corp.io,2026-03-21,SG
u00-001222,user1222@mail.co.in,2026-06-10,GB
u00-001223,user1223@corp.io,2026-04-13,SG
u00-001224,user1224@example.com,2026-01-11,DE
u00-001225,user1225@uni.edu,2026-08-12,AU
u00-001226,user1226@example.com,2026-06-18,SG
u00-001227,user1227@corp.io,2026-08-15,IN
u00-001228,user1228@example.com,2026-04-21,DE
u00-001229,user1229@corp.io,2026-01-15,US
u00-001230,user1230@mail.co.in,2026-06-26,GB
u00-001231,user1231@uni.edu,2026-02-13,SG
u00-001232,user1232@uni.edu,2026-04-26,US
u00-001233,user1233@mail.co.in,2026-03-26,DE
u00-001234,user1234@uni.edu,2026-09-11,SG
u00-001235,user1235@uni.edu,2026-04-17,AU
u00-001236,user1236@uni.edu,2026-04-20,AU
u00-001237,user1237@corp.io,2026-06-13,IN
u00-001238,user1238@mail.co.in,2026-06-22,IN
u00-001239,user1239@corp.io,2026-01-28,GB
u00-001240,user1240@example.com,2026-01-23,GB
u00-001241,user1241@mail.co.in,2026-05-17,GB
u00-001242,user1242@corp.io,2026-01-19,IN
u00-001243,user1243@mail.co.in,2026-09-21,US
u00-001244,user1244@uni.edu,2026-09-28,US
u00-001245,user1245@example.com,2026-04-20,GB
u00-001246,user1246@example.com,2026-05-23,DE
u00-001247,user1247@uni.edu,2026-05-27,IN
u00-001248,user1248@corp.io,2026-03-17,SG
u00-001249,user1249@corp.io,2026-07-27,IN
u00-001250,user1250@uni.edu,2026-03-21,GB
u00-001251,user1251@corp.io,2026-02-19,GB
u00-001252,user1252@corp.io,2026-07-14,US
u00-001253,user1253@example.com,2026-04-17,SG
u00-001254,user1254@corp.io,2026-09-21,DE
u00-001255,user1255@uni.edu,2026-02-22,DE
u00-001256,user1256@uni.edu,2026-07-28,DE
u00-001257,user1257@example.com,2026-06-28,DE
u00-001258,user1258@example.com,2026-01-25,DE
u00-001259,user1259@uni.edu,2026-07-12,IN
u00-001260,user1260@uni.edu,2026-07-13,DE
u00-001261,user1261@uni.edu,2026-05-13,SG
u00-001262,user1262@mail.co.in,2026-05-25,GB
u00-001263,user1263@mail.co.in,2026-03-10,IN
u00-001264,user1264@mail.co.in,2026-02-11,GB
u00-001265,user1265@corp.io,2026-03-11,GB
u00-001266,user1266@mail.co.in,2026-05-22,SG
u00-001267,user1267@corp.io,2026-01-22,DE
u00-001268,user1268@corp.io,2026-05-24,SG
u00-001269,user1269@example.com,2026-09-12,GB
u00-001270,user1270@corp.io,2026-09-20,IN
u00-001271,user1271@example.com,2026-04-17,GB
u00-001272,user1272@corp.io,2026-05-12,AU
u00-001273,user1273@corp.io,2026-08-28,GB
u00-001274,user1274@corp.io,2026-02-11,AU
u00-001275,user1275@mail.co.in,2026-04-17,DE
u00-001276,user1276@corp.io,2026-05-27,GB
u00-001277,user1277@mail.co.in,2026-08-25,AU
u00-001278,user1278@mail.co.in,2026-06-26,DE
u00-001279,user1279@example.com,2026-06-12,GB
u00-001280,user1280@example.com,2026-02-19,DE
u00-001281,user1281@corp.io,2026-07-24,US
u00-001282,user1282@example.com,2026-02-27,US
u00-001283,user1283@uni.edu,2026-02-25,AU
u00-001284,user1284@corp.io,2026-07-13,DE
u00-001285,user1285@example.com,2026-02-18,AU
u00-001286,user1286@mail.co.in,2026-03-19,GB
u00-001287,user1287@corp.io,2026-02-13,IN
u00-001288,user1288@uni.edu,2026-08-20,US
u00-001289,user1289@uni.edu,2026-08-14,IN
u00-001290,user1290@mail.co.in,2026-05-12,US
u00-001291,user1291@example.com,2026-02-28,DE
u00-001292,user1292@mail.co.in,2026-09-13,GB
u00-001293,user1293@mail.co.in,2026-03-12,AU
u00-001294,user1294@corp.io,2026-03-19,AU
u00-001295,user1295@example.com,2026-03-17,US
u00-001296,user1296@uni.edu,2026-07-22,GB
u00-001297,user1297@corp.io,2026-04-28,AU
u00-001298,user1298@example.com,2026-03-15,DE
u00-001299,user1299@mail.co.in,2026-08-20,GB
u00-001300,user1300@corp.io,2026-09-15,DE
u00-001301,user1301@example.com,2026-03-21,SG
u00-001302,user1302@corp.io,2026-04-15,US
u00-001303,user1303@example.com,2026-02-14,US
u00-001304,user1304@example.com,2026-01-27,DE
u00-001305,user1305@corp.io,2026-07-17,US
u00-001306,user1306@mail.co.in,2026-02-24,IN
u00-001307,user1307@mail.co.in,2026-06-27,SG
u00-001308,user1308@example.com,2026-07-27,SG
u00-001309,user1309@mail.co.in,2026-05-10,DE
u00-001310,user1310@mail.co.in,2026-08-11,SG
u00-001311,user1311@uni.edu,2026-01-26,AU
u00-001312,user1312@uni.edu,2026-06-11,AU
u00-001313,user1313@corp.io,2026-03-10,SG
u00-001314,user1314@corp.io,2026-07-14,GB
u00-001315,user1315@mail.co.in,2026-03-13,US
u00-001316,user1316@mail.co.in,2026-02-26,GB
u00-001317,user1317@corp.io,2026-04-23,DE
u00-001318,user1318@uni.edu,2026-03-18,IN
u00-001319,user1319@uni.edu,2026-02-28,US
u00-001320,user1320@corp.io,2026-05-13,SG
u00-001321,user1321@example.com,2026-06-25,DE
u00-001322,user1322@mail.co.in,2026-05-13,AU
u00-001323,user1323@corp.io,2026-04-26,DE
u00-001324,user1324@corp.io,2026-04-25,GB
u00-001325,user1325@corp.io,2026-05-27,AU
u00-001326,user1326@example.com,2026-04-20,GB
u00-001327,user1327@mail.co.in,2026-06-11,DE
u00-001328,user1328@corp.io,2026-02-19,GB
u00-001329,user1329@example.com,2026-07-11,IN
u00-001330,user1330@corp.io,2026-03-19,SG
u00-001331,user1331@uni.edu,2026-09-28,IN
u00-001332,user1332@uni.edu,2026-06-19,SG
u00-001333,user1333@uni.edu,2026-09-22,GB
u00-001334,user1334@uni.edu,2026-03-27,GB
u00-001335,user1335@mail.co.in,2026-04-27,GB
u00-001336,user1336@corp.io,2026-09-28,AU
u00-001337,user1337@uni.edu,2026-02-23,SG
u00-001338,user1338@corp.io,2026-02-24,IN
u00-001339,user1339@mail.co.in,2026-07-24,US
u00-001340,user1340@uni.edu,2026-09-10,SG
u00-001341,user1341@mail.co.in,2026-09-26,SG
u00-001342,user1342@uni.edu,2026-08-18,AU
u00-001343,user1343@mail.co.in,2026-06-20,GB
u00-001344,user1344@corp.io,2026-02-10,GB
u00-001345,user1345@mail.co.in,2026-08-24,GB
u00-001346,user1346@example.com,2026-08-17,AU
u00-001347,user1347@mail.co.in,2026-05-19,AU
u00-001348,user1348@example.com,2026-08-23,DE
u00-001349,user1349@mail.co.in,2026-05-10,DE
u00-001350,user1350@example.com,2026-01-19,SG
u00-001351,user1351@example.com,2026-05-16,US
u00-001352,user1352@uni.edu,2026-03-12,US
u00-001353,user1353@mail.co.in,2026-01-23,IN
u00-001354,user1354@corp.io,2026-02-10,AU
u00-001355,user1355@uni.edu,2026-07-14,DE
u00-001356,user1356@corp.io,2026-03-28,SG
u00-001357,user1357@uni.edu,2026-05-11,SG
u00-001358,user1358@uni.edu,2026-03-24,GB
u00-001359,user1359@example.com,2026-01-15,US
u00-001360,user1360@uni.edu,2026-09-28,US
u00-001361,user1361@example.com,2026-05-27,SG
u00-001362,user1362@mail.co.in,2026-05-17,SG
u00-001363,user1363@uni.edu,2026-01-23,US
u00-001364,user1364@corp.io,2026-09-23,DE
u00-001365,user1365@example.com,2026-02-18,IN
u00-001366,user1366@corp.io,2026-07-13,US
u00-001367,user1367@uni.edu,2026-08-23,SG
u00-001368,user1368@example.com,2026-09-11,SG
u00-001369,user1369@example.com,2026-07-20,US
u00-001370,user1370@uni.edu,2026-07-17,AU
u00-001371,user1371@example.com,2026-07-19,IN
u00-001372,user1372@corp.io,2026-09-28,US
u00-001373,user1373@uni.edu,2026-04-26,GB
u00-001374,user1374@uni.edu,2026-03-25,SG
u00-001375,user1375@uni.edu,2026-07-11,DE
u00-001376,user1376@example.com,2026-04-22,SG
u00-001377,user1377@uni.edu,2026-06-26,AU
u00-001378,user1378@example.com,2026-04-28,US
u00-001379,user1379@example.com,2026-08-28,US
u00-001380,user1380@uni.edu,2026-02-26,AU
u00-001381,user1381@corp.io,2026-04-14,GB
u00-001382,user1382@example.com,2026-01-24,US
u00-001383,user1383@corp.io,2026-06-25,GB
u00-001384,user1384@uni.edu,2026-07-19,GB
u00-001385,user1385@example.com,2026-03-19,DE
u00-001386,user1386@uni.edu,2026-09-23,IN
u00-001387,user1387@uni.edu,2026-08-16,AU
u00-001388,user1388@mail.co.in,2026-03-26,GB
u00-001389,user1389@uni.edu,2026-08-21,IN
u00-001390,user1390@mail.co.in,2026-05-21,AU
u00-001391,user1391@uni.edu,2026-05-25,US
u00-001392,user1392@corp.io,2026-02-11,GB
u00-001393,user1393@uni.edu,2026-09-22,GB
u00-001394,user1394@example.com,2026-05-23,IN
u00-001395,user1395@corp.io,2026-09-19,US
u00-001396,user1396@uni.edu,2026-07-10,AU
u00-001397,user1397@corp.io,2026-08-11,IN
u00-001398,user1398@uni.edu,2026-02-11,GB
u00-001399,user1399@example.com,2026-06-21,US
u00-001400,user1400@corp.io,2026-06-15,US
u00-001401,user1401@corp.io,2026-02-28,US
u00-001402,user1402@example.com,2026-06-23,IN
u00-001403,user1403@corp.io,2026-07-13,AU
u00-001404,user1404@corp.io,2026-02-19,GB
u00-001405,user1405@corp.io,2026-02-12,IN
u00-001406,user1406@uni.edu,2026-04-21,SG
u00-001407,user1407@example.com,2026-05-25,AU
u00-001408,user1408@corp.io,2026-07-18,US
u00-001409,user1409@mail.co.in,2026-08-25,DE
u00-001410,user1410@mail.co.in,2026-09-23,DE
u00-001411,user1411@corp.io,2026-08-27,AU
u00-001412,user1412@uni.edu,2026-09-17,AU
u00-001413,user1413@mail.co.in,2026-02-11,US
u00-001414,user1414@example.com,2026-07-12,GB
u00-001415,user1415@example.com,2026-09-25,SG
u00-001416,user1416@uni.edu,2026-06-12,US
u00-001417,user1417@example.com,2026-03-17,GB
u00-001418,user1418@uni.edu,2026-02-27,SG
u00-001419,user1419@example.com,2026-03-11,GB
u00-001420,user1420@corp.io,2026-08-25,DE
u00-001421,user1421@uni.edu,2026-07-17,US
u00-001422,user1422@uni.edu,2026-04-17,DE
u00-001423,user1423@mail.co.in,2026-09-13,DE
u00-001424,user1424@uni.edu,2026-05-16,DE
u00-001425,user1425@corp.io,2026-06-18,IN
u00-001426,user1426@mail.co.in,2026-02-25,DE
u00-001427,user1427@corp.io,2026-01-11,GB
u00-001428,user1428@uni.edu,2026-05-27,US
u00-001429,user1429@corp.io,2026-01-14,DE
u00-001430,user1430@example.com,2026-03-18,AU
u00-001431,user1431@corp.io,2026-07-10,IN
u00-001432,user1432@corp.io,2026-06-15,DE
u00-001433,user1433@example.com,2026-08-24,AU
u00-001434,user1434@example.com,2026-05-19,DE
u00-001435,user1435@corp.io,2026-06-16,SG
u00-001436,user1436@example.com,2026-08-18,GB
u00-001437,user1437@corp.io,2026-02-28,SG
u00-001438,user1438@example.com,2026-04-17,DE
u00-001439,user1439@uni.edu,2026-05-17,US
u00-001440,user1440@mail.co.in,2026-03-28,AU
u00-001441,user1441@corp.io,2026-05-19,IN
u00-001442,user1442@corp.io,2026-02-11,SG
u00-001443,user1443@example.com,2026-08-15,SG
u00-001444,user1444@mail.co.in,2026-05-19,US
u00-001445,user1445@uni.edu,2026-01-28,AU
u00-001446,user1446@mail.co.in,2026-01-12,AU
u00-001447,user1447@mail.co.in,2026-04-12,AU
u00-001448,user1448@example.com,2026-06-28,AU
u00-001449,user1449@uni.edu,2026-01-27,DE
u00-001450,user1450@corp.io,2026-06-16,AU
u00-001451,user1451@example.com,2026-02-18,GB
u00-001452,user1452@example.com,2026-08-27,DE
u00-001453,user1453@mail.co.in,2026-03-11,IN
u00-001454,user1454@example.com,2026-01-20,IN
u00-001455,user1455@mail.co.in,2026-01-26,IN
u00-001456,user1456@corp.io,2026-07-25,IN
u00-001457,user1457@corp.io,2026-08-25,AU
u00-001458,user1458@corp.io,2026-05-16,US
u00-001459,user1459@corp.io,2026-07-28,IN
u00-001460,user1460@corp.io,2026-08-23,IN
u00-001461,user1461@corp.io,2026-05-22,US
u00-001462,user1462@corp.io,2026-07-12,AU
u00-001463,user1463@mail.co.in,2026-07-18,AU
u00-001464,user1464@mail.co.in,2026-05-26,DE
u00-001465,user1465@uni.edu,2026-05-11,US
u00-001466,user1466@example.com,2026-04-27,AU
u00-001467,user1467@mail.co.in,2026-04-28,AU
u00-001468,user1468@uni.edu,2026-04-26,AU
u00-001469,user1469@corp.io,2026-04-28,AU
u00-001470,user1470@example.com,2026-09-19,AU
u00-001471,user1471@example.com,2026-03-19,AU
u00-001472,user1472@mail.co.in,2026-03-10,GB
u00-001473,user1473@corp.io,2026-09-13,DE
u00-001474,user1474@uni.edu,2026-03-17,GB
u00-001475,user1475@example.com,2026-09-22,IN
u00-001476,user1476@uni.edu,2026-03-12,DE
u00-001477,user1477@corp.io,2026-08-25,GB
u00-001478,user1478@mail.co.in,2026-07-11,AU
u00-001479,user1479@corp.io,2026-03-14,IN
u00-001480,user1480@corp.io,2026-08-21,IN
u00-001481,user1481@corp.io,2026-03-25,SG
u00-001482,user1482@corp.io,2026-06-27,DE
u00-001483,user1483@example.com,2026-01-24,SG
u00-001484,user1484@uni.edu,2026-06-14,GB
u00-001485,user1485@uni.edu,2026-05-22,IN
u00-001486,user1486@corp.io,2026-02-15,SG
u00-001487,user1487@uni.edu,2026-09-21,GB
u00-001488,user1488@uni.edu,2026-06-24,IN
u00-001489,user1489@example.com,2026-07-20,SG
u00-001490,user1490@corp.io,2026-08-13,DE
u00-001491,user1491@uni.edu,2026-01-26,SG
u00-001492,user1492@corp.io,2026-01-16,US
u00-001493,user1493@uni.edu,2026-05-23,SG
u00-001494,user1494@corp.io,2026-09-17,IN
u00-001495,user1495@corp.io,2026-07-19,AU
u00-001496,user1496@uni.edu,2026-08-17,GB
u00-001497,user1497@example.com,2026-04-10,US
u00-001498,user1498@example.com,2026-04-14,GB
u00-001499,user1499@mail.co.in,2026-09-26,DE
u00-001500,user1500@mail.co.in,2026-07-26,AU
u00-001501,user1501@mail.co.in,2026-05-19,DE
u00-001502,user1502@mail.co.in,2026-03-13,IN
u00-001503,user1503@mail.co.in,2026-02-26,DE
u00-001504,user1504@mail.co.in,2026-07-21,AU
u00-001505,user1505@uni.edu,2026-03-28,DE
u00-001506,user1506@example.com,2026-03-16,IN
u00-001507,user1507@corp.io,2026-01-14,SG
u00-001508,user1508@uni.edu,2026-02-12,DE
u00-001509,user1509@corp.io,2026-03-10,US
u00-001510,user1510@example.com,2026-01-23,AU
u00-001511,user1511@mail.co.in,2026-04-15,DE
u00-001512,user1512@uni.edu,2026-09-11,GB
u00-001513,user1513@mail.co.in,2026-02-23,GB
u00-001514,user1514@corp.io,2026-04-14,AU
u00-001515,user1515@mail.co.in,2026-09-19,IN
u00-001516,user1516@uni.edu,2026-09-15,AU
u00-001517,user1517@uni.edu,2026-01-10,GB
u00-001518,user1518@example.com,2026-07-18,IN
u00-001519,user1519@mail.co.in,2026-08-10,DE
u00-001520,user1520@example.com,2026-08-24,IN
u00-001521,user1521@mail.co.in,2026-06-18,US
u00-001522,user1522@uni.edu,2026-09-27,GB
u00-001523,user1523@mail.co.in,2026-02-17,SG
u00-001524,user1524@mail.co.in,2026-06-24,DE
u00-001525,user1525@mail.co.in,2026-05-15,IN
u00-001526,user1526@example.com,2026-02-10,DE
u00-001527,user1527@mail.co.in,2026-09-15,DE
u00-001528,user1528@uni.edu,2026-07-12,SG
u00-001529,user1529@uni.edu,2026-05-25,IN
u00-001530,user1530@mail.co.in,2026-04-12,IN
u00-001531,user1531@example.com,2026-09-19,SG
u00-001532,user1532@uni.edu,2026-06-16,IN
u00-001533,user1533@example.com,2026-04-19,DE
u00-001534,user1534@example.com,2026-07-11,GB
u00-001535,user1535@uni.edu,2026-04-22,AU
u00-001536,user1536@mail.co.in,2026-02-17,US
u00-001537,user1537@corp.io,2026-08-12,SG
u00-001538,user1538@uni.edu,2026-05-27,US
u00-001539,user1539@example.com,2026-04-14,AU
u00-001540,user1540@corp.io,2026-06-23,US
u00-001541,user1541@mail.co.in,2026-05-10,DE
u00-001542,user1542@uni.edu,2026-08-19,DE
u00-001543,user1543@corp.io,2026-05-10,DE
u00-001544,user1544@corp.io,2026-02-20,DE
u00-001545,user1545@example.com,2026-02-14,AU
u00-001546,user1546@corp.io,2026-02-25,SG
u00-001547,user1547@corp.io,2026-07-12,SG
u00-001548,user1548@example.com,2026-06-12,AU
u00-001549,user1549@example.com,2026-07-19,IN
u00-001550,user1550@example.com,2026-05-25,AU
u00-001551,user1551@mail.co.in,2026-08-24,GB
u00-001552,user1552@uni.edu,2026-01-14,US
u00-001553,user1553@uni.edu,2026-09-12,SG
u00-001554,user1554@mail.co.in,2026-03-25,AU
u00-001555,user1555@example.com,2026-06-26,SG
u00-001556,user1556@uni.edu,2026-04-23,GB
u00-001557,user1557@uni.edu,2026-01-27,GB
u00-001558,user1558@corp.io,2026-05-20,AU
u00-001559,user1559@uni.edu,2026-04-21,US
u00-001560,user1560@corp.io,2026-06-19,GB
u00-001561,user1561@example.com,2026-03-15,AU
u00-001562,user1562@uni.edu,2026-04-13,GB
u00-001563,user1563@mail.co.in,2026-07-12,US
u00-001564,user1564@corp.io,2026-07-16,GB
u00-001565,user1565@corp.io,2026-05-18,US
u00-001566,user1566@corp.io,2026-07-22,AU
u00-001567,user1567@corp.io,2026-06-24,AU
u00-001568,user1568@uni.edu,2026-07-15,AU
u00-001569,user1569@example.com,2026-09-27,US
u00-001570,user1570@corp.io,2026-04-26,AU
u00-001571,user1571@corp.io,2026-09-20,DE
u00-001572,user1572@mail.co.in,2026-03-10,SG
u00-001573,user1573@corp.io,2026-03-21,US
u00-001574,user1574@corp.io,2026-03-23,IN
u00-001575,user1575@uni.edu,2026-03-21,IN
u00-001576,user1576@example.com,2026-01-26,GB
u00-001577,user1577@mail.co.in,2026-03-23,US
u00-001578,user1578@uni.edu,2026-06-19,SG
u00-001579,user1579@mail.co.in,2026-07-27,US
u00-001580,user1580@mail.co.in,2026-03-26,GB
u00-001581,user1581@corp.io,2026-05-11,GB
u00-001582,user1582@corp.io,2026-06-26,SG
u00-001583,user1583@example.com,2026-07-21,AU
u00-001584,user1584@example.com,2026-07-28,IN
u00-001585,user1585@corp.io,2026-01-19,AU
u00-001586,user1586@mail.co.in,2026-05-18,US
u00-001587,user1587@example.com,2026-07-23,US
u00-001588,user1588@mail.co.in,2026-05-20,AU
u00-001589,user1589@corp.io,2026-08-25,DE
u00-001590,user1590@example.com,2026-02-16,GB
u00-001591,user1591@example.com,2026-03-28,DE
u00-001592,user1592@mail.co.in,2026-08-24,IN
u00-001593,user1593@corp.io,2026-09-23,SG
u00-001594,user1594@mail.co.in,2026-03-13,US
u00-001595,user1595@uni.edu,2026-08-13,GB
u00-001596,user1596@mail.co.in,2026-04-15,DE
u00-001597,user1597@corp.io,2026-01-27,GB
u00-001598,user1598@uni.edu,2026-03-15,US
u00-001599,user1599@example.com,2026-01-22,US
u00-001600,user1600@mail.co.in,2026-08-25,DE
u00-001601,user1601@corp.io,2026-03-14,US
u00-001602,user1602@corp.io,2026-03-10,GB
u00-001603,user1603@mail.co.in,2026-04-25,SG
u00-001604,user1604@example.com,2026-09-12,IN
u00-001605,user1605@corp.io,2026-05-18,SG
u00-001606,user1606@mail.co.in,2026-01-27,GB
u00-001607,user1607@corp.io,2026-01-27,SG
u00-001608,user1608@corp.io,2026-03-11,DE
u00-001609,user1609@mail.co.in,2026-04-20,DE
u00-001610,user1610@mail.co.in,2026-09-13,SG
u00-001611,user1611@mail.co.in,2026-08-12,IN
u00-001612,user1612@example.com,2026-07-28,GB
u00-001613,user1613@mail.co.in,2026-08-15,AU
u00-001614,user1614@mail.co.in,2026-05-14,IN
u00-001615,user1615@example.com,2026-05-25,SG
u00-001616,user1616@uni.edu,2026-05-26,AU
u00-001617,user1617@uni.edu,2026-01-16,IN
u00-001618,user1618@uni.edu,2026-01-16,IN
u00-001619,user1619@mail.co.in,2026-02-18,SG
u00-001620,user1620@uni.edu,2026-03-18,DE
u00-001621,user1621@uni.edu,2026-01-22,IN
u00-001622,user1622@corp.io,2026-03-16,AU
u00-001623,user1623@example.com,2026-04-21,US
u00-001624,user1624@example.com,2026-09-28,DE
u00-001625,user1625@corp.io,2026-09-13,GB
u00-001626,user1626@uni.edu,2026-07-22,IN
u00-001627,user1627@mail.co.in,2026-03-23,AU
u00-001628,user1628@corp.io,2026-02-21,US
u00-001629,user1629@example.com,2026-08-22,US
u00-001630,user1630@corp.io,2026-03-12,US
u00-001631,user1631@corp.io,2026-01-15,IN
u00-001632,user1632@corp.io,2026-01-19,US
u00-001633,user1633@corp.io,2026-03-19,DE
u00-001634,user1634@mail.co.in,2026-07-16,GB
u00-001635,user1635@mail.co.in,2026-08-25,GB
u00-001636,user1636@uni.edu,2026-06-24,DE
u00-001637,user1637@mail.co.in,2026-08-12,GB
u00-001638,user1638@corp.io,2026-03-14,SG
u00-001639,user1639@example.com,2026-03-16,DE
u00-001640,user1640@mail.co.in,2026-08-25,GB
u00-001641,user1641@corp.io,2026-07-21,DE
u00-001642,user1642@example.com,2026-05-15,SG
u00-001643,user1643@corp.io,2026-09-15,IN
u00-001644,user1644@uni.edu,2026-03-25,GB
u00-001645,user1645@mail.co.in,2026-08-25,GB
u00-001646,user1646@uni.edu,2026-05-13,IN
u00-001647,user1647@mail.co.in,2026-05-22,US
u00-001648,user1648@corp.io,2026-01-22,IN
u00-001649,user1649@mail.co.in,2026-06-14,IN
u00-001650,user1650@example.com,2026-08-14,IN
u00-001651,user1651@corp.io,2026-03-25,GB
u00-001652,user1652@example.com,2026-04-24,AU
u00-001653,user1653@uni.edu,2026-05-17,DE
u00-001654,user1654@mail.co.in,2026-05-26,GB
u00-001655,user1655@mail.co.in,2026-04-12,GB
u00-001656,user1656@corp.io,2026-05-24,GB
u00-001657,user1657@example.com,2026-06-14,DE
u00-001658,user1658@mail.co.in,2026-08-28,US
u00-001659,user1659@corp.io,2026-09-11,US
u00-001660,user1660@example.com,2026-02-21,GB
u00-001661,user1661@uni.edu,2026-05-23,IN
u00-001662,user1662@corp.io,2026-07-21,GB
u00-001663,user1663@uni.edu,2026-06-20,GB
u00-001664,user1664@example.com,2026-08-28,US
u00-001665,user1665@mail.co.in,2026-09-18,GB
u00-001666,user1666@corp.io,2026-02-22,SG
u00-001667,user1667@mail.co.in,2026-08-19,SG
u00-001668,user1668@example.com,2026-08-22,DE
u00-001669,user1669@example.com,2026-03-18,SG
u00-001670,user1670@uni.edu,2026-02-24,IN
u00-001671,user1671@example.com,2026-07-20,DE
u00-001672,user1672@uni.edu,2026-08-27,SG
u00-001673,user1673@uni.edu,2026-02-27,DE
u00-001674,user1674@example.com,2026-07-10,IN
u00-001675,user1675@corp.io,2026-02-14,DE
u00-001676,user1676@example.com,2026-02-23,GB
u00-001677,user1677@example.com,2026-06-16,GB
u00-001678,user1678@uni.edu,2026-03-10,SG
u00-001679,user1679@corp.io,2026-08-26,GB
u00-001680,user1680@example.com,2026-07-28,DE
u00-001681,user1681@example.com,2026-09-15,GB
u00-001682,user1682@mail.co.in,2026-07-17,AU
u00-001683,user1683@corp.io,2026-09-14,US
u00-001684,user1684@example.com,2026-04-28,SG
u00-001685,user1685@uni.edu,2026-01-26,AU
u00-001686,user1686@example.com,2026-07-26,GB
u00-001687,user1687@mail.co.in,2026-02-19,AU
u00-001688,user1688@mail.co.in,2026-04-16,SG
u00-001689,user1689@corp.io,2026-06-23,DE
u00-001690,user1690@corp.io,2026-01-18,US
u00-001691,user1691@corp.io,2026-05-16,US
u00-001692,user1692@corp.io,2026-06-15,GB
u00-001693,user1693@example.com,2026-01-20,DE
u00-001694,user1694@example.com,2026-05-12,AU
u00-001695,user1695@uni.edu,2026-07-15,DE
u00-001696,user1696@corp.io,2026-02-21,DE
u00-001697,user1697@mail.co.in,2026-01-21,DE
u00-001698,user1698@corp.io,2026-07-18,AU
u00-001699,user1699@example.com,2026-06-26,IN
u00-001700,user1700@mail.co.in,2026-07-23,SG
u00-001701,user1701@uni.edu,2026-06-10,GB
u00-001702,user1702@corp.io,2026-09-13,GB
u00-001703,user1703@example.com,2026-07-13,IN
u00-001704,user1704@mail.co.in,2026-04-13,SG
u00-001705,user1705@uni.edu,2026-09-22,US
u00-001706,user1706@example.com,2026-08-12,IN
u00-001707,user1707@mail.co.in,2026-05-24,GB
u00-001708,user1708@example.com,2026-05-22,IN
u00-001709,user1709@example.com,2026-09-28,AU
u00-001710,user1710@example.com,2026-02-15,GB
u00-001711,user1711@uni.edu,2026-05-28,AU
u00-001712,user1712@example.com,2026-06-20,SG
u00-001713,user1713@mail.co.in,2026-07-21,IN
u00-001714,user1714@corp.io,2026-09-14,AU
u00-001715,user1715@mail.co.in,2026-01-27,IN
u00-001716,user1716@mail.co.in,2026-07-23,IN
u00-001717,user1717@example.com,2026-06-18,AU
u00-001718,user1718@mail.co.in,2026-02-19,GB
u00-001719,user1719@example.com,2026-06-27,IN
u00-001720,user1720@example.com,2026-06-19,GB
u00-001721,user1721@example.com,2026-07-21,DE
u00-001722,user1722@corp.io,2026-09-22,AU
u00-001723,user1723@uni.edu,2026-07-18,SG
u00-001724,user1724@corp.io,2026-03-17,AU
u00-001725,user1725@uni.edu,2026-05-12,AU
u00-001726,user1726@uni.edu,2026-04-27,DE
u00-001727,user1727@example.com,2026-03-10,AU
u00-001728,user1728@example.com,2026-06-24,GB
u00-001729,user1729@uni.edu,2026-09-16,US
u00-001730,user1730@corp.io,2026-03-27,DE
u00-001731,user1731@mail.co.in,2026-06-10,IN
u00-001732,user1732@corp.io,2026-05-12,IN
u00-001733,user1733@corp.io,2026-04-20,SG
u00-001734,user1734@corp.io,2026-09-27,SG
u00-001735,user1735@corp.io,2026-01-28,SG
u00-001736,user1736@mail.co.in,2026-04-28,IN
u00-001737,user1737@example.com,2026-06-14,GB
u00-001738,user1738@corp.io,2026-02-21,IN
u00-001739,user1739@mail.co.in,2026-04-14,US
u00-001740,user1740@example.com,2026-05-23,SG
u00-001741,user1741@example.com,2026-08-23,SG
u00-001742,user1742@example.com,2026-05-20,SG
u00-001743,user1743@mail.co.in,2026-09-14,DE
u00-001744,user1744@example.com,2026-02-26,AU
u00-001745,user1745@uni.edu,2026-02-23,SG
u00-001746,user1746@corp.io,2026-08-15,IN
u00-001747,user1747@mail.co.in,2026-09-13,IN
u00-001748,user1748@corp.io,2026-05-17,AU
u00-001749,user1749@mail.co.in,2026-08-28,SG
u00-001750,user1750@corp.io,2026-05-10,GB
u00-001751,user1751@example.com,2026-01-26,DE
u00-001752,user1752@uni.edu,2026-08-21,AU
u00-001753,user1753@example.com,2026-06-17,IN
u00-001754,user1754@example.com,2026-07-11,SG
u00-001755,user1755@corp.io,2026-02-17,AU
u00-001756,user1756@example.com,2026-08-15,GB
u00-001757,user1757@example.com,2026-08-28,DE
u00-001758,user1758@mail.co.in,2026-09-22,SG
u00-001759,user1759@uni.edu,2026-03-14,US
u00-001760,user1760@mail.co.in,2026-03-20,AU
u00-001761,user1761@corp.io,2026-06-15,GB
u00-001762,user1762@example.com,2026-05-26,IN
u00-001763,user1763@corp.io,2026-02-15,GB
u00-001764,user1764@example.com,2026-02-23,SG
u00-001765,user1765@example.com,2026-05-27,GB
u00-001766,user1766@uni.edu,2026-06-22,AU
u00-001767,user1767@uni.edu,2026-05-19,SG
u00-001768,user1768@corp.io,2026-03-14,GB
u00-001769,user1769@uni.edu,2026-03-28,SG
u00-001770,user1770@example.com,2026-08-23,DE
u00-001771,user1771@corp.io,2026-06-27,US
u00-001772,user1772@mail.co.in,2026-07-25,SG
u00-001773,user1773@mail.co.in,2026-05-23,GB
u00-001774,user1774@uni.edu,2026-07-24,IN
u00-001775,user1775@example.com,2026-06-22,GB
u00-001776,user1776@mail.co.in,2026-02-11,DE
u00-001777,user1777@mail.co.in,2026-01-16,DE
u00-001778,user1778@mail.co.in,2026-02-22,US
u00-001779,user1779@uni.edu,2026-06-19,GB
u00-001780,user1780@mail.co.in,2026-03-12,GB
u00-001781,user1781@corp.io,2026-01-26,IN
u00-001782,user1782@mail.co.in,2026-01-21,SG
u00-001783,user1783@mail.co.in,2026-08-14,GB
u00-001784,user1784@corp.io,2026-02-19,SG
u00-001785,user1785@mail.co.in,2026-08-25,SG
u00-001786,user1786@mail.co.in,2026-05-28,SG
u00-001787,user1787@corp.io,2026-02-11,US
u00-001788,user1788@uni.edu,2026-08-17,IN
u00-001789,user1789@mail.co.in,2026-09-18,DE
u00-001790,user1790@mail.co.in,2026-08-18,GB
u00-001791,user1791@uni.edu,2026-07-10,GB
u00-001792,user1792@uni.edu,2026-09-27,DE
u00-001793,user1793@mail.co.in,2026-02-10,IN
u00-001794,user1794@uni.edu,2026-07-26,US
u00-001795,user1795@corp.io,2026-03-24,IN
u00-001796,user1796@uni.edu,2026-08-20,GB
u00-001797,user1797@uni.edu,2026-08-13,US
u00-001798,user1798@uni.edu,2026-07-23,SG
u00-001799,user1799@example.com,2026-08-22,US
u00-001800,user1800@uni.edu,2026-09-28,GB
u00-001801,user1801@mail.co.in,2026-01-27,AU
u00-001802,user1802@mail.co.in,2026-04-19,AU
u00-001803,user1803@mail.co.in,2026-06-28,AU
u00-001804,user1804@example.com,2026-02-26,DE
u00-001805,user1805@example.com,2026-09-28,AU
u00-001806,user1806@example.com,2026-02-15,US
u00-001807,user1807@mail.co.in,2026-01-23,US
u00-001808,user1808@uni.edu,2026-03-13,DE
u00-001809,user1809@example.com,2026-02-11,GB
u00-001810,user1810@mail.co.in,2026-02-12,GB
u00-001811,user1811@mail.co.in,2026-06-20,DE
u00-001812,user1812@corp.io,2026-08-23,SG
u00-001813,user1813@uni.edu,2026-01-25,US
u00-001814,user1814@mail.co.in,2026-02-19,GB
u00-001815,user1815@mail.co.in,2026-03-16,DE
u00-001816,user1816@corp.io,2026-01-25,SG
u00-001817,user1817@uni.edu,2026-04-20,DE
u00-001818,user1818@uni.edu,2026-07-27,GB
u00-001819,user1819@example.com,2026-02-15,DE
u00-001820,user1820@corp.io,2026-09-28,GB
u00-001821,user1821@uni.edu,2026-05-12,US
u00-001822,user1822@uni.edu,2026-01-15,IN
u00-001823,user1823@uni.edu,2026-01-25,AU
u00-001824,user1824@uni.edu,2026-09-16,SG
u00-001825,user1825@corp.io,2026-07-24,GB
u00-001826,user1826@uni.edu,2026-08-19,US
u00-001827,user1827@mail.co.in,2026-02-26,GB
u00-001828,user1828@mail.co.in,2026-08-12,DE
u00-001829,user1829@mail.co.in,2026-06-25,US
u00-001830,user1830@uni.edu,2026-08-26,AU
u00-001831,user1831@mail.co.in,2026-06-26,IN
u00-001832,user1832@example.com,2026-02-14,DE
u00-001833,user1833@mail.co.in,2026-05-15,US
u00-001834,user1834@uni.edu,2026-06-19,IN
u00-001835,user1835@example.com,2026-06-10,SG
u00-001836,user1836@uni.edu,2026-09-18,IN
u00-001837,user1837@corp.io,2026-03-24,AU
u00-001838,user1838@mail.co.in,2026-09-10,DE
u00-001839,user1839@corp.io,2026-02-20,GB
u00-001840,user1840@uni.edu,2026-03-10,US
u00-001841,user1841@corp.io,2026-09-27,AU
u00-001842,user1842@mail.co.in,2026-04-17,US
u00-001843,user1843@corp.io,2026-03-12,IN
u00-001844,user1844@mail.co.in,2026-05-28,IN
u00-001845,user1845@mail.co.in,2026-02-17,IN
u00-001846,user1846@corp.io,2026-04-12,US
u00-001847,user1847@corp.io,2026-01-24,US
u00-001848,user1848@uni.edu,2026-01-28,IN
u00-001849,user1849@corp.io,2026-03-18,DE
u00-001850,user1850@mail.co.in,2026-04-26,DE
u00-001851,user1851@mail.co.in,2026-06-17,SG
u00-001852,user1852@corp.io,2026-02-25,US
u00-001853,user1853@example.com,2026-04-11,US
u00-001854,user1854@corp.io,2026-01-23,SG
u00-001855,user1855@mail.co.in,2026-04-28,SG
u00-001856,user1856@mail.co.in,2026-08-26,GB
u00-001857,user1857@corp.io,2026-05-27,US
u00-001858,user1858@mail.co.in,2026-04-11,AU
u00-001859,user1859@uni.edu,2026-02-20,IN
u00-001860,user1860@mail.co.in,2026-09-26,SG
u00-001861,user1861@uni.edu,2026-04-27,SG
u00-001862,user1862@example.com,2026-01-15,AU
u00-001863,user1863@example.com,2026-06-23,GB
u00-001864,user1864@example.com,2026-05-25,IN
u00-001865,user1865@corp.io,2026-09-15,AU
u00-001866,user1866@uni.edu,2026-02-19,US
u00-001867,user1867@uni.edu,2026-04-16,DE
u00-001868,user1868@uni.edu,2026-01-18,DE
u00-001869,user1869@corp.io,2026-02-24,IN
u00-001870,user1870@example.com,2026-03-14,DE
u00-001871,user1871@corp.io,2026-03-22,US
u00-001872,user1872@corp.io,2026-06-22,AU
u00-001873,user1873@uni.edu,2026-08-22,SG
u00-001874,user1874@uni.edu,2026-04-21,SG
u00-001875,user1875@mail.co.in,2026-02-11,US
u00-001876,user1876@example.com,2026-08-14,IN
u00-001877,user1877@example.com,2026-05-23,DE
u00-001878,user1878@uni.edu,2026-09-11,DE
u00-001879,user1879@uni.edu,2026-06-24,US
u00-001880,user1880@example.com,2026-01-27,DE
u00-001881,user1881@uni.edu,2026-09-14,AU
u00-001882,user1882@uni.edu,2026-08-18,GB
u00-001883,user1883@uni.edu,2026-08-18,SG
u00-001884,user1884@example.com,2026-01-10,IN
u00-001885,user1885@uni.edu,2026-09-27,DE
u00-001886,user1886@uni.edu,2026-07-18,US
u00-001887,user1887@corp.io,2026-02-25,IN
u00-001888,user1888@corp.io,2026-07-14,US
u00-001889,user1889@example.com,2026-09-11,AU
u00-001890,user1890@uni.edu,2026-04-15,IN
u00-001891,user1891@corp.io,2026-04-12,DE
u00-001892,user1892@uni.edu,2026-08-26,US
u00-001893,user1893@uni.edu,2026-02-19,AU
u00-001894,user1894@mail.co.in,2026-08-22,US
u00-001895,user1895@example.com,2026-07-10,US
u00-001896,user1896@corp.io,2026-05-21,AU
u00-001897,user1897@example.com,2026-01-10,GB
u00-001898,user1898@corp.io,2026-09-10,GB
u00-001899,user1899@example.com,2026-04-15,AU
u00-001900,user1900@uni.edu,2026-03-20,SG
u00-001901,user1901@mail.co.in,2026-04-13,SG
u00-001902,user1902@mail.co.in,2026-04-18,IN
u00-001903,user1903@mail.co.in,2026-01-21,DE
u00-001904,user1904@uni.edu,2026-02-14,GB
u00-001905,user1905@uni.edu,2026-01-23,AU
u00-001906,user1906@example.com,2026-08-22,SG
u00-001907,user1907@example.com,2026-02-14,AU
u00-001908,user1908@uni.edu,2026-05-21,DE
u00-001909,user1909@corp.io,2026-07-10,SG
u00-001910,user1910@corp.io,2026-04-23,IN
u00-001911,user1911@uni.edu,2026-07-26,GB
u00-001912,user1912@uni.edu,2026-06-25,US
u00-001913,user1913@corp.io,2026-05-24,US
u00-001914,user1914@mail.co.in,2026-09-18,GB
u00-001915,user1915@mail.co.in,2026-06-27,DE
u00-001916,user1916@corp.io,2026-08-14,AU
u00-001917,user1917@example.com,2026-03-22,IN
u00-001918,user1918@corp.io,2026-09-26,US
u00-001919,user1919@corp.io,2026-03-20,DE
u00-001920,user1920@corp.io,2026-01-27,DE
u00-001921,user1921@example.com,2026-01-18,IN
u00-001922,user1922@corp.io,2026-05-24,DE
u00-001923,user1923@corp.io,2026-05-27,GB
u00-001924,user1924@uni.edu,2026-07-27,AU
u00-001925,user1925@mail.co.in,2026-08-20,US
u00-001926,user1926@example.com,2026-08-16,SG
u00-001927,user1927@mail.co.in,2026-06-17,GB
u00-001928,user1928@corp.io,2026-03-28,SG
u00-001929,user1929@corp.io,2026-06-24,US
u00-001930,user1930@corp.io,2026-01-18,GB
u00-001931,user1931@mail.co.in,2026-09-14,AU
u00-001932,user1932@example.com,2026-05-16,DE
u00-001933,user1933@uni.edu,2026-03-20,IN
u00-001934,user1934@example.com,2026-02-20,DE
u00-001935,user1935@corp.io,2026-06-27,IN
u00-001936,user1936@corp.io,2026-06-19,US
u00-001937,user1937@uni.edu,2026-01-17,GB
u00-001938,user1938@example.com,2026-07-25,IN
u00-001939,user1939@mail.co.in,2026-07-20,SG
u00-001940,user1940@corp.io,2026-06-21,IN
u00-001941,user1941@mail.co.in,2026-06-20,SG
u00-001942,user1942@corp.io,2026-09-18,DE
u00-001943,user1943@corp.io,2026-08-28,GB
u00-001944,user1944@example.com,2026-02-27,US
u00-001945,user1945@mail.co.in,2026-07-10,IN
u00-001946,user1946@corp.io,2026-01-20,US
u00-001947,user1947@corp.io,2026-09-17,IN
u00-001948,user1948@mail.co.in,2026-04-26,IN
u00-001949,user1949@mail.co.in,2026-06-23,SG
u00-001950,user1950@example.com,2026-07-21,US
u00-001951,user1951@corp.io,2026-01-16,US
u00-001952,user1952@uni.edu,2026-09-12,SG
u00-001953,user1953@corp.io,2026-08-24,IN
u00-001954,user1954@mail.co.in,2026-06-21,IN
u00-001955,user1955@uni.edu,2026-01-10,AU
u00-001956,user1956@example.com,2026-08-20,SG
u00-001957,user1957@mail.co.in,2026-04-14,SG
u00-001958,user1958@uni.edu,2026-07-17,DE
u00-001959,user1959@corp.io,2026-05-17,DE
u00-001960,user1960@uni.edu,2026-09-13,GB
u00-001961,user1961@uni.edu,2026-07-23,AU
u00-001962,user1962@example.com,2026-05-16,IN
u00-001963,user1963@uni.edu,2026-04-16,US
u00-001964,user1964@corp.io,2026-06-21,DE
u00-001965,user1965@uni.edu,2026-02-26,IN
u00-001966,user1966@mail.co.in,2026-08-11,DE
u00-001967,user1967@mail.co.in,2026-03-25,DE
u00-001968,user1968@uni.edu,2026-06-19,AU
u00-001969,user1969@uni.edu,2026-07-17,SG
u00-001970,user1970@mail.co.in,2026-02-14,GB
u00-001971,user1971@example.com,2026-07-14,AU
u00-001972,user1972@corp.io,2026-05-27,SG
u00-001973,user1973@mail.co.in,2026-07-23,US
u00-001974,user1974@uni.edu,2026-09-27,GB
u00-001975,user1975@corp.io,2026-01-10,GB
u00-001976,user1976@uni.edu,2026-02-25,GB
u00-001977,user1977@mail.co.in,2026-03-21,SG
u00-001978,user1978@corp.io,2026-01-17,US
u00-001979,user1979@corp.io,2026-07-12,US
u00-001980,user1980@corp.io,2026-05-13,US
u00-001981,user1981@mail.co.in,2026-04-24,DE
u00-001982,user1982@uni.edu,2026-02-13,US
u00-001983,user1983@uni.edu,2026-09-18,AU
u00-001984,user1984@uni.edu,2026-05-25,GB
u00-001985,user1985@uni.edu,2026-03-21,SG
u00-001986,user1986@uni.edu,2026-08-15,GB
u00-001987,user1987@mail.co.in,2026-01-23,US
u00-001988,user1988@example.com,2026-08-26,AU
u00-001989,user1989@mail.co.in,2026-08-13,US
u00-001990,user1990@uni.edu,2026-03-14,DE
u00-001991,user1991@corp.io,2026-01-23,US
u00-001992,user1992@uni.edu,2026-07-22,GB
u00-001993,user1993@corp.io,2026-03-26,SG
u00-001994,user1994@uni.edu,2026-01-25,DE
u00-001995,user1995@corp.io,2026-08-22,US
u00-001996,user1996@corp.io,2026-01-11,AU
u00-001997,user1997@example.com,2026-07-23,US
u00-001998,user1998@mail.co.in,2026-08-10,AU
u00-001999,user1999@corp.io,2026-06-14,IN
u00-002000,user2000@example.com,2026-09-18,AU
u00-002001,user2001@uni.edu,2026-05-17,DE
u00-002002,user2002@uni.edu,2026-07-12,US
u00-002003,user2003@corp.io,2026-02-20,GB
u00-002004,user2004@corp.io,2026-06-24,SG
u00-002005,user2005@example.com,2026-05-20,SG
u00-002006,user2006@mail.co.in,2026-09-25,US
u00-002007,user2007@corp.io,2026-01-28,AU
u00-002008,user2008@example.com,2026-07-25,IN
u00-002009,user2009@mail.co.in,2026-07-21,US
u00-002010,user2010@example.com,2026-01-26,GB
u00-002011,user2011@corp.io,2026-04-15,DE
u00-002012,user2012@corp.io,2026-08-28,IN
u00-002013,user2013@uni.edu,2026-09-25,DE
u00-002014,user2014@corp.io,2026-06-13,SG
u00-002015,user2015@corp.io,2026-08-23,GB
u00-002016,user2016@uni.edu,2026-08-21,US
u00-002017,user2017@corp.io,2026-01-19,DE
u00-002018,user2018@mail.co.in,2026-01-19,US
u00-002019,user2019@example.com,2026-01-27,AU
u00-002020,user2020@corp.io,2026-02-12,IN
u00-002021,user2021@mail.co.in,2026-05-11,US
u00-002022,user2022@mail.co.in,2026-01-25,IN
u00-002023,user2023@mail.co.in,2026-06-11,AU
u00-002024,user2024@uni.edu,2026-07-21,AU
u00-002025,user2025@example.com,2026-06-25,IN
u00-002026,user2026@mail.co.in,2026-02-11,SG
u00-002027,user2027@example.com,2026-09-15,IN
u00-002028,user2028@uni.edu,2026-05-27,IN
u00-002029,user2029@example.com,2026-04-26,SG
u00-002030,user2030@example.com,2026-09-28,SG
u00-002031,user2031@mail.co.in,2026-07-25,GB
u00-002032,user2032@uni.edu,2026-02-15,IN
u00-002033,user2033@corp.io,2026-02-14,US
u00-002034,user2034@corp.io,2026-06-26,DE
u00-002035,user2035@example.com,2026-03-18,DE
u00-002036,user2036@mail.co.in,2026-07-21,GB
u00-002037,user2037@mail.co.in,2026-06-27,GB
u00-002038,user2038@mail.co.in,2026-08-19,DE
u00-002039,user2039@example.com,2026-08-14,US
u00-002040,user2040@uni.edu,2026-01-25,US
u00-002041,user2041@mail.co.in,2026-07-21,SG
u00-002042,user2042@uni.edu,2026-08-20,US
u00-002043,user2043@uni.edu,2026-01-10,US
u00-002044,user2044@corp.io,2026-08-12,IN
u00-002045,user2045@uni.edu,2026-05-19,SG
u00-002046,user2046@corp.io,2026-05-24,SG
u00-002047,user2047@uni.edu,2026-08-14,AU
u00-002048,user2048@corp.io,2026-04-21,SG
u00-002049,user2049@example.com,2026-08-18,DE
u00-002050,user2050@corp.io,2026-09-21,US
u00-002051,user2051@mail.co.in,2026-02-11,IN
u00-002052,user2052@mail.co.in,2026-06-15,US
u00-002053,user2053@example.com,2026-03-18,AU
u00-002054,user2054@corp.io,2026-04-27,AU
u00-002055,user2055@uni.edu,2026-04-21,SG
u00-002056,user2056@uni.edu,2026-02-13,DE
u00-002057,user2057@example.com,2026-01-12,AU
u00-002058,user2058@example.com,2026-09-12,US
u00-002059,user2059@uni.edu,2026-01-25,AU
u00-002060,user2060@example.com,2026-09-28,IN
u00-002061,user2061@example.com,2026-04-12,IN
u00-002062,user2062@corp.io,2026-03-21,IN
u00-002063,user2063@example.com,2026-01-28,IN
u00-002064,user2064@mail.co.in,2026-04-27,GB
u00-002065,user2065@uni.edu,2026-01-15,SG
u00-002066,user2066@mail.co.in,2026-07-23,IN
u00-002067,user2067@uni.edu,2026-09-11,DE
u00-002068,user2068@example.com,2026-08-17,IN
u00-002069,user2069@mail.co.in,2026-09-26,US
u00-002070,user2070@example.com,2026-06-17,GB
u00-002071,user2071@corp.io,2026-06-17,SG
u00-002072,user2072@corp.io,2026-02-19,US
u00-002073,user2073@example.com,2026-04-14,AU
u00-002074,user2074@uni.edu,2026-09-19,GB
u00-002075,user2075@example.com,2026-09-13,SG
u00-002076,user2076@corp.io,2026-02-13,GB
u00-002077,user2077@corp.io,2026-06-16,DE
u00-002078,user2078@corp.io,2026-08-16,IN
u00-002079,user2079@corp.io,2026-07-22,IN
u00-002080,user2080@corp.io,2026-09-21,AU
u00-002081,user2081@uni.edu,2026-02-19,SG
u00-002082,user2082@mail.co.in,2026-01-19,GB
u00-002083,user2083@corp.io,2026-03-28,US
u00-002084,user2084@mail.co.in,2026-04-11,SG
u00-002085,user2085@example.com,2026-01-16,IN
u00-002086,user2086@uni.edu,2026-04-10,SG
u00-002087,user2087@example.com,2026-05-15,GB
u00-002088,user2088@mail.co.in,2026-05-23,SG
u00-002089,user2089@example.com,2026-08-25,IN
u00-002090,user2090@mail.co.in,2026-07-11,SG
u00-002091,user2091@mail.co.in,2026-02-20,US
u00-002092,user2092@example.com,2026-04-19,GB
u00-002093,user2093@example.com,2026-06-25,AU
u00-002094,user2094@example.com,2026-02-26,GB
u00-002095,user2095@example.com,2026-05-13,US
u00-002096,user2096@example.com,2026-04-17,SG
u00-002097,user2097@example.com,2026-08-21,GB
u00-002098,user2098@example.com,2026-01-25,DE
u00-002099,user2099@mail.co.in,2026-06-19,IN
u00-002100,user2100@uni.edu,2026-05-28,AU
u00-002101,user2101@mail.co.in,2026-01-25,GB
u00-002102,user2102@uni.edu,2026-05-20,DE
u00-002103,user2103@corp.io,2026-02-10,US
u00-002104,user2104@example.com,2026-04-16,SG
u00-002105,user2105@example.com,2026-04-26,AU
u00-002106,user2106@uni.edu,2026-07-19,DE
u00-002107,user2107@corp.io,2026-05-14,US
u00-002108,user2108@mail.co.in,2026-05-19,IN
u00-002109,user2109@uni.edu,2026-04-23,AU
u00-002110,user2110@mail.co.in,2026-07-21,AU
u00-002111,user2111@example.com,2026-09-23,US
u00-002112,user2112@example.com,2026-07-16,AU
u00-002113,user2113@uni.edu,2026-08-22,IN
u00-002114,user2114@example.com,2026-02-23,US
u00-002115,user2115@mail.co.in,2026-03-25,US
u00-002116,user2116@example.com,2026-06-18,AU
u00-002117,user2117@example.com,2026-04-28,DE
u00-002118,user2118@example.com,2026-05-25,DE
u00-002119,user2119@example.com,2026-07-21,US
u00-002120,user2120@mail.co.in,2026-06-25,US
u00-002121,user2121@corp.io,2026-09-18,US
u00-002122,user2122@corp.io,2026-06-16,US
u00-002123,user2123@uni.edu,2026-05-26,DE
u00-002124,user2124@uni.edu,2026-04-19,DE
u00-002125,user2125@mail.co.in,2026-03-27,IN
u00-002126,user2126@example.com,2026-09-11,AU
u00-002127,user2127@example.com,2026-01-15,AU
u00-002128,user2128@example.com,2026-07-11,AU
u00-002129,user2129@corp.io,2026-09-10,AU
u00-002130,user2130@corp.io,2026-09-23,DE
u00-002131,user2131@uni.edu,2026-09-21,GB
u00-002132,user2132@corp.io,2026-03-21,GB
u00-002133,user2133@corp.io,2026-08-10,IN
u00-002134,user2134@mail.co.in,2026-05-21,AU
u00-002135,user2135@uni.edu,2026-04-26,GB
u00-002136,user2136@uni.edu,2026-06-23,IN
u00-002137,user2137@corp.io,2026-02-28,SG
u00-002138,user2138@example.com,2026-07-26,IN
u00-002139,user2139@corp.io,2026-08-15,US
u00-002140,user2140@mail.co.in,2026-06-22,DE
u00-002141,user2141@uni.edu,2026-02-18,SG
u00-002142,user2142@example.com,2026-02-10,AU
u00-002143,user2143@uni.edu,2026-05-18,IN
u00-002144,user2144@example.com,2026-01-22,SG
u00-002145,user2145@corp.io,2026-06-15,GB
u00-002146,user2146@example.com,2026-02-15,US
u00-002147,user2147@corp.io,2026-03-13,AU
u00-002148,user2148@example.com,2026-07-17,DE
u00-002149,user2149@corp.io,2026-09-25,IN
u00-002150,user2150@mail.co.in,2026-07-21,DE
u00-002151,user2151@mail.co.in,2026-05-22,DE
u00-002152,user2152@mail.co.in,2026-07-21,SG
u00-002153,user2153@corp.io,2026-09-26,US
u00-002154,user2154@example.com,2026-09-11,GB
u00-002155,user2155@corp.io,2026-01-15,IN
u00-002156,user2156@mail.co.in,2026-01-19,AU
u00-002157,user2157@corp.io,2026-07-17,DE
u00-002158,user2158@uni.edu,2026-09-16,SG
u00-002159,user2159@mail.co.in,2026-03-13,IN
u00-002160,user2160@example.com,2026-05-24,AU
u00-002161,user2161@example.com,2026-06-17,US
u00-002162,user2162@example.com,2026-01-20,IN
u00-002163,user2163@corp.io,2026-07-19,US
u00-002164,user2164@mail.co.in,2026-01-26,GB
u00-002165,user2165@mail.co.in,2026-07-15,GB
u00-002166,user2166@uni.edu,2026-02-27,IN
u00-002167,user2167@corp.io,2026-08-28,GB
u00-002168,user2168@example.com,2026-06-13,IN
u00-002169,user2169@example.com,2026-01-21,SG
u00-002170,user2170@corp.io,2026-01-26,DE
u00-002171,user2171@example.com,2026-03-22,SG
u00-002172,user2172@mail.co.in,2026-04-27,SG
u00-002173,user2173@uni.edu,2026-04-10,SG
u00-002174,user2174@uni.edu,2026-05-26,GB
u00-002175,user2175@uni.edu,2026-05-18,US
u00-002176,user2176@example.com,2026-09-19,GB
u00-002177,user2177@uni.edu,2026-09-13,US
u00-002178,user2178@uni.edu,2026-07-22,IN
u00-002179,user2179@uni.edu,2026-06-16,US
u00-002180,user2180@uni.edu,2026-01-15,US
u00-002181,user2181@example.com,2026-09-14,AU
u00-002182,user2182@corp.io,2026-07-15,US
u00-002183,user2183@example.com,2026-03-24,SG
u00-002184,user2184@uni.edu,2026-02-11,AU
u00-002185,user2185@example.com,2026-07-24,IN
u00-002186,user2186@mail.co.in,2026-07-23,SG
u00-002187,user2187@mail.co.in,2026-03-18,GB
u00-002188,user2188@mail.co.in,2026-09-19,AU
u00-002189,user2189@mail.co.in,2026-03-10,DE
u00-002190,user2190@corp.io,2026-09-28,AU
u00-002191,user2191@uni.edu,2026-07-28,AU
u00-002192,user2192@example.com,2026-08-21,IN
u00-002193,user2193@example.com,2026-07-11,GB
u00-002194,user2194@uni.edu,2026-07-20,GB
u00-002195,user2195@mail.co.in,2026-06-26,GB
u00-002196,user2196@mail.co.in,2026-08-26,AU
u00-002197,user2197@corp.io,2026-07-10,DE
u00-002198,user2198@uni.edu,2026-02-15,AU
u00-002199,user2199@uni.edu,2026-02-27,DE
u00-002200,user2200@example.com,2026-06-10,DE
u00-002201,user2201@corp.io,2026-06-18,IN
u00-002202,user2202@uni.edu,2026-09-12,GB
u00-002203,user2203@uni.edu,2026-07-17,US
u00-002204,user2204@mail.co.in,2026-06-11,SG
u00-002205,user2205@corp.io,2026-09-21,GB
u00-002206,user2206@corp.io,2026-02-12,DE
u00-002207,user2207@uni.edu,2026-01-19,GB
u00-002208,user2208@mail.co.in,2026-09-17,US
u00-002209,user2209@example.com,2026-03-15,IN
u00-002210,user2210@uni.edu,2026-09-23,SG
u00-002211,user2211@uni.edu,2026-03-18,IN
u00-002212,user2212@example.com,2026-09-14,IN
u00-002213,user2213@mail.co.in,2026-04-21,AU
u00-002214,user2214@example.com,2026-07-10,IN
u00-002215,user2215@mail.co.in,2026-07-11,SG
u00-002216,user2216@corp.io,2026-08-15,GB
u00-002217,user2217@uni.edu,2026-09-11,DE
u00-002218,user2218@uni.edu,2026-08-26,AU
u00-002219,user2219@corp.io,2026-02-13,SG
u00-002220,user2220@uni.edu,2026-06-11,DE
u00-002221,user2221@corp.io,2026-05-28,IN
u00-002222,user2222@example.com,2026-02-22,AU
u00-002223,user2223@uni.edu,2026-09-15,US
u00-002224,user2224@mail.co.in,2026-06-24,GB
u00-002225,user2225@corp.io,2026-06-24,US
u00-002226,user2226@corp.io,2026-01-23,IN
u00-002227,user2227@uni.edu,2026-06-18,SG
u00-002228,user2228@example.com,2026-08-13,IN
u00-002229,user2229@corp.io,2026-01-15,US
u00-002230,user2230@corp.io,2026-09-11,US
u00-002231,user2231@example.com,2026-03-20,SG
u00-002232,user2232@uni.edu,2026-09-16,IN
u00-002233,user2233@uni.edu,2026-01-20,IN
u00-002234,user2234@example.com,2026-06-24,DE
u00-002235,user2235@corp.io,2026-05-17,GB
u00-002236,user2236@corp.io,2026-01-25,US
u00-002237,user2237@example.com,2026-06-14,US
u00-002238,user2238@corp.io,2026-08-11,IN
u00-002239,user2239@corp.io,2026-09-10,AU
u00-002240,user2240@example.com,2026-07-28,GB
u00-002241,user2241@uni.edu,2026-05-15,GB
u00-002242,user2242@mail.co.in,2026-02-26,GB
u00-002243,user2243@corp.io,2026-03-13,GB
u00-002244,user2244@uni.edu,2026-06-13,GB
u00-002245,user2245@example.com,2026-05-12,SG
u00-002246,user2246@mail.co.in,2026-09-23,DE
u00-002247,user2247@uni.edu,2026-01-20,GB
u00-002248,user2248@corp.io,2026-09-17,US
u00-002249,user2249@corp.io,2026-04-21,IN
u00-002250,user2250@example.com,2026-02-12,IN
u00-002251,user2251@uni.edu,2026-07-10,DE
u00-002252,user2252@corp.io,2026-01-26,GB
u00-002253,user2253@example.com,2026-02-24,DE
u00-002254,user2254@example.com,2026-06-12,GB
u00-002255,user2255@corp.io,2026-08-27,US
u00-002256,user2256@uni.edu,2026-05-18,DE
u00-002257,user2257@mail.co.in,2026-02-18,SG
u00-002258,user2258@example.com,2026-01-24,US
u00-002259,user2259@example.com,2026-05-18,IN
u00-002260,user2260@uni.edu,2026-04-14,SG
u00-002261,user2261@example.com,2026-05-20,SG
u00-002262,user2262@corp.io,2026-06-21,DE
u00-002263,user2263@example.com,2026-04-10,US
u00-002264,user2264@corp.io,2026-07-15,US
u00-002265,user2265@example.com,2026-09-20,DE
u00-002266,user2266@uni.edu,2026-07-17,AU
u00-002267,user2267@uni.edu,2026-03-18,US
u00-002268,user2268@example.com,2026-02-12,US
u00-002269,user2269@uni.edu,2026-04-13,GB
u00-002270,user2270@corp.io,2026-05-22,GB
u00-002271,user2271@corp.io,2026-01-23,IN
u00-002272,user2272@corp.io,2026-09-10,DE
u00-002273,user2273@uni.edu,2026-03-22,SG
u00-002274,user2274@uni.edu,2026-02-14,DE
u00-002275,user2275@mail.co.in,2026-08-11,IN
u00-002276,user2276@mail.co.in,2026-07-28,GB
u00-002277,user2277@corp.io,2026-09-27,GB
u00-002278,user2278@example.com,2026-09-19,IN
u00-002279,user2279@mail.co.in,2026-08-22,US
u00-002280,user2280@corp.io,2026-07-26,AU
u00-002281,user2281@example.com,2026-02-12,SG
u00-002282,user2282@corp.io,2026-07-23,AU
u00-002283,user2283@corp.io,2026-01-27,DE
u00-002284,user2284@uni.edu,2026-07-16,DE
u00-002285,user2285@example.com,2026-04-24,AU
u00-002286,user2286@mail.co.in,2026-06-19,DE
u00-002287,user2287@uni.edu,2026-07-21,AU
u00-002288,user2288@uni.edu,2026-05-22,IN
u00-002289,user2289@uni.edu,2026-09-15,DE
u00-002290,user2290@example.com,2026-08-25,AU
u00-002291,user2291@corp.io,2026-09-20,AU
u00-002292,user2292@mail.co.in,2026-01-27,GB
u00-002293,user2293@uni.edu,2026-09-26,US
u00-002294,user2294@corp.io,2026-04-25,DE
u00-002295,user2295@corp.io,2026-03-28,DE
u00-002296,user2296@uni.edu,2026-04-26,US
u00-002297,user2297@uni.edu,2026-08-25,DE
u00-002298,user2298@uni.edu,2026-05-11,SG
u00-002299,user2299@example.com,2026-03-22,US
u00-002300,user2300@example.com,2026-07-13,GB
u00-002301,user2301@mail.co.in,2026-03-25,US
u00-002302,user2302@uni.edu,2026-02-16,AU
u00-002303,user2303@mail.co.in,2026-04-16,GB
u00-002304,user2304@example.com,2026-04-25,US
u00-002305,user2305@mail.co.in,2026-07-19,IN
u00-002306,user2306@corp.io,2026-03-28,AU
u00-002307,user2307@uni.edu,2026-01-15,SG
u00-002308,user2308@example.com,2026-08-21,US
u00-002309,user2309@mail.co.in,2026-06-28,IN
u00-002310,user2310@mail.co.in,2026-06-28,US
u00-002311,user2311@uni.edu,2026-05-27,DE
u00-002312,user2312@example.com,2026-03-23,IN
u00-002313,user2313@uni.edu,2026-05-12,SG
u00-002314,user2314@uni.edu,2026-08-22,DE
u00-002315,user2315@example.com,2026-04-10,SG
u00-002316,user2316@uni.edu,2026-09-14,IN
u00-002317,user2317@uni.edu,2026-03-28,SG
u00-002318,user2318@corp.io,2026-01-28,GB
u00-002319,user2319@mail.co.in,2026-09-21,IN
u00-002320,user2320@corp.io,2026-05-17,DE
u00-002321,user2321@uni.edu,2026-01-21,IN
u00-002322,user2322@example.com,2026-03-26,GB
u00-002323,user2323@uni.edu,2026-04-25,AU
u00-002324,user2324@corp.io,2026-05-13,IN
u00-002325,user2325@mail.co.in,2026-07-13,IN
u00-002326,user2326@example.com,2026-04-23,US
u00-002327,user2327@mail.co.in,2026-07-28,AU
u00-002328,user2328@uni.edu,2026-02-16,DE
u00-002329,user2329@mail.co.in,2026-06-15,AU
u00-002330,user2330@corp.io,2026-03-22,DE
u00-002331,user2331@uni.edu,2026-04-25,DE
u00-002332,user2332@example.com,2026-08-20,SG
u00-002333,user2333@corp.io,2026-07-22,US
u00-002334,user2334@uni.edu,2026-08-11,SG
u00-002335,user2335@corp.io,2026-04-16,US
u00-002336,user2336@uni.edu,2026-06-25,US
u00-002337,user2337@corp.io,2026-04-11,IN
u00-002338,user2338@example.com,2026-09-23,AU
u00-002339,user2339@mail.co.in,2026-07-24,DE
u00-002340,user2340@example.com,2026-07-22,SG
u00-002341,user2341@corp.io,2026-01-28,AU
u00-002342,user2342@corp.io,2026-06-24,SG
u00-002343,user2343@uni.edu,2026-03-12,GB
u00-002344,user2344@mail.co.in,2026-09-24,US
u00-002345,user2345@example.com,2026-01-17,SG
u00-002346,user2346@example.com,2026-09-14,AU
u00-002347,user2347@uni.edu,2026-08-25,GB
u00-002348,user2348@mail.co.in,2026-08-23,US
u00-002349,user2349@example.com,2026-01-10,AU
u00-002350,user2350@example.com,2026-02-12,GB
u00-002351,user2351@mail.co.in,2026-05-13,US
u00-002352,user2352@corp.io,2026-02-10,AU
u00-002353,user2353@uni.edu,2026-01-14,US
u00-002354,user2354@mail.co.in,2026-06-28,IN
u00-002355,user2355@mail.co.in,2026-07-21,AU
u00-002356,user2356@example.com,2026-08-28,IN
u00-002357,user2357@example.com,2026-01-24,IN
u00-002358,user2358@uni.edu,2026-01-16,SG
u00-002359,user2359@uni.edu,2026-06-17,DE
u00-002360,user2360@mail.co.in,2026-06-14,US
u00-002361,user2361@mail.co.in,2026-06-21,SG
u00-002362,user2362@uni.edu,2026-04-14,IN
u00-002363,user2363@mail.co.in,2026-03-14,US
u00-002364,user2364@uni.edu,2026-03-18,DE
u00-002365,user2365@uni.edu,2026-03-12,SG
u00-002366,user2366@corp.io,2026-07-22,SG
u00-002367,user2367@corp.io,2026-09-28,IN
u00-002368,user2368@example.com,2026-02-14,SG
u00-002369,user2369@uni.edu,2026-01-16,US
u00-002370,user2370@corp.io,2026-01-23,GB
u00-002371,user2371@uni.edu,2026-08-10,AU
u00-002372,user2372@corp.io,2026-08-24,IN
u00-002373,user2373@uni.edu,2026-04-14,AU
u00-002374,user2374@corp.io,2026-08-24,AU
u00-002375,user2375@uni.edu,2026-04-10,SG
u00-002376,user2376@mail.co.in,2026-09-19,SG
u00-002377,user2377@example.com,2026-09-16,IN
u00-002378,user2378@example.com,2026-03-21,US
u00-002379,user2379@example.com,2026-04-17,IN
u00-002380,user2380@corp.io,2026-09-25,SG
u00-002381,user2381@uni.edu,2026-06-27,AU
u00-002382,user2382@mail.co.in,2026-03-25,AU
u00-002383,user2383@mail.co.in,2026-05-11,US
u00-002384,user2384@uni.edu,2026-07-13,AU
u00-002385,user2385@example.com,2026-05-24,GB
u00-002386,user2386@example.com,2026-03-10,SG
u00-002387,user2387@corp.io,2026-03-11,SG
u00-002388,user2388@mail.co.in,2026-02-19,SG
u00-002389,user2389@mail.co.in,2026-06-26,GB
u00-002390,user2390@corp.io,2026-08-25,SG
u00-002391,user2391@mail.co.in,2026-01-25,IN
u00-002392,user2392@mail.co.in,2026-03-20,GB
u00-002393,user2393@example.com,2026-02-23,DE
u00-002394,user2394@example.com,2026-07-28,SG
u00-002395,user2395@mail.co.in,2026-08-16,GB
u00-002396,user2396@corp.io,2026-01-22,US
u00-002397,user2397@mail.co.in,2026-06-13,US
u00-002398,user2398@mail.co.in,2026-07-21,IN
u00-002399,user2399@mail.co.in,2026-07-19,IN
u00-002400,user2400@corp.io,2026-01-13,US
u00-002401,user2401@example.com,2026-08-27,SG
u00-002402,user2402@example.com,2026-06-14,DE
u00-002403,user2403@uni.edu,2026-01-13,AU
u00-002404,user2404@mail.co.in,2026-04-12,AU
u00-002405,user2405@mail.co.in,2026-08-13,AU
u00-002406,user2406@mail.co.in,2026-01-21,IN
u00-002407,user2407@corp.io,2026-07-12,AU
u00-002408,user2408@mail.co.in,2026-05-23,IN
u00-002409,user2409@uni.edu,2026-02-11,DE
u00-002410,user2410@corp.io,2026-09-23,AU
u00-002411,user2411@mail.co.in,2026-04-17,AU
u00-002412,user2412@uni.edu,2026-01-28,GB
u00-002413,user2413@example.com,2026-04-28,IN
u00-002414,user2414@example.com,2026-03-10,GB
u00-002415,user2415@example.com,2026-04-12,GB
u00-002416,user2416@example.com,2026-05-27,SG
u00-002417,user2417@uni.edu,2026-01-22,US
u00-002418,user2418@mail.co.in,2026-04-16,AU
u00-002419,user2419@corp.io,2026-03-10,US
u00-002420,user2420@corp.io,2026-07-28,SG
u00-002421,user2421@corp.io,2026-01-22,AU
u00-002422,user2422@uni.edu,2026-06-19,SG
u00-002423,user2423@corp.io,2026-08-28,DE
u00-002424,user2424@uni.edu,2026-08-21,AU
u00-002425,user2425@mail.co.in,2026-03-14,IN
u00-002426,user2426@corp.io,2026-08-24,SG
u00-002427,user2427@uni.edu,2026-01-16,IN
u00-002428,user2428@mail.co.in,2026-09-14,US
u00-002429,user2429@corp.io,2026-06-26,GB
u00-002430,user2430@mail.co.in,2026-02-23,DE
u00-002431,user2431@mail.co.in,2026-04-26,SG
u00-002432,user2432@corp.io,2026-03-26,US
u00-002433,user2433@uni.edu,2026-02-10,IN
u00-002434,user2434@example.com,2026-06-11,DE
u00-002435,user2435@example.com,2026-01-26,DE
u00-002436,user2436@example.com,2026-07-15,DE
u00-002437,user2437@example.com,2026-06-18,IN
u00-002438,user2438@mail.co.in,2026-06-12,GB
u00-002439,user2439@uni.edu,2026-09-23,SG
u00-002440,user2440@example.com,2026-05-20,GB
u00-002441,user2441@uni.edu,2026-02-10,GB
u00-002442,user2442@example.com,2026-01-12,IN
u00-002443,user2443@mail.co.in,2026-09-17,GB
u00-002444,user2444@example.com,2026-08-28,IN
u00-002445,user2445@mail.co.in,2026-04-20,IN
u00-002446,user2446@corp.io,2026-06-18,SG
u00-002447,user2447@mail.co.in,2026-08-17,DE
u00-002448,user2448@corp.io,2026-08-21,IN
u00-002449,user2449@uni.edu,2026-02-17,GB
u00-002450,user2450@example.com,2026-04-26,SG
u00-002451,user2451@corp.io,2026-08-24,SG
u00-002452,user2452@example.com,2026-03-18,GB
u00-002453,user2453@corp.io,2026-07-12,GB
u00-002454,user2454@mail.co.in,2026-03-19,DE
u00-002455,user2455@example.com,2026-09-18,SG
u00-002456,user2456@uni.edu,2026-03-20,SG
u00-002457,user2457@uni.edu,2026-09-12,AU
u00-002458,user2458@example.com,2026-03-12,US
u00-002459,user2459@mail.co.in,2026-08-23,IN
u00-002460,user2460@corp.io,2026-03-14,US
u00-002461,user2461@uni.edu,2026-02-22,AU
u00-002462,user2462@corp.io,2026-07-26,GB
u00-002463,user2463@example.com,2026-09-22,AU
u00-002464,user2464@example.com,2026-06-19,DE
u00-002465,user2465@mail.co.in,2026-03-15,IN
u00-002466,user2466@example.com,2026-07-23,GB
u00-002467,user2467@corp.io,2026-03-19,US
u00-002468,user2468@example.com,2026-08-14,GB
u00-002469,user2469@example.com,2026-09-28,AU
u00-002470,user2470@mail.co.in,2026-08-26,DE
u00-002471,user2471@mail.co.in,2026-03-13,US
u00-002472,user2472@uni.edu,2026-07-16,DE
u00-002473,user2473@mail.co.in,2026-04-25,GB
u00-002474,user2474@example.com,2026-09-12,US
u00-002475,user2475@uni.edu,2026-05-28,SG
u00-002476,user2476@mail.co.in,2026-02-28,IN
u00-002477,user2477@example.com,2026-02-28,US
u00-002478,user2478@uni.edu,2026-02-25,IN
u00-002479,user2479@mail.co.in,2026-08-10,AU
u00-002480,user2480@uni.edu,2026-04-12,AU
u00-002481,user2481@uni.edu,2026-08-25,US
u00-002482,user2482@example.com,2026-09-25,DE
u00-002483,user2483@uni.edu,2026-05-19,DE
u00-002484,user2484@uni.edu,2026-06-17,US
u00-002485,user2485@corp.io,2026-09-26,IN
u00-002486,user2486@mail.co.in,2026-09-11,US
u00-002487,user2487@corp.io,2026-08-25,GB
u00-002488,user2488@corp.io,2026-09-14,DE
u00-002489,user2489@corp.io,2026-02-22,DE
u00-002490,user2490@uni.edu,2026-08-12,US
u00-002491,user2491@mail.co.in,2026-06-16,DE
u00-002492,user2492@example.com,2026-07-24,SG
u00-002493,user2493@mail.co.in,2026-07-16,IN
u00-002494,user2494@corp.io,2026-04-28,IN
u00-002495,user2495@corp.io,2026-04-16,SG
u00-002496,user2496@uni.edu,2026-09-11,US
u00-002497,user2497@mail.co.in,2026-03-18,GB
u00-002498,user2498@example.com,2026-07-24,IN
u00-002499,user2499@uni.edu,2026-03-26,US
u00-002500,user2500@corp.io,2026-03-12,GB
u00-002501,user2501@uni.edu,2026-09-25,AU
u00-002502,user2502@example.com,2026-08-13,AU
u00-002503,user2503@corp.io,2026-09-22,GB
u00-002504,user2504@example.com,2026-07-26,DE
u00-002505,user2505@example.com,2026-01-13,US
u00-002506,user2506@corp.io,2026-03-17,DE
u00-002507,user2507@example.com,2026-02-20,IN
u00-002508,user2508@uni.edu,2026-07-21,SG
u00-002509,user2509@example.com,2026-08-24,DE
u00-002510,user2510@example.com,2026-05-10,GB
u00-002511,user2511@example.com,2026-03-13,GB
u00-002512,user2512@example.com,2026-07-10,SG
u00-002513,user2513@uni.edu,2026-08-28,AU
u00-002514,user2514@corp.io,2026-05-12,SG
u00-002515,user2515@mail.co.in,2026-08-25,US
u00-002516,user2516@example.com,2026-08-13,AU
u00-002517,user2517@corp.io,2026-06-20,SG
u00-002518,user2518@uni.edu,2026-04-21,IN
u00-002519,user2519@uni.edu,2026-06-12,GB
u00-002520,user2520@corp.io,2026-01-15,GB
u00-002521,user2521@corp.io,2026-02-10,US
u00-002522,user2522@uni.edu,2026-07-19,IN
u00-002523,user2523@mail.co.in,2026-01-18,US
u00-002524,user2524@mail.co.in,2026-03-10,IN
u00-002525,user2525@corp.io,2026-05-20,SG
u00-002526,user2526@example.com,2026-06-10,DE
u00-002527,user2527@uni.edu,2026-04-28,IN
u00-002528,user2528@mail.co.in,2026-07-18,DE
u00-002529,user2529@example.com,2026-08-27,IN
u00-002530,user2530@mail.co.in,2026-02-21,GB
u00-002531,user2531@mail.co.in,2026-02-13,GB
u00-002532,user2532@example.com,2026-06-10,US
u00-002533,user2533@uni.edu,2026-01-16,US
u00-002534,user2534@uni.edu,2026-01-21,IN
u00-002535,user2535@mail.co.in,2026-05-25,AU
u00-002536,user2536@example.com,2026-01-11,IN
u00-002537,user2537@example.com,2026-02-22,GB
u00-002538,user2538@corp.io,2026-07-27,DE
u00-002539,user2539@uni.edu,2026-02-20,US
u00-002540,user2540@uni.edu,2026-07-18,GB
u00-002541,user2541@mail.co.in,2026-08-27,DE
u00-002542,user2542@example.com,2026-05-18,US
u00-002543,user2543@corp.io,2026-06-19,US
u00-002544,user2544@corp.io,2026-03-28,SG
u00-002545,user2545@uni.edu,2026-06-15,SG
u00-002546,user2546@uni.edu,2026-03-10,SG
u00-002547,user2547@mail.co.in,2026-08-13,DE
u00-002548,user2548@example.com,2026-05-27,DE
u00-002549,user2549@uni.edu,2026-02-12,SG
u00-002550,user2550@corp.io,2026-07-24,GB
u00-002551,user2551@example.com,2026-04-20,SG
u00-002552,user2552@uni.edu,2026-04-25,AU
u00-002553,user2553@corp.io,2026-07-26,AU
u00-002554,user2554@corp.io,2026-05-22,IN
u00-002555,user2555@corp.io,2026-06-13,US
u00-002556,user2556@uni.edu,2026-05-18,IN
u00-002557,user2557@example.com,2026-07-12,US
u00-002558,user2558@corp.io,2026-07-23,DE
u00-002559,user2559@mail.co.in,2026-09-20,US
u00-002560,user2560@mail.co.in,2026-01-12,SG
u00-002561,user2561@example.com,2026-02-13,DE
u00-002562,user2562@corp.io,2026-05-27,SG
u00-002563,user2563@corp.io,2026-07-25,AU
u00-002564,user2564@uni.edu,2026-04-22,IN
u00-002565,user2565@corp.io,2026-04-27,DE
u00-002566,user2566@uni.edu,2026-07-18,AU
u00-002567,user2567@corp.io,2026-01-13,SG
u00-002568,user2568@corp.io,2026-09-23,GB
u00-002569,user2569@example.com,2026-01-23,GB
u00-002570,user2570@example.com,2026-02-25,GB
u00-002571,user2571@example.com,2026-04-18,DE
u00-002572,user2572@mail.co.in,2026-03-18,IN
u00-002573,user2573@corp.io,2026-03-22,GB
u00-002574,user2574@corp.io,2026-03-22,AU
u00-002575,user2575@corp.io,2026-01-25,IN
u00-002576,user2576@corp.io,2026-07-18,IN
u00-002577,user2577@mail.co.in,2026-01-17,AU
u00-002578,user2578@corp.io,2026-04-26,SG
u00-002579,user2579@example.com,2026-01-15,SG
u00-002580,user2580@example.com,2026-09-18,DE
u00-002581,user2581@example.com,2026-03-28,AU
u00-002582,user2582@corp.io,2026-01-13,DE
u00-002583,user2583@example.com,2026-04-15,SG
u00-002584,user2584@mail.co.in,2026-07-23,US
u00-002585,user2585@uni.edu,2026-06-23,GB
u00-002586,user2586@mail.co.in,2026-05-28,SG
u00-002587,user2587@corp.io,2026-04-22,DE
u00-002588,user2588@uni.edu,2026-09-25,AU
u00-002589,user2589@corp.io,2026-01-14,GB
u00-002590,user2590@mail.co.in,2026-06-10,IN
u00-002591,user2591@example.com,2026-06-12,GB
u00-002592,user2592@corp.io,2026-03-15,IN
u00-002593,user2593@mail.co.in,2026-05-23,US
u00-002594,user2594@uni.edu,2026-09-26,GB
u00-002595,user2595@mail.co.in,2026-07-12,IN
u00-002596,user2596@mail.co.in,2026-07-20,IN
u00-002597,user2597@corp.io,2026-03-25,AU
u00-002598,user2598@mail.co.in,2026-09-26,AU
u00-002599,user2599@mail.co.in,2026-07-11,IN
u00-002600,user2600@mail.co.in,2026-06-24,SG
u00-002601,user2601@corp.io,2026-06-13,IN
u00-002602,user2602@mail.co.in,2026-01-27,DE
u00-002603,user2603@corp.io,2026-04-23,US
u00-002604,user2604@corp.io,2026-03-12,IN
u00-002605,user2605@corp.io,2026-06-22,IN
u00-002606,user2606@uni.edu,2026-03-10,SG
u00-002607,user2607@example.com,2026-03-17,SG
u00-002608,user2608@uni.edu,2026-06-25,IN
u00-002609,user2609@mail.co.in,2026-02-20,GB
u00-002610,user2610@mail.co.in,2026-03-21,AU
u00-002611,user2611@corp.io,2026-08-25,US
u00-002612,user2612@corp.io,2026-08-15,GB
u00-002613,user2613@mail.co.in,2026-01-12,IN
u00-002614,user2614@example.com,2026-02-13,GB
u00-002615,user2615@uni.edu,2026-01-18,IN
u00-002616,user2616@uni.edu,2026-03-16,IN
u00-002617,user2617@example.com,2026-07-28,IN
u00-002618,user2618@mail.co.in,2026-06-15,SG
u00-002619,user2619@uni.edu,2026-07-15,US
u00-002620,user2620@uni.edu,2026-03-11,IN
u00-002621,user2621@example.com,2026-03-10,GB
u00-002622,user2622@example.com,2026-04-11,DE
u00-002623,user2623@uni.edu,2026-02-20,US
u00-002624,user2624@example.com,2026-03-14,SG
u00-002625,user2625@corp.io,2026-02-17,GB
u00-002626,user2626@mail.co.in,2026-03-12,AU
u00-002627,user2627@uni.edu,2026-05-16,SG
u00-002628,user2628@corp.io,2026-07-17,AU
u00-002629,user2629@uni.edu,2026-06-18,IN
u00-002630,user2630@mail.co.in,2026-05-24,SG
u00-002631,user2631@example.com,2026-07-26,US
u00-002632,user2632@mail.co.in,2026-03-28,IN
u00-002633,user2633@uni.edu,2026-06-16,US
u00-002634,user2634@example.com,2026-07-10,IN
u00-002635,user2635@uni.edu,2026-06-17,DE
u00-002636,user2636@mail.co.in,2026-03-14,US
u00-002637,user2637@uni.edu,2026-01-27,US
u00-002638,user2638@corp.io,2026-06-12,SG
u00-002639,user2639@mail.co.in,2026-02-17,GB
u00-002640,user2640@corp.io,2026-02-11,AU
u00-002641,user2641@mail.co.in,2026-02-13,DE
u00-002642,user2642@uni.edu,2026-04-11,AU
u00-002643,user2643@uni.edu,2026-05-10,SG
u00-002644,user2644@mail.co.in,2026-01-28,AU
u00-002645,user2645@mail.co.in,2026-07-27,US
u00-002646,user2646@mail.co.in,2026-06-14,US
u00-002647,user2647@mail.co.in,2026-06-27,SG
u00-002648,user2648@corp.io,2026-08-20,DE
u00-002649,user2649@example.com,2026-09-15,SG
u00-002650,user2650@example.com,2026-05-23,SG
u00-002651,user2651@corp.io,2026-08-15,GB
u00-002652,user2652@mail.co.in,2026-05-23,SG
u00-002653,user2653@corp.io,2026-07-13,DE
u00-002654,user2654@mail.co.in,2026-04-15,IN
u00-002655,user2655@corp.io,2026-01-12,IN
u00-002656,user2656@corp.io,2026-06-25,AU
u00-002657,user2657@uni.edu,2026-03-12,IN
u00-002658,user2658@uni.edu,2026-04-12,GB
u00-002659,user2659@uni.edu,2026-06-11,US
u00-002660,user2660@mail.co.in,2026-07-24,AU
u00-002661,user2661@example.com,2026-08-15,DE
u00-002662,user2662@uni.edu,2026-07-15,GB
u00-002663,user2663@uni.edu,2026-07-28,AU
u00-002664,user2664@example.com,2026-05-28,US
u00-002665,user2665@uni.edu,2026-03-13,GB
u00-002666,user2666@corp.io,2026-03-27,US
u00-002667,user2667@uni.edu,2026-08-23,DE
u00-002668,user2668@example.com,2026-06-22,GB
u00-002669,user2669@uni.edu,2026-03-12,US
u00-002670,user2670@corp.io,2026-06-13,US
u00-002671,user2671@mail.co.in,2026-09-24,IN
u00-002672,user2672@corp.io,2026-06-22,US
u00-002673,user2673@corp.io,2026-07-24,IN
u00-002674,user2674@uni.edu,2026-02-27,DE
u00-002675,user2675@corp.io,2026-05-18,DE
u00-002676,user2676@uni.edu,2026-05-24,DE
u00-002677,user2677@example.com,2026-09-11,US
u00-002678,user2678@uni.edu,2026-01-12,AU
u00-002679,user2679@example.com,2026-08-21,GB
u00-002680,user2680@example.com,2026-09-13,US
u00-002681,user2681@uni.edu,2026-07-26,IN
u00-002682,user2682@corp.io,2026-09-10,AU
u00-002683,user2683@mail.co.in,2026-02-12,US
u00-002684,user2684@uni.edu,2026-07-11,AU
u00-002685,user2685@corp.io,2026-02-18,GB
u00-002686,user2686@uni.edu,2026-06-17,DE
u00-002687,user2687@mail.co.in,2026-08-13,GB
u00-002688,user2688@mail.co.in,2026-09-12,US
u00-002689,user2689@example.com,2026-08-10,DE
u00-002690,user2690@uni.edu,2026-06-18,SG
u00-002691,user2691@corp.io,2026-05-20,SG
u00-002692,user2692@uni.edu,2026-07-10,IN
u00-002693,user2693@example.com,2026-04-19,AU
u00-002694,user2694@corp.io,2026-02-10,US
u00-002695,user2695@mail.co.in,2026-08-26,GB
u00-002696,user2696@corp.io,2026-09-18,SG
u00-002697,user2697@mail.co.in,2026-05-12,US
u00-002698,user2698@corp.io,2026-04-21,SG
u00-002699,user2699@uni.edu,2026-05-16,SG
u00-002700,user2700@mail.co.in,2026-08-13,GB
u00-002701,user2701@uni.edu,2026-08-10,SG
u00-002702,user2702@example.com,2026-09-16,SG
u00-002703,user2703@uni.edu,2026-06-17,DE
u00-002704,user2704@example.com,2026-09-17,SG
u00-002705,user2705@uni.edu,2026-03-11,DE
u00-002706,user2706@example.com,2026-05-11,IN
u00-002707,user2707@example.com,2026-06-21,US
u00-002708,user2708@corp.io,2026-04-18,SG
u00-002709,user2709@uni.edu,2026-04-20,US
u00-002710,user2710@uni.edu,2026-09-22,US
u00-002711,user2711@example.com,2026-04-14,US
u00-002712,user2712@example.com,2026-04-15,AU
u00-002713,user2713@corp.io,2026-06-27,AU
u00-002714,user2714@example.com,2026-07-10,DE
u00-002715,user2715@example.com,2026-09-22,AU
u00-002716,user2716@example.com,2026-05-27,IN
u00-002717,user2717@mail.co.in,2026-07-24,GB
u00-002718,user2718@corp.io,2026-04-19,GB
u00-002719,user2719@corp.io,2026-06-14,GB
u00-002720,user2720@uni.edu,2026-07-25,IN
u00-002721,user2721@mail.co.in,2026-03-24,SG
u00-002722,user2722@uni.edu,2026-07-28,IN
u00-002723,user2723@mail.co.in,2026-05-25,IN
u00-002724,user2724@corp.io,2026-04-22,AU
u00-002725,user2725@mail.co.in,2026-05-19,GB
u00-002726,user2726@example.com,2026-07-28,DE
u00-002727,user2727@uni.edu,2026-05-12,DE
u00-002728,user2728@mail.co.in,2026-08-14,DE
u00-002729,user2729@corp.io,2026-09-12,DE
u00-002730,user2730@example.com,2026-05-13,SG
u00-002731,user2731@example.com,2026-05-17,IN
u00-002732,user2732@mail.co.in,2026-08-17,SG
u00-002733,user2733@corp.io,2026-08-18,SG
u00-002734,user2734@uni.edu,2026-06-14,GB
u00-002735,user2735@uni.edu,2026-06-16,SG
u00-002736,user2736@uni.edu,2026-01-19,AU
u00-002737,user2737@uni.edu,2026-04-25,GB
u00-002738,user2738@uni.edu,2026-05-14,US
u00-002739,user2739@corp.io,2026-04-25,GB
u00-002740,user2740@mail.co.in,2026-01-23,AU
u00-002741,user2741@corp.io,2026-09-15,US
u00-002742,user2742@example.com,2026-06-23,SG
u00-002743,user2743@corp.io,2026-09-23,GB
u00-002744,user2744@example.com,2026-07-24,SG
u00-002745,user2745@mail.co.in,2026-08-26,DE
u00-002746,user2746@example.com,2026-01-13,SG
u00-002747,user2747@mail.co.in,2026-04-19,AU
u00-002748,user2748@corp.io,2026-09-23,IN
u00-002749,user2749@uni.edu,2026-02-11,IN
u00-002750,user2750@corp.io,2026-01-19,GB
u00-002751,user2751@corp.io,2026-09-23,US
u00-002752,user2752@corp.io,2026-04-25,GB
u00-002753,user2753@uni.edu,2026-04-10,AU
u00-002754,user2754@example.com,2026-09-26,GB
u00-002755,user2755@example.com,2026-03-20,US
u00-002756,user2756@corp.io,2026-09-21,DE
u00-002757,user2757@corp.io,2026-06-27,US
u00-002758,user2758@corp.io,2026-01-18,DE
u00-002759,user2759@corp.io,2026-02-15,DE
u00-002760,user2760@example.com,2026-06-28,US
u00-002761,user2761@mail.co.in,2026-01-21,DE
u00-002762,user2762@corp.io,2026-03-27,AU
u00-002763,user2763@example.com,2026-01-23,GB
u00-002764,user2764@corp.io,2026-07-11,SG
u00-002765,user2765@mail.co.in,2026-01-26,SG
u00-002766,user2766@mail.co.in,2026-01-23,AU
u00-002767,user2767@example.com,2026-06-20,DE
u00-002768,user2768@uni.edu,2026-02-22,IN
u00-002769,user2769@mail.co.in,2026-05-24,AU
u00-002770,user2770@mail.co.in,2026-05-16,DE
u00-002771,user2771@mail.co.in,2026-09-12,IN
u00-002772,user2772@uni.edu,2026-08-19,GB
u00-002773,user2773@corp.io,2026-06-24,AU
u00-002774,user2774@mail.co.in,2026-08-23,DE
u00-002775,user2775@mail.co.in,2026-06-25,GB
u00-002776,user2776@example.com,2026-07-24,IN
u00-002777,user2777@uni.edu,2026-04-15,SG
u00-002778,user2778@mail.co.in,2026-02-20,IN
u00-002779,user2779@corp.io,2026-07-19,DE
u00-002780,user2780@corp.io,2026-09-28,AU
u00-002781,user2781@uni.edu,2026-01-28,SG
u00-002782,user2782@mail.co.in,2026-04-18,DE
u00-002783,user2783@corp.io,2026-05-20,AU
u00-002784,user2784@uni.edu,2026-02-18,SG
u00-002785,user2785@example.com,2026-09-28,SG
u00-002786,user2786@example.com,2026-06-25,AU
u00-002787,user2787@example.com,2026-07-13,DE
u00-002788,user2788@example.com,2026-02-10,US
u00-002789,user2789@example.com,2026-04-18,GB
u00-002790,user2790@corp.io,2026-04-28,GB
u00-002791,user2791@corp.io,2026-05-18,AU
u00-002792,user2792@corp.io,2026-01-11,GB
u00-002793,user2793@corp.io,2026-06-11,AU
u00-002794,user2794@uni.edu,2026-07-23,IN
u00-002795,user2795@corp.io,2026-02-12,GB
u00-002796,user2796@corp.io,2026-07-13,US
u00-002797,user2797@mail.co.in,2026-02-19,SG
u00-002798,user2798@mail.co.in,2026-07-18,AU
u00-002799,user2799@example.com,2026-07-13,SG
u00-002800,user2800@corp.io,2026-01-19,US
u00-002801,user2801@example.com,2026-03-12,SG
u00-002802,user2802@example.com,2026-08-22,GB
u00-002803,user2803@mail.co.in,2026-09-21,SG
u00-002804,user2804@corp.io,2026-06-24,GB
u00-002805,user2805@mail.co.in,2026-02-18,SG
u00-002806,user2806@example.com,2026-06-13,IN
u00-002807,user2807@corp.io,2026-09-15,GB
u00-002808,user2808@example.com,2026-07-11,AU
u00-002809,user2809@mail.co.in,2026-09-13,DE
u00-002810,user2810@corp.io,2026-09-12,US
u00-002811,user2811@example.com,2026-04-12,DE
u00-002812,user2812@corp.io,2026-07-26,US
u00-002813,user2813@corp.io,2026-02-27,AU
u00-002814,user2814@uni.edu,2026-07-10,AU
u00-002815,user2815@uni.edu,2026-06-10,SG
u00-002816,user2816@uni.edu,2026-08-20,AU
u00-002817,user2817@mail.co.in,2026-02-28,DE
u00-002818,user2818@mail.co.in,2026-04-24,SG
u00-002819,user2819@uni.edu,2026-06-16,GB
u00-002820,user2820@corp.io,2026-08-17,GB
u00-002821,user2821@corp.io,2026-03-13,AU
u00-002822,user2822@mail.co.in,2026-04-22,DE
u00-002823,user2823@uni.edu,2026-03-20,DE
u00-002824,user2824@example.com,2026-09-21,AU
u00-002825,user2825@corp.io,2026-07-21,US
u00-002826,user2826@example.com,2026-01-22,AU
u00-002827,user2827@uni.edu,2026-04-12,GB
u00-002828,user2828@uni.edu,2026-05-20,DE
u00-002829,user2829@example.com,2026-08-27,SG
u00-002830,user2830@example.com,2026-01-27,DE
u00-002831,user2831@mail.co.in,2026-07-10,AU
u00-002832,user2832@corp.io,2026-03-10,DE
u00-002833,user2833@mail.co.in,2026-06-19,DE
u00-002834,user2834@uni.edu,2026-07-22,IN
u00-002835,user2835@corp.io,2026-06-28,US
u00-002836,user2836@mail.co.in,2026-09-15,IN
u00-002837,user2837@corp.io,2026-02-14,IN
u00-002838,user2838@example.com,2026-07-14,IN
u00-002839,user2839@mail.co.in,2026-01-28,AU
u00-002840,user2840@example.com,2026-01-16,IN
u00-002841,user2841@corp.io,2026-04-18,AU
u00-002842,user2842@uni.edu,2026-07-27,GB
u00-002843,user2843@example.com,2026-09-28,IN
u00-002844,user2844@corp.io,2026-03-15,SG
u00-002845,user2845@example.com,2026-02-23,DE
u00-002846,user2846@example.com,2026-01-15,DE
u00-002847,user2847@uni.edu,2026-04-26,IN
u00-002848,user2848@mail.co.in,2026-04-13,SG
u00-002849,user2849@uni.edu,2026-05-15,SG
u00-002850,user2850@mail.co.in,2026-09-28,SG
u00-002851,user2851@mail.co.in,2026-04-13,IN
u00-002852,user2852@mail.co.in,2026-04-19,GB
u00-002853,user2853@example.com,2026-02-10,IN
u00-002854,user2854@corp.io,2026-02-23,SG
u00-002855,user2855@corp.io,2026-06-27,SG
u00-002856,user2856@uni.edu,2026-05-23,AU
u00-002857,user2857@uni.edu,2026-04-12,AU
u00-002858,user2858@example.com,2026-05-17,SG
u00-002859,user2859@uni.edu,2026-04-20,DE
u00-002860,user2860@corp.io,2026-01-12,DE
u00-002861,user2861@uni.edu,2026-06-17,AU
u00-002862,user2862@corp.io,2026-06-19,GB
u00-002863,user2863@example.com,2026-01-20,US
u00-002864,user2864@corp.io,2026-07-14,GB
u00-002865,user2865@uni.edu,2026-05-25,SG
u00-002866,user2866@uni.edu,2026-06-26,IN
u00-002867,user2867@corp.io,2026-04-19,DE
u00-002868,user2868@mail.co.in,2026-09-24,IN
u00-002869,user2869@uni.edu,2026-06-22,GB
u00-002870,user2870@example.com,2026-01-14,IN
u00-002871,user2871@uni.edu,2026-06-26,AU
u00-002872,user2872@example.com,2026-03-11,IN
u00-002873,user2873@uni.edu,2026-07-27,GB
u00-002874,user2874@corp.io,2026-01-28,GB
u00-002875,user2875@example.com,2026-04-19,US
u00-002876,user2876@corp.io,2026-07-10,SG
u00-002877,user2877@example.com,2026-09-22,AU
u00-002878,user2878@mail.co.in,2026-07-10,IN
u00-002879,user2879@corp.io,2026-07-25,US
u00-002880,user2880@example.com,2026-02-20,DE
u00-002881,user2881@corp.io,2026-05-13,DE
u00-002882,user2882@uni.edu,2026-08-12,US
u00-002883,user2883@example.com,2026-08-28,AU
u00-002884,user2884@mail.co.in,2026-06-18,US
u00-002885,user2885@uni.edu,2026-07-19,IN
u00-002886,user2886@corp.io,2026-09-24,US
u00-002887,user2887@corp.io,2026-05-20,GB
u00-002888,user2888@mail.co.in,2026-09-11,GB
u00-002889,user2889@example.com,2026-01-23,IN
u00-002890,user2890@example.com,2026-03-14,SG
u00-002891,user2891@example.com,2026-06-15,
u00-002892,user2892@example.com,2026-04-16,IN
u00-002893,user2893@example.com,2026-06-12,GB
u00-002894,user2894@uni.edu,2026-05-19,GB
u00-002895,user2895@example.com,2026-03-22,IN
u00-002896,user2896@mail.co.in,2026-07-19,SG
u00-002897,user2897@example.com,2026-04-28,AU
u00-002898,user2898@mail.co.in,2026-01-10,DE
u00-002899,user2899@mail.co.in,2026-04-20,AU
u00-002900,user2900@uni.edu,2026-09-22,US
u00-002901,user2901@uni.edu,2026-02-11,AU
u00-002902,user2902@mail.co.in,2026-08-21,SG
u00-002903,user2903@example.com,2026-04-12,GB
u00-002904,user2904@corp.io,2026-08-28,SG
u00-002905,user2905@example.com,2026-06-19,GB
u00-002906,user2906@corp.io,2026-01-11,IN
u00-002907,user2907@corp.io,2026-06-13,SG
u00-002908,user2908@mail.co.in,2026-09-12,DE
u00-002909,user2909@uni.edu,2026-03-26,AU
u00-002910,user2910@example.com,2026-04-14,US
u00-002911,user2911@uni.edu,2026-06-15,GB
u00-002912,user2912@uni.edu,2026-08-16,US
u00-002913,user2913@mail.co.in,2026-07-21,DE
u00-002914,user2914@mail.co.in,2026-05-23,GB
u00-002915,user2915@uni.edu,2026-08-14,US
u00-002916,user2916@uni.edu,2026-03-27,GB
u00-002917,user2917@example.com,2026-08-27,SG
u00-002918,user2918@example.com,2026-01-20,AU
u00-002919,user2919@mail.co.in,2026-08-19,GB
u00-002920,user2920@mail.co.in,2026-04-26,IN
u00-002921,user2921@example.com,2026-01-19,DE
u00-002922,user2922@example.com,2026-09-10,AU
u00-002923,user2923@mail.co.in,2026-07-20,AU
u00-002924,user2924@uni.edu,2026-02-12,SG
u00-002925,user2925@corp.io,2026-03-17,US
u00-002926,user2926@uni.edu,2026-05-19,IN
u00-002927,user2927@corp.io,2026-05-27,GB
u00-002928,user2928@uni.edu,2026-05-25,DE
u00-002929,user2929@mail.co.in,2026-03-20,IN
u00-002930,user2930@uni.edu,2026-05-15,DE
u00-002931,user2931@uni.edu,2026-06-16,GB
u00-002932,user2932@corp.io,2026-06-16,DE
u00-002933,user2933@uni.edu,2026-04-22,US
u00-002934,user2934@example.com,2026-05-20,US
u00-002935,user2935@example.com,2026-06-14,GB
u00-002936,user2936@example.com,2026-03-15,AU
u00-002937,user2937@mail.co.in,2026-06-24,US
u00-002938,user2938@corp.io,2026-03-17,SG
u00-002939,user2939@mail.co.in,2026-05-19,US
u00-002940,user2940@mail.co.in,2026-06-12,SG
u00-002941,user2941@corp.io,2026-04-14,GB
u00-002942,user2942@mail.co.in,2026-04-13,DE
u00-002943,user2943@corp.io,2026-06-23,DE
u00-002944,user2944@uni.edu,2026-03-19,IN
u00-002945,user2945@uni.edu,2026-01-25,US
u00-002946,user2946@uni.edu,2026-03-16,AU
u00-002947,user2947@uni.edu,2026-01-20,IN
u00-002948,user2948@example.com,2026-06-21,AU
u00-002949,user2949@example.com,2026-01-16,DE
u00-002950,user2950@corp.io,2026-09-15,DE
u00-002951,user2951@example.com,2026-01-10,IN
u00-002952,user2952@uni.edu,2026-03-25,IN
u00-002953,user2953@uni.edu,2026-04-15,DE
u00-002954,user2954@uni.edu,2026-01-20,GB
u00-002955,user2955@example.com,2026-01-26,SG
u00-002956,user2956@mail.co.in,2026-05-16,IN
u00-002957,user2957@mail.co.in,2026-09-22,DE
u00-002958,user2958@example.com,2026-04-13,DE
u00-002959,user2959@mail.co.in,2026-08-15,AU
u00-002960,user2960@example.com,2026-04-10,IN
u00-002961,user2961@uni.edu,2026-08-13,AU
u00-002962,user2962@uni.edu,2026-02-15,US
u00-002963,user2963@example.com,2026-02-14,DE
u00-002964,user2964@uni.edu,2026-09-25,AU
u00-002965,user2965@uni.edu,2026-08-14,SG
u00-002966,user2966@uni.edu,2026-01-20,GB
u00-002967,user2967@uni.edu,2026-03-23,AU
u00-002968,user2968@corp.io,2026-09-18,DE
u00-002969,user2969@corp.io,2026-09-16,AU
u00-002970,user2970@example.com,2026-08-26,SG
u00-002971,user2971@example.com,2026-06-25,US
u00-002972,user2972@example.com,2026-08-26,US
u00-002973,user2973@example.com,2026-02-22,SG
u00-002974,user2974@mail.co.in,2026-02-19,SG
u00-002975,user2975@mail.co.in,2026-09-15,AU
u00-002976,user2976@uni.edu,2026-05-14,GB
u00-002977,user2977@uni.edu,2026-04-23,US
u00-002978,user2978@example.com,2026-09-18,IN
u00-002979,user2979@corp.io,2026-09-13,AU
u00-002980,user2980@corp.io,2026-02-14,GB
u00-002981,user2981@mail.co.in,2026-06-22,GB
u00-002982,user2982@mail.co.in,2026-01-11,DE
u00-002983,user2983@corp.io,2026-06-20,US
u00-002984,user2984@example.com,2026-09-21,DE
u00-002985,user2985@corp.io,2026-05-26,IN
u00-002986,user2986@uni.edu,2026-06-21,US
u00-002987,user2987@mail.co.in,2026-01-15,SG
u00-002988,user2988@example.com,2026-06-17,IN
u00-002989,user2989@example.com,2026-06-10,SG
u00-002990,user2990@corp.io,2026-08-16,IN
u00-002991,user2991@mail.co.in,2026-02-20,US
u00-002992,user2992@corp.io,2026-02-19,AU
u00-002993,user2993@uni.edu,2026-03-14,IN
u00-002994,user2994@corp.io,2026-08-21,AU
u00-002995,user2995@mail.co.in,2026-05-15,US
u00-002996,user2996@corp.io,2026-01-27,AU
u00-002997,user2997@mail.co.in,2026-05-16,SG
u00-002998,user2998@corp.io,2026-08-17,SG
u00-002999,user2999@mail.co.in,2026-07-26,AU
u00-003000,user3000@corp.io,2026-04-19,DE
u00-003001,user3001@example.com,2026-02-21,US
u00-003002,user3002@corp.io,2026-08-25,US
u00-003003,user3003@mail.co.in,2026-05-24,GB
u00-003004,user3004@example.com,2026-05-26,SG
u00-003005,user3005@mail.co.in,2026-03-19,GB
u00-003006,user3006@example.com,2026-08-12,IN
u00-003007,user3007@corp.io,2026-04-28,AU
u00-003008,user3008@mail.co.in,2026-03-21,US
u00-003009,user3009@corp.io,2026-02-11,AU
u00-003010,user3010@mail.co.in,2026-05-20,DE
u00-003011,user3011@example.com,2026-06-23,US
u00-003012,user3012@example.com,2026-01-27,IN
u00-003013,user3013@uni.edu,2026-04-16,AU
u00-003014,user3014@example.com,2026-09-12,IN
u00-003015,user3015@corp.io,2026-03-16,IN
u00-003016,user3016@uni.edu,2026-09-23,SG
u00-003017,user3017@corp.io,2026-01-18,AU
u00-003018,user3018@corp.io,2026-02-28,US
u00-003019,user3019@corp.io,2026-05-18,AU
u00-003020,user3020@mail.co.in,2026-05-10,IN
u00-003021,user3021@example.com,2026-02-22,GB
u00-003022,user3022@mail.co.in,2026-02-12,AU
u00-003023,user3023@example.com,2026-02-28,SG
u00-003024,user3024@uni.edu,2026-01-20,US
u00-003025,user3025@mail.co.in,2026-07-18,US
u00-003026,user3026@mail.co.in,2026-06-13,US
u00-003027,user3027@uni.edu,2026-06-23,DE
u00-003028,user3028@example.com,2026-04-19,DE
u00-003029,user3029@example.com,2026-04-24,SG
u00-003030,user3030@mail.co.in,2026-05-25,AU
u00-003031,user3031@corp.io,2026-06-11,IN
u00-003032,user3032@corp.io,2026-01-19,AU
u00-003033,user3033@corp.io,2026-02-12,GB
u00-003034,user3034@corp.io,2026-06-17,GB
u00-003035,user3035@mail.co.in,2026-04-25,IN
u00-003036,user3036@corp.io,2026-09-15,US
u00-003037,user3037@mail.co.in,2026-06-10,DE
u00-003038,user3038@corp.io,2026-06-17,DE
u00-003039,user3039@uni.edu,2026-05-22,US
u00-003040,user3040@example.com,2026-08-16,SG
u00-003041,user3041@uni.edu,2026-01-12,US
u00-003042,user3042@corp.io,2026-05-22,SG
u00-003043,user3043@example.com,2026-06-10,AU
u00-003044,user3044@example.com,2026-03-17,AU
u00-003045,user3045@example.com,2026-02-18,DE
u00-003046,user3046@uni.edu,2026-08-24,SG
u00-003047,user3047@corp.io,2026-08-14,AU
u00-003048,user3048@uni.edu,2026-02-16,GB
u00-003049,user3049@example.com,2026-02-27,DE
u00-003050,user3050@uni.edu,2026-05-24,US
u00-003051,user3051@corp.io,2026-07-18,GB
u00-003052,user3052@uni.edu,2026-06-17,GB
u00-003053,user3053@example.com,2026-03-23,GB
u00-003054,user3054@corp.io,2026-09-12,IN
u00-003055,user3055@corp.io,2026-06-20,US
u00-003056,user3056@corp.io,2026-04-14,GB
u00-003057,user3057@uni.edu,2026-05-18,SG
u00-003058,user3058@uni.edu,2026-02-27,IN
u00-003059,user3059@example.com,2026-02-11,US
u00-003060,user3060@corp.io,2026-07-10,SG
u00-003061,user3061@mail.co.in,2026-09-20,IN
u00-003062,user3062@corp.io,2026-03-23,US
u00-003063,user3063@corp.io,2026-07-10,US
u00-003064,user3064@uni.edu,2026-06-26,DE
u00-003065,user3065@corp.io,2026-05-10,US
u00-003066,user3066@corp.io,2026-02-19,GB
u00-003067,user3067@corp.io,2026-09-23,SG
u00-003068,user3068@corp.io,2026-06-24,GB
u00-003069,user3069@uni.edu,2026-06-24,DE
u00-003070,user3070@corp.io,2026-05-26,SG
u00-003071,user3071@uni.edu,2026-01-24,SG
u00-003072,user3072@example.com,2026-03-20,SG
u00-003073,user3073@corp.io,2026-05-15,AU
u00-003074,user3074@uni.edu,2026-08-21,SG
u00-003075,user3075@example.com,2026-07-28,US
u00-003076,user3076@mail.co.in,2026-04-24,IN
u00-003077,user3077@uni.edu,2026-03-21,US
u00-003078,user3078@corp.io,2026-01-22,AU
u00-003079,user3079@uni.edu,2026-04-14,US
u00-003080,user3080@example.com,2026-08-26,GB
u00-003081,user3081@mail.co.in,2026-04-18,IN
u00-003082,user3082@example.com,2026-03-27,DE
u00-003083,user3083@mail.co.in,2026-02-25,US
u00-003084,user3084@mail.co.in,2026-04-12,US
u00-003085,user3085@example.com,2026-02-27,GB
u00-003086,user3086@mail.co.in,2026-06-26,DE
u00-003087,user3087@mail.co.in,2026-07-12,IN
u00-003088,user3088@mail.co.in,2026-06-10,US
u00-003089,user3089@mail.co.in,2026-05-23,AU
u00-003090,user3090@mail.co.in,2026-07-23,IN
u00-003091,user3091@mail.co.in,2026-02-25,AU
u00-003092,user3092@uni.edu,2026-08-13,GB
u00-003093,user3093@example.com,2026-04-21,SG
u00-003094,user3094@corp.io,2026-01-15,AU
u00-003095,user3095@example.com,2026-01-28,SG
u00-003096,user3096@example.com,2026-07-24,SG
u00-003097,user3097@corp.io,2026-01-20,IN
u00-003098,user3098@example.com,2026-04-26,US
u00-003099,user3099@corp.io,2026-09-20,GB
u00-003100,user3100@example.com,2026-03-25,US
u00-003101,user3101@uni.edu,2026-01-11,AU
u00-003102,user3102@uni.edu,2026-03-22,SG
u00-003103,user3103@corp.io,2026-09-21,US
u00-003104,user3104@uni.edu,2026-08-12,DE
u00-003105,user3105@mail.co.in,2026-02-16,SG
u00-003106,user3106@corp.io,2026-06-18,GB
u00-003107,user3107@corp.io,2026-07-14,DE
u00-003108,user3108@uni.edu,2026-04-17,AU
u00-003109,user3109@example.com,2026-03-25,SG
u00-003110,user3110@mail.co.in,2026-02-24,GB
u00-003111,user3111@example.com,2026-02-11,SG
u00-003112,user3112@mail.co.in,2026-02-13,GB
u00-003113,user3113@uni.edu,2026-05-26,SG
u00-003114,user3114@corp.io,2026-09-22,SG
u00-003115,user3115@corp.io,2026-04-15,AU
u00-003116,user3116@uni.edu,2026-07-17,AU
u00-003117,user3117@corp.io,2026-04-28,IN
u00-003118,user3118@uni.edu,2026-03-13,AU
u00-003119,user3119@mail.co.in,2026-06-12,AU
u00-003120,user3120@mail.co.in,2026-09-17,IN
u00-003121,user3121@mail.co.in,2026-09-13,GB
u00-003122,user3122@mail.co.in,2026-01-25,US
u00-003123,user3123@uni.edu,2026-04-14,IN
u00-003124,user3124@uni.edu,2026-03-13,AU
u00-003125,user3125@mail.co.in,2026-08-25,AU
u00-003126,user3126@corp.io,2026-09-23,US
u00-003127,user3127@mail.co.in,2026-07-18,IN
u00-003128,user3128@uni.edu,2026-08-24,IN
u00-003129,user3129@example.com,2026-09-14,US
u00-003130,user3130@example.com,2026-01-24,GB
u00-003131,user3131@example.com,2026-06-14,US
u00-003132,user3132@corp.io,2026-03-24,AU
u00-003133,user3133@mail.co.in,2026-08-19,GB
u00-003134,user3134@mail.co.in,2026-01-23,AU
u00-003135,user3135@uni.edu,2026-02-10,DE
u00-003136,user3136@corp.io,2026-05-23,SG
u00-003137,user3137@uni.edu,2026-03-27,SG
u00-003138,user3138@uni.edu,2026-08-12,DE
u00-003139,user3139@uni.edu,2026-06-28,DE
u00-003140,user3140@example.com,2026-04-23,IN
u00-003141,user3141@uni.edu,2026-03-11,SG
u00-003142,user3142@example.com,2026-05-25,US
u00-003143,user3143@uni.edu,2026-03-27,AU
u00-003144,user3144@uni.edu,2026-08-16,IN
u00-003145,user3145@example.com,2026-06-10,IN
u00-003146,user3146@corp.io,2026-03-19,DE
u00-003147,user3147@example.com,2026-06-15,AU
u00-003148,user3148@corp.io,2026-01-14,IN
u00-003149,user3149@example.com,2026-03-22,DE
u00-003150,user3150@example.com,2026-02-20,US
u00-003151,user3151@mail.co.in,2026-07-23,DE
u00-003152,user3152@corp.io,2026-09-15,GB
u00-003153,user3153@example.com,2026-02-23,DE
u00-003154,user3154@uni.edu,2026-02-14,AU
u00-003155,user3155@uni.edu,2026-08-28,US
u00-003156,user3156@uni.edu,2026-08-17,IN
u00-003157,user3157@corp.io,2026-07-15,SG
u00-003158,user3158@corp.io,2026-06-12,IN
u00-003159,user3159@uni.edu,2026-02-19,US
u00-003160,user3160@corp.io,2026-04-12,AU
u00-003161,user3161@example.com,2026-02-21,SG
u00-003162,user3162@mail.co.in,2026-05-19,DE
u00-003163,user3163@mail.co.in,2026-02-14,AU
u00-003164,user3164@mail.co.in,2026-05-25,IN
u00-003165,user3165@example.com,2026-09-18,GB
u00-003166,user3166@example.com,2026-03-18,DE
u00-003167,user3167@mail.co.in,2026-08-16,US
u00-003168,user3168@uni.edu,2026-05-14,IN
u00-003169,user3169@example.com,2026-09-13,GB
u00-003170,user3170@uni.edu,2026-01-17,GB
u00-003171,user3171@mail.co.in,2026-02-17,US
u00-003172,user3172@uni.edu,2026-03-19,SG
u00-003173,user3173@uni.edu,2026-04-28,US
u00-003174,user3174@corp.io,2026-03-19,GB
u00-003175,user3175@mail.co.in,2026-09-26,US
u00-003176,user3176@mail.co.in,2026-07-25,DE
u00-003177,user3177@corp.io,2026-09-27,DE
u00-003178,user3178@uni.edu,2026-06-10,DE
u00-003179,user3179@example.com,2026-05-15,SG
u00-003180,user3180@example.com,2026-08-18,GB
u00-003181,user3181@mail.co.in,2026-08-15,US
u00-003182,user3182@mail.co.in,2026-08-21,AU
u00-003183,user3183@example.com,2026-03-19,IN
u00-003184,user3184@uni.edu,2026-03-11,GB
u00-003185,user3185@example.com,2026-09-25,DE
u00-003186,user3186@example.com,2026-08-21,IN
u00-003187,user3187@mail.co.in,2026-05-13,GB
u00-003188,user3188@mail.co.in,2026-08-16,SG
u00-003189,user3189@uni.edu,2026-09-23,AU
u00-003190,user3190@corp.io,2026-05-19,US
u00-003191,user3191@uni.edu,2026-04-18,IN
u00-003192,user3192@mail.co.in,2026-02-23,US
u00-003193,user3193@example.com,2026-03-15,IN
u00-003194,user3194@mail.co.in,2026-03-16,US
u00-003195,user3195@corp.io,2026-04-20,IN
u00-003196,user3196@corp.io,2026-05-15,US
u00-003197,user3197@mail.co.in,2026-09-11,IN
u00-003198,user3198@corp.io,2026-07-27,US
u00-003199,user3199@corp.io,2026-07-25,IN
u00-003200,user3200@example.com,2026-09-12,GB
u00-003201,user3201@mail.co.in,2026-07-17,AU
u00-003202,user3202@corp.io,2026-05-16,US
u00-003203,user3203@uni.edu,2026-08-18,SG
u00-003204,user3204@corp.io,2026-04-18,SG
u00-003205,user3205@example.com,2026-05-27,SG
u00-003206,user3206@corp.io,2026-01-20,US
u00-003207,user3207@uni.edu,2026-08-17,US
u00-003208,user3208@mail.co.in,2026-06-11,AU
u00-003209,user3209@corp.io,2026-06-28,SG
u00-003210,user3210@uni.edu,2026-07-17,GB
u00-003211,user3211@corp.io,2026-08-13,IN
u00-003212,user3212@mail.co.in,2026-08-20,DE
u00-003213,user3213@example.com,2026-07-17,IN
u00-003214,user3214@mail.co.in,2026-09-22,IN
u00-003215,user3215@mail.co.in,2026-02-25,AU
u00-003216,user3216@example.com,2026-08-22,GB
u00-003217,user3217@uni.edu,2026-05-23,DE
u00-003218,user3218@corp.io,2026-02-12,AU
u00-003219,user3219@example.com,2026-06-14,AU
u00-003220,user3220@uni.edu,2026-01-26,DE
u00-003221,user3221@uni.edu,2026-04-25,AU
u00-003222,user3222@uni.edu,2026-01-27,DE
u00-003223,user3223@example.com,2026-09-10,IN
u00-003224,user3224@example.com,2026-05-25,
u00-003225,user3225@corp.io,2026-07-28,AU
u00-003226,user3226@example.com,2026-01-15,US
u00-003227,user3227@corp.io,2026-03-27,IN
u00-003228,user3228@example.com,2026-03-19,AU
u00-003229,user3229@example.com,2026-01-10,GB
u00-003230,user3230@corp.io,2026-01-22,US
u00-003231,user3231@uni.edu,2026-03-10,GB
u00-003232,user3232@corp.io,2026-08-22,DE
u00-003233,user3233@example.com,2026-07-15,AU
u00-003234,user3234@corp.io,2026-02-23,SG
u00-003235,user3235@mail.co.in,2026-09-24,GB
u00-003236,user3236@example.com,2026-04-23,DE
u00-003237,user3237@corp.io,2026-02-16,US
u00-003238,user3238@uni.edu,2026-09-14,SG
u00-003239,user3239@example.com,2026-04-13,DE
u00-003240,user3240@example.com,2026-05-25,DE
u00-003241,user3241@corp.io,2026-06-15,DE
u00-003242,user3242@example.com,2026-01-22,DE
u00-003243,user3243@mail.co.in,2026-04-19,IN
u00-003244,user3244@example.com,2026-01-26,AU
u00-003245,user3245@corp.io,2026-06-16,SG
u00-003246,user3246@corp.io,2026-01-23,DE
u00-003247,user3247@corp.io,2026-05-19,SG
u00-003248,user3248@mail.co.in,2026-07-11,AU
u00-003249,user3249@example.com,2026-01-16,IN
u00-003250,user3250@uni.edu,2026-01-16,SG
u00-003251,user3251@uni.edu,2026-05-14,DE
u00-003252,user3252@corp.io,2026-06-17,AU
u00-003253,user3253@uni.edu,2026-05-21,DE
u00-003254,user3254@corp.io,2026-01-22,GB
u00-003255,user3255@corp.io,2026-02-26,GB
u00-003256,user3256@corp.io,2026-01-17,US
u00-003257,user3257@uni.edu,2026-02-23,GB
u00-003258,user3258@uni.edu,2026-05-14,GB
u00-003259,user3259@uni.edu,2026-03-22,IN
u00-003260,user3260@corp.io,2026-03-19,AU
u00-003261,user3261@corp.io,2026-01-25,GB
u00-003262,user3262@mail.co.in,2026-05-17,AU
u00-003263,user3263@corp.io,2026-05-25,US
u00-003264,user3264@mail.co.in,2026-09-21,SG
u00-003265,user3265@example.com,2026-07-26,AU
u00-003266,user3266@uni.edu,2026-03-13,GB
u00-003267,user3267@mail.co.in,2026-07-18,IN
u00-003268,user3268@mail.co.in,2026-05-28,US
u00-003269,user3269@mail.co.in,2026-08-10,GB
u00-003270,user3270@uni.edu,2026-09-12,IN
u00-003271,user3271@example.com,2026-04-14,AU
u00-003272,user3272@example.com,2026-06-27,IN
u00-003273,user3273@corp.io,2026-05-28,GB
u00-003274,user3274@uni.edu,2026-07-28,GB
u00-003275,user3275@mail.co.in,2026-03-12,US
u00-003276,user3276@example.com,2026-08-13,US
u00-003277,user3277@corp.io,2026-04-15,IN
u00-003278,user3278@uni.edu,2026-08-21,AU
u00-003279,user3279@mail.co.in,2026-03-15,AU
u00-003280,user3280@corp.io,2026-08-23,IN
u00-003281,user3281@example.com,2026-03-18,IN
u00-003282,user3282@mail.co.in,2026-01-15,SG
u00-003283,user3283@mail.co.in,2026-08-13,IN
u00-003284,user3284@corp.io,2026-09-21,SG
u00-003285,user3285@example.com,2026-01-17,DE
u00-003286,user3286@example.com,2026-07-26,AU
u00-003287,user3287@mail.co.in,2026-01-10,GB
u00-003288,user3288@corp.io,2026-03-11,DE
u00-003289,user3289@example.com,2026-05-13,GB
u00-003290,user3290@example.com,2026-04-15,GB
u00-003291,user3291@uni.edu,2026-06-26,DE
u00-003292,user3292@uni.edu,2026-04-10,GB
u00-003293,user3293@example.com,2026-03-28,AU
u00-003294,user3294@corp.io,2026-02-11,GB
u00-003295,user3295@example.com,2026-09-16,IN
u00-003296,user3296@example.com,2026-09-19,IN
u00-003297,user3297@mail.co.in,2026-04-16,GB
u00-003298,user3298@corp.io,2026-08-25,GB
u00-003299,user3299@example.com,2026-02-12,DE
u00-003300,user3300@corp.io,2026-01-16,GB
u00-003301,user3301@uni.edu,2026-04-24,IN
u00-003302,user3302@corp.io,2026-08-27,US
u00-003303,user3303@mail.co.in,2026-09-26,SG
u00-003304,user3304@example.com,2026-04-19,SG
u00-003305,user3305@example.com,2026-01-21,IN
u00-003306,user3306@uni.edu,2026-06-28,GB
u00-003307,user3307@example.com,2026-01-25,GB
u00-003308,user3308@uni.edu,2026-02-28,IN
u00-003309,user3309@mail.co.in,2026-03-25,GB
u00-003310,user3310@mail.co.in,2026-04-27,DE
u00-003311,user3311@corp.io,2026-07-18,IN
u00-003312,user3312@example.com,2026-01-18,SG
u00-003313,user3313@mail.co.in,2026-06-11,DE
u00-003314,user3314@uni.edu,2026-03-23,US
u00-003315,user3315@corp.io,2026-03-20,US
u00-003316,user3316@uni.edu,2026-01-13,US
u00-003317,user3317@corp.io,2026-07-16,US
u00-003318,user3318@example.com,2026-02-12,DE
u00-003319,user3319@corp.io,2026-04-27,DE
u00-003320,user3320@uni.edu,2026-01-26,GB
u00-003321,user3321@mail.co.in,2026-09-25,US
u00-003322,user3322@uni.edu,2026-09-19,GB
u00-003323,user3323@mail.co.in,2026-02-25,GB
u00-003324,user3324@uni.edu,2026-03-27,AU
u00-003325,user3325@mail.co.in,2026-02-19,DE
u00-003326,user3326@uni.edu,2026-04-23,US
u00-003327,user3327@corp.io,2026-04-12,DE
u00-003328,user3328@corp.io,2026-06-12,IN
u00-003329,user3329@mail.co.in,2026-06-18,GB
u00-003330,user3330@uni.edu,2026-05-25,IN
u00-003331,user3331@uni.edu,2026-08-28,US
u00-003332,user3332@corp.io,2026-09-26,DE
u00-003333,user3333@corp.io,2026-04-20,SG
u00-003334,user3334@corp.io,2026-06-23,AU
u00-003335,user3335@example.com,2026-03-22,GB
u00-003336,user3336@mail.co.in,2026-02-10,US
u00-003337,user3337@uni.edu,2026-07-21,IN
u00-003338,user3338@example.com,2026-07-24,GB
u00-003339,user3339@example.com,2026-04-18,DE
u00-003340,user3340@uni.edu,2026-04-27,AU
u00-003341,user3341@example.com,2026-08-27,US
u00-003342,user3342@example.com,2026-01-27,DE
u00-003343,user3343@example.com,2026-01-17,IN
u00-003344,user3344@example.com,2026-06-19,DE
u00-003345,user3345@uni.edu,2026-08-10,AU
u00-003346,user3346@uni.edu,2026-01-15,US
u00-003347,user3347@uni.edu,2026-02-13,DE
u00-003348,user3348@example.com,2026-07-15,IN
u00-003349,user3349@example.com,2026-09-15,SG
u00-003350,user3350@mail.co.in,2026-05-28,AU
u00-003351,user3351@example.com,2026-05-21,GB
u00-003352,user3352@example.com,2026-04-28,US
u00-003353,user3353@example.com,2026-08-21,SG
u00-003354,user3354@uni.edu,2026-08-25,US
u00-003355,user3355@uni.edu,2026-09-20,AU
u00-003356,user3356@mail.co.in,2026-03-14,GB
u00-003357,user3357@mail.co.in,2026-02-28,IN
u00-003358,user3358@example.com,2026-03-18,DE
u00-003359,user3359@uni.edu,2026-08-15,GB
u00-003360,user3360@mail.co.in,2026-09-12,IN
u00-003361,user3361@corp.io,2026-06-18,SG
u00-003362,user3362@example.com,2026-05-14,GB
u00-003363,user3363@uni.edu,2026-04-10,US
u00-003364,user3364@example.com,2026-02-17,US
u00-003365,user3365@mail.co.in,2026-09-22,SG
u00-003366,user3366@uni.edu,2026-02-26,AU
u00-003367,user3367@example.com,2026-08-24,SG
u00-003368,user3368@mail.co.in,2026-01-22,AU
u00-003369,user3369@uni.edu,2026-03-26,SG
u00-003370,user3370@example.com,2026-09-12,DE
u00-003371,user3371@uni.edu,2026-06-26,GB
u00-003372,user3372@uni.edu,2026-03-16,GB
u00-003373,user3373@uni.edu,2026-08-28,US
u00-003374,user3374@mail.co.in,2026-07-12,GB
u00-003375,user3375@corp.io,2026-07-11,GB
u00-003376,user3376@example.com,2026-02-17,GB
u00-003377,user3377@corp.io,2026-09-18,IN
u00-003378,user3378@example.com,2026-03-12,IN
u00-003379,user3379@mail.co.in,2026-06-21,DE
u00-003380,user3380@example.com,2026-01-15,US
u00-003381,user3381@mail.co.in,2026-09-14,DE
u00-003382,user3382@uni.edu,2026-04-24,DE
u00-003383,user3383@uni.edu,2026-07-22,IN
u00-003384,user3384@example.com,2026-03-10,IN
u00-003385,user3385@mail.co.in,2026-05-12,AU
u00-003386,user3386@mail.co.in,2026-03-14,DE
u00-003387,user3387@uni.edu,2026-03-18,US
u00-003388,user3388@uni.edu,2026-02-15,AU
u00-003389,user3389@corp.io,2026-05-17,IN
u00-003390,user3390@uni.edu,2026-04-16,IN
u00-003391,user3391@mail.co.in,2026-05-13,SG
u00-003392,user3392@mail.co.in,2026-02-28,US
u00-003393,user3393@example.com,2026-02-11,DE
u00-003394,user3394@mail.co.in,2026-04-14,SG
u00-003395,user3395@uni.edu,2026-08-14,AU
u00-003396,user3396@uni.edu,2026-05-25,DE
u00-003397,user3397@uni.edu,2026-08-14,DE
u00-003398,user3398@uni.edu,2026-06-28,AU
u00-003399,user3399@mail.co.in,2026-03-28,SG
u00-003400,user3400@uni.edu,2026-08-21,DE
u00-003401,user3401@uni.edu,2026-08-15,DE
u00-003402,user3402@example.com,2026-01-28,AU
u00-003403,user3403@example.com,2026-04-26,IN
u00-003404,user3404@example.com,2026-07-11,AU
u00-003405,user3405@corp.io,2026-05-10,US
u00-003406,user3406@corp.io,2026-09-14,GB
u00-003407,user3407@uni.edu,2026-03-28,SG
u00-003408,user3408@corp.io,2026-06-18,US
u00-003409,user3409@corp.io,2026-02-28,SG
u00-003410,user3410@corp.io,2026-02-11,DE
u00-003411,user3411@corp.io,2026-06-25,IN
u00-003412,user3412@mail.co.in,2026-05-11,US
u00-003413,user3413@uni.edu,2026-09-15,DE
u00-003414,user3414@mail.co.in,2026-06-13,GB
u00-003415,user3415@mail.co.in,2026-08-18,DE
u00-003416,user3416@corp.io,2026-04-28,IN
u00-003417,user3417@uni.edu,2026-06-14,DE
u00-003418,user3418@example.com,2026-09-16,GB
u00-003419,user3419@uni.edu,2026-06-15,DE
u00-003420,user3420@mail.co.in,2026-03-14,SG
u00-003421,user3421@uni.edu,2026-07-17,AU
u00-003422,user3422@mail.co.in,2026-03-17,AU
u00-003423,user3423@mail.co.in,2026-03-13,DE
u00-003424,user3424@example.com,2026-09-17,GB
u00-003425,user3425@uni.edu,2026-02-21,US
u00-003426,user3426@example.com,2026-03-11,SG
u00-003427,user3427@mail.co.in,2026-07-12,GB
u00-003428,user3428@example.com,2026-02-22,DE
u00-003429,user3429@mail.co.in,2026-08-20,US
u00-003430,user3430@mail.co.in,2026-05-14,US
u00-003431,user3431@mail.co.in,2026-05-22,IN
u00-003432,user3432@example.com,2026-09-26,US
u00-003433,user3433@uni.edu,2026-03-24,US
u00-003434,user3434@mail.co.in,2026-03-12,US
u00-003435,user3435@example.com,2026-06-24,DE
u00-003436,user3436@corp.io,2026-06-14,GB
u00-003437,user3437@corp.io,2026-05-23,SG
u00-003438,user3438@corp.io,2026-08-27,DE
u00-003439,user3439@mail.co.in,2026-09-27,DE
u00-003440,user3440@corp.io,2026-09-12,DE
u00-003441,user3441@corp.io,2026-08-22,AU
u00-003442,user3442@uni.edu,2026-05-26,AU
u00-003443,user3443@mail.co.in,2026-05-24,DE
u00-003444,user3444@uni.edu,2026-01-16,SG
u00-003445,user3445@corp.io,2026-06-19,IN
u00-003446,user3446@uni.edu,2026-09-16,US
u00-003447,user3447@corp.io,2026-04-14,US
u00-003448,user3448@example.com,2026-08-23,SG
u00-003449,user3449@uni.edu,2026-02-13,US
u00-003450,user3450@example.com,2026-09-16,IN
u00-003451,user3451@mail.co.in,2026-05-12,US
u00-003452,user3452@mail.co.in,2026-06-25,IN
u00-003453,user3453@uni.edu,2026-09-11,DE
u00-003454,user3454@corp.io,2026-07-26,IN
u00-003455,user3455@mail.co.in,2026-08-14,AU
u00-003456,user3456@corp.io,2026-07-17,DE
u00-003457,user3457@example.com,2026-06-21,GB
u00-003458,user3458@example.com,2026-04-14,GB
u00-003459,user3459@mail.co.in,2026-07-20,AU
u00-003460,user3460@example.com,2026-06-20,US
u00-003461,user3461@mail.co.in,2026-06-21,GB
u00-003462,user3462@uni.edu,2026-03-26,GB
u00-003463,user3463@uni.edu,2026-06-17,SG
u00-003464,user3464@example.com,2026-09-17,DE
u00-003465,user3465@example.com,2026-05-25,GB
u00-003466,user3466@corp.io,2026-05-14,IN
u00-003467,user3467@uni.edu,2026-02-19,US
u00-003468,user3468@corp.io,2026-09-26,US
u00-003469,user3469@mail.co.in,2026-08-21,DE
u00-003470,user3470@example.com,2026-07-14,AU
u00-003471,user3471@example.com,2026-09-11,AU
u00-003472,user3472@mail.co.in,2026-05-16,US
u00-003473,user3473@corp.io,2026-07-22,DE
u00-003474,user3474@uni.edu,2026-01-28,IN
u00-003475,user3475@corp.io,2026-01-16,US
u00-003476,user3476@corp.io,2026-06-25,US
u00-003477,user3477@mail.co.in,2026-01-25,SG
u00-003478,user3478@mail.co.in,2026-03-23,IN
u00-003479,user3479@corp.io,2026-06-20,IN
u00-003480,user3480@uni.edu,2026-02-14,IN
u00-003481,user3481@uni.edu,2026-03-11,DE
u00-003482,user3482@example.com,2026-07-19,DE
u00-003483,user3483@uni.edu,2026-09-27,AU
u00-003484,user3484@uni.edu,2026-09-17,SG
u00-003485,user3485@example.com,2026-02-21,GB
u00-003486,user3486@uni.edu,2026-08-22,GB
u00-003487,user3487@mail.co.in,2026-01-12,SG
u00-003488,user3488@mail.co.in,2026-09-27,DE
u00-003489,user3489@corp.io,2026-05-15,SG
u00-003490,user3490@example.com,2026-07-26,SG
u00-003491,user3491@corp.io,2026-09-15,DE
u00-003492,user3492@mail.co.in,2026-03-27,DE
u00-003493,user3493@mail.co.in,2026-06-25,US
u00-003494,user3494@uni.edu,2026-09-10,AU
u00-003495,user3495@mail.co.in,2026-09-14,AU
u00-003496,user3496@uni.edu,2026-05-27,AU
u00-003497,user3497@mail.co.in,2026-04-22,AU
u00-003498,user3498@example.com,2026-04-23,AU
u00-003499,user3499@uni.edu,2026-02-26,DE
u00-003500,user3500@example.com,2026-06-25,US
u00-003501,user3501@corp.io,2026-08-11,IN
u00-003502,user3502@mail.co.in,2026-07-14,US
u00-003503,user3503@corp.io,2026-08-25,SG
u00-003504,user3504@uni.edu,2026-07-18,SG
u00-003505,user3505@mail.co.in,2026-01-12,IN
u00-003506,user3506@mail.co.in,2026-07-15,AU
u00-003507,user3507@mail.co.in,2026-06-11,AU
u00-003508,user3508@example.com,2026-04-22,DE
u00-003509,user3509@mail.co.in,2026-03-24,GB
u00-003510,user3510@uni.edu,2026-09-13,DE
u00-003511,user3511@uni.edu,2026-02-28,GB
u00-003512,user3512@corp.io,2026-07-26,DE
u00-003513,user3513@mail.co.in,2026-09-26,DE
u00-003514,user3514@example.com.,2026-08-28,AU
u00-003515,user3515@corp.io,2026-04-23,GB
u00-003516,user3516@example.com,2026-06-18,GB
u00-003517,user3517@uni.edu,2026-04-28,US
u00-003518,user3518@uni.edu,2026-04-20,DE
u00-003519,user3519@corp.io,2026-08-12,AU
u00-003520,user3520@corp.io,2026-05-13,AU
u00-003521,user3521@example.com,2026-06-27,AU
u00-003522,user3522@uni.edu,2026-07-28,DE
u00-003523,user3523@mail.co.in,2026-03-25,DE
u00-003524,user3524@corp.io,2026-09-26,DE
u00-003525,user3525@mail.co.in,2026-05-11,US
u00-003526,user3526@uni.edu,2026-06-26,AU
u00-003527,user3527@mail.co.in,2026-08-11,IN
u00-003528,user3528@example.com,2026-08-21,AU
u00-003529,user3529@uni.edu,2026-03-10,IN
u00-003530,user3530@example.com,2026-05-19,US
u00-003531,user3531@corp.io,2026-08-19,AU
u00-003532,user3532@uni.edu,2026-09-28,US
u00-003533,user3533@example.com,2026-05-20,SG
u00-003534,user3534@corp.io,2026-06-27,US
u00-003535,user3535@uni.edu,2026-09-12,AU
u00-003536,user3536@mail.co.in,2026-08-27,DE
u00-003537,user3537@uni.edu,2026-03-20,AU
u00-003538,user3538@corp.io,2026-09-28,AU
u00-003539,user3539@example.com,2026-09-20,IN
u00-003540,user3540@uni.edu,2026-05-23,US
u00-003541,user3541@uni.edu,2026-09-22,DE
u00-003542,user3542@uni.edu,2026-08-17,DE
u00-003543,user3543@example.com,2026-06-20,DE
u00-003544,user3544@example.com,2026-03-12,AU
u00-003545,user3545@example.com,2026-03-10,US
u00-003546,user3546@corp.io,2026-01-25,SG
u00-003547,user3547@uni.edu,2026-08-15,GB
u00-003548,user3548@mail.co.in,2026-09-17,US
u00-003549,user3549@uni.edu,2026-02-20,GB
u00-003550,user3550@uni.edu,2026-02-26,IN
u00-003551,user3551@example.com,2026-03-26,US
u00-003552,user3552@mail.co.in,2026-03-18,US
u00-003553,user3553@uni.edu,2026-07-16,DE
u00-003554,user3554@mail.co.in,2026-04-16,IN
u00-003555,user3555@example.com,2026-09-15,GB
u00-003556,user3556@mail.co.in,2026-05-23,IN
u00-003557,user3557@corp.io,2026-03-21,IN
u00-003558,user3558@uni.edu,2026-02-19,IN
u00-003559,user3559@mail.co.in,2026-08-17,IN
u00-003560,user3560@example.com,2026-07-27,SG
u00-003561,user3561@mail.co.in,2026-07-13,IN
u00-003562,user3562@example.com,2026-01-12,US
u00-003563,user3563@mail.co.in,2026-07-16,IN
u00-003564,user3564@mail.co.in,2026-03-21,SG
u00-003565,user3565@uni.edu,2026-07-21,AU
u00-003566,user3566@example.com,2026-07-21,DE
u00-003567,user3567@uni.edu,2026-01-19,GB
u00-003568,user3568@uni.edu,2026-09-16,IN
u00-003569,user3569@uni.edu,2026-01-16,AU
u00-003570,user3570@mail.co.in,2026-03-23,DE
u00-003571,user3571@example.com,2026-04-23,AU
u00-003572,user3572@example.com,2026-01-23,SG
u00-003573,user3573@corp.io,2026-04-28,US
u00-003574,user3574@mail.co.in,2026-03-16,US
u00-003575,user3575@corp.io,2026-03-27,IN
u00-003576,user3576@corp.io,2026-02-12,AU
u00-003577,user3577@corp.io,2026-08-28,SG
u00-003578,user3578@mail.co.in,2026-01-10,AU
u00-003579,user3579@corp.io,2026-01-11,GB
u00-003580,user3580@corp.io,2026-08-20,AU
u00-003581,user3581@mail.co.in,2026-09-20,US
u00-003582,user3582@corp.io,2026-08-10,SG
u00-003583,user3583@example.com,2026-08-13,US
u00-003584,user3584@corp.io,2026-09-25,AU
u00-003585,user3585@example.com,2026-03-19,US
u00-003586,user3586@corp.io,2026-09-15,AU
u00-003587,user3587@corp.io,2026-08-21,DE
u00-003588,user3588@corp.io,2026-07-13,AU
u00-003589,user3589@corp.io,2026-03-24,US
u00-003590,user3590@corp.io,2026-04-15,AU
u00-003591,user3591@mail.co.in,2026-04-20,SG
u00-003592,user3592@corp.io,2026-03-27,SG
u00-003593,user3593@uni.edu,2026-09-23,IN
u00-003594,user3594@corp.io,2026-01-13,SG
u00-003595,user3595@mail.co.in,2026-01-28,SG
u00-003596,user3596@uni.edu,2026-04-19,SG
u00-003597,user3597@mail.co.in,2026-08-25,SG
u00-003598,user3598@corp.io,2026-06-12,DE
u00-003599,user3599@mail.co.in,2026-05-27,US
u00-003600,user3600@uni.edu,2026-06-27,US
u00-003601,user3601@corp.io,2026-03-21,SG
u00-003602,user3602@uni.edu,2026-07-11,IN
u00-003603,user3603@uni.edu,2026-09-13,AU
u00-003604,user3604@uni.edu,2026-05-25,SG
u00-003605,user3605@uni.edu,2026-05-23,AU
u00-003606,user3606@uni.edu,2026-09-17,IN
u00-003607,user3607@corp.io,2026-07-15,DE
u00-003608,user3608@corp.io,2026-02-14,IN
u00-003609,user3609@uni.edu,2026-02-25,AU
u00-003610,user3610@mail.co.in,2026-09-22,SG
u00-003611,user3611@mail.co.in,2026-06-16,US
u00-003612,user3612@mail.co.in,2026-08-24,DE
u00-003613,user3613@uni.edu,2026-06-17,IN
u00-003614,user3614@corp.io,2026-07-10,IN
u00-003615,user3615@example.com,2026-01-24,US
u00-003616,user3616@uni.edu,2026-04-24,DE
u00-003617,user3617@uni.edu,2026-07-15,US
u00-003618,user3618@mail.co.in,2026-06-25,SG
u00-003619,user3619@mail.co.in,2026-03-23,US
u00-003620,user3620@example.com,2026-05-19,DE
u00-003621,user3621@example.com,2026-04-19,IN
u00-003622,user3622@corp.io,2026-06-15,SG
u00-003623,user3623@mail.co.in,2026-04-14,AU
u00-003624,user3624@example.com,2026-04-13,US
u00-003625,user3625@corp.io,2026-07-24,SG
u00-003626,user3626@corp.io,2026-02-11,US
u00-003627,user3627@uni.edu,2026-05-17,GB
u00-003628,user3628@uni.edu,2026-03-13,AU
u00-003629,user3629@mail.co.in,2026-07-27,SG
u00-003630,user3630@example.com,2026-09-18,SG
u00-003631,user3631@example.com,2026-06-28,US
u00-003632,user3632@example.com,2026-04-21,IN
u00-003633,user3633@uni.edu,2026-05-24,DE
u00-003634,user3634@corp.io,2026-06-20,AU
u00-003635,user3635@corp.io,2026-04-15,GB
u00-003636,user3636@example.com,2026-01-11,IN
u00-003637,user3637@mail.co.in,2026-02-27,US
u00-003638,user3638@uni.edu,2026-05-20,SG
u00-003639,user3639@corp.io,2026-09-16,IN
u00-003640,user3640@corp.io,2026-09-15,SG
u00-003641,user3641@corp.io,2026-02-18,SG
u00-003642,user3642@mail.co.in,2026-01-27,GB
u00-003643,user3643@uni.edu,2026-09-21,GB
u00-003644,user3644@mail.co.in,2026-09-21,DE
u00-003645,user3645@uni.edu,2026-09-21,AU
u00-003646,user3646@example.com,2026-01-15,GB
u00-003647,user3647@example.com,2026-03-12,US
u00-003648,user3648@uni.edu,2026-01-22,GB
u00-003649,user3649@mail.co.in,2026-07-25,AU
u00-003650,user3650@uni.edu,2026-04-19,IN
u00-003651,user3651@example.com,2026-03-17,DE
u00-003652,user3652@uni.edu,2026-02-15,IN
u00-003653,user3653@example.com,2026-09-16,GB
u00-003654,user3654@mail.co.in,2026-06-11,AU
u00-003655,user3655@corp.io,2026-04-19,IN
u00-003656,user3656@mail.co.in,2026-09-18,DE
u00-003657,user3657@uni.edu,2026-09-12,DE
u00-003658,user3658@example.com,2026-04-23,DE
u00-003659,user3659@example.com,2026-04-13,DE
u00-003660,user3660@example.com,2026-02-22,GB
u00-003661,user3661@mail.co.in,2026-02-10,GB
u00-003662,user3662@example.com,2026-02-27,US
u00-003663,user3663@corp.io,2026-08-14,SG
u00-003664,user3664@example.com,2026-03-18,SG
u00-003665,user3665@mail.co.in,2026-07-28,US
u00-003666,user3666@example.com,2026-08-17,IN
u00-003667,user3667@uni.edu,2026-06-27,SG
u00-003668,user3668@mail.co.in,2026-07-14,IN
u00-003669,user3669@example.com,2026-07-28,DE
u00-003670,user3670@corp.io,2026-01-17,GB
u00-003671,user3671@corp.io,2026-03-25,DE
u00-003672,user3672@corp.io,2026-07-24,DE
u00-003673,user3673@corp.io,2026-09-11,SG
u00-003674,user3674@corp.io,2026-05-14,IN
u00-003675,user3675@example.com,2026-08-14,SG
u00-003676,user3676@example.com,2026-03-21,GB
u00-003677,user3677@uni.edu,2026-05-24,SG
u00-003678,user3678@example.com,2026-03-28,IN
u00-003679,user3679@corp.io,2026-09-26,IN
u00-003680,user3680@uni.edu,2026-04-20,AU
u00-003681,user3681@corp.io,2026-02-17,AU
u00-003682,user3682@corp.io,2026-03-28,GB
u00-003683,user3683@uni.edu,2026-09-21,SG
u00-003684,user3684@mail.co.in,2026-07-15,SG
u00-003685,user3685@uni.edu,2026-01-12,US
u00-003686,user3686@mail.co.in,2026-07-12,US
u00-003687,user3687@corp.io,2026-06-24,AU
u00-003688,user3688@uni.edu,2026-01-17,US
u00-003689,user3689@example.com,2026-05-20,AU
u00-003690,user3690@corp.io,2026-02-20,DE
u00-003691,user3691@uni.edu,2026-02-12,AU
u00-003692,user3692@mail.co.in,2026-02-11,IN
u00-003693,user3693@mail.co.in,2026-05-26,SG
u00-003694,user3694@mail.co.in,2026-03-14,DE
u00-003695,user3695@corp.io,2026-07-20,US
u00-003696,user3696@uni.edu,2026-03-28,GB
u00-003697,user3697@uni.edu,2026-01-14,DE
u00-003698,user3698@example.com,2026-08-11,DE
u00-003699,user3699@uni.edu,2026-02-26,US
u00-003700,user3700@uni.edu,2026-01-10,IN
u00-003701,user3701@example.com,2026-08-16,AU
u00-003702,user3702@uni.edu,2026-04-13,SG
u00-003703,user3703@uni.edu,2026-02-11,DE
u00-003704,user3704@example.com,2026-04-22,US
u00-003705,user3705@mail.co.in,2026-01-24,AU
u00-003706,user3706@corp.io,2026-03-17,GB
u00-003707,user3707@uni.edu,2026-04-10,IN
u00-003708,user3708@corp.io,2026-07-22,DE
u00-003709,user3709@mail.co.in,2026-09-26,US
u00-003710,user3710@example.com,2026-02-13,SG
u00-003711,user3711@example.com,2026-09-18,AU
u00-003712,user3712@example.com,2026-08-18,AU
u00-003713,user3713@mail.co.in,2026-05-26,DE
u00-003714,user3714@mail.co.in,2026-01-23,US
u00-003715,user3715@example.com,2026-09-26,SG
u00-003716,user3716@mail.co.in,2026-03-23,DE
u00-003717,user3717@corp.io,2026-01-28,AU
u00-003718,user3718@example.com,2026-05-28,DE
u00-003719,user3719@uni.edu,2026-04-10,US
u00-003720,user3720@mail.co.in,2026-02-26,SG
u00-003721,user3721@example.com,2026-07-22,DE
u00-003722,user3722@uni.edu,2026-09-25,DE
u00-003723,user3723@example.com,2026-08-24,AU
u00-003724,user3724@mail.co.in,2026-01-20,AU
u00-003725,user3725@example.com,2026-02-26,GB
u00-003726,user3726@uni.edu,2026-07-28,AU
u00-003727,user3727@mail.co.in,2026-05-19,US
u00-003728,user3728@mail.co.in,2026-05-15,DE
u00-003729,user3729@corp.io,2026-04-16,DE
u00-003730,user3730@corp.io,2026-01-12,AU
u00-003731,user3731@corp.io,2026-06-25,DE
u00-003732,user3732@example.com,2026-08-10,GB
u00-003733,user3733@example.com,2026-01-19,GB
u00-003734,user3734@uni.edu,2026-04-26,DE
u00-003735,user3735@corp.io,2026-03-12,DE
u00-003736,user3736@example.com,2026-07-23,US
u00-003737,user3737@uni.edu,2026-09-27,IN
u00-003738,user3738@example.com,2026-06-17,US
u00-003739,user3739@example.com,2026-01-17,AU
u00-003740,user3740@mail.co.in,2026-09-26,US
u00-003741,user3741@corp.io,2026-05-14,US
u00-003742,user3742@example.com,2026-09-16,DE
u00-003743,user3743@uni.edu,2026-04-12,US
u00-003744,user3744@uni.edu,2026-06-24,AU
u00-003745,user3745@example.com,2026-09-24,GB
u00-003746,user3746@uni.edu,2026-03-19,DE
u00-003747,user3747@uni.edu,2026-03-20,DE
u00-003748,user3748@corp.io,2026-03-16,IN
u00-003749,user3749@uni.edu,2026-02-12,GB
u00-003750,user3750@corp.io,2026-05-16,IN
u00-003751,user3751@mail.co.in,2026-07-21,AU
u00-003752,user3752@corp.io,2026-03-20,US
u00-003753,user3753@mail.co.in,2026-03-23,IN
u00-003754,user3754@uni.edu,2026-04-13,US
u00-003755,user3755@mail.co.in,2026-09-11,DE
u00-003756,user3756@mail.co.in,2026-08-18,SG
u00-003757,user3757@mail.co.in,2026-06-16,US
u00-003758,user3758@uni.edu,2026-08-17,SG
u00-003759,user3759@mail.co.in,2026-02-20,DE
u00-003760,user3760@example.com,2026-09-18,US
u00-003761,user3761@mail.co.in,2026-05-24,SG
u00-003762,user3762@mail.co.in,2026-07-19,US
u00-003763,user3763@example.com,2026-08-21,SG
u00-003764,user3764@example.com,2026-08-19,GB
u00-003765,user3765@mail.co.in,2026-06-21,GB
u00-003766,user3766@corp.io,2026-03-15,AU
u00-003767,user3767@corp.io,2026-09-13,DE
u00-003768,user3768@mail.co.in,2026-08-14,IN
u00-003769,user3769@example.com,2026-02-10,AU
u00-003770,user3770@uni.edu,2026-04-26,GB
u00-003771,user3771@mail.co.in,2026-09-26,US
u00-003772,user3772@corp.io,2026-01-22,GB
u00-003773,user3773@mail.co.in,2026-06-12,US
u00-003774,user3774@uni.edu,2026-03-22,US
u00-003775,user3775@example.com,2026-02-26,GB
u00-003776,user3776@corp.io,2026-08-13,US
u00-003777,user3777@example.com,2026-05-28,IN
u00-003778,user3778@example.com,2026-05-15,DE
u00-003779,user3779@uni.edu,2026-09-27,SG
u00-003780,user3780@corp.io,2026-03-27,IN
u00-003781,user3781@corp.io,2026-06-28,GB
u00-003782,user3782@example.com,2026-03-12,AU
u00-003783,user3783@example.com,2026-09-26,SG
u00-003784,user3784@mail.co.in,2026-04-11,SG
u00-003785,user3785@uni.edu,2026-03-12,GB
u00-003786,user3786@example.com,2026-02-21,IN
u00-003787,user3787@corp.io,2026-05-19,US
u00-003788,user3788@example.com,2026-09-14,IN
u00-003789,user3789@uni.edu,2026-08-24,US
u00-003790,user3790@example.com,2026-01-23,SG
u00-003791,user3791@uni.edu,2026-03-23,DE
u00-003792,user3792@example.com,2026-06-22,AU
u00-003793,user3793@uni.edu,2026-01-18,AU
u00-003794,user3794@corp.io,2026-07-20,US
u00-003795,user3795@uni.edu,2026-03-12,IN
u00-003796,user3796@uni.edu,2026-06-10,IN
u00-003797,user3797@uni.edu,2026-06-27,US
u00-003798,user3798@uni.edu,2026-09-11,SG
u00-003799,user3799@mail.co.in,2026-06-16,US
u00-003800,user3800@corp.io,2026-09-16,IN
u00-003801,user3801@corp.io,2026-02-15,AU
u00-003802,user3802@mail.co.in,2026-06-26,IN
u00-003803,user3803@example.com,2026-02-13,GB
u00-003804,user3804@example.com,2026-07-17,DE
u00-003805,user3805@uni.edu,2026-01-21,SG
u00-003806,user3806@corp.io,2026-08-10,SG
u00-003807,user3807@mail.co.in,2026-08-18,US
u00-003808,user3808@mail.co.in,2026-08-15,AU
u00-003809,user3809@example.com,2026-07-28,US
u00-003810,user3810@mail.co.in,2026-07-25,AU
u00-003811,user3811@uni.edu,2026-08-10,IN
u00-003812,user3812@corp.io,2026-04-15,GB
u00-003813,user3813@example.com,2026-09-13,GB
u00-003814,user3814@example.com,2026-06-13,AU
u00-003815,user3815@uni.edu,2026-01-20,GB
u00-003816,user3816@mail.co.in,2026-01-21,DE
u00-003817,user3817@uni.edu,2026-02-12,US
u00-003818,user3818@mail.co.in,2026-05-16,AU
u00-003819,user3819@example.com,2026-09-21,DE
u00-003820,user3820@uni.edu,2026-04-15,IN
u00-003821,user3821@corp.io,2026-03-17,DE
u00-003822,user3822@example.com,2026-09-21,IN
u00-003823,user3823@uni.edu,2026-04-12,DE
u00-003824,user3824@uni.edu,2026-07-17,AU
u00-003825,user3825@mail.co.in,2026-01-12,US
u00-003826,user3826@example.com,2026-01-13,AU
u00-003827,user3827@example.com,2026-05-15,US
u00-003828,user3828@uni.edu,2026-01-13,AU
u00-003829,user3829@corp.io,2026-07-21,DE
u00-003830,user3830@corp.io,2026-08-16,DE
u00-003831,user3831@uni.edu,2026-07-12,SG
u00-003832,user3832@example.com,2026-07-20,AU
u00-003833,user3833@example.com,2026-01-18,GB
u00-003834,user3834@uni.edu,2026-03-28,DE
u00-003835,user3835@uni.edu,2026-09-13,IN
u00-003836,user3836@uni.edu,2026-07-20,GB
u00-003837,user3837@mail.co.in,2026-04-27,IN
u00-003838,user3838@example.com,2026-08-21,US
u00-003839,user3839@example.com,2026-08-21,IN
u00-003840,user3840@corp.io,2026-06-18,SG
u00-003841,user3841@uni.edu,2026-01-27,AU
u00-003842,user3842@mail.co.in,2026-06-20,IN
u00-003843,user3843@corp.io,2026-06-13,US
u00-003844,user3844@mail.co.in,2026-01-15,DE
u00-003845,user3845@mail.co.in,2026-07-23,GB
u00-003846,user3846@mail.co.in,2026-07-16,GB
u00-003847,user3847@corp.io,2026-06-22,SG
u00-003848,user3848@example.com,2026-08-28,SG
u00-003849,user3849@uni.edu,2026-06-22,AU
u00-003850,user3850@example.com,2026-01-28,GB
u00-003851,user3851@example.com,2026-04-12,DE
u00-003852,user3852@uni.edu,2026-05-19,AU
u00-003853,user3853@mail.co.in,2026-04-11,AU
u00-003854,user3854@example.com,2026-03-23,AU
u00-003855,user3855@uni.edu,2026-08-28,IN
u00-003856,user3856@mail.co.in,2026-05-18,IN
u00-003857,user3857@corp.io,2026-03-22,SG
u00-003858,user3858@example.com,2026-09-12,GB
u00-003859,user3859@corp.io,2026-06-12,DE
u00-003860,user3860@uni.edu,2026-08-11,GB
u00-003861,user3861@corp.io,2026-09-13,SG
u00-003862,user3862@example.com,2026-06-18,AU
u00-003863,user3863@corp.io,2026-04-13,AU
u00-003864,user3864@mail.co.in,2026-03-26,US
u00-003865,user3865@example.com,2026-01-27,DE
u00-003866,user3866@corp.io,2026-08-19,GB
u00-003867,user3867@example.com,2026-09-25,SG
u00-003868,user3868@mail.co.in,2026-06-15,SG
u00-003869,user3869@example.com,2026-07-23,DE
u00-003870,user3870@corp.io,2026-02-21,US
u00-003871,user3871@uni.edu,2026-01-13,IN
u00-003872,user3872@uni.edu,2026-07-15,AU
u00-003873,user3873@example.com,2026-08-10,GB
u00-003874,user3874@uni.edu,2026-01-14,IN
u00-003875,user3875@corp.io,2026-08-11,US
u00-003876,user3876@example.com,2026-03-23,DE
u00-003877,user3877@corp.io,2026-09-18,AU
u00-003878,user3878@example.com,2026-03-23,DE
u00-003879,user3879@mail.co.in,2026-01-27,IN
u00-003880,user3880@example.com,2026-02-26,DE
u00-003881,user3881@uni.edu,2026-05-25,GB
u00-003882,user3882@mail.co.in,2026-05-15,US
u00-003883,user3883@corp.io,2026-02-17,SG
u00-003884,user3884@mail.co.in,2026-07-15,SG
u00-003885,user3885@uni.edu,2026-01-16,US
u00-003886,user3886@corp.io,2026-03-10,DE
u00-003887,user3887@corp.io,2026-05-27,GB
u00-003888,user3888@example.com,2026-08-11,DE
u00-003889,user3889@example.com,2026-02-11,IN
u00-003890,user3890@example.com,2026-01-17,GB
u00-003891,user3891@corp.io,2026-07-21,AU
u00-003892,user3892@mail.co.in,2026-06-10,GB
u00-003893,user3893@uni.edu,2026-02-24,AU
u00-003894,user3894@corp.io,2026-07-19,DE
u00-003895,user3895@corp.io,2026-04-12,DE
u00-003896,user3896@example.com,2026-07-17,DE
u00-003897,user3897@example.com,2026-04-12,DE
u00-003898,user3898@mail.co.in,2026-04-14,AU
u00-003899,user3899@mail.co.in,2026-05-16,AU
u00-003900,user3900@corp.io,2026-08-19,AU
u00-003901,user3901@corp.io,2026-03-14,US
u00-003902,user3902@uni.edu,2026-07-25,DE
u00-003903,user3903@example.com,2026-06-22,US
u00-003904,user3904@corp.io,2026-02-24,SG
u00-003905,user3905@example.com,2026-05-24,IN
u00-003906,user3906@uni.edu,2026-06-13,DE
u00-003907,user3907@uni.edu,2026-03-15,SG
u00-003908,user3908@uni.edu,2026-07-13,GB
u00-003909,user3909@uni.edu,2026-06-24,SG
u00-003910,user3910@corp.io,2026-07-23,DE
u00-003911,user3911@uni.edu,2026-09-25,DE
u00-003912,user3912@corp.io,2026-06-15,IN
u00-003913,user3913@mail.co.in,2026-07-13,US
u00-003914,user3914@corp.io,2026-03-17,SG
u00-003915,user3915@example.com,2026-01-21,DE
u00-003916,user3916@example.com,2026-06-25,AU
u00-003917,user3917@uni.edu,2026-08-25,AU
u00-003918,user3918@uni.edu,2026-01-16,AU
u00-003919,user3919@corp.io,2026-04-15,IN
u00-003920,user3920@corp.io,2026-01-14,DE
u00-003921,user3921@corp.io,2026-07-18,US
u00-003922,user3922@corp.io,2026-05-17,US
u00-003923,user3923@corp.io,2026-08-11,US
u00-003924,user3924@example.com,2026-07-27,US
u00-003925,user3925@example.com,2026-01-22,DE
u00-003926,user3926@uni.edu,2026-01-22,AU
u00-003927,user3927@mail.co.in,2026-01-21,SG
u00-003928,user3928@example.com,2026-05-18,AU
u00-003929,user3929@example.com,2026-06-20,US
u00-003930,user3930@example.com,2026-05-21,IN
u00-003931,user3931@mail.co.in,2026-09-14,IN
u00-003932,user3932@example.com,2026-03-21,GB
u00-003933,user3933@example.com,2026-09-21,AU
u00-003934,user3934@corp.io,2026-04-17,SG
u00-003935,user3935@corp.io,2026-09-19,SG
u00-003936,user3936@example.com,2026-02-23,IN
u00-003937,user3937@uni.edu,2026-06-17,SG
u00-003938,user3938@uni.edu,2026-01-12,GB
u00-003939,user3939@uni.edu,2026-02-12,AU
u00-003940,user3940@uni.edu,2026-03-14,SG
u00-003941,user3941@example.com,2026-02-13,AU
u00-003942,user3942@corp.io,2026-01-14,US
u00-003943,user3943@corp.io,2026-03-13,SG
u00-003944,user3944@example.com,2026-03-18,AU
u00-003945,user3945@mail.co.in,2026-07-21,DE
u00-003946,user3946@example.com,2026-05-19,US
u00-003947,user3947@uni.edu,2026-01-24,GB
u00-003948,user3948@corp.io,2026-02-18,DE
u00-003949,user3949@uni.edu,2026-05-16,GB
u00-003950,user3950@uni.edu,2026-03-23,AU
u00-003951,user3951@example.com,2026-01-10,GB
u00-003952,user3952@uni.edu,2026-01-17,AU
u00-003953,user3953@example.com,2026-03-10,IN
u00-003954,user3954@uni.edu,2026-03-22,SG
u00-003955,user3955@example.com,2026-07-26,US
u00-003956,user3956@corp.io,2026-02-14,US
u00-003957,user3957@corp.io,2026-06-25,SG
u00-003958,user3958@example.com,2026-09-14,DE
u00-003959,user3959@uni.edu,2026-06-13,GB
u00-003960,user3960@mail.co.in,2026-03-15,AU
u00-003961,user3961@uni.edu,2026-01-15,AU
u00-003962,user3962@mail.co.in,2026-03-27,IN
u00-003963,user3963@example.com,2026-07-26,IN
u00-003964,user3964@mail.co.in,2026-08-28,US
u00-003965,user3965@example.com,2026-02-12,IN
u00-003966,user3966@example.com,2026-04-13,IN
u00-003967,user3967@corp.io,2026-01-14,US
u00-003968,user3968@corp.io,2026-08-28,US
u00-003969,user3969@mail.co.in,2026-06-14,IN
u00-003970,user3970@mail.co.in,2026-06-14,SG
u00-003971,user3971@mail.co.in,2026-04-25,DE
u00-003972,user3972@corp.io,2026-01-13,GB
u00-003973,user3973@mail.co.in,2026-08-16,GB
u00-003974,user3974@corp.io,2026-07-14,AU
u00-003975,user3975@mail.co.in,2026-02-28,GB
u00-003976,user3976@uni.edu,2026-06-26,IN
u00-003977,user3977@corp.io,2026-08-27,GB
u00-003978,user3978@mail.co.in,2026-01-17,GB
u00-003979,user3979@corp.io,2026-02-21,DE
u00-003980,user3980@uni.edu,2026-07-11,GB
u00-003981,user3981@uni.edu,2026-05-14,SG
u00-003982,user3982@corp.io,2026-06-28,US
u00-003983,user3983@uni.edu,2026-08-25,SG
u00-003984,user3984@example.com,2026-06-22,SG
u00-003985,user3985@uni.edu,2026-01-22,US
u00-003986,user3986@mail.co.in,2026-07-13,US
u00-003987,user3987@corp.io,2026-07-23,GB
u00-003988,user3988@uni.edu,2026-03-16,IN
u00-003989,user3989@corp.io,2026-03-13,DE
u00-003990,user3990@corp.io,2026-05-12,GB
u00-003991,user3991@uni.edu,2026-06-10,AU
u00-003992,user3992@mail.co.in,2026-07-23,US
u00-003993,user3993@uni.edu,2026-07-27,AU
u00-003994,user3994@uni.edu,2026-04-24,SG
u00-003995,user3995@uni.edu,2026-09-26,US
u00-003996,user3996@corp.io,2026-05-28,AU
u00-003997,user3997@corp.io,2026-03-10,US
u00-003998,user3998@example.com,2026-05-11,US
u00-003999,user3999@mail.co.in,2026-04-19,SG
u00-004000,user4000@mail.co.in,2026-09-15,DE
u00-004001,user4001@corp.io,2026-08-28,IN
u00-004002,user4002@mail.co.in,2026-02-24,US
u00-004003,user4003@example.com,2026-08-10,GB
u00-004004,user4004@example.com,2026-01-25,US
u00-004005,user4005@mail.co.in,2026-03-22,AU
u00-004006,user4006@corp.io,2026-08-17,US
u00-004007,user4007@mail.co.in,2026-06-22,GB
u00-004008,user4008@mail.co.in,2026-05-24,AU
u00-004009,user4009@uni.edu,2026-06-17,IN
u00-004010,user4010@uni.edu,2026-07-21,DE
u00-004011,user4011@corp.io,2026-09-23,IN
u00-004012,user4012@example.com,2026-02-13,US
u00-004013,user4013@mail.co.in,2026-04-15,GB
u00-004014,user4014@uni.edu,2026-01-14,GB
u00-004015,user4015@corp.io,2026-08-19,IN
u00-004016,user4016@uni.edu,2026-09-22,AU
u00-004017,user4017@mail.co.in,2026-04-27,AU
u00-004018,user4018@example.com,2026-06-24,AU
u00-004019,user4019@uni.edu,2026-04-28,GB
u00-004020,user4020@mail.co.in,2026-01-25,DE
u00-004021,user4021@uni.edu,2026-09-11,IN
u00-004022,user4022@mail.co.in,2026-03-12,US
u00-004023,user4023@corp.io,2026-08-19,GB
u00-004024,user4024@uni.edu,2026-01-28,DE
u00-004025,user4025@mail.co.in,2026-08-15,DE
u00-004026,user4026@mail.co.in,2026-06-20,IN
u00-004027,user4027@mail.co.in,2026-03-24,AU
u00-004028,user4028@mail.co.in,2026-08-10,IN
u00-004029,user4029@uni.edu,2026-07-17,US
u00-004030,user4030@uni.edu,2026-04-21,SG
u00-004031,user4031@example.com,2026-05-23,GB
u00-004032,user4032@uni.edu,2026-06-13,SG
u00-004033,user4033@corp.io,2026-05-20,SG
u00-004034,user4034@uni.edu,2026-06-17,GB
u00-004035,user4035@example.com,2026-09-27,IN
u00-004036,user4036@example.com,2026-01-20,IN
u00-004037,user4037@example.com,2026-08-28,IN
u00-004038,user4038@uni.edu,2026-09-23,US
u00-004039,user4039@uni.edu,2026-09-25,DE
u00-004040,user4040@uni.edu,2026-09-13,SG
u00-004041,user4041@example.com,2026-07-12,DE
u00-004042,user4042@corp.io,2026-03-12,IN
u00-004043,user4043@example.com,2026-09-17,US
u00-004044,user4044@uni.edu,2026-01-20,DE
u00-004045,user4045@example.com,2026-06-10,AU
u00-004046,user4046@uni.edu,2026-03-13,SG
u00-004047,user4047@uni.edu,2026-06-19,DE
u00-004048,user4048@example.com,2026-01-17,GB
u00-004049,user4049@mail.co.in,2026-04-28,GB
u00-004050,user4050@corp.io,2026-01-11,AU
u00-004051,user4051@corp.io,2026-08-18,GB
u00-004052,user4052@mail.co.in,2026-05-10,DE
u00-004053,user4053@corp.io,2026-06-14,SG
u00-004054,user4054@mail.co.in,2026-03-17,IN
u00-004055,user4055@example.com,2026-02-22,DE
u00-004056,user4056@example.com,2026-03-14,SG
u00-004057,user4057@example.com,2026-09-19,IN
u00-004058,user4058@uni.edu,2026-03-18,DE
u00-004059,user4059@example.com,2026-01-24,DE
u00-004060,user4060@corp.io,2026-02-27,GB
u00-004061,user4061@corp.io,2026-07-10,AU
u00-004062,user4062@corp.io,2026-02-21,AU
u00-004063,user4063@corp.io,2026-03-24,DE
u00-004064,user4064@example.com,2026-02-23,DE
u00-004065,user4065@example.com,2026-01-23,AU
u00-004066,user4066@uni.edu,2026-02-28,SG
u00-004067,user4067@uni.edu,2026-02-23,DE
u00-004068,user4068@mail.co.in,2026-08-19,AU
u00-004069,user4069@corp.io,2026-05-13,GB
u00-004070,user4070@mail.co.in,2026-07-21,AU
u00-004071,user4071@example.com,2026-08-28,US
u00-004072,user4072@mail.co.in,2026-06-14,DE
u00-004073,user4073@uni.edu,2026-08-12,GB
u00-004074,user4074@corp.io,2026-07-16,DE
u00-004075,user4075@uni.edu,2026-09-22,DE
u00-004076,user4076@example.com,2026-01-17,GB
u00-004077,user4077@uni.edu,2026-07-13,DE
u00-004078,user4078@mail.co.in,2026-03-23,SG
u00-004079,user4079@mail.co.in,2026-01-18,DE
u00-004080,user4080@corp.io,2026-04-27,DE
u00-004081,user4081@example.com,2026-06-13,AU
u00-004082,user4082@mail.co.in,2026-03-19,US
u00-004083,user4083@mail.co.in,2026-07-17,US
u00-004084,user4084@mail.co.in,2026-04-25,DE
u00-004085,user4085@uni.edu,2026-09-26,US
u00-004086,user4086@mail.co.in,2026-04-12,GB
u00-004087,user4087@mail.co.in,2026-02-18,GB
u00-004088,user4088@example.com,2026-08-18,SG
u00-004089,user4089@example.com,2026-09-27,AU
u00-004090,user4090@uni.edu,2026-07-28,AU
u00-004091,user4091@uni.edu,2026-04-11,US
u00-004092,user4092@corp.io,2026-01-15,US
u00-004093,user4093@uni.edu,2026-03-10,AU
u00-004094,user4094@mail.co.in,2026-07-27,SG
u00-004095,user4095@corp.io,2026-06-20,AU
u00-004096,user4096@example.com,2026-05-12,IN
u00-004097,user4097@example.com,2026-06-14,SG
u00-004098,user4098@uni.edu,2026-07-26,DE
u00-004099,user4099@uni.edu,2026-05-23,AU
u00-004100,user4100@example.com,2026-05-19,AU
u00-004101,user4101@corp.io,2026-06-18,SG
u00-004102,user4102@uni.edu,2026-09-16,IN
u00-004103,user4103@example.com,2026-04-19,US
u00-004104,user4104@example.com,2026-08-17,US
u00-004105,user4105@uni.edu,2026-06-21,SG
u00-004106,user4106@corp.io,2026-08-22,AU
u00-004107,user4107@example.com,2026-03-25,AU
u00-004108,user4108@example.com,2026-05-18,DE
u00-004109,user4109@uni.edu,2026-05-24,IN
u00-004110,user4110@corp.io,2026-03-13,GB
u00-004111,user4111@mail.co.in,2026-02-25,US
u00-004112,user4112@uni.edu,2026-05-18,DE
u00-004113,user4113@example.com,2026-06-27,US
u00-004114,user4114@corp.io,2026-09-10,AU
u00-004115,user4115@corp.io,2026-04-25,GB
u00-004116,user4116@uni.edu,2026-05-20,SG
u00-004117,user4117@uni.edu,2026-07-19,SG
u00-004118,user4118@mail.co.in,2026-04-18,US
u00-004119,user4119@example.com,2026-02-22,IN
u00-004120,user4120@example.com,2026-02-18,US
u00-004121,user4121@uni.edu,2026-02-25,DE
u00-004122,user4122@corp.io,2026-08-27,DE
u00-004123,user4123@uni.edu,2026-08-23,AU
u00-004124,user4124@uni.edu,2026-06-19,DE
u00-004125,user4125@corp.io,2026-04-19,AU
u00-004126,user4126@corp.io,2026-08-24,GB
u00-004127,user4127@example.com,2026-01-16,AU
u00-004128,user4128@corp.io,2026-09-10,DE
u00-004129,user4129@example.com,2026-03-28,AU
u00-004130,user4130@example.com,2026-04-18,DE
u00-004131,user4131@uni.edu,2026-02-20,IN
u00-004132,user4132@corp.io,2026-08-26,AU
u00-004133,user4133@uni.edu,2026-08-28,SG
u00-004134,user4134@mail.co.in,2026-07-10,US
u00-004135,user4135@example.com,2026-02-14,US
u00-004136,user4136@example.com,2026-07-27,SG
u00-004137,user4137@uni.edu,2026-06-23,US
u00-004138,user4138@uni.edu,2026-01-21,AU
u00-004139,user4139@example.com,2026-06-13,SG
u00-004140,user4140@corp.io,2026-09-28,US
u00-004141,user4141@example.com,2026-04-16,SG
u00-004142,user4142@uni.edu,2026-04-11,IN
u00-004143,user4143@mail.co.in,2026-05-14,SG
u00-004144,user4144@mail.co.in,2026-06-12,GB
u00-004145,user4145@mail.co.in,2026-02-23,GB
u00-004146,user4146@example.com,2026-01-12,US
u00-004147,user4147@corp.io,2026-05-10,US
u00-004148,user4148@uni.edu,2026-02-21,GB
u00-004149,user4149@corp.io,2026-07-17,DE
u00-004150,user4150@corp.io,2026-02-21,DE
u00-004151,user4151@example.com,2026-05-22,DE
u00-004152,user4152@mail.co.in,2026-09-25,AU
u00-004153,user4153@mail.co.in,2026-04-11,DE
u00-004154,user4154@uni.edu,2026-04-12,US
u00-004155,user4155@mail.co.in,2026-09-11,DE
u00-004156,user4156@example.com,2026-08-26,DE
u00-004157,user4157@example.com,2026-05-24,DE
u00-004158,user4158@mail.co.in,2026-09-26,SG
u00-004159,user4159@uni.edu,2026-06-12,SG
u00-004160,user4160@corp.io,2026-03-16,AU
u00-004161,user4161@mail.co.in,2026-04-22,SG
u00-004162,user4162@mail.co.in,2026-09-26,SG
u00-004163,user4163@example.com,2026-06-15,IN
u00-004164,user4164@uni.edu,2026-09-11,IN
u00-004165,user4165@mail.co.in,2026-02-12,DE
u00-004166,user4166@mail.co.in,2026-02-17,SG
u00-004167,user4167@example.com,2026-09-16,GB
u00-004168,user4168@uni.edu,2026-07-19,DE
u00-004169,user4169@uni.edu,2026-07-20,SG
u00-004170,user4170@example.com,2026-01-13,DE
u00-004171,user4171@uni.edu,2026-05-12,US
u00-004172,user4172@example.com,2026-07-13,SG
u00-004173,user4173@mail.co.in,2026-06-28,IN
u00-004174,user4174@example.com,2026-08-23,SG
u00-004175,user4175@mail.co.in,2026-08-12,DE
u00-004176,user4176@corp.io,2026-08-16,IN
u00-004177,user4177@example.com,2026-05-26,GB
u00-004178,user4178@corp.io,2026-07-24,DE
u00-004179,user4179@mail.co.in,2026-03-20,GB
u00-004180,user4180@mail.co.in,2026-01-12,AU
u00-004181,user4181@mail.co.in,2026-08-20,US
u00-004182,user4182@uni.edu,2026-08-17,US
u00-004183,user4183@corp.io,2026-01-14,DE
u00-004184,user4184@mail.co.in,2026-06-28,GB
u00-004185,user4185@uni.edu,2026-03-28,AU
u00-004186,user4186@mail.co.in,2026-01-18,SG
u00-004187,user4187@corp.io,2026-08-12,IN
u00-004188,user4188@corp.io,2026-02-12,DE
u00-004189,user4189@example.com,2026-02-15,US
u00-004190,user4190@uni.edu,2026-04-15,GB
u00-004191,user4191@uni.edu,2026-04-27,GB
u00-004192,user4192@uni.edu,2026-05-16,GB
u00-004193,user4193@mail.co.in,2026-04-17,IN
u00-004194,user4194@mail.co.in,2026-04-10,DE
u00-004195,user4195@corp.io,2026-05-23,IN
u00-004196,user4196@uni.edu,2026-06-11,US
u00-004197,user4197@example.com,2026-01-22,SG
u00-004198,user4198@uni.edu,2026-01-15,US
u00-004199,user4199@uni.edu,2026-09-17,DE
u00-004200,user4200@uni.edu,2026-02-11,SG
u00-004201,user4201@corp.io,2026-08-16,IN
u00-004202,user4202@mail.co.in,2026-08-25,IN
u00-004203,user4203@mail.co.in,2026-06-26,AU
u00-004204,user4204@example.com,2026-08-24,GB
u00-004205,user4205@corp.io,2026-06-23,DE
u00-004206,user4206@mail.co.in,2026-05-22,GB
u00-004207,user4207@example.com,2026-09-11,US
u00-004208,user4208@mail.co.in,2026-06-22,SG
u00-004209,user4209@corp.io,2026-02-10,DE
u00-004210,user4210@mail.co.in,2026-05-17,SG
u00-004211,user4211@corp.io,2026-02-17,GB
u00-004212,user4212@example.com,2026-01-26,SG
u00-004213,user4213@uni.edu,2026-07-21,US
u00-004214,user4214@example.com,2026-04-26,DE
u00-004215,user4215@mail.co.in,2026-04-27,DE
u00-004216,user4216@corp.io,2026-07-21,GB
u00-004217,user4217@example.com,2026-07-27,GB
u00-004218,user4218@mail.co.in,2026-06-12,US
u00-004219,user4219@uni.edu,2026-03-22,SG
u00-004220,user4220@mail.co.in,2026-04-19,AU
u00-004221,user4221@corp.io,2026-01-22,SG
u00-004222,user4222@example.com,2026-05-28,DE
u00-004223,user4223@corp.io,2026-08-17,AU
u00-004224,user4224@corp.io,2026-06-10,SG
u00-004225,user4225@example.com,2026-03-10,IN
u00-004226,user4226@uni.edu,2026-02-14,DE
u00-004227,user4227@uni.edu,2026-07-28,IN
u00-004228,user4228@example.com,2026-06-23,GB
u00-004229,user4229@example.com,2026-04-12,DE
u00-004230,user4230@mail.co.in,2026-05-19,DE
u00-004231,user4231@mail.co.in,2026-05-16,AU
u00-004232,user4232@example.com,2026-02-20,US
u00-004233,user4233@uni.edu,2026-02-13,US
u00-004234,user4234@example.com,2026-06-19,AU
u00-004235,user4235@uni.edu,2026-04-16,SG
u00-004236,user4236@corp.io,2026-03-13,GB
u00-004237,user4237@corp.io,2026-01-11,GB
u00-004238,user4238@corp.io,2026-05-23,SG
u00-004239,user4239@mail.co.in,2026-03-21,AU
u00-004240,user4240@example.com,2026-01-18,AU
u00-004241,user4241@uni.edu,2026-07-25,SG
u00-004242,user4242@mail.co.in,2026-01-22,AU
u00-004243,user4243@corp.io,2026-08-25,GB
u00-004244,user4244@mail.co.in,2026-03-17,IN
u00-004245,user4245@corp.io,2026-06-20,IN
u00-004246,user4246@example.com,2026-01-23,GB
u00-004247,user4247@uni.edu,2026-06-19,US
u00-004248,user4248@uni.edu,2026-06-26,DE
u00-004249,user4249@example.com,2026-04-22,GB
u00-004250,user4250@mail.co.in,2026-06-28,SG
u00-004251,user4251@uni.edu,2026-04-26,US
u00-004252,user4252@uni.edu,2026-09-10,DE
u00-004253,user4253@corp.io,2026-06-19,AU
u00-004254,user4254@mail.co.in,2026-03-26,AU
u00-004255,user4255@mail.co.in,2026-06-12,IN
u00-004256,user4256@corp.io,2026-08-13,DE
u00-004257,user4257@mail.co.in,2026-07-25,US
u00-004258,user4258@example.com,2026-06-17,SG
u00-004259,user4259@uni.edu,2026-05-16,US
u00-004260,user4260@uni.edu,2026-06-11,DE
u00-004261,user4261@uni.edu,2026-06-13,DE
u00-004262,user4262@example.com,2026-05-16,GB
u00-004263,user4263@mail.co.in,2026-09-22,IN
u00-004264,user4264@corp.io,2026-04-15,US
u00-004265,user4265@corp.io,2026-07-11,DE
u00-004266,user4266@corp.io,2026-02-22,GB
u00-004267,user4267@corp.io,2026-03-11,AU
u00-004268,user4268@corp.io,2026-03-11,SG
u00-004269,user4269@uni.edu,2026-07-18,IN
u00-004270,user4270@example.com,2026-01-23,AU
u00-004271,user4271@example.com,2026-02-11,US
u00-004272,user4272@example.com,2026-01-22,US
u00-004273,user4273@example.com,2026-09-18,DE
u00-004274,user4274@example.com,2026-01-10,IN
u00-004275,user4275@mail.co.in,2026-02-12,GB
u00-004276,user4276@corp.io,2026-07-23,GB
u00-004277,user4277@corp.io,2026-04-14,IN
u00-004278,user4278@mail.co.in,2026-04-11,SG
u00-004279,user4279@mail.co.in,2026-07-17,GB
u00-004280,user4280@corp.io,2026-09-15,DE
u00-004281,user4281@corp.io,2026-09-22,US
u00-004282,user4282@uni.edu,2026-09-10,GB
u00-004283,user4283@corp.io,2026-03-22,SG
u00-004284,user4284@mail.co.in,2026-04-14,US
u00-004285,user4285@uni.edu,2026-09-23,IN
u00-004286,user4286@example.com,2026-09-12,SG
u00-004287,user4287@uni.edu,2026-07-16,IN
u00-004288,user4288@uni.edu,2026-02-18,IN
u00-004289,user4289@corp.io,2026-07-27,DE
u00-004290,user4290@example.com,2026-05-14,US
u00-004291,user4291@uni.edu,2026-06-24,DE
u00-004292,user4292@mail.co.in,2026-01-23,AU
u00-004293,user4293@example.com,2026-09-14,IN
u00-004294,user4294@mail.co.in,2026-06-28,US
u00-004295,user4295@mail.co.in,2026-09-14,IN
u00-004296,user4296@mail.co.in,2026-01-28,AU
u00-004297,user4297@mail.co.in,2026-08-10,DE
u00-004298,user4298@corp.io,2026-01-15,AU
u00-004299,user4299@mail.co.in,2026-09-14,IN
u00-004300,user4300@uni.edu,2026-03-10,AU
u00-004301,user4301@example.com,2026-01-21,IN
u00-004302,user4302@corp.io,2026-08-14,SG
u00-004303,user4303@example.com,2026-08-21,GB
u00-004304,user4304@corp.io,2026-07-17,DE
u00-004305,user4305@uni.edu,2026-03-14,AU
u00-004306,user4306@corp.io,2026-05-28,IN
u00-004307,user4307@uni.edu,2026-03-10,AU
u00-004308,user4308@mail.co.in,2026-03-13,AU
u00-004309,user4309@uni.edu,2026-02-15,IN
u00-004310,user4310@uni.edu,2026-03-12,US
u00-004311,user4311@uni.edu,2026-06-17,AU
u00-004312,user4312@mail.co.in,2026-05-25,DE
u00-004313,user4313@corp.io,2026-09-10,SG
u00-004314,user4314@uni.edu,2026-09-20,DE
u00-004315,user4315@corp.io,2026-09-19,SG
u00-004316,user4316@mail.co.in,2026-03-15,GB
u00-004317,user4317@mail.co.in,2026-05-14,GB
u00-004318,user4318@uni.edu,2026-08-13,US
u00-004319,user4319@corp.io,2026-06-16,GB
u00-004320,user4320@corp.io,2026-03-14,SG
u00-004321,user4321@corp.io,2026-03-21,AU
u00-004322,user4322@mail.co.in,2026-02-15,SG
u00-004323,user4323@mail.co.in,2026-01-21,GB
u00-004324,user4324@mail.co.in,2026-06-13,GB
u00-004325,user4325@example.com,2026-06-27,DE
u00-004326,user4326@uni.edu,2026-06-14,IN
u00-004327,user4327@mail.co.in,2026-05-22,US
u00-004328,user4328@mail.co.in,2026-08-25,AU
u00-004329,user4329@uni.edu,2026-05-13,AU
u00-004330,user4330@mail.co.in,2026-03-19,AU
u00-004331,user4331@uni.edu,2026-03-21,IN
u00-004332,user4332@corp.io,2026-09-11,IN
u00-004333,user4333@corp.io,2026-07-19,SG
u00-004334,user4334@mail.co.in,2026-02-28,IN
u00-004335,user4335@uni.edu,2026-09-26,DE
u00-004336,user4336@corp.io,2026-03-11,DE
u00-004337,user4337@uni.edu,2026-07-21,US
u00-004338,user4338@corp.io,2026-09-17,GB
u00-004339,user4339@example.com,2026-02-23,IN
u00-004340,user4340@example.com,2026-03-27,AU
u00-004341,user4341@uni.edu,2026-07-28,GB
u00-004342,user4342@example.com,2026-06-19,GB
u00-004343,user4343@example.com,2026-06-15,IN
u00-004344,user4344@uni.edu,2026-07-12,GB
u00-004345,user4345@corp.io,2026-04-15,GB
u00-004346,user4346@uni.edu,2026-08-25,IN
u00-004347,user4347@example.com,2026-05-10,SG
u00-004348,user4348@example.com,2026-09-26,US
u00-004349,user4349@corp.io,2026-03-15,SG
u00-004350,user4350@uni.edu,2026-03-13,US
u00-004351,user4351@example.com,2026-07-17,US
u00-004352,user4352@corp.io,2026-03-15,US
u00-004353,user4353@mail.co.in,2026-07-13,SG
u00-004354,user4354@mail.co.in,2026-09-17,SG
u00-004355,user4355@uni.edu,2026-05-19,IN
u00-004356,user4356@corp.io,2026-05-16,IN
u00-004357,user4357@example.com,2026-04-25,GB
u00-004358,user4358@corp.io,2026-09-10,SG
u00-004359,user4359@uni.edu,2026-07-16,IN
u00-004360,user4360@uni.edu,2026-01-13,DE
u00-004361,user4361@example.com,2026-06-22,SG
u00-004362,user4362@corp.io,2026-03-21,AU
u00-004363,user4363@example.com,2026-06-20,SG
u00-004364,user4364@uni.edu,2026-03-28,IN
u00-004365,user4365@example.com,2026-02-11,DE
u00-004366,user4366@mail.co.in,2026-07-18,DE
u00-004367,user4367@mail.co.in,2026-02-22,DE
u00-004368,user4368@corp.io,2026-03-21,SG
u00-004369,user4369@corp.io,2026-02-14,GB
u00-004370,user4370@corp.io,2026-08-26,GB
u00-004371,user4371@corp.io,2026-08-15,IN
u00-004372,user4372@corp.io,2026-08-19,AU
u00-004373,user4373@mail.co.in,2026-02-21,US
u00-004374,user4374@mail.co.in,2026-09-19,AU
u00-004375,user4375@corp.io,2026-01-13,US
u00-004376,user4376@example.com,2026-04-20,DE
u00-004377,user4377@example.com,2026-02-10,IN
u00-004378,user4378@uni.edu,2026-01-19,DE
u00-004379,user4379@uni.edu,2026-01-16,US
u00-004380,user4380@corp.io,2026-08-27,IN
u00-004381,user4381@mail.co.in,2026-04-23,US
u00-004382,user4382@example.com,2026-03-18,DE
u00-004383,user4383@example.com,2026-07-14,US
u00-004384,user4384@example.com,2026-02-16,AU
u00-004385,user4385@corp.io,2026-07-25,IN
u00-004386,user4386@mail.co.in,2026-06-28,GB
u00-004387,user4387@mail.co.in,2026-03-16,SG
u00-004388,user4388@uni.edu,2026-07-28,US
u00-004389,user4389@corp.io,2026-04-25,SG
u00-004390,user4390@corp.io,2026-06-18,DE
u00-004391,user4391@corp.io,2026-07-27,IN
u00-004392,user4392@example.com,2026-02-11,AU
u00-004393,user4393@example.com,2026-04-26,AU
u00-004394,user4394@example.com,2026-08-21,DE
u00-004395,user4395@corp.io,2026-03-12,DE
u00-004396,user4396@example.com,2026-02-20,AU
u00-004397,user4397@corp.io,2026-04-17,SG
u00-004398,user4398@corp.io,2026-02-23,AU
u00-004399,user4399@mail.co.in,2026-04-19,AU
u00-004400,user4400@mail.co.in,2026-08-11,DE
u00-004401,user4401@uni.edu,2026-08-28,SG
u00-004402,user4402@uni.edu,2026-04-26,US
u00-004403,user4403@corp.io,2026-04-23,AU
u00-004404,user4404@corp.io,2026-08-28,DE
u00-004405,user4405@mail.co.in,2026-02-13,GB
u00-004406,user4406@example.com,2026-02-12,IN
u00-004407,user4407@mail.co.in,2026-07-18,SG
u00-004408,user4408@mail.co.in,2026-07-28,IN
u00-004409,user4409@uni.edu,2026-02-14,GB
u00-004410,user4410@example.com,2026-06-27,DE
u00-004411,user4411@mail.co.in,2026-09-26,GB
u00-004412,user4412@corp.io,2026-03-26,SG
u00-004413,user4413@mail.co.in,2026-01-10,SG
u00-004414,user4414@uni.edu,2026-03-11,GB
u00-004415,user4415@uni.edu,2026-09-23,GB
u00-004416,user4416@example.com,2026-09-14,US
u00-004417,user4417@corp.io,2026-04-27,SG
u00-004418,user4418@corp.io,2026-03-18,SG
u00-004419,user4419@uni.edu,2026-03-21,SG
u00-004420,user4420@corp.io,2026-05-20,AU
u00-004421,user4421@mail.co.in,2026-08-18,IN
u00-004422,user4422@uni.edu,2026-09-22,US
u00-004423,user4423@corp.io,2026-04-10,US
u00-004424,user4424@corp.io,2026-04-25,GB
u00-004425,user4425@uni.edu,2026-06-20,IN
u00-004426,user4426@example.com,2026-08-22,SG
u00-004427,user4427@corp.io,2026-09-19,US
u00-004428,user4428@uni.edu,2026-06-20,GB
u00-004429,user4429@example.com,2026-04-24,US
u00-004430,user4430@mail.co.in,2026-03-17,SG
u00-004431,user4431@mail.co.in,2026-02-26,SG
u00-004432,user4432@uni.edu,2026-06-24,US
u00-004433,user4433@corp.io,2026-01-23,SG
u00-004434,user4434@mail.co.in,2026-01-20,SG
u00-004435,user4435@mail.co.in,2026-06-26,GB
u00-004436,user4436@corp.io,2026-09-19,DE
u00-004437,user4437@example.com,2026-09-28,AU
u00-004438,user4438@corp.io,2026-08-23,DE
u00-004439,user4439@mail.co.in,2026-03-26,SG
u00-004440,user4440@corp.io,2026-04-10,US
u00-004441,user4441@uni.edu,2026-09-21,IN
u00-004442,user4442@uni.edu,2026-07-14,GB
u00-004443,user4443@uni.edu,2026-03-26,AU
u00-004444,user4444@mail.co.in,2026-01-23,US
u00-004445,user4445@example.com,2026-06-23,US
u00-004446,user4446@uni.edu,2026-06-22,DE
u00-004447,user4447@example.com,2026-09-28,AU
u00-004448,user4448@mail.co.in,2026-05-11,AU
u00-004449,user4449@example.com,2026-06-26,AU
u00-004450,user4450@mail.co.in,2026-01-26,GB
u00-004451,user4451@example.com,2026-07-13,US
u00-004452,user4452@corp.io,2026-09-27,US
u00-004453,user4453@uni.edu,2026-08-13,AU
u00-004454,user4454@mail.co.in,2026-03-18,DE
u00-004455,user4455@example.com,2026-01-20,AU
u00-004456,user4456@uni.edu,2026-08-24,DE
u00-004457,user4457@corp.io,2026-08-24,AU
u00-004458,user4458@uni.edu,2026-05-13,SG
u00-004459,user4459@example.com,2026-06-28,IN
u00-004460,user4460@corp.io,2026-09-12,SG
u00-004461,user4461@example.com,2026-01-13,US
u00-004462,user4462@corp.io,2026-04-22,IN
u00-004463,user4463@example.com,2026-07-27,IN
u00-004464,user4464@mail.co.in,2026-05-16,US
u00-004465,user4465@uni.edu,2026-03-18,AU
u00-004466,user4466@uni.edu,2026-05-20,GB
u00-004467,user4467@mail.co.in,2026-06-23,SG
u00-004468,user4468@example.com,2026-07-28,DE
u00-004469,user4469@example.com,2026-03-20,SG
u00-004470,user4470@uni.edu,2026-02-23,US
u00-004471,user4471@example.com,2026-09-11,SG
u00-004472,user4472@mail.co.in,2026-01-15,DE
u00-004473,user4473@mail.co.in,2026-07-17,US
u00-004474,user4474@mail.co.in,2026-07-12,GB
u00-004475,user4475@mail.co.in,2026-05-27,SG
u00-004476,user4476@uni.edu,2026-03-16,DE
u00-004477,user4477@mail.co.in,2026-05-26,IN
u00-004478,user4478@example.com,2026-05-27,SG
u00-004479,user4479@example.com,2026-08-20,IN
u00-004480,user4480@example.com,2026-06-11,US
u00-004481,user4481@uni.edu,2026-05-13,GB
u00-004482,user4482@uni.edu,2026-04-21,AU
u00-004483,user4483@example.com,2026-01-17,IN
u00-004484,user4484@corp.io,2026-02-23,SG
u00-004485,user4485@uni.edu,2026-08-10,SG
u00-004486,user4486@corp.io,2026-07-16,DE
u00-004487,user4487@mail.co.in,2026-03-21,DE
u00-004488,user4488@uni.edu,2026-04-22,GB
u00-004489,user4489@mail.co.in,2026-06-18,GB
u00-004490,user4490@uni.edu,2026-01-23,IN
u00-004491,user4491@corp.io,2026-06-22,GB
u00-004492,user4492@example.com,2026-08-17,DE
u00-004493,user4493@corp.io,2026-05-15,IN
u00-004494,user4494@mail.co.in,2026-07-18,GB
u00-004495,user4495@corp.io,2026-01-20,GB
u00-004496,user4496@mail.co.in,2026-04-17,AU
u00-004497,user4497@mail.co.in,2026-06-26,IN
u00-004498,user4498@mail.co.in,2026-02-19,US
u00-004499,user4499@mail.co.in,2026-06-20,US
u00-004500,user4500@corp.io,2026-05-19,IN
u00-004501,user4501@example.com,2026-06-10,AU
u00-004502,user4502@mail.co.in,2026-04-20,GB
u00-004503,user4503@uni.edu,2026-02-27,DE
u00-004504,user4504@corp.io,2026-04-15,GB
u00-004505,user4505@mail.co.in,2026-08-28,AU
u00-004506,user4506@example.com,2026-02-16,AU
u00-004507,user4507@uni.edu,2026-07-13,DE
u00-004508,user4508@example.com,2026-08-28,AU
u00-004509,user4509@uni.edu,2026-07-10,GB
u00-004510,user4510@corp.io,2026-06-16,IN
u00-004511,user4511@corp.io,2026-03-12,IN
u00-004512,user4512@uni.edu,2026-02-27,SG
u00-004513,user4513@example.com,2026-04-24,IN
u00-004514,user4514@example.com,2026-09-24,US
u00-004515,user4515@example.com,2026-01-13,SG
u00-004516,user4516@mail.co.in,2026-04-21,SG
u00-004517,user4517@mail.co.in,2026-09-25,US
u00-004518,user4518@example.com,2026-04-27,IN
u00-004519,user4519@corp.io,2026-08-21,SG
u00-004520,user4520@example.com,2026-06-17,SG
u00-004521,user4521@uni.edu,2026-08-20,AU
u00-004522,user4522@mail.co.in,2026-01-13,IN
u00-004523,user4523@example.com,2026-09-21,US
u00-004524,user4524@corp.io,2026-03-24,GB
u00-004525,user4525@mail.co.in,2026-08-24,AU
u00-004526,user4526@uni.edu,2026-06-23,AU
u00-004527,user4527@mail.co.in,2026-03-13,GB
u00-004528,user4528@mail.co.in,2026-09-21,US
u00-004529,user4529@mail.co.in,2026-06-10,IN
u00-004530,user4530@mail.co.in,2026-03-19,IN
u00-004531,user4531@uni.edu,2026-07-17,DE
u00-004532,user4532@corp.io,2026-01-11,SG
u00-004533,user4533@corp.io,2026-04-17,SG
u00-004534,user4534@corp.io,2026-08-19,IN
u00-004535,user4535@example.com,2026-03-19,SG
u00-004536,user4536@uni.edu,2026-08-28,US
u00-004537,user4537@corp.io,2026-01-23,AU
u00-004538,user4538@corp.io,2026-05-24,AU
u00-004539,user4539@uni.edu,2026-04-26,SG
u00-004540,user4540@example.com,2026-04-28,GB
u00-004541,user4541@uni.edu,2026-02-20,US
u00-004542,user4542@corp.io,2026-09-14,GB
u00-004543,user4543@example.com,2026-09-17,IN
u00-004544,user4544@uni.edu,2026-09-17,GB
u00-004545,user4545@mail.co.in,2026-05-18,DE
u00-004546,user4546@uni.edu,2026-03-15,US
u00-004547,user4547@example.com,2026-08-11,SG
u00-004548,user4548@example.com,2026-09-26,SG
u00-004549,user4549@corp.io,2026-07-11,AU
u00-004550,user4550@corp.io,2026-06-17,IN
u00-004551,user4551@example.com,2026-02-18,GB
u00-004552,user4552@mail.co.in,2026-02-14,DE
u00-004553,user4553@example.com,2026-05-15,DE
u00-004554,user4554@corp.io,2026-07-14,DE
u00-004555,user4555@uni.edu,2026-02-23,US
u00-004556,user4556@mail.co.in,2026-03-19,SG
u00-004557,user4557@example.com,2026-05-14,SG
u00-004558,user4558@mail.co.in,2026-01-13,IN
u00-004559,user4559@mail.co.in,2026-05-10,SG
u00-004560,user4560@corp.io,2026-05-26,DE
u00-004561,user4561@corp.io,2026-03-14,AU
u00-004562,user4562@example.com,2026-04-21,SG
u00-004563,user4563@mail.co.in,2026-02-17,SG
u00-004564,user4564@corp.io,2026-08-22,US
u00-004565,user4565@uni.edu,2026-04-24,GB
u00-004566,user4566@uni.edu,2026-08-16,IN
u00-004567,user4567@uni.edu,2026-06-16,US
u00-004568,user4568@mail.co.in,2026-02-10,IN
u00-004569,user4569@uni.edu,2026-04-25,US
u00-004570,user4570@corp.io,2026-01-26,US
u00-004571,user4571@uni.edu,2026-06-28,US
u00-004572,user4572@example.com,2026-08-26,AU
u00-004573,user4573@mail.co.in,2026-01-12,GB
u00-004574,user4574@example.com,2026-06-13,AU
u00-004575,user4575@example.com,2026-01-20,AU
u00-004576,user4576@mail.co.in,2026-07-13,SG
u00-004577,user4577@example.com,2026-04-24,GB
u00-004578,user4578@uni.edu,2026-08-27,AU
u00-004579,user4579@mail.co.in,2026-08-11,AU
u00-004580,user4580@corp.io,2026-03-28,IN
u00-004581,user4581@uni.edu,2026-03-21,GB
u00-004582,user4582@uni.edu,2026-03-20,DE
u00-004583,user4583@corp.io,2026-02-21,GB
u00-004584,user4584@mail.co.in,2026-07-11,DE
u00-004585,user4585@example.com,2026-05-12,US
u00-004586,user4586@uni.edu,2026-03-18,US
u00-004587,user4587@uni.edu,2026-07-12,AU
u00-004588,user4588@corp.io,2026-05-14,US
u00-004589,user4589@uni.edu,2026-04-11,DE
u00-004590,user4590@mail.co.in,2026-06-16,SG
u00-004591,user4591@mail.co.in,2026-06-25,US
u00-004592,user4592@mail.co.in,2026-07-12,IN
u00-004593,user4593@uni.edu,2026-09-27,IN
u00-004594,user4594@uni.edu,2026-09-28,GB
u00-004595,user4595@example.com,2026-06-20,AU
u00-004596,user4596@uni.edu,2026-02-26,US
u00-004597,user4597@example.com,2026-04-11,IN
u00-004598,user4598@mail.co.in,2026-05-25,SG
u00-004599,user4599@example.com,2026-05-10,SG
u00-004600,user4600@corp.io,2026-09-19,DE
u00-004601,user4601@corp.io,2026-06-17,IN
u00-004602,user4602@corp.io,2026-08-11,IN
u00-004603,user4603@mail.co.in,2026-06-17,SG
u00-004604,user4604@uni.edu,2026-04-18,IN
u00-004605,user4605@corp.io,2026-05-22,IN
u00-004606,user4606@example.com,2026-07-25,IN
u00-004607,user4607@uni.edu,2026-09-27,DE
u00-004608,user4608@uni.edu,2026-05-19,GB
u00-004609,user4609@mail.co.in,2026-08-27,US
u00-004610,user4610@uni.edu,2026-06-21,SG
u00-004611,user4611@corp.io,2026-05-18,DE
u00-004612,user4612@corp.io,2026-06-14,GB
u00-004613,user4613@mail.co.in,2026-05-20,AU
u00-004614,user4614@uni.edu,2026-02-21,GB
u00-004615,user4615@example.com,2026-01-14,AU
u00-004616,user4616@example.com,2026-03-12,DE
u00-004617,user4617@mail.co.in,2026-01-20,DE
u00-004618,user4618@uni.edu,2026-09-10,US
u00-004619,user4619@corp.io,2026-09-15,US
u00-004620,user4620@corp.io,2026-07-26,GB
u00-004621,user4621@corp.io,2026-04-16,SG
u00-004622,user4622@uni.edu,2026-04-19,AU
u00-004623,user4623@mail.co.in,2026-09-20,SG
u00-004624,user4624@corp.io,2026-08-18,AU
u00-004625,user4625@mail.co.in,2026-03-26,SG
u00-004626,user4626@example.com,2026-02-22,GB
u00-004627,user4627@example.com,2026-06-25,IN
u00-004628,user4628@mail.co.in,2026-04-18,GB
u00-004629,user4629@uni.edu,2026-01-20,US
u00-004630,user4630@uni.edu,2026-09-13,AU
u00-004631,user4631@uni.edu,2026-05-10,US
u00-004632,user4632@mail.co.in,2026-02-13,US
u00-004633,user4633@mail.co.in,2026-07-10,DE
u00-004634,user4634@corp.io,2026-09-18,SG
u00-004635,user4635@mail.co.in,2026-05-10,DE
u00-004636,user4636@corp.io,2026-03-19,IN
u00-004637,user4637@uni.edu,2026-02-14,SG
u00-004638,user4638@corp.io,2026-03-20,AU
u00-004639,user4639@uni.edu,2026-06-24,IN
u00-004640,user4640@corp.io,2026-01-22,AU
u00-004641,user4641@corp.io,2026-03-28,DE
u00-004642,user4642@corp.io,2026-06-12,GB
u00-004643,user4643@corp.io,2026-08-21,AU
u00-004644,user4644@corp.io,2026-06-26,SG
u00-004645,user4645@mail.co.in,2026-03-16,DE
u00-004646,user4646@corp.io,2026-03-19,US
u00-004647,user4647@uni.edu,2026-03-23,GB
u00-004648,user4648@example.com,2026-06-16,SG
u00-004649,user4649@mail.co.in,2026-07-21,DE
u00-004650,user4650@uni.edu,2026-02-23,AU
u00-004651,user4651@uni.edu,2026-09-17,DE
u00-004652,user4652@example.com,2026-02-12,DE
u00-004653,user4653@corp.io,2026-01-11,AU
u00-004654,user4654@corp.io,2026-07-12,IN
u00-004655,user4655@corp.io,2026-06-24,AU
u00-004656,user4656@mail.co.in,2026-09-16,IN
u00-004657,user4657@example.com,2026-05-28,IN
u00-004658,user4658@uni.edu,2026-03-27,US
u00-004659,user4659@example.com,2026-03-26,US
u00-004660,user4660@example.com,2026-04-11,AU
u00-004661,user4661@uni.edu,2026-01-28,US
u00-004662,user4662@example.com,2026-03-11,SG
u00-004663,user4663@corp.io,2026-04-20,AU
u00-004664,user4664@corp.io,2026-05-21,SG
u00-004665,user4665@corp.io,2026-05-14,GB
u00-004666,user4666@example.com,2026-09-24,AU
u00-004667,user4667@uni.edu,2026-05-18,DE
u00-004668,user4668@corp.io,2026-05-17,US
u00-004669,user4669@corp.io,2026-09-24,IN
u00-004670,user4670@uni.edu,2026-03-10,US
u00-004671,user4671@example.com,2026-04-20,GB
u00-004672,user4672@corp.io,2026-05-24,SG
u00-004673,user4673@corp.io,2026-08-21,SG
u00-004674,user4674@corp.io,2026-05-24,AU
u00-004675,user4675@example.com,2026-08-11,GB
u00-004676,user4676@mail.co.in,2026-09-26,DE
u00-004677,user4677@example.com,2026-03-23,GB
u00-004678,user4678@corp.io,2026-08-11,SG
u00-004679,user4679@example.com,2026-06-23,US
u00-004680,user4680@uni.edu,2026-01-11,US
u00-004681,user4681@mail.co.in,2026-02-20,IN
u00-004682,user4682@mail.co.in,2026-05-19,DE
u00-004683,user4683@corp.io,2026-02-16,GB
u00-004684,user4684@example.com,2026-07-10,SG
u00-004685,user4685@example.com,2026-06-12,US
u00-004686,user4686@corp.io,2026-06-19,SG
u00-004687,user4687@example.com,2026-08-27,AU
u00-004688,user4688@mail.co.in,2026-05-26,DE
u00-004689,user4689@example.com,2026-02-17,US
u00-004690,user4690@example.com,2026-06-24,AU
u00-004691,user4691@example.com,2026-08-16,IN
u00-004692,user4692@corp.io,2026-07-21,US
u00-004693,user4693@mail.co.in,2026-06-13,DE
u00-004694,user4694@example.com,2026-06-25,SG
u00-004695,user4695@example.com,2026-02-25,US
u00-004696,user4696@example.com,2026-07-13,IN
u00-004697,user4697@uni.edu,2026-06-21,AU
u00-004698,user4698@corp.io,2026-07-27,AU
u00-004699,user4699@example.com,2026-06-11,DE
u00-004700,user4700@example.com,2026-03-27,IN
u00-004701,user4701@corp.io,2026-06-15,IN
u00-004702,user4702@corp.io,2026-08-13,GB
u00-004703,user4703@example.com,2026-09-14,AU
u00-004704,user4704@mail.co.in,2026-07-18,IN
u00-004705,user4705@example.com,2026-06-23,IN
u00-004706,user4706@example.com,2026-05-28,SG
u00-004707,user4707@mail.co.in,2026-03-28,DE
u00-004708,user4708@corp.io,2026-04-11,GB
u00-004709,user4709@corp.io,2026-07-28,US
u00-004710,user4710@mail.co.in,2026-07-17,IN
u00-004711,user4711@uni.edu,2026-01-23,IN
u00-004712,user4712@example.com,2026-07-13,GB
u00-004713,user4713@uni.edu,2026-03-27,AU
u00-004714,user4714@corp.io,2026-01-20,GB
u00-004715,user4715@uni.edu,2026-05-23,IN
u00-004716,user4716@corp.io,2026-02-11,IN
u00-004717,user4717@uni.edu,2026-04-27,AU
u00-004718,user4718@corp.io,2026-09-16,GB
u00-004719,user4719@corp.io,2026-06-12,SG
u00-004720,user4720@corp.io,2026-01-26,SG
u00-004721,user4721@mail.co.in,2026-01-25,DE
u00-004722,user4722@mail.co.in,2026-03-13,AU
u00-004723,user4723@mail.co.in,2026-08-23,US
u00-004724,user4724@uni.edu,2026-05-26,SG
u00-004725,user4725@corp.io,2026-03-15,SG
u00-004726,user4726@uni.edu,2026-04-19,SG
u00-004727,user4727@uni.edu,2026-06-18,SG
u00-004728,user4728@corp.io,2026-01-27,DE
u00-004729,user4729@mail.co.in,2026-09-13,IN
u00-004730,user4730@corp.io,2026-07-16,DE
u00-004731,user4731@example.com,2026-03-14,GB
u00-004732,user4732@mail.co.in,2026-07-16,DE
u00-004733,user4733@mail.co.in,2026-09-26,IN
u00-004734,user4734@corp.io,2026-06-17,SG
u00-004735,user4735@corp.io,2026-01-26,DE
u00-004736,user4736@example.com,2026-06-10,AU
u00-004737,user4737@uni.edu,2026-08-16,SG
u00-004738,user4738@uni.edu,2026-01-10,DE
u00-004739,user4739@mail.co.in,2026-01-20,AU
u00-004740,user4740@uni.edu,2026-05-26,US
u00-004741,user4741@corp.io,2026-02-28,US
u00-004742,user4742@uni.edu,2026-03-27,US
u00-004743,user4743@example.com,2026-03-18,IN
u00-004744,user4744@corp.io,2026-01-24,IN
u00-004745,user4745@corp.io,2026-05-23,AU
u00-004746,user4746@corp.io,2026-05-28,SG
u00-004747,user4747@mail.co.in,2026-01-14,DE
u00-004748,user4748@corp.io,2026-06-25,SG
u00-004749,user4749@corp.io,2026-07-13,US
u00-004750,user4750@example.com,2026-02-25,SG
u00-004751,user4751@example.com,2026-04-23,SG
u00-004752,user4752@example.com,2026-09-17,IN
u00-004753,user4753@example.com,2026-04-15,GB
u00-004754,user4754@uni.edu,2026-09-25,DE
u00-004755,user4755@mail.co.in,2026-05-10,DE
u00-004756,user4756@corp.io,2026-08-26,US
u00-004757,user4757@mail.co.in,2026-06-19,IN
u00-004758,user4758@uni.edu,2026-04-16,SG
u00-004759,user4759@corp.io,2026-06-14,US
u00-004760,user4760@example.com,2026-02-15,GB
u00-004761,user4761@mail.co.in,2026-06-21,AU
u00-004762,user4762@mail.co.in,2026-01-20,US
u00-004763,user4763@example.com,2026-01-27,GB
u00-004764,user4764@uni.edu,2026-08-10,DE
u00-004765,user4765@uni.edu,2026-06-25,DE
u00-004766,user4766@mail.co.in,2026-01-13,US
u00-004767,user4767@uni.edu,2026-01-23,SG
u00-004768,user4768@example.com,2026-08-27,IN
u00-004769,user4769@uni.edu,2026-05-22,US
u00-004770,user4770@corp.io,2026-08-22,DE
u00-004771,user4771@corp.io,2026-09-26,GB
u00-004772,user4772@example.com,2026-09-18,GB
u00-004773,user4773@mail.co.in,2026-07-14,SG
u00-004774,user4774@corp.io,2026-08-22,AU
u00-004775,user4775@example.com,2026-09-24,SG
u00-004776,user4776@example.com,2026-08-20,IN
u00-004777,user4777@uni.edu,2026-09-21,SG
u00-004778,user4778@corp.io,2026-02-14,US
u00-004779,user4779@uni.edu,2026-09-24,DE
u00-004780,user4780@uni.edu,2026-09-27,SG
u00-004781,user4781@corp.io,2026-07-14,IN
u00-004782,user4782@corp.io,2026-03-22,SG
u00-004783,user4783@example.com,2026-05-21,IN
u00-004784,user4784@uni.edu,2026-07-10,GB
u00-004785,user4785@mail.co.in,2026-04-15,SG
u00-004786,user4786@uni.edu,2026-09-23,DE
u00-004787,user4787@uni.edu,2026-08-19,DE
u00-004788,user4788@mail.co.in,2026-01-16,DE
u00-004789,user4789@uni.edu,2026-02-28,AU
u00-004790,user4790@corp.io,2026-08-14,IN
u00-004791,user4791@uni.edu,2026-01-13,DE
u00-004792,user4792@corp.io,2026-01-16,GB
u00-004793,user4793@corp.io,2026-04-28,US
u00-004794,user4794@uni.edu,2026-09-21,US
u00-004795,user4795@mail.co.in,2026-01-22,IN
u00-004796,user4796@example.com,2026-06-24,IN
u00-004797,user4797@corp.io,2026-02-16,AU
u00-004798,user4798@example.com,2026-05-15,DE
u00-004799,user4799@uni.edu,2026-09-16,GB
u00-004800,user4800@corp.io,2026-01-28,SG
u00-004801,user4801@uni.edu,2026-06-11,GB
u00-004802,user4802@mail.co.in,2026-02-16,US
u00-004803,user4803@corp.io,2026-08-28,SG
u00-004804,user4804@mail.co.in,2026-02-22,IN
u00-004805,user4805@mail.co.in,2026-09-28,GB
u00-004806,user4806@example.com,2026-04-23,IN
u00-004807,user4807@example.com,2026-04-12,SG
u00-004808,user4808@corp.io,2026-02-24,IN
u00-004809,user4809@mail.co.in,2026-05-24,IN
u00-004810,user4810@uni.edu,2026-01-15,US
u00-004811,user4811@example.com,2026-09-13,AU
u00-004812,user4812@example.com,2026-01-13,AU
u00-004813,user4813@uni.edu,2026-05-20,IN
u00-004814,user4814@mail.co.in,2026-03-21,GB
u00-004815,user4815@uni.edu,2026-08-22,US
u00-004816,user4816@corp.io,2026-04-18,DE
u00-004817,user4817@mail.co.in,2026-07-27,AU
u00-004818,user4818@corp.io,2026-08-20,DE
u00-004819,user4819@corp.io,2026-04-24,DE
u00-004820,user4820@uni.edu,2026-05-19,US
u00-004821,user4821@example.com,2026-09-22,US
u00-004822,user4822@mail.co.in,2026-04-16,DE
u00-004823,user4823@example.com,2026-09-11,US
u00-004824,user4824@mail.co.in,2026-03-15,AU
u00-004825,user4825@uni.edu,2026-07-24,IN
u00-004826,user4826@corp.io,2026-04-23,IN
u00-004827,user4827@example.com,2026-09-28,IN
u00-004828,user4828@mail.co.in,2026-02-20,SG
u00-004829,user4829@corp.io,2026-09-25,SG
u00-004830,user4830@corp.io,2026-04-24,US
u00-004831,user4831@example.com,2026-07-21,US
u00-004832,user4832@corp.io,2026-03-22,SG
u00-004833,user4833@example.com,2026-07-18,DE
u00-004834,user4834@example.com,2026-03-22,SG
u00-004835,user4835@example.com,2026-04-23,US
u00-004836,user4836@example.com,2026-08-18,SG
u00-004837,user4837@corp.io,2026-06-13,GB
u00-004838,user4838@example.com,2026-03-24,DE
u00-004839,user4839@uni.edu,2026-05-10,US
u00-004840,user4840@example.com,2026-06-24,SG
u00-004841,user4841@uni.edu,2026-03-12,US
u00-004842,user4842@mail.co.in,2026-05-21,DE
u00-004843,user4843@mail.co.in,2026-08-18,AU
u00-004844,user4844@mail.co.in,2026-08-21,US
u00-004845,user4845@corp.io,2026-03-23,DE
u00-004846,user4846@example.com,2026-03-18,GB
u00-004847,user4847@mail.co.in,2026-07-15,IN
u00-004848,user4848@mail.co.in,2026-08-20,IN
u00-004849,user4849@example.com,2026-04-16,AU
u00-004850,user4850@uni.edu,2026-02-14,GB
u00-004851,user4851@mail.co.in,2026-03-24,AU
u00-004852,user4852@uni.edu,2026-02-23,SG
u00-004853,user4853@corp.io,2026-04-12,IN
u00-004854,user4854@mail.co.in,2026-02-13,IN
u00-004855,user4855@corp.io,2026-05-24,GB
u00-004856,user4856@example.com,2026-09-19,IN
u00-004857,user4857@corp.io,2026-05-18,IN
u00-004858,user4858@mail.co.in,2026-05-15,AU
u00-004859,user4859@uni.edu,2026-03-13,US
u00-004860,user4860@mail.co.in,2026-06-12,US
u00-004861,user4861@example.com,2026-02-18,DE
u00-004862,user4862@example.com,2026-08-20,IN
u00-004863,user4863@mail.co.in,2026-05-16,SG
u00-004864,user4864@corp.io,2026-03-11,AU
u00-004865,user4865@example.com,2026-04-28,US
u00-004866,user4866@corp.io,2026-01-27,US
u00-004867,user4867@uni.edu,2026-08-25,DE
u00-004868,user4868@mail.co.in,2026-02-22,DE
u00-004869,user4869@example.com,2026-04-15,IN
u00-004870,user4870@example.com,2026-03-17,IN
u00-004871,user4871@mail.co.in,2026-06-10,AU
u00-004872,user4872@uni.edu,2026-05-24,AU
u00-004873,user4873@uni.edu,2026-09-15,IN
u00-004874,user4874@example.com,2026-08-14,DE
u00-004875,user4875@uni.edu,2026-06-26,DE
u00-004876,user4876@corp.io,2026-07-28,GB
u00-004877,user4877@mail.co.in,2026-03-17,US
u00-004878,user4878@example.com,2026-07-15,AU
u00-004879,user4879@example.com,2026-03-15,GB
u00-004880,user4880@corp.io,2026-08-22,DE
u00-004881,user4881@corp.io,2026-07-12,AU
u00-004882,user4882@corp.io,2026-04-13,DE
u00-004883,user4883@corp.io,2026-06-13,SG
u00-004884,user4884@mail.co.in,2026-04-21,DE
u00-004885,user4885@example.com,2026-07-13,DE
u00-004886,user4886@example.com,2026-06-27,US
u00-004887,user4887@corp.io,2026-07-18,US
u00-004888,user4888@corp.io,2026-07-22,GB
u00-004889,user4889@example.com,2026-03-21,SG
u00-004890,user4890@mail.co.in,2026-06-13,US
u00-004891,user4891@corp.io,2026-06-25,DE
u00-004892,user4892@corp.io,2026-09-22,AU
u00-004893,user4893@uni.edu,2026-02-28,IN
u00-004894,user4894@uni.edu,2026-01-26,US
u00-004895,user4895@uni.edu,2026-02-26,SG
u00-004896,user4896@example.com,2026-06-22,DE
u00-004897,user4897@mail.co.in,2026-06-14,SG
u00-004898,user4898@corp.io,2026-01-11,US
u00-004899,user4899@mail.co.in,2026-04-11,DE
u00-004900,user4900@corp.io,2026-08-10,GB
u00-004901,user4901@example.com,2026-09-20,DE
u00-004902,user4902@mail.co.in,2026-08-28,GB
u00-004903,user4903@uni.edu,2026-02-19,DE
u00-004904,user4904@mail.co.in,2026-07-16,DE
u00-004905,user4905@uni.edu,2026-06-21,SG
u00-004906,user4906@example.com,2026-09-17,SG
u00-004907,user4907@example.com,2026-05-23,AU
u00-004908,user4908@mail.co.in,2026-04-10,GB
u00-004909,user4909@uni.edu,2026-06-26,US
u00-004910,user4910@corp.io,2026-05-25,SG
u00-004911,user4911@example.com,2026-09-24,GB
u00-004912,user4912@uni.edu,2026-08-26,AU
u00-004913,user4913@uni.edu,2026-09-11,DE
u00-004914,user4914@example.com,2026-03-26,DE
u00-004915,user4915@mail.co.in,2026-02-21,IN
u00-004916,user4916@corp.io,2026-09-18,AU
u00-004917,user4917@uni.edu,2026-06-16,AU
u00-004918,user4918@corp.io,2026-09-11,IN
u00-004919,user4919@example.com,2026-03-19,US
u00-004920,user4920@corp.io,2026-03-11,IN
u00-004921,user4921@mail.co.in,2026-05-18,IN
u00-004922,user4922@uni.edu,2026-05-12,SG
u00-004923,user4923@mail.co.in,2026-09-10,AU
u00-004924,user4924@uni.edu,2026-09-27,AU
u00-004925,user4925@example.com,2026-08-10,SG
u00-004926,user4926@example.com,2026-08-14,IN
u00-004927,user4927@uni.edu,2026-05-11,IN
u00-004928,user4928@mail.co.in,2026-02-18,US
u00-004929,user4929@corp.io,2026-01-10,US
u00-004930,user4930@example.com,2026-08-10,AU
u00-004931,user4931@uni.edu,2026-09-20,DE
u00-004932,user4932@uni.edu,2026-08-19,DE
u00-004933,user4933@example.com,2026-02-18,IN
u00-004934,user4934@mail.co.in,2026-09-24,AU
u00-004935,user4935@mail.co.in,2026-09-27,GB
u00-004936,user4936@example.com,2026-08-20,IN
u00-004937,user4937@example.com,2026-07-14,IN
u00-004938,user4938@example.com,2026-08-27,GB
u00-004939,user4939@uni.edu,2026-07-11,SG
u00-004940,user4940@uni.edu,2026-09-16,SG
u00-004941,user4941@example.com,2026-02-18,DE
u00-004942,user4942@mail.co.in,2026-01-19,IN
u00-004943,user4943@mail.co.in,2026-05-13,US
u00-004944,user4944@example.com,2026-05-20,DE
u00-004945,user4945@mail.co.in,2026-09-14,DE
u00-004946,user4946@mail.co.in,2026-06-16,GB
u00-004947,user4947@corp.io,2026-06-11,SG
u00-004948,user4948@uni.edu,2026-02-18,IN
u00-004949,user4949@corp.io,2026-09-16,DE
u00-004950,user4950@corp.io,2026-02-19,GB
u00-004951,user4951@mail.co.in,2026-02-15,DE
u00-004952,user4952@mail.co.in,2026-07-16,DE
u00-004953,user4953@corp.io,2026-04-14,IN
u00-004954,user4954@corp.io,2026-07-22,SG
u00-004955,user4955@corp.io,2026-04-13,AU
u00-004956,user4956@corp.io,2026-06-10,AU
u00-004957,user4957@mail.co.in,2026-02-13,AU
u00-004958,user4958@example.com,2026-07-10,DE
u00-004959,user4959@mail.co.in,2026-04-26,AU
u00-004960,user4960@uni.edu,2026-01-16,SG
u00-004961,user4961@mail.co.in,2026-04-20,AU
u00-004962,user4962@corp.io,2026-09-21,GB
u00-004963,user4963@corp.io,2026-06-14,US
u00-004964,user4964@mail.co.in,2026-05-18,US
u00-004965,user4965@example.com,2026-07-16,GB
u00-004966,user4966@uni.edu,2026-05-10,GB
u00-004967,user4967@mail.co.in,2026-04-14,AU
u00-004968,user4968@mail.co.in,2026-08-21,IN
u00-004969,user4969@corp.io,2026-05-17,AU
u00-004970,user4970@uni.edu,2026-01-14,IN
u00-004971,user4971@mail.co.in,2026-08-25,AU
u00-004972,user4972@corp.io,2026-03-15,GB
u00-004973,user4973@corp.io,2026-09-22,US
u00-004974,user4974@example.com,2026-06-19,IN
u00-004975,user4975@corp.io,2026-01-12,IN
u00-004976,user4976@example.com,2026-01-26,IN
u00-004977,user4977@corp.io,2026-07-14,AU
u00-004978,user4978@mail.co.in,2026-06-15,IN
u00-004979,user4979@mail.co.in,2026-01-22,GB
u00-004980,user4980@example.com,2026-04-17,GB
u00-004981,user4981@mail.co.in,2026-03-26,IN
u00-004982,user4982@mail.co.in,2026-05-14,DE
u00-004983,user4983@mail.co.in,2026-05-21,SG
u00-004984,user4984@corp.io,2026-07-16,IN
u00-004985,user4985@mail.co.in,2026-02-23,AU
u00-004986,user4986@corp.io,2026-07-13,AU
u00-004987,user4987@mail.co.in,2026-03-14,IN
u00-004988,user4988@example.com,2026-06-26,GB
u00-004989,user4989@uni.edu,2026-07-19,US
u00-004990,user4990@example.com,2026-01-15,AU
u00-004991,user4991@uni.edu,2026-07-16,US
u00-004992,user4992@example.com,2026-05-16,IN
u00-004993,user4993@example.com,2026-09-18,AU
u00-004994,user4994@corp.io,2026-08-27,GB
u00-004995,user4995@mail.co.in,2026-08-28,GB
u00-004996,user4996@uni.edu,2026-05-11,DE
u00-004997,user4997@corp.io,2026-01-22,GB
u00-004998,user4998@mail.co.in,2026-09-28,DE
u00-004999,user4999@mail.co.in,2026-02-15,US
