user_id,email,signup_date,country
u04-000000,user0@example.com,2026-03-21,IN
u04-000001,user1@mail.co.in,2026-01-14,AU
u04-000002,user2@example.com,2026-03-14,IN
u04-000003,user3@uni.edu,2026-07-19,IN
u04-000004,user4@example.com,2026-07-13,DE
u04-000005,user5@example.com,2026-05-27,IN
u04-000006,user6@mail.co.in,2026-01-22,GB
u04-000007,user7@corp.io,2026-01-15,AU
u04-000008,user8@corp.io,2026-07-25,AU
u04-000009,user9@corp.io,2026-08-15,US
u04-000010,user10@corp.io,2026-03-15,DE
u04-000011,user11@mail.co.in,2026-03-10,DE
u04-000012,user12@mail.co.in,2026-09-21,SG
u04-000013,user13@example.com,2026-06-14,GB
u04-000014,user14@corp.io,2026-07-25,DE
u04-000015,user15@mail.co.in,2026-08-23,SG
u04-000016,user16@example.com,2026-08-25,DE
u04-000017,user17@mail.co.in,2026-05-17,US
u04-000018,user18@corp.io,2026-06-25,SG
u04-000019,user19@example.com,2026-02-16,GB
u04-000020,user20@example.com,2026-02-12,DE
u04-000021,user21@corp.io,2026-06-24,US
u04-000022,user22@uni.edu,2026-01-13,AU
u04-000023,user23@uni.edu,2026-04-18,SG
u04-000024,user24@example.com,2026-04-20,AU
u04-000025,user25@corp.io,2026-01-10,DE
u04-000026,user26@mail.co.in,2026-06-23,SG
u04-000027,user27@example.com,2026-01-10,US
u04-000028,user28@mail.co.in,2026-09-13,GB
u04-000029,user29@uni.edu,2026-07-17,GB
u04-000030,user30@corp.io,2026-05-17,GB
u04-000031,user31@mail.co.in,2026-05-27,US
u04-000032,user32@example.com,2026-01-20,US
u04-000033,user33@example.com,2026-06-24,IN
u04-000034,user34@mail.co.in,2026-09-15,US
u04-000035,user35@example.com,2026-09-27,GB
u04-000036,user36@corp.io,2026-09-13,DE
u04-000037,user37@mail.co.in,2026-05-27,SG
u04-000038,user38@mail.co.in,2026-07-12,SG
u04-000039,user39@uni.edu,2026-05-26,IN
u04-000040,user40@uni.edu,2026-08-16,SG
u04-000041,user41@mail.co.in,2026-04-25,AU
u04-000042,user42@corp.io,2026-08-10,SG
u04-000043,user43@corp.io,2026-09-12,IN
u04-000044,user44@uni.edu,2026-06-10,AU
u04-000045,user45@mail.co.in,2026-02-22,GB
u04-000046,user46@example.com,2026-03-22,AU
u04-000047,user47@corp.io,2026-09-28,AU
u04-000048,user48@mail.co.in,2026-08-23,AU
u04-000049,user49@mail.co.in,2026-05-15,GB
u04-000050,user50@uni.edu,2026-04-20,IN
u04-000051,user51@corp.io,2026-04-16,AU
u04-000052,user52@mail.co.in,2026-04-19,DE
u04-000053,user53@mail.co.in,2026-07-19,DE
u04-000054,user54@uni.edu,2026-01-21,US
u04-000055,user55@example.com,2026-01-25,GB
u04-000056,user56@example.com,2026-03-28,AU
u04-000057,user57@example.com,2026-09-24,DE
u04-000058,user58@uni.edu,2026-08-16,SG
u04-000059,user59@corp.io,2026-01-10,IN
u04-000060,user60@mail.co.in,2026-01-23,DE
u04-000061,user61@uni.edu,2026-03-11,US
u04-000062,user62@mail.co.in,2026-05-25,SG
u04-000063,user63@uni.edu,2026-03-20,AU
u04-000064,user64@mail.co.in,2026-07-27,AU
u04-000065,user65@example.com,2026-07-28,US
u04-000066,user66@corp.io,2026-02-26,AU
u04-000067,user67@example.com,2026-08-10,IN
u04-000068,user68@corp.io,2026-08-16,SG
u04-000069,user69@mail.co.in,2026-07-24,GB
u04-000070,user70@example.com,2026-06-27,SG
u04-000071,user71@uni.edu,2026-05-11,IN
u04-000072,user72@corp.io,2026-02-28,DE
u04-000073,user73@mail.co.in,2026-07-28,US
u04-000074,user74@example.com,2026-01-16,US
u04-000075,user75@mail.co.in,2026-05-17,AU
u04-000076,user76@corp.io,2026-06-10,AU
u04-000077,user77@example.com,2026-02-14,US
u04-000078,user78@mail.co.in,2026-07-11,US
u04-000079,user79@example.com,2026-08-13,AU
u04-000080,user80@mail.co.in,2026-02-10,GB
u04-000081,user81@corp.io,2026-08-24,SG
u04-000082,user82@uni.edu,2026-09-16,DE
u04-000083,user83@corp.io,2026-03-17,DE
u04-000084,user84@example.com,2026-07-25,US
u04-000085,user85@corp.io,2026-01-24,DE
u04-000086,user86@corp.io,2026-03-27,GB
u04-000087,user87@corp.io,2026-09-21,AU
u04-000088,user88@example.com,2026-09-24,US
u04-000089,user89@corp.io,2026-01-20,GB
u04-000090,user90@example.com,2026-08-15,DE
u04-000091,user91@example.com,2026-04-10,US
u04-000092,user92@corp.io,2026-07-10,US
u04-000093,user93@mail.co.in,2026-05-22,DE
u04-000094,user94@mail.co.in,2026-06-15,SG
u04-000095,user95@mail.co.in,2026-03-13,AU
u04-000096,user96@example.com,2026-08-11,GB
u04-000097,user97@mail.co.in,2026-04-26,US
u04-000098,user98@uni.edu,2026-08-15,SG
u04-000099,user99@uni.edu,2026-06-17,AU
u04-000100,user100@uni.edu,2026-02-12,AU
u04-000101,user101@mail.co.in,2026-09-24,AU
u04-000102,user102@example.com,2026-07-15,AU
u04-000103,user103@uni.edu,2026-07-13,IN
u04-000104,user104@example.com,2026-01-21,SG
u04-000105,user105@corp.io,2026-02-14,IN
u04-000106,user106@mail.co.in,2026-09-24,GB
u04-000107,user107@uni.edu,2026-05-17,SG
u04-000108,user108@corp.io,2026-09-18,US
u04-000109,user109@mail.co.in,2026-09-27,SG
u04-000110,user110@example.com,2026-06-14,AU
u04-000111,user111@mail.co.in,2026-08-16,US
u04-000112,user112@uni.edu,2026-01-25,AU
u04-000113,user113@corp.io,2026-06-15,AU
u04-000114,user114@example.com,2026-09-13,DE
u04-000115,user115@mail.co.in,2026-03-27,SG
u04-000116,user116@uni.edu,2026-01-10,US
u04-000117,user117@example.com,2026-09-20,GB
u04-000118,user118@example.com,2026-05-24,DE
u04-000119,user119@uni.edu,2026-09-15,IN
u04-000120,user120@mail.co.in,2026-04-16,US
u04-000121,user121@uni.edu,2026-02-20,GB
u04-000122,user122@example.com,2026-02-13,US
u04-000123,user123@uni.edu,2026-05-23,SG
u04-000124,user124@example.com,2026-03-25,DE
u04-000125,user125@uni.edu,2026-08-25,US
u04-000126,user126@corp.io,2026-08-11,SG
u04-000127,user127@uni.edu,2026-02-19,DE
u04-000128,user128@mail.co.in,2026-05-23,US
u04-000129,user129@mail.co.in,2026-06-14,AU
u04-000130,user130@corp.io,2026-03-27,AU
u04-000131,user131@uni.edu,2026-08-24,DE
u04-000132,user132@example.com,2026-01-20,SG
u04-000133,user133@mail.co.in,2026-01-26,AU
u04-000134,user134@example.com,2026-06-20,SG
u04-000135,user135@uni.edu,2026-04-14,GB
u04-000136,user136@uni.edu,2026-02-17,SG
u04-000137,user137@example.com,2026-02-15,SG
u04-000138,user138@mail.co.in,2026-06-15,GB
u04-000139,user139@mail.co.in,2026-05-25,US
u04-000140,user140@corp.io,2026-08-23,SG
u04-000141,user141@mail.co.in,2026-02-26,DE
u04-000142,user142@uni.edu,2026-05-20,SG
u04-000143,user143@mail.co.in,2026-07-21,IN
u04-000144,user144@mail.co.in,2026-09-16,DE
u04-000145,user145@example.com,2026-07-12,DE
u04-000146,user146@mail.co.in,2026-05-20,AU
u04-000147,user147@example.com,2026-04-11,IN
u04-000148,user148@example.com,2026-02-17,US
u04-000149,user149@example.com,2026-01-16,GB
u04-000150,user150@mail.co.in,2026-04-27,GB
u04-000151,user151@corp.io,2026-07-20,US
u04-000152,user152@example.com,2026-04-25,SG
u04-000153,user153@mail.co.in,2026-04-28,AU
u04-000154,user154@mail.co.in,2026-03-25,GB
u04-000155,user155@uni.edu,2026-04-26,SG
u04-000156,user156@corp.io,2026-09-16,DE
u04-000157,user157@example.com,2026-06-17,GB
u04-000158,user158@corp.io,2026-06-18,SG
u04-000159,user159@uni.edu,2026-05-19,AU
u04-000160,user160@corp.io,2026-01-25,SG
u04-000161,user161@example.com,2026-01-20,DE
u04-000162,user162@mail.co.in,2026-03-14,IN
u04-000163,user163@corp.io,2026-03-14,DE
u04-000164,user164@uni.edu,2026-09-13,US
u04-000165,user165@mail.co.in,2026-07-16,GB
u04-000166,user166@corp.io,2026-01-26,DE
u04-000167,user167@mail.co.in,2026-03-26,SG
u04-000168,user168@example.com,2026-03-24,US
u04-000169,user169@mail.co.in,2026-08-28,AU
u04-000170,user170@uni.edu,2026-01-22,IN
u04-000171,user171@uni.edu,2026-02-27,DE
u04-000172,user172@corp.io,2026-04-19,DE
u04-000173,user173@mail.co.in,2026-02-17,AU
u04-000174,user174@mail.co.in,2026-04-10,GB
u04-000175,user175@example.com,2026-02-25,DE
u04-000176,user176@uni.edu,2026-09-19,GB
u04-000177,user177@mail.co.in,2026-05-15,IN
u04-000178,user178@uni.edu,2026-08-14,GB
u04-000179,user179@uni.edu,2026-09-22,DE
u04-000180,user180@example.com,2026-03-14,SG
u04-000181,user181@corp.io,2026-09-16,DE
u04-000182,user182@example.com,2026-06-19,GB
u04-000183,user183@corp.io,2026-03-26,GB
u04-000184,user184@mail.co.in,2026-09-24,IN
u04-000185,user185@example.com,2026-09-26,DE
u04-000186,user186@example.com,2026-08-23,GB
u04-000187,user187@example.com,2026-04-16,SG
u04-000188,user188@mail.co.in,2026-05-14,IN
u04-000189,user189@mail.co.in,2026-01-16,AU
u04-000190,user190@mail.co.in,2026-03-19,DE
u04-000191,user191@uni.edu,2026-09-24,GB
u04-000192,user192@example.com,2026-05-20,GB
u04-000193,user193@mail.co.in,2026-01-10,DE
u04-000194,user194@mail.co.in,2026-04-27,SG
u04-000195,user195@example.com,2026-05-18,GB
u04-000196,user196@mail.co.in,2026-03-17,DE
u04-000197,user197@example.com,2026-03-11,SG
u04-000198,user198@corp.io,2026-05-27,SG
u04-000199,user199@mail.co.in,2026-09-25,AU
u04-000200,user200@example.com,2026-01-26,AU
u04-000201,user201@corp.io,2026-05-24,AU
u04-000202,user202@example.com,2026-03-21,US
u04-000203,user203@corp.io,2026-05-26,GB
u04-000204,user204@example.com,2026-06-12,AU
u04-000205,user205@example.com,2026-01-18,IN
u04-000206,user206@uni.edu,2026-06-24,AU
u04-000207,user207@corp.io,2026-09-19,GB
u04-000208,user208@example.com,2026-06-12,IN
u04-000209,user209@mail.co.in,2026-01-15,DE
u04-000210,user210@uni.edu,2026-05-25,DE
u04-000211,user211@example.com,2026-06-11,US
u04-000212,user212@example.com,2026-03-26,US
u04-000213,user213@mail.co.in,2026-05-11,GB
u04-000214,user214@example.com,2026-08-12,DE
u04-000215,user215@corp.io,2026-06-13,AU
u04-000216,user216@uni.edu,2026-01-11,AU
u04-000217,user217@example.com,2026-05-13,DE
u04-000218,user218@uni.edu,2026-06-14,AU
u04-000219,user219@uni.edu,2026-06-28,IN
u04-000220,user220@uni.edu,2026-03-26,AU
u04-000221,user221@example.com,2026-03-21,IN
u04-000222,user222@uni.edu,2026-09-12,DE
u04-000223,user223@example.com,2026-07-13,IN
u04-000224,user224@mail.co.in,2026-02-11,GB
u04-000225,user225@mail.co.in,2026-07-20,US
u04-000226,user226@uni.edu,2026-03-18,DE
u04-000227,user227@corp.io,2026-08-20,GB
u04-000228,user228@uni.edu,2026-01-13,IN
u04-000229,user229@example.com,2026-05-15,GB
u04-000230,user230@example.com,2026-06-18,US
u04-000231,user231@example.com,2026-05-14,US
u04-000232,user232@corp.io,2026-03-13,DE
u04-000233,user233@corp.io,2026-06-13,GB
u04-000234,user234@corp.io,2026-03-26,DE
u04-000235,user235@corp.io,2026-04-12,SG
u04-000236,user236@example.com,2026-05-25,SG
u04-000237,user237@mail.co.in,2026-05-15,US
u04-000238,user238@uni.edu,2026-04-18,GB
u04-000239,user239@example.com,2026-08-12,GB
u04-000240,user240@uni.edu,2026-01-17,DE
u04-000241,user241@corp.io,2026-03-22,AU
u04-000242,user242@corp.io,2026-04-12,US
u04-000243,user243@example.com,2026-05-23,GB
u04-000244,user244@mail.co.in,2026-04-21,DE
u04-000245,user245@mail.co.in,2026-05-10,SG
u04-000246,user246@corp.io,2026-08-25,DE
u04-000247,user247@corp.io,2026-06-24,IN
u04-000248,user248@example.com,2026-01-18,AU
u04-000249,user249@mail.co.in,2026-06-18,GB
u04-000250,user250@example.com,2026-08-20,US
u04-000251,user251@uni.edu,2026-06-10,GB
u04-000252,user252@corp.io,2026-02-19,IN
u04-000253,user253@uni.edu,2026-07-12,DE
u04-000254,user254@corp.io,2026-04-19,IN
u04-000255,user255@example.com,2026-03-19,AU
u04-000256,user256@mail.co.in,2026-05-11,US
u04-000257,user257@corp.io,2026-07-20,DE
u04-000258,user258@example.com,2026-02-24,GB
u04-000259,user259@mail.co.in,2026-05-15,IN
u04-000260,user260@uni.edu,2026-03-22,SG
u04-000261,user261@example.com,2026-03-24,AU
u04-000262,user262@mail.co.in,2026-02-14,SG
u04-000263,user263@mail.co.in,2026-03-21,AU
u04-000264,user264@uni.edu,2026-01-27,AU
u04-000265,user265@example.com,2026-07-26,AU
u04-000266,user266@uni.edu,2026-03-19,AU
u04-000267,user267@uni.edu,2026-02-16,AU
u04-000268,user268@corp.io,2026-03-24,US
u04-000269,user269@mail.co.in,2026-07-13,GB
u04-000270,user270@example.com,2026-01-14,IN
u04-000271,user271@uni.edu,2026-04-13,GB
u04-000272,user272@example.com,2026-09-14,IN
u04-000273,user273@mail.co.in,2026-01-21,AU
u04-000274,user274@example.com,2026-01-13,AU
u04-000275,user275@corp.io,2026-06-13,SG
u04-000276,user276@example.com,2026-02-15,DE
u04-000277,user277@uni.edu,2026-02-13,AU
u04-000278,user278@mail.co.in,2026-01-19,SG
u04-000279,user279@example.com,2026-01-28,IN
u04-000280,user280@corp.io,2026-02-13,GB
u04-000281,user281@corp.io,2026-03-24,DE
u04-000282,user282@mail.co.in,2026-04-21,US
u04-000283,user283@mail.co.in,2026-05-14,DE
u04-000284,user284@example.com,2026-07-18,AU
u04-000285,user285@example.com,2026-06-12,GB
u04-000286,user286@example.com,2026-09-17,US
u04-000287,user287@example.com,2026-08-27,AU
u04-000288,user288@example.com,2026-09-15,SG
u04-000289,user289@example.com,2026-02-14,US
u04-000290,user290@corp.io,2026-04-19,IN
u04-000291,user291@mail.co.in,2026-09-24,DE
u04-000292,user292@corp.io,2026-08-14,GB
u04-000293,user293@uni.edu,2026-01-12,AU
u04-000294,user294@mail.co.in,2026-01-25,AU
u04-000295,user295@example.com,2026-06-26,IN
u04-000296,user296@example.com,2026-05-18,IN
u04-000297,user297@uni.edu,2026-01-22,US
u04-000298,user298@corp.io,2026-09-19,US
u04-000299,user299@corp.io,2026-01-20,IN
u04-000300,user300@example.com,2026-05-27,US
u04-000301,user301@mail.co.in,2026-07-22,US
u04-000302,user302@mail.co.in,2026-03-22,GB
u04-000303,user303@uni.edu,2026-01-28,US
u04-000304,user304@corp.io,2026-08-17,SG
u04-000305,user305@example.com,2026-09-27,SG
u04-000306,user306@corp.io,2026-05-24,SG
u04-000307,user307@mail.co.in,2026-07-28,IN
u04-000308,user308@uni.edu,2026-04-16,GB
u04-000309,user309@example.com,2026-08-21,GB
u04-000310,user310@uni.edu,2026-08-14,SG
u04-000311,user311@uni.edu,2026-01-21,DE
u04-000312,user312@mail.co.in,2026-07-19,SG
u04-000313,user313@example.com,2026-01-14,AU
u04-000314,user314@example.com,2026-06-24,DE
u04-000315,user315@uni.edu,2026-03-28,IN
u04-000316,user316@corp.io,2026-05-12,SG
u04-000317,user317@corp.io,2026-04-11,US
u04-000318,user318@corp.io,2026-03-10,US
u04-000319,user319@mail.co.in,2026-03-15,DE
u04-000320,user320@corp.io,2026-05-16,SG
u04-000321,user321@uni.edu,2026-04-17,SG
u04-000322,user322@example.com,2026-06-27,IN
u04-000323,user323@example.com,2026-08-14,SG
u04-000324,user324@mail.co.in,2026-07-10,GB
u04-000325,user325@corp.io,2026-02-19,IN
u04-000326,user326@corp.io,2026-03-20,US
u04-000327,user327@example.com,2026-02-11,IN
u04-000328,user328@mail.co.in,2026-08-16,AU
u04-000329,user329@mail.co.in,2026-01-22,IN
u04-000330,user330@uni.edu,2026-07-20,US
u04-000331,user331@mail.co.in,2026-07-16,DE
u04-000332,user332@mail.co.in,2026-05-25,US
u04-000333,user333@uni.edu,2026-02-27,SG
u04-000334,user334@corp.io,2026-08-26,US
u04-000335,user335@mail.co.in,2026-08-18,SG
u04-000336,user336@uni.edu,2026-03-14,IN
u04-000337,user337@example.com,2026-03-28,US
u04-000338,user338@mail.co.in,2026-06-28,US
u04-000339,user339@example.com,2026-04-27,DE
u04-000340,user340@example.com,2026-09-11,AU
u04-000341,user341@example.com,2026-03-24,SG
u04-000342,user342@mail.co.in,2026-06-15,US
u04-000343,user343@corp.io,2026-01-13,AU
u04-000344,user344@mail.co.in,2026-01-27,GB
u04-000345,user345@corp.io,2026-09-24,SG
u04-000346,user346@uni.edu,2026-08-22,AU
u04-000347,user347@mail.co.in,2026-04-27,GB
u04-000348,user348@example.com,2026-07-15,IN
u04-000349,user349@uni.edu,2026-06-17,DE
u04-000350,user350@mail.co.in,2026-04-26,SG
u04-000351,user351@mail.co.in,2026-04-24,IN
u04-000352,user352@corp.io,2026-07-24,US
u04-000353,user353@corp.io,2026-07-28,SG
u04-000354,user354@example.com,2026-05-20,GB
u04-000355,user355@corp.io,2026-08-15,AU
u04-000356,user356@corp.io,2026-09-17,IN
u04-000357,user357@corp.io,2026-06-14,SG
u04-000358,user358@uni.edu,2026-07-26,GB
u04-000359,user359@uni.edu,2026-06-26,DE
u04-000360,user360@mail.co.in,2026-07-12,IN
u04-000361,user361@mail.co.in,2026-04-16,IN
u04-000362,user362@mail.co.in,2026-02-16,US
u04-000363,user363@mail.co.in,2026-08-21,IN
u04-000364,user364@uni.edu,2026-03-10,GB
u04-000365,user365@corp.io,2026-09-11,US
u04-000366,user366@example.com,2026-04-11,AU
u04-000367,user367@uni.edu,2026-08-14,US
u04-000368,user368@mail.co.in,2026-01-27,DE
u04-000369,user369@mail.co.in,2026-09-25,GB
u04-000370,user370@uni.edu,2026-07-10,US
u04-000371,user371@example.com,2026-07-28,DE
u04-000372,user372@example.com,2026-01-24,GB
u04-000373,user373@corp.io,2026-02-13,DE
u04-000374,user374@corp.io,2026-06-27,AU
u04-000375,user375@mail.co.in,2026-03-15,AU
u04-000376,user376@example.com,2026-08-28,AU
u04-000377,user377@corp.io,2026-03-11,DE
u04-000378,user378@corp.io,2026-05-12,IN
u04-000379,user379@uni.edu,2026-09-19,SG
u04-000380,user380@corp.io,2026-06-27,SG
u04-000381,user381@example.com,2026-06-10,AU
u04-000382,user382@example.com,2026-05-17,US
u04-000383,user383@example.com,2026-07-15,SG
u04-000384,user384@mail.co.in,2026-04-11,US
u04-000385,user385@uni.edu,2026-08-28,IN
u04-000386,user386@uni.edu,2026-01-24,AU
u04-000387,user387@mail.co.in,2026-01-21,US
u04-000388,user388@corp.io,2026-08-12,GB
u04-000389,user389@mail.co.in,2026-04-24,US
u04-000390,user390@uni.edu,2026-04-21,SG
u04-000391,user391@uni.edu,2026-05-11,IN
u04-000392,user392@mail.co.in,2026-03-15,AU
u04-000393,user393@mail.co.in,2026-07-12,US
u04-000394,user394@corp.io,2026-08-14,AU
u04-000395,user395@mail.co.in,2026-09-17,SG
u04-000396,user396@uni.edu,2026-04-26,GB
u04-000397,user397@uni.edu,2026-02-16,US
u04-000398,user398@mail.co.in,2026-08-26,IN
u04-000399,user399@uni.edu,2026-08-16,DE
u04-000400,user400@uni.edu,2026-08-27,IN
u04-000401,user401@mail.co.in,2026-04-24,IN
u04-000402,user402@corp.io,2026-01-25,IN
u04-000403,user403@uni.edu,2026-05-24,IN
u04-000404,user404@mail.co.in,2026-03-13,IN
u04-000405,user405@mail.co.in,2026-05-28,SG
u04-000406,user406@corp.io,2026-01-18,US
u04-000407,user407@uni.edu,2026-07-18,IN
u04-000408,user408@uni.edu,2026-06-14,US
u04-000409,user409@mail.co.in,2026-03-11,DE
u04-000410,user410@mail.co.in,2026-01-21,US
u04-000411,user411@corp.io,2026-05-24,US
u04-000412,user412@uni.edu,2026-03-22,GB
u04-000413,user413@example.com,2026-03-19,GB
u04-000414,user414@uni.edu,2026-08-10,DE
u04-000415,user415@uni.edu,2026-09-15,US
u04-000416,user416@mail.co.in,2026-04-23,SG
u04-000417,user417@example.com,2026-07-24,GB
u04-000418,user418@example.com,2026-09-26,AU
u04-000419,user419@mail.co.in,2026-09-20,DE
u04-000420,user420@example.com,2026-01-28,SG
u04-000421,user421@corp.io,2026-02-20,DE
u04-000422,user422@corp.io,2026-03-23,DE
u04-000423,user423@uni.edu,2026-05-12,SG
u04-000424,user424@corp.io,2026-06-13,US
u04-000425,user425@mail.co.in,2026-02-20,DE
u04-000426,user426@uni.edu,2026-01-16,DE
u04-000427,user427@mail.co.in,2026-08-10,GB
u04-000428,user428@example.com,2026-07-18,US
u04-000429,user429@mail.co.in,2026-04-12,DE
u04-000430,user430@corp.io,2026-02-19,AU
u04-000431,user431@example.com,2026-01-28,SG
u04-000432,user432@example.com,2026-09-26,IN
u04-000433,user433@mail.co.in,2026-07-24,DE
u04-000434,user434@corp.io,2026-09-24,DE
u04-000435,user435@corp.io,2026-07-23,DE
u04-000436,user436@uni.edu,2026-09-13,DE
u04-000437,user437@uni.edu,2026-03-21,SG
u04-000438,user438@example.com,2026-04-15,GB
u04-000439,user439@mail.co.in,2026-03-21,AU
u04-000440,user440@uni.edu,2026-05-12,SG
u04-000441,user441@uni.edu,2026-08-11,AU
u04-000442,user442@uni.edu,2026-04-20,IN
u04-000443,user443@corp.io,2026-03-16,GB
u04-000444,user444@example.com,2026-07-25,GB
u04-000445,user445@example.com,2026-08-21,AU
u04-000446,user446@corp.io,2026-06-27,AU
u04-000447,user447@uni.edu,2026-07-26,DE
u04-000448,user448@mail.co.in,2026-04-21,SG
u04-000449,user449@corp.io,2026-05-27,SG
u04-000450,user450@uni.edu,2026-05-22,GB
u04-000451,user451@mail.co.in,2026-04-22,DE
u04-000452,user452@mail.co.in,2026-05-23,AU
u04-000453,user453@example.com,2026-07-19,US
u04-000454,user454@corp.io,2026-08-28,DE
u04-000455,user455@uni.edu,2026-08-24,AU
u04-000456,user456@mail.co.in,2026-01-11,GB
u04-000457,user457@mail.co.in,2026-04-25,AU
u04-000458,user458@uni.edu,2026-09-13,SG
u04-000459,user459@mail.co.in,2026-03-10,AU
u04-000460,user460@uni.edu,2026-07-21,IN
u04-000461,user461@uni.edu,2026-03-10,GB
u04-000462,user462@corp.io,2026-06-28,AU
u04-000463,user463@corp.io,2026-06-27,US
u04-000464,user464@uni.edu,2026-07-20,AU
u04-000465,user465@example.com,2026-08-10,GB
u04-000466,user466@corp.io,2026-06-18,AU
u04-000467,user467@mail.co.in,2026-06-19,US
u04-000468,user468@uni.edu,2026-03-22,SG
u04-000469,user469@example.com,2026-08-25,IN
u04-000470,user470@mail.co.in,2026-05-10,US
u04-000471,user471@uni.edu,2026-06-27,DE
u04-000472,user472@example.com,2026-03-19,GB
u04-000473,user473@uni.edu,2026-01-23,SG
u04-000474,user474@corp.io,2026-05-10,IN
u04-000475,user475@mail.co.in,2026-04-16,US
u04-000476,user476@example.com,2026-08-22,DE
u04-000477,user477@example.com,2026-03-25,US
u04-000478,user478@uni.edu,2026-03-13,IN
u04-000479,user479@mail.co.in,2026-06-21,GB
u04-000480,user480@uni.edu,2026-05-27,IN
u04-000481,user481@mail.co.in,2026-03-12,SG
u04-000482,user482@corp.io,2026-09-19,GB
u04-000483,user483@example.com,2026-07-28,DE
u04-000484,user484@corp.io,2026-09-24,IN
u04-000485,user485@example.com,2026-08-22,IN
u04-000486,user486@example.com,2026-05-22,US
u04-000487,user487@example.com,2026-04-14,DE
u04-000488,user488@corp.io,2026-01-17,DE
u04-000489,user489@uni.edu,2026-02-15,US
u04-000490,user490@example.com,2026-06-22,AU
u04-000491,user491@uni.edu,2026-06-16,GB
u04-000492,user492@example.com,2026-03-27,SG
u04-000493,user493@mail.co.in,2026-08-14,SG
u04-000494,user494@corp.io,2026-09-10,AU
u04-000495,user495@corp.io,2026-08-20,DE
u04-000496,user496@uni.edu,2026-05-26,IN
u04-000497,user497@example.com,2026-09-28,AU
u04-000498,user498@uni.edu,2026-06-20,AU
u04-000499,user499@example.com,2026-05-14,SG
u04-000500,user500@example.com,2026-05-19,IN
u04-000501,user501@mail.co.in,2026-09-16,DE
u04-000502,user502@uni.edu,2026-05-13,SG
u04-000503,user503@example.com,2026-03-10,AU
u04-000504,user504@mail.co.in,2026-02-27,AU
u04-000505,user505@corp.io,2026-02-23,GB
u04-000506,user506@mail.co.in,2026-03-18,GB
u04-000507,user507@corp.io,2026-01-20,GB
u04-000508,user508@mail.co.in,2026-07-15,DE
u04-000509,user509@uni.edu,2026-08-17,GB
u04-000510,user510@uni.edu,2026-04-14,IN
u04-000511,user511@example.com,2026-04-20,GB
u04-000512,user512@mail.co.in,2026-03-21,SG
u04-000513,user513@uni.edu,2026-01-28,AU
u04-000514,user514@uni.edu,2026-02-28,SG
u04-000515,user515@corp.io,2026-09-26,SG
u04-000516,user516@uni.edu,2026-04-21,IN
u04-000517,user517@example.com,2026-09-26,IN
u04-000518,user518@example.com,2026-01-14,IN
u04-000519,user519@example.com,2026-02-25,AU
u04-000520,user520@corp.io,2026-03-14,IN
u04-000521,user521@mail.co.in,2026-01-14,IN
u04-000522,user522@corp.io,2026-05-11,AU
u04-000523,user523@uni.edu,2026-05-11,US
u04-000524,user524@uni.edu,2026-02-15,GB
u04-000525,user525@corp.io,2026-04-21,DE
u04-000526,user526@mail.co.in,2026-01-14,SG
u04-000527,user527@uni.edu,2026-03-26,IN
u04-000528,user528@uni.edu,2026-04-11,US
u04-000529,user529@corp.io,2026-08-21,GB
u04-000530,user530@uni.edu,2026-01-11,GB
u04-000531,user531@corp.io,2026-08-11,SG
u04-000532,user532@example.com,2026-08-27,GB
u04-000533,user533@corp.io,2026-08-17,DE
u04-000534,user534@uni.edu,2026-01-16,IN
u04-000535,user535@uni.edu,2026-07-20,US
u04-000536,user536@corp.io,2026-02-17,AU
u04-000537,user537@example.com,2026-08-14,AU
u04-000538,user538@corp.io,2026-04-22,US
u04-000539,user539@mail.co.in,2026-05-13,GB
u04-000540,user540@mail.co.in,2026-07-17,AU
u04-000541,user541@corp.io,2026-09-21,GB
u04-000542,user542@corp.io,2026-06-28,GB
u04-000543,user543@uni.edu,2026-09-22,GB
u04-000544,user544@corp.io,2026-08-19,SG
u04-000545,user545@corp.io,2026-03-14,SG
u04-000546,user546@example.com,2026-02-22,US
u04-000547,user547@example.com,2026-01-18,AU
u04-000548,user548@mail.co.in,2026-05-13,IN
u04-000549,user549@example.com,2026-04-12,AU
u04-000550,user550@uni.edu,2026-09-14,IN
u04-000551,user551@mail.co.in,2026-05-11,IN
u04-000552,user552@uni.edu,2026-05-26,AU
u04-000553,user553@corp.io,2026-02-21,US
u04-000554,user554@uni.edu,2026-02-19,GB
u04-000555,user555@mail.co.in,2026-05-24,IN
u04-000556,user556@example.com,2026-01-18,IN
u04-000557,user557@corp.io,2026-09-14,GB
u04-000558,user558@uni.edu,2026-01-18,DE
u04-000559,user559@corp.io,2026-06-22,DE
u04-000560,user560@mail.co.in,2026-05-21,DE
u04-000561,user561@mail.co.in,2026-04-19,GB
u04-000562,user562@corp.io,2026-08-22,AU
u04-000563,user563@corp.io,2026-03-15,IN
u04-000564,user564@corp.io,2026-03-24,IN
u04-000565,user565@example.com,2026-02-18,SG
u04-000566,user566@example.com,2026-06-25,SG
u04-000567,user567@corp.io,2026-08-10,DE
u04-000568,user568@mail.co.in,2026-03-25,DE
u04-000569,user569@mail.co.in,2026-09-24,SG
u04-000570,user570@example.com,2026-05-22,US
u04-000571,user571@mail.co.in,2026-07-19,IN
u04-000572,user572@mail.co.in,2026-03-20,DE
u04-000573,user573@uni.edu,2026-01-28,SG
u04-000574,user574@corp.io,2026-08-12,AU
u04-000575,user575@example.com,2026-08-19,AU
u04-000576,user576@uni.edu,2026-03-14,IN
u04-000577,user577@uni.edu,2026-03-13,GB
u04-000578,user578@corp.io,2026-03-11,IN
u04-000579,user579@example.com,2026-05-18,DE
u04-000580,user580@uni.edu,2026-02-21,DE
u04-000581,user581@example.com,2026-01-25,AU
u04-000582,user582@mail.co.in,2026-04-21,SG
u04-000583,user583@corp.io,2026-09-21,DE
u04-000584,user584@example.com,2026-03-16,IN
u04-000585,user585@example.com,2026-03-18,IN
u04-000586,user586@mail.co.in,2026-05-24,IN
u04-000587,user587@example.com,2026-01-15,SG
u04-000588,user588@uni.edu,2026-08-15,IN
u04-000589,user589@example.com,2026-06-12,US
u04-000590,user590@uni.edu,2026-05-25,IN
u04-000591,user591@example.com,2026-01-20,US
u04-000592,user592@example.com,2026-09-20,GB
u04-000593,user593@mail.co.in,2026-01-18,DE
u04-000594,user594@mail.co.in,2026-03-20,GB
u04-000595,user595@example.com,2026-01-21,GB
u04-000596,user596@uni.edu,2026-08-14,DE
u04-000597,user597@uni.edu,2026-01-19,IN
u04-000598,user598@example.com,2026-03-17,AU
u04-000599,user599@uni.edu,2026-09-12,IN
u04-000600,user600@corp.io,2026-01-24,US
u04-000601,user601@uni.edu,2026-04-23,DE
u04-000602,user602@corp.io,2026-06-28,GB
u04-000603,user603@mail.co.in,2026-02-23,US
u04-000604,user604@corp.io,2026-03-15,SG
u04-000605,user605@uni.edu,2026-03-26,US
u04-000606,user606@corp.io,2026-03-22,GB
u04-000607,user607@corp.io,2026-02-27,IN
u04-000608,user608@uni.edu,2026-09-19,US
u04-000609,user609@uni.edu,2026-02-17,GB
u04-000610,user610@corp.io,2026-06-15,AU
u04-000611,user611@example.com,2026-03-13,IN
u04-000612,user612@mail.co.in,2026-02-12,AU
u04-000613,user613@example.com,2026-09-28,US
u04-000614,user614@uni.edu,2026-04-11,US
u04-000615,user615@example.com,2026-04-15,DE
u04-000616,user616@corp.io,2026-08-22,SG
u04-000617,user617@example.com,2026-05-21,SG
u04-000618,user618@corp.io,2026-08-26,SG
u04-000619,user619@mail.co.in,2026-02-15,IN
u04-000620,user620@uni.edu,2026-01-19,US
u04-000621,user621@example.com,2026-03-12,DE
u04-000622,user622@uni.edu,2026-02-17,IN
u04-000623,user623@corp.io,2026-09-15,AU
u04-000624,user624@corp.io,2026-09-10,AU
u04-000625,user625@corp.io,2026-08-26,DE
u04-000626,user626@uni.edu,2026-07-28,GB
u04-000627,user627@mail.co.in,2026-01-17,US
u04-000628,user628@example.com,2026-09-24,SG
u04-000629,user629@example.com,2026-03-27,IN
u04-000630,user630@example.com,2026-03-13,SG
u04-000631,user631@uni.edu,2026-03-18,SG
u04-000632,user632@corp.io,2026-04-26,IN
u04-000633,user633@example.com,2026-07-22,US
u04-000634,user634@corp.io,2026-04-18,SG
u04-000635,user635@corp.io,2026-06-21,AU
u04-000636,user636@example.com,2026-07-19,SG
u04-000637,user637@uni.edu,2026-04-28,DE
u04-000638,user638@corp.io,2026-03-28,US
u04-000639,user639@mail.co.in,2026-05-13,GB
u04-000640,user640@example.com,2026-04-15,US
u04-000641,user641@mail.co.in,2026-01-12,GB
u04-000642,user642@corp.io,2026-03-19,GB
u04-000643,user643@mail.co.in,2026-07-22,US
u04-000644,user644@uni.edu,2026-04-17,SG
u04-000645,user645@uni.edu,2026-02-11,DE
u04-000646,user646@example.com,2026-04-25,SG
u04-000647,user647@mail.co.in,2026-06-16,AU
u04-000648,user648@example.com,2026-08-11,DE
u04-000649,user649@uni.edu,2026-04-22,IN
u04-000650,user650@mail.co.in,2026-08-26,GB
u04-000651,user651@corp.io,2026-02-18,GB
u04-000652,user652@uni.edu,2026-09-28,GB
u04-000653,user653@mail.co.in,2026-06-18,AU
u04-000654,user654@example.com,2026-01-27,IN
u04-000655,user655@corp.io,2026-01-11,US
u04-000656,user656@mail.co.in,2026-05-25,AU
u04-000657,user657@mail.co.in,2026-08-16,US
u04-000658,user658@uni.edu,2026-01-21,US
u04-000659,user659@example.com,2026-07-10,AU
u04-000660,user660@mail.co.in,2026-02-10,IN
u04-000661,user661@mail.co.in,2026-08-10,DE
u04-000662,user662@mail.co.in,2026-01-21,AU
u04-000663,user663@uni.edu,2026-01-18,US
u04-000664,user664@example.com,2026-01-26,AU
u04-000665,user665@example.com,2026-07-24,US
u04-000666,user666@example.com,2026-01-11,US
u04-000667,user667@uni.edu,2026-02-21,SG
u04-000668,user668@corp.io,2026-09-17,SG
u04-000669,user669@mail.co.in,2026-07-26,IN
u04-000670,user670@mail.co.in,2026-09-28,DE
u04-000671,user671@corp.io,2026-07-18,DE
u04-000672,user672@mail.co.in,2026-04-27,DE
u04-000673,user673@corp.io,2026-03-17,AU
u04-000674,user674@corp.io,2026-05-20,US
u04-000675,user675@example.com,2026-06-25,SG
u04-000676,user676@uni.edu,2026-06-12,US
u04-000677,user677@example.com,2026-04-16,IN
u04-000678,user678@example.com,2026-05-12,IN
u04-000679,user679@uni.edu,2026-04-20,AU
u04-000680,user680@example.com,2026-03-17,IN
u04-000681,user681@uni.edu,2026-06-10,US
u04-000682,user682@example.com,2026-06-24,IN
u04-000683,user683@mail.co.in,2026-01-13,DE
u04-000684,user684@corp.io,2026-07-17,SG
u04-000685,user685@corp.io,2026-04-28,SG
u04-000686,user686@example.com,2026-06-14,DE
u04-000687,user687@uni.edu,2026-09-14,GB
u04-000688,user688@example.com,2026-08-13,GB
u04-000689,user689@mail.co.in,2026-06-28,AU
u04-000690,user690@example.com,2026-03-25,US
u04-000691,user691@mail.co.in,2026-05-18,DE
u04-000692,user692@mail.co.in,2026-07-11,DE
u04-000693,user693@example.com,2026-01-28,AU
u04-000694,user694@mail.co.in,2026-02-25,SG
u04-000695,user695@uni.edu,2026-08-20,US
u04-000696,user696@example.com,2026-06-10,GB
u04-000697,user697@mail.co.in,2026-04-17,DE
u04-000698,user698@uni.edu,2026-04-18,AU
u04-000699,user699@uni.edu,2026-09-17,US
u04-000700,user700@mail.co.in,2026-09-13,IN
u04-000701,user701@example.com,2026-03-24,US
u04-000702,user702@uni.edu,2026-02-13,SG
u04-000703,user703@example.com,2026-08-16,US
u04-000704,user704@uni.edu,2026-04-18,US
u04-000705,user705@corp.io,2026-09-25,SG
u04-000706,user706@corp.io,2026-09-15,SG
u04-000707,user707@mail.co.in,2026-04-19,AU
u04-000708,user708@mail.co.in,2026-07-21,AU
u04-000709,user709@example.com,2026-06-24,DE
u04-000710,user710@example.com,2026-05-20,GB
u04-000711,user711@corp.io,2026-06-28,GB
u04-000712,user712@uni.edu,2026-05-17,DE
u04-000713,user713@example.com,2026-01-18,AU
u04-000714,user714@mail.co.in,2026-01-25,AU
u04-000715,user715@uni.edu,2026-08-28,AU
u04-000716,user716@uni.edu,2026-04-16,AU
u04-000717,user717@uni.edu,2026-03-15,IN
u04-000718,user718@example.com,2026-07-12,AU
u04-000719,user719@example.com,2026-09-26,DE
u04-000720,user720@example.com,2026-07-10,US
u04-000721,user721@corp.io,2026-06-28,GB
u04-000722,user722@corp.io,2026-03-11,DE
u04-000723,user723@uni.edu,2026-05-18,SG
u04-000724,user724@uni.edu,2026-08-28,AU
u04-000725,user725@uni.edu,2026-04-24,AU
u04-000726,user726@example.com,2026-07-21,SG
u04-000727,user727@uni.edu,2026-09-16,DE
u04-000728,user728@corp.io,2026-09-24,GB
u04-000729,user729@example.com,2026-03-13,GB
u04-000730,user730@corp.io,2026-03-25,IN
u04-000731,user731@example.com,2026-01-18,IN
u04-000732,user732@example.com,2026-05-11,SG
u04-000733,user733@corp.io,2026-05-18,DE
u04-000734,user734@uni.edu,2026-03-25,GB
u04-000735,user735@corp.io,2026-08-26,AU
u04-000736,user736@mail.co.in,2026-04-26,GB
u04-000737,user737@uni.edu,2026-04-27,DE
u04-000738,user738@uni.edu,2026-08-19,AU
u04-000739,user739@uni.edu,2026-03-28,IN
u04-000740,user740@mail.co.in,2026-01-27,SG
u04-000741,user741@corp.io,2026-09-27,US
u04-000742,user742@example.com,2026-01-12,IN
u04-000743,user743@uni.edu,2026-01-13,GB
u04-000744,user744@mail.co.in,2026-01-27,DE
u04-000745,user745@uni.edu,2026-02-27,GB
u04-000746,user746@corp.io,2026-05-10,SG
u04-000747,user747@uni.edu,2026-07-14,SG
u04-000748,user748@corp.io,2026-06-28,SG
u04-000749,user749@corp.io,2026-05-27,IN
u04-000750,user750@example.com,2026-09-17,SG
u04-000751,user751@mail.co.in,2026-06-20,AU
u04-000752,user752@corp.io,2026-04-19,IN
u04-000753,user753@example.com,2026-08-10,GB
u04-000754,user754@example.com,2026-07-26,IN
u04-000755,user755@mail.co.in,2026-02-11,SG
u04-000756,user756@mail.co.in,2026-09-15,US
u04-000757,user757@uni.edu,2026-03-23,IN
u04-000758,user758@uni.edu,2026-08-20,SG
u04-000759,user759@corp.io,2026-03-12,DE
u04-000760,user760@uni.edu,2026-07-22,IN
u04-000761,user761@corp.io,2026-06-24,SG
u04-000762,user762@example.com,2026-02-15,AU
u04-000763,user763@mail.co.in,2026-05-24,AU
u04-000764,user764@example.com,2026-07-21,AU
u04-000765,user765@uni.edu,2026-04-11,GB
u04-000766,user766@mail.co.in,2026-01-19,SG
u04-000767,user767@uni.edu,2026-06-24,IN
u04-000768,user768@example.com,2026-06-23,DE
u04-000769,user769@example.com,2026-01-17,US
u04-000770,user770@mail.co.in,2026-04-16,US
u04-000771,user771@mail.co.in,2026-04-13,GB
u04-000772,user772@uni.edu,2026-04-19,DE
u04-000773,user773@mail.co.in,2026-04-20,US
u04-000774,user774@corp.io,2026-03-20,AU
u04-000775,user775@corp.io,2026-02-20,IN
u04-000776,user776@mail.co.in,2026-08-22,IN
u04-000777,user777@example.com,2026-02-26,GB
u04-000778,user778@mail.co.in,2026-04-24,GB
u04-000779,user779@example.com,2026-09-27,GB
u04-000780,user780@corp.io,2026-06-16,GB
u04-000781,user781@corp.io,2026-05-19,DE
u04-000782,user782@mail.co.in,2026-04-23,US
u04-000783,user783@mail.co.in,2026-05-24,US
u04-000784,user784@corp.io,2026-02-11,SG
u04-000785,user785@example.com,2026-09-24,DE
u04-000786,user786@uni.edu,2026-06-10,DE
u04-000787,user787@example.com,2026-04-21,GB
u04-000788,user788@uni.edu,2026-08-24,IN
u04-000789,user789@example.com,2026-09-10,SG
u04-000790,user790@uni.edu,2026-01-26,GB
u04-000791,user791@corp.io,2026-05-20,SG
u04-000792,user792@mail.co.in,2026-08-14,DE
u04-000793,user793@mail.co.in,2026-07-10,GB
u04-000794,user794@corp.io,2026-04-26,IN
u04-000795,user795@mail.co.in,2026-07-10,US
u04-000796,user796@mail.co.in,2026-02-23,SG
u04-000797,user797@corp.io,2026-06-28,US
u04-000798,user798@mail.co.in,2026-09-19,IN
u04-000799,user799@corp.io,2026-08-15,AU
u04-000800,user800@mail.co.in,2026-05-12,GB
u04-000801,user801@example.com,2026-03-13,SG
u04-000802,user802@corp.io,2026-06-21,IN
u04-000803,user803@uni.edu,2026-09-14,GB
u04-000804,user804@corp.io,2026-07-25,IN
u04-000805,user805@mail.co.in,2026-06-28,AU
u04-000806,user806@mail.co.in,2026-01-17,DE
u04-000807,user807@uni.edu,2026-01-27,US
u04-000808,user808@mail.co.in,2026-08-18,US
u04-000809,user809@mail.co.in,2026-08-16,DE
u04-000810,user810@example.com,2026-02-11,DE
u04-000811,user811@mail.co.in,2026-09-17,IN
u04-000812,user812@example.com,2026-05-17,DE
u04-000813,user813@example.com,2026-01-14,US
u04-000814,user814@uni.edu,2026-05-11,DE
u04-000815,user815@mail.co.in,2026-06-24,GB
u04-000816,user816@corp.io,2026-08-24,IN
u04-000817,user817@mail.co.in,2026-05-17,IN
u04-000818,user818@corp.io,2026-07-10,AU
u04-000819,user819@example.com,2026-09-21,SG
u04-000820,user820@corp.io,2026-08-21,GB
u04-000821,user821@uni.edu,2026-04-28,SG
u04-000822,user822@mail.co.in,2026-02-14,SG
u04-000823,user823@mail.co.in,2026-06-26,IN
u04-000824,user824@mail.co.in,2026-03-12,SG
u04-000825,user825@example.com,2026-04-25,SG
u04-000826,user826@example.com,2026-05-17,GB
u04-000827,user827@uni.edu,2026-08-16,GB
u04-000828,user828@uni.edu,2026-02-25,SG
u04-000829,user829@example.com,2026-06-13,DE
u04-000830,user830@mail.co.in,2026-04-13,IN
u04-000831,user831@corp.io,2026-04-25,IN
u04-000832,user832@mail.co.in,2026-06-16,IN
u04-000833,user833@example.com,2026-07-20,IN
u04-000834,user834@corp.io,2026-01-26,US
u04-000835,user835@example.com,2026-06-18,US
u04-000836,user836@corp.io,2026-09-18,GB
u04-000837,user837@corp.io,2026-02-26,GB
u04-000838,user838@corp.io,2026-06-25,IN
u04-000839,user839@example.com,2026-09-11,IN
u04-000840,user840@mail.co.in,2026-04-19,AU
u04-000841,user841@example.com,2026-07-24,US
u04-000842,user842@mail.co.in,2026-09-17,GB
u04-000843,user843@mail.co.in,2026-06-22,DE
u04-000844,user844@mail.co.in,2026-01-13,DE
u04-000845,user845@uni.edu,2026-01-28,DE
u04-000846,user846@example.com,2026-07-28,SG
u04-000847,user847@corp.io,2026-03-23,GB
u04-000848,user848@mail.co.in,2026-06-10,AU
u04-000849,user849@mail.co.in,2026-03-13,GB
u04-000850,user850@mail.co.in,2026-09-15,US
u04-000851,user851@example.com,2026-01-21,IN
u04-000852,user852@corp.io,2026-07-24,DE
u04-000853,user853@mail.co.in,2026-05-17,AU
u04-000854,user854@uni.edu,2026-08-12,AU
u04-000855,user855@example.com,2026-03-28,DE
u04-000856,user856@uni.edu,2026-09-20,AU
u04-000857,user857@example.com,2026-04-17,US
u04-000858,user858@uni.edu,2026-05-27,DE
u04-000859,user859@corp.io,2026-09-12,IN
u04-000860,user860@mail.co.in,2026-09-21,GB
u04-000861,user861@uni.edu,2026-09-12,AU
u04-000862,user862@mail.co.in,2026-08-11,IN
u04-000863,user863@mail.co.in,2026-09-20,US
u04-000864,user864@uni.edu,2026-02-19,AU
u04-000865,user865@corp.io,2026-02-25,GB
u04-000866,user866@uni.edu,2026-03-13,AU
u04-000867,user867@example.com,2026-04-27,GB
u04-000868,user868@example.com,2026-08-19,GB
u04-000869,user869@example.com,2026-03-13,AU
u04-000870,user870@example.com,2026-02-15,AU
u04-000871,user871@example.com,,DE
u04-000872,user872@example.com,2026-07-16,DE
u04-000873,user873@corp.io,2026-05-28,IN
u04-000874,user874@uni.edu,2026-09-19,US
u04-000875,user875@example.com,2026-05-23,AU
u04-000876,user876@example.com,2026-05-13,AU
u04-000877,user877@example.com,2026-03-16,GB
u04-000878,user878@uni.edu,2026-09-22,AU
u04-000879,user879@mail.co.in,2026-02-10,AU
u04-000880,user880@example.com,2026-03-13,US
u04-000881,user881@mail.co.in,2026-07-10,GB
u04-000882,user882@mail.co.in,2026-04-16,US
u04-000883,user883@mail.co.in,2026-07-19,US
u04-000884,user884@example.com,2026-07-26,IN
u04-000885,user885@mail.co.in,2026-09-22,IN
u04-000886,user886@uni.edu,2026-07-26,DE
u04-000887,user887@mail.co.in,2026-01-24,US
u04-000888,user888@example.com,2026-02-13,SG
u04-000889,user889@uni.edu,2026-05-26,GB
u04-000890,user890@corp.io,2026-02-11,DE
u04-000891,user891@uni.edu,2026-07-23,US
u04-000892,user892@corp.io,2026-01-16,DE
u04-000893,user893@uni.edu,2026-09-10,SG
u04-000894,user894@example.com,2026-07-13,IN
u04-000895,user895@mail.co.in,2026-06-17,AU
u04-000896,user896@uni.edu,2026-08-14,DE
u04-000897,user897@uni.edu,2026-04-14,GB
u04-000898,user898@uni.edu,2026-08-26,IN
u04-000899,user899@example.com,2026-04-18,GB
u04-000900,user900@example.com,2026-07-11,GB
u04-000901,user901@corp.io,2026-03-18,US
u04-000902,user902@mail.co.in,2026-07-20,US
u04-000903,user903@example.com,2026-09-11,DE
u04-000904,user904@corp.io,2026-09-12,US
u04-000905,user905@mail.co.in,2026-01-23,DE
u04-000906,user906@corp.io,2026-07-17,DE
u04-000907,user907@uni.edu,2026-07-25,GB
u04-000908,user908@uni.edu,2026-08-24,DE
u04-000909,user909@corp.io,2026-04-23,DE
u04-000910,user910@uni.edu,2026-02-23,US
u04-000911,user911@example.com,2026-04-28,GB
u04-000912,user912@uni.edu,2026-01-14,AU
u04-000913,user913@uni.edu,2026-04-25,US
u04-000914,user914@mail.co.in,2026-06-28,AU
u04-000915,user915@mail.co.in,2026-09-25,IN
u04-000916,user916@uni.edu,2026-01-22,GB
u04-000917,user917@example.com,2026-04-10,SG
u04-000918,user918@mail.co.in,2026-05-20,SG
u04-000919,user919@corp.io,2026-02-13,DE
u04-000920,user920@corp.io,2026-09-13,GB
u04-000921,user921@corp.io,2026-01-18,SG
u04-000922,user922@uni.edu,2026-07-14,IN
u04-000923,user923@uni.edu,2026-01-18,SG
u04-000924,user924@corp.io,2026-09-14,US
u04-000925,user925@example.com,2026-08-10,SG
u04-000926,user926@mail.co.in,2026-09-20,US
u04-000927,user927@mail.co.in,2026-04-14,IN
u04-000928,user928@uni.edu,2026-04-26,DE
u04-000929,user929@corp.io,2026-09-25,SG
u04-000930,user930@corp.io,2026-09-20,DE
u04-000931,user931@example.com,2026-07-26,GB
u04-000932,user932@mail.co.in,2026-09-11,GB
u04-000933,user933@example.com,2026-04-12,IN
u04-000934,user934@corp.io,2026-03-14,IN
u04-000935,user935@corp.io,2026-08-27,US
u04-000936,user936@corp.io,2026-04-15,DE
u04-000937,user937@uni.edu,2026-06-21,DE
u04-000938,user938@example.com,2026-06-12,IN
u04-000939,user939@uni.edu,2026-05-22,SG
u04-000940,user940@uni.edu,2026-09-28,DE
u04-000941,user941@corp.io,2026-04-11,DE
u04-000942,user942@mail.co.in,2026-01-15,SG
u04-000943,user943@uni.edu,2026-05-11,DE
u04-000944,user944@uni.edu,2026-02-10,IN
u04-000945,user945@corp.io,2026-08-17,DE
u04-000946,user946@mail.co.in,2026-06-13,AU
u04-000947,user947@corp.io,2026-04-18,US
u04-000948,user948@corp.io,2026-05-15,AU
u04-000949,user949@example.com,2026-08-15,US
u04-000950,user950@example.com,2026-07-23,AU
u04-000951,user951@mail.co.in,2026-05-27,IN
u04-000952,user952@uni.edu,2026-07-11,SG
u04-000953,user953@uni.edu,2026-06-11,IN
u04-000954,user954@corp.io,2026-07-11,GB
u04-000955,user955@mail.co.in,2026-09-23,DE
u04-000956,user956@uni.edu,2026-01-11,SG
u04-000957,user957@corp.io,2026-04-24,IN
u04-000958,user958@mail.co.in,2026-08-18,SG
u04-000959,user959@mail.co.in,2026-06-17,SG
u04-000960,user960@uni.edu,2026-02-18,GB
u04-000961,user961@example.com,2026-01-27,GB
u04-000962,user962@corp.io,2026-05-21,SG
u04-000963,user963@mail.co.in,2026-03-15,AU
u04-000964,user964@example.com,2026-04-27,AU
u04-000965,user965@uni.edu,2026-04-17,GB
u04-000966,user966@uni.edu,2026-01-22,SG
u04-000967,user967@mail.co.in,2026-06-15,SG
u04-000968,user968@example.com,2026-01-26,US
u04-000969,user969@mail.co.in,2026-06-28,GB
u04-000970,user970@corp.io,2026-08-23,IN
u04-000971,user971@uni.edu,2026-05-28,GB
u04-000972,user972@uni.edu,2026-09-24,IN
u04-000973,user973@corp.io,2026-03-12,DE
u04-000974,user974@corp.io,2026-02-27,DE
u04-000975,user975@corp.io,2026-03-16,GB
u04-000976,user976@mail.co.in,2026-08-12,GB
u04-000977,user977@uni.edu,2026-08-19,IN
u04-000978,user978@mail.co.in,2026-09-23,IN
u04-000979,user979@uni.edu,2026-08-20,US
u04-000980,user980@example.com,2026-01-23,SG
u04-000981,user981@uni.edu,2026-02-16,SG
u04-000982,user982@corp.io,2026-03-23,US
u04-000983,user983@corp.io,2026-01-13,GB
u04-000984,user984@example.com,2026-04-27,DE
u04-000985,user985@corp.io,2026-02-17,DE
u04-000986,user986@mail.co.in,2026-02-24,SG
u04-000987,user987@uni.edu,2026-04-17,DE
u04-000988,user988@uni.edu,2026-07-20,IN
u04-000989,user989@mail.co.in,2026-08-19,DE
u04-000990,user990@uni.edu,2026-09-25,US
u04-000991,user991@example.com,2026-02-16,AU
u04-000992,user992@corp.io,2026-07-28,DE
u04-000993,user993@mail.co.in,2026-05-11,SG
u04-000994,user994@uni.edu,2026-09-17,US
u04-000995,user995@example.com,2026-07-23,US
u04-000996,user996@uni.edu,2026-01-26,DE
u04-000997,user997@corp.io,2026-04-27,AU
u04-000998,user998@mail.co.in,2026-07-20,SG
u04-000999,user999@example.com,2026-03-14,AU
u04-001000,user1000@mail.co.in,2026-04-20,GB
u04-001001,user1001@mail.co.in,2026-05-21,AU
u04-001002,user1002@uni.edu,2026-07-14,DE
u04-001003,user1003@mail.co.in,2026-04-28,US
u04-001004,user1004@uni.edu,2026-03-10,DE
u04-001005,user1005@uni.edu,2026-05-23,AU
u04-001006,user1006@uni.edu,2026-04-15,US
u04-001007,user1007@mail.co.in,2026-03-10,AU
u04-001008,user1008@uni.edu,2026-01-13,IN
u04-001009,user1009@uni.edu,2026-04-23,AU
u04-001010,user1010@mail.co.in,2026-06-17,DE
u04-001011,user1011@example.com,2026-07-28,US
u04-001012,user1012@example.com,2026-07-15,GB
u04-001013,user1013@uni.edu,2026-06-17,IN
u04-001014,user1014@uni.edu,2026-07-27,GB
u04-001015,user1015@mail.co.in,2026-08-16,IN
u04-001016,user1016@uni.edu,2026-02-24,US
u04-001017,user1017@example.com,2026-02-20,GB
u04-001018,user1018@mail.co.in,2026-01-11,AU
u04-001019,user1019@uni.edu,2026-03-21,IN
u04-001020,user1020@example.com,2026-06-26,AU
u04-001021,user1021@mail.co.in,2026-03-10,DE
u04-001022,user1022@example.com,2026-07-27,GB
u04-001023,user1023@mail.co.in,2026-05-12,AU
u04-001024,user1024@corp.io,2026-03-22,GB
u04-001025,user1025@mail.co.in,2026-01-23,IN
u04-001026,user1026@mail.co.in,2026-03-20,SG
u04-001027,user1027@mail.co.in,2026-08-15,IN
u04-001028,user1028@corp.io,2026-03-25,AU
u04-001029,user1029@example.com,2026-04-10,US
u04-001030,user1030@example.com,2026-01-23,IN
u04-001031,user1031@mail.co.in,2026-02-23,GB
u04-001032,user1032@example.com,2026-06-28,US
u04-001033,user1033@uni.edu,2026-02-16,AU
u04-001034,user1034@corp.io,2026-04-14,GB
u04-001035,user1035@corp.io,2026-02-16,GB
u04-001036,user1036@mail.co.in,2026-07-27,SG
u04-001037,user1037@mail.co.in,2026-03-21,IN
u04-001038,user1038@corp.io,2026-07-23,AU
u04-001039,user1039@mail.co.in,2026-08-18,AU
u04-001040,user1040@mail.co.in,2026-09-17,GB
u04-001041,user1041@uni.edu,2026-09-14,SG
u04-001042,user1042@mail.co.in,2026-05-21,IN
u04-001043,user1043@example.com,2026-07-24,GB
u04-001044,user1044@corp.io,2026-09-15,SG
u04-001045,user1045@mail.co.in,2026-02-23,AU
u04-001046,user1046@example.com,2026-03-23,US
u04-001047,user1047@corp.io,2026-02-28,US
u04-001048,user1048@uni.edu,2026-06-23,US
u04-001049,user1049@mail.co.in,2026-04-16,IN
u04-001050,user1050@example.com,2026-01-14,AU
u04-001051,user1051@example.com,2026-05-17,AU
u04-001052,user1052@example.com,2026-05-19,IN
u04-001053,user1053@uni.edu,2026-09-19,SG
u04-001054,user1054@corp.io,2026-09-10,IN
u04-001055,user1055@mail.co.in,2026-02-12,IN
u04-001056,user1056@example.com,2026-08-18,DE
u04-001057,user1057@example.com,2026-04-15,DE
u04-001058,user1058@mail.co.in,2026-08-28,AU
u04-001059,user1059@mail.co.in,2026-09-27,AU
u04-001060,user1060@uni.edu,2026-02-16,GB
u04-001061,user1061@mail.co.in,2026-01-12,IN
u04-001062,user1062@uni.edu,2026-09-17,IN
u04-001063,user1063@uni.edu,2026-08-10,US
u04-001064,user1064@corp.io,2026-05-12,IN
u04-001065,user1065@mail.co.in,2026-01-25,DE
u04-001066,user1066@example.com,2026-02-16,SG
u04-001067,user1067@mail.co.in,2026-06-13,IN
u04-001068,user1068@example.com,2026-04-12,DE
u04-001069,user1069@mail.co.in,2026-07-20,GB
u04-001070,user1070@example.com,2026-07-12,GB
u04-001071,user1071@uni.edu,2026-05-17,SG
u04-001072,user1072@corp.io,2026-07-23,US
u04-001073,user1073@uni.edu,2026-02-10,AU
u04-001074,user1074@example.com,2026-05-22,AU
u04-001075,user1075@example.com,2026-04-15,SG
u04-001076,user1076@example.com,2026-01-16,US
u04-001077,user1077@example.com,2026-01-16,IN
u04-001078,user1078@example.com,2026-05-26,SG
u04-001079,user1079@corp.io,2026-04-24,DE
u04-001080,user1080@uni.edu,2026-06-17,SG
u04-001081,user1081@example.com,2026-09-13,US
u04-001082,user1082@uni.edu,2026-02-17,US
u04-001083,user1083@example.com,2026-03-21,IN
u04-001084,user1084@uni.edu,2026-05-18,DE
u04-001085,user1085@mail.co.in,2026-03-12,US
u04-001086,user1086@example.com,2026-09-17,DE
u04-001087,user1087@mail.co.in,2026-06-24,AU
u04-001088,user1088@mail.co.in,2026-06-24,GB
u04-001089,user1089@mail.co.in,2026-05-18,IN
u04-001090,user1090@uni.edu,2026-09-11,US
u04-001091,user1091@mail.co.in,2026-05-18,AU
u04-001092,user1092@corp.io,2026-08-25,SG
u04-001093,user1093@corp.io,2026-01-17,DE
u04-001094,user1094@corp.io,2026-03-26,US
u04-001095,user1095@uni.edu,2026-07-17,DE
u04-001096,user1096@example.com,2026-04-16,US
u04-001097,user1097@uni.edu,2026-09-13,IN
u04-001098,user1098@mail.co.in,2026-08-19,GB
u04-001099,user1099@example.com,2026-03-12,AU
u04-001100,user1100@example.com,2026-09-18,US
u04-001101,user1101@uni.edu,2026-03-22,SG
u04-001102,user1102@corp.io,2026-09-13,SG
u04-001103,user1103@mail.co.in,2026-03-21,US
u04-001104,user1104@corp.io,2026-02-14,AU
u04-001105,user1105@corp.io,2026-05-15,AU
u04-001106,user1106@mail.co.in,2026-05-11,DE
u04-001107,user1107@corp.io,2026-01-22,US
u04-001108,user1108@example.com,2026-07-23,GB
u04-001109,user1109@corp.io,2026-03-15,US
u04-001110,user1110@uni.edu,2026-06-25,US
u04-001111,user1111@example.com,2026-09-10,IN
u04-001112,user1112@mail.co.in,2026-07-15,DE
u04-001113,user1113@uni.edu,2026-09-27,AU
u04-001114,user1114@uni.edu,2026-01-14,SG
u04-001115,user1115@corp.io,2026-03-13,AU
u04-001116,user1116@example.com,2026-06-23,DE
u04-001117,user1117@uni.edu,2026-02-14,DE
u04-001118,user1118@example.com,2026-03-24,SG
u04-001119,user1119@example.com,2026-02-10,SG
u04-001120,user1120@corp.io,2026-04-28,US
u04-001121,user1121@mail.co.in,2026-09-16,SG
u04-001122,user1122@example.com,2026-09-20,SG
u04-001123,user1123@example.com,2026-09-21,DE
u04-001124,user1124@example.com,2026-07-16,GB
u04-001125,user1125@mail.co.in,2026-06-24,IN
u04-001126,user1126@example.com,2026-04-27,GB
u04-001127,user1127@mail.co.in,2026-04-14,SG
u04-001128,user1128@example.com,2026-09-28,SG
u04-001129,user1129@example.com,2026-04-12,AU
u04-001130,user1130@example.com,2026-03-10,IN
u04-001131,user1131@corp.io,2026-08-18,US
u04-001132,user1132@mail.co.in,2026-07-24,GB
u04-001133,user1133@corp.io,2026-03-11,US
u04-001134,user1134@mail.co.in,2026-05-26,AU
u04-001135,user1135@mail.co.in,2026-09-22,AU
u04-001136,user1136@uni.edu,2026-01-12,DE
u04-001137,user1137@uni.edu,2026-01-25,DE
u04-001138,user1138@mail.co.in,2026-07-25,IN
u04-001139,user1139@uni.edu,2026-04-26,DE
u04-001140,user1140@corp.io,2026-05-10,DE
u04-001141,user1141@uni.edu,2026-03-20,IN
u04-001142,user1142@mail.co.in,2026-04-10,AU
u04-001143,user1143@uni.edu,2026-05-15,IN
u04-001144,user1144@mail.co.in,2026-01-13,AU
u04-001145,user1145@uni.edu,2026-02-28,US
u04-001146,user1146@corp.io,2026-05-28,DE
u04-001147,user1147@corp.io,2026-05-21,US
u04-001148,user1148@corp.io,2026-07-14,GB
u04-001149,user1149@mail.co.in,2026-09-11,US
u04-001150,user1150@mail.co.in,2026-06-21,SG
u04-001151,user1151@mail.co.in,2026-06-17,IN
u04-001152,user1152@uni.edu,2026-09-14,US
u04-001153,user1153@mail.co.in,2026-04-26,SG
u04-001154,user1154@uni.edu,2026-01-14,IN
u04-001155,user1155@example.com,2026-01-21,IN
u04-001156,user1156@example.com,2026-01-11,GB
u04-001157,user1157@corp.io,2026-07-15,SG
u04-001158,user1158@corp.io,2026-05-21,AU
u04-001159,user1159@example.com,2026-06-20,US
u04-001160,user1160@mail.co.in,2026-04-14,IN
u04-001161,user1161@corp.io,2026-06-17,AU
u04-001162,user1162@uni.edu,2026-05-10,AU
u04-001163,user1163@corp.io,2026-07-23,DE
u04-001164,user1164@example.com,2026-04-15,DE
u04-001165,user1165@corp.io,2026-04-19,DE
u04-001166,user1166@uni.edu,2026-01-24,US
u04-001167,user1167@uni.edu,2026-03-10,SG
u04-001168,user1168@mail.co.in,2026-07-11,AU
u04-001169,user1169@example.com,2026-07-17,GB
u04-001170,user1170@uni.edu,2026-03-18,GB
u04-001171,user1171@example.com,2026-06-23,DE
u04-001172,user1172@uni.edu,2026-03-21,US
u04-001173,user1173@uni.edu,2026-06-27,IN
u04-001174,user1174@uni.edu,2026-02-15,AU
u04-001175,user1175@example.com,2026-04-14,GB
u04-001176,user1176@uni.edu,2026-01-25,US
u04-001177,user1177@uni.edu,2026-09-14,GB
u04-001178,user1178@mail.co.in,2026-01-16,DE
u04-001179,user1179@uni.edu,2026-09-18,SG
u04-001180,user1180@example.com,2026-02-22,DE
u04-001181,user1181@corp.io,2026-08-21,SG
u04-001182,user1182@mail.co.in,2026-01-22,DE
u04-001183,user1183@corp.io,2026-03-25,US
u04-001184,user1184@corp.io,2026-06-19,IN
u04-001185,user1185@example.com,2026-02-17,US
u04-001186,user1186@example.com,2026-09-10,US
u04-001187,user1187@example.com,2026-06-22,IN
u04-001188,user1188@corp.io,2026-05-15,US
u04-001189,user1189@mail.co.in,2026-07-13,AU
u04-001190,user1190@corp.io,2026-02-12,DE
u04-001191,user1191@uni.edu,2026-08-19,IN
u04-001192,user1192@mail.co.in,2026-05-26,US
u04-001193,user1193@uni.edu,2026-05-28,DE
u04-001194,user1194@uni.edu,2026-07-27,DE
u04-001195,user1195@uni.edu,2026-02-25,SG
u04-001196,user1196@example.com,2026-04-23,DE
u04-001197,user1197@mail.co.in,2026-03-16,DE
u04-001198,user1198@corp.io,2026-07-28,SG
u04-001199,user1199@uni.edu,2026-08-17,US
u04-001200,user1200@uni.edu,2026-08-13,IN
u04-001201,user1201@uni.edu,2026-01-15,IN
u04-001202,user1202@mail.co.in,2026-08-15,GB
u04-001203,user1203@example.com,2026-02-25,DE
u04-001204,user1204@corp.io,2026-02-17,AU
u04-001205,user1205@corp.io,2026-06-26,AU
u04-001206,user1206@uni.edu,2026-06-17,AU
u04-001207,user1207@mail.co.in,2026-04-21,SG
u04-001208,user1208@example.com,2026-04-22,SG
u04-001209,user1209@corp.io,2026-04-28,DE
u04-001210,user1210@uni.edu,2026-08-10,DE
u04-001211,user1211@example.com,2026-06-16,DE
u04-001212,user1212@corp.io,2026-03-24,SG
u04-001213,user1213@uni.edu,2026-07-13,SG
u04-001214,user1214@corp.io,2026-05-28,GB
u04-001215,user1215@mail.co.in,2026-01-15,DE
u04-001216,user1216@corp.io,2026-08-21,US
u04-001217,user1217@mail.co.in,2026-08-20,AU
u04-001218,user1218@corp.io,2026-07-24,US
u04-001219,user1219@uni.edu,2026-02-15,GB
u04-001220,user1220@uni.edu,2026-05-19,IN
u04-001221,user1221@example.com,2026-03-21,AU
u04-001222,user1222@example.com,2026-02-10,IN
u04-001223,user1223@corp.io,2026-03-19,IN
u04-001224,user1224@corp.io,2026-03-26,DE
u04-001225,user1225@example.com,2026-02-13,DE
u04-001226,user1226@corp.io,2026-03-24,AU
u04-001227,user1227@mail.co.in,2026-01-14,DE
u04-001228,user1228@mail.co.in,2026-04-24,AU
u04-001229,user1229@mail.co.in,2026-03-10,US
u04-001230,user1230@example.com,2026-01-19,IN
u04-001231,user1231@corp.io,2026-05-21,DE
u04-001232,user1232@uni.edu,2026-01-23,IN
u04-001233,user1233@uni.edu,2026-07-23,US
u04-001234,user1234@example.com,2026-07-21,SG
u04-001235,user1235@uni.edu,2026-04-27,GB
u04-001236,user1236@corp.io,2026-07-17,SG
u04-001237,user1237@mail.co.in,2026-09-20,SG
u04-001238,user1238@mail.co.in,2026-07-25,GB
u04-001239,user1239@corp.io,2026-03-15,SG
u04-001240,user1240@corp.io,2026-05-19,DE
u04-001241,user1241@example.com,2026-04-16,AU
u04-001242,user1242@uni.edu,2026-06-15,US
u04-001243,user1243@mail.co.in,2026-06-24,DE
u04-001244,user1244@mail.co.in,2026-05-27,IN
u04-001245,user1245@example.com,2026-03-20,DE
u04-001246,user1246@example.com,2026-04-27,DE
u04-001247,user1247@example.com,2026-07-23,GB
u04-001248,user1248@uni.edu,2026-09-17,DE
u04-001249,user1249@mail.co.in,2026-09-14,DE
u04-001250,user1250@mail.co.in,2026-02-19,GB
u04-001251,user1251@corp.io,2026-09-22,GB
u04-001252,user1252@mail.co.in,2026-03-19,AU
u04-001253,user1253@example.com,2026-01-27,IN
u04-001254,user1254@mail.co.in,2026-03-24,US
u04-001255,user1255@example.com,2026-03-13,US
u04-001256,user1256@mail.co.in,2026-02-22,US
u04-001257,user1257@mail.co.in,2026-04-25,GB
u04-001258,user1258@corp.io,2026-07-18,DE
u04-001259,user1259@uni.edu,2026-08-11,GB
u04-001260,user1260@example.com,2026-01-13,US
u04-001261,user1261@corp.io,2026-07-23,DE
u04-001262,user1262@corp.io,2026-07-27,US
u04-001263,user1263@corp.io,2026-09-13,SG
u04-001264,user1264@mail.co.in,2026-09-15,SG
u04-001265,user1265@uni.edu,2026-01-19,US
u04-001266,user1266@example.com,2026-04-10,SG
u04-001267,user1267@mail.co.in,2026-07-18,SG
u04-001268,user1268@uni.edu,2026-09-19,SG
u04-001269,user1269@mail.co.in,2026-01-20,SG
u04-001270,user1270@corp.io,2026-09-24,US
u04-001271,user1271@uni.edu,2026-04-28,IN
u04-001272,user1272@example.com,2026-04-17,GB
u04-001273,user1273@example.com,2026-04-28,US
u04-001274,user1274@example.com,2026-07-24,IN
u04-001275,user1275@uni.edu,2026-07-12,US
u04-001276,user1276@uni.edu,2026-07-13,GB
u04-001277,user1277@corp.io,2026-03-28,US
u04-001278,user1278@example.com,2026-02-25,DE
u04-001279,user1279@corp.io,2026-02-15,GB
u04-001280,user1280@corp.io,2026-08-15,AU
u04-001281,user1281@corp.io,2026-03-28,SG
u04-001282,user1282@corp.io,2026-06-16,AU
u04-001283,user1283@corp.io,2026-03-18,US
u04-001284,user1284@mail.co.in,2026-05-23,GB
u04-001285,user1285@mail.co.in,2026-04-25,GB
u04-001286,user1286@uni.edu,2026-01-25,US
u04-001287,user1287@example.com,2026-08-26,SG
u04-001288,user1288@corp.io,2026-07-10,IN
u04-001289,user1289@uni.edu,2026-02-21,AU
u04-001290,user1290@corp.io,2026-02-11,AU
u04-001291,user1291@mail.co.in,2026-08-12,IN
u04-001292,user1292@uni.edu,2026-07-13,SG
u04-001293,user1293@mail.co.in,2026-09-15,GB
u04-001294,user1294@uni.edu,2026-04-28,IN
u04-001295,user1295@mail.co.in,2026-03-24,US
u04-001296,user1296@corp.io,2026-07-14,DE
u04-001297,user1297@example.com,2026-04-24,US
u04-001298,user1298@uni.edu,2026-07-18,AU
u04-001299,user1299@mail.co.in,2026-04-15,AU
u04-001300,user1300@example.com,2026-09-27,US
u04-001301,user1301@mail.co.in,2026-02-14,DE
u04-001302,user1302@mail.co.in,2026-08-23,GB
u04-001303,user1303@uni.edu,2026-03-11,US
u04-001304,user1304@corp.io,2026-09-22,GB
u04-001305,user1305@corp.io,2026-07-16,US
u04-001306,user1306@uni.edu,2026-02-15,GB
u04-001307,user1307@mail.co.in,2026-02-13,SG
u04-001308,user1308@corp.io,2026-04-25,SG
u04-001309,user1309@mail.co.in,2026-01-25,DE
u04-001310,user1310@mail.co.in,2026-04-24,GB
u04-001311,user1311@mail.co.in,2026-02-11,DE
u04-001312,user1312@mail.co.in,2026-08-28,US
u04-001313,user1313@example.com,2026-05-26,SG
u04-001314,user1314@example.com,2026-08-19,US
u04-001315,user1315@example.com,2026-02-19,DE
u04-001316,user1316@mail.co.in,2026-07-27,SG
u04-001317,user1317@mail.co.in,2026-09-24,DE
u04-001318,user1318@uni.edu,2026-06-11,GB
u04-001319,user1319@mail.co.in,2026-02-10,US
u04-001320,user1320@uni.edu,2026-02-16,DE
u04-001321,user1321@corp.io,2026-08-16,SG
u04-001322,user1322@corp.io,2026-01-26,IN
u04-001323,user1323@example.com,2026-02-10,IN
u04-001324,user1324@corp.io,2026-03-20,US
u04-001325,user1325@uni.edu,2026-04-10,US
u04-001326,user1326@corp.io,2026-04-22,SG
u04-001327,user1327@mail.co.in,2026-07-28,DE
u04-001328,user1328@mail.co.in,2026-06-14,AU
u04-001329,user1329@mail.co.in,2026-06-13,SG
u04-001330,user1330@corp.io,2026-04-13,US
u04-001331,user1331@corp.io,2026-08-11,GB
u04-001332,user1332@uni.edu,2026-03-19,US
u04-001333,user1333@corp.io,2026-08-24,GB
u04-001334,user1334@example.com,2026-05-13,SG
u04-001335,user1335@corp.io,2026-01-10,GB
u04-001336,user1336@example.com,2026-01-25,SG
u04-001337,user1337@mail.co.in,2026-09-14,GB
u04-001338,user1338@uni.edu,2026-05-10,GB
u04-001339,user1339@example.com,2026-04-14,IN
u04-001340,user1340@mail.co.in,2026-06-13,SG
u04-001341,user1341@corp.io,2026-06-15,GB
u04-001342,user1342@mail.co.in,2026-09-12,US
u04-001343,user1343@mail.co.in,2026-09-22,US
u04-001344,user1344@uni.edu,2026-04-24,US
u04-001345,user1345@mail.co.in,2026-06-22,SG
u04-001346,user1346@mail.co.in,2026-01-15,US
u04-001347,user1347@mail.co.in,2026-03-26,SG
u04-001348,user1348@uni.edu,2026-03-19,DE
u04-001349,user1349@uni.edu,2026-06-19,GB
u04-001350,user1350@example.com,2026-07-27,DE
u04-001351,user1351@mail.co.in,2026-02-20,US
u04-001352,user1352@example.com,2026-03-10,IN
u04-001353,user1353@uni.edu,2026-05-17,DE
u04-001354,user1354@mail.co.in,2026-01-12,DE
u04-001355,user1355@example.com,2026-07-16,GB
u04-001356,user1356@corp.io,2026-04-10,US
u04-001357,user1357@example.com,2026-02-27,SG
u04-001358,user1358@corp.io,2026-02-17,US
u04-001359,user1359@uni.edu,2026-06-13,US
u04-001360,user1360@mail.co.in,2026-04-24,AU
u04-001361,user1361@corp.io,2026-02-25,GB
u04-001362,user1362@mail.co.in,2026-09-27,GB
u04-001363,user1363@mail.co.in,2026-01-10,SG
u04-001364,user1364@example.com,2026-01-12,GB
u04-001365,user1365@corp.io,2026-01-12,DE
u04-001366,user1366@example.com,2026-08-23,DE
u04-001367,user1367@example.com,2026-03-26,GB
u04-001368,user1368@corp.io,2026-02-21,IN
u04-001369,user1369@example.com,2026-04-24,GB
u04-001370,user1370@mail.co.in,2026-09-23,GB
u04-001371,user1371@corp.io,2026-01-21,US
u04-001372,user1372@mail.co.in,2026-05-28,AU
u04-001373,user1373@example.com,2026-09-10,DE
u04-001374,user1374@corp.io,2026-09-16,AU
u04-001375,user1375@corp.io,2026-05-28,GB
u04-001376,user1376@mail.co.in,2026-08-19,IN
u04-001377,user1377@corp.io,2026-01-14,US
u04-001378,user1378@uni.edu,2026-07-26,US
u04-001379,user1379@mail.co.in,2026-02-21,DE
u04-001380,user1380@uni.edu,2026-05-21,GB
u04-001381,user1381@example.com,2026-01-17,GB
u04-001382,user1382@uni.edu,2026-05-28,US
u04-001383,user1383@corp.io,2026-01-20,IN
u04-001384,user1384@uni.edu,2026-09-12,DE
u04-001385,user1385@uni.edu,2026-04-25,GB
u04-001386,user1386@uni.edu,2026-03-14,DE
u04-001387,user1387@example.com,2026-02-12,DE
u04-001388,user1388@corp.io,2026-07-24,IN
u04-001389,user1389@mail.co.in,2026-03-27,SG
u04-001390,user1390@mail.co.in,2026-04-11,DE
u04-001391,user1391@uni.edu,2026-01-10,AU
u04-001392,user1392@example.com,2026-09-23,GB
u04-001393,user1393@example.com,2026-09-24,IN
u04-001394,user1394@example.com,2026-06-18,SG
u04-001395,user1395@corp.io,2026-06-11,DE
u04-001396,user1396@mail.co.in,2026-09-22,SG
u04-001397,user1397@corp.io,2026-06-10,AU
u04-001398,user1398@example.com,2026-06-23,US
u04-001399,user1399@corp.io,2026-05-25,SG
u04-001400,user1400@uni.edu,2026-05-28,US
u04-001401,user1401@corp.io,2026-08-25,GB
u04-001402,user1402@corp.io,2026-04-20,GB
u04-001403,user1403@example.com,2026-02-12,IN
u04-001404,user1404@corp.io,2026-01-23,GB
u04-001405,user1405@mail.co.in,2026-06-27,SG
u04-001406,user1406@example.com,2026-01-17,GB
u04-001407,user1407@corp.io,2026-01-19,GB
u04-001408,user1408@uni.edu,2026-04-22,IN
u04-001409,user1409@mail.co.in,2026-09-13,US
u04-001410,user1410@example.com,2026-08-10,IN
u04-001411,user1411@corp.io,2026-07-19,SG
u04-001412,user1412@uni.edu,2026-09-22,IN
u04-001413,user1413@corp.io,2026-04-15,GB
u04-001414,user1414@uni.edu,2026-02-19,AU
u04-001415,user1415@mail.co.in,2026-04-23,DE
u04-001416,user1416@corp.io,2026-03-19,IN
u04-001417,user1417@mail.co.in,2026-05-18,GB
u04-001418,user1418@uni.edu,2026-09-25,GB
u04-001419,user1419@example.com,2026-02-25,AU
u04-001420,user1420@corp.io,2026-06-10,AU
u04-001421,user1421@example.com,2026-08-15,IN
u04-001422,user1422@example.com,2026-06-10,AU
u04-001423,user1423@example.com,2026-04-20,SG
u04-001424,user1424@example.com,2026-03-12,SG
u04-001425,user1425@uni.edu,2026-06-23,GB
u04-001426,user1426@mail.co.in,2026-08-24,AU
u04-001427,user1427@mail.co.in,2026-04-27,DE
u04-001428,user1428@mail.co.in,2026-08-15,IN
u04-001429,user1429@mail.co.in,2026-07-28,US
u04-001430,user1430@example.com,2026-01-15,GB
u04-001431,user1431@example.com,2026-07-16,SG
u04-001432,user1432@corp.io,2026-07-28,IN
u04-001433,user1433@mail.co.in,2026-08-22,SG
u04-001434,user1434@uni.edu,2026-01-25,AU
u04-001435,user1435@mail.co.in,2026-09-19,DE
u04-001436,user1436@corp.io,2026-04-27,SG
u04-001437,user1437@example.com,2026-01-25,GB
u04-001438,user1438@mail.co.in,2026-08-22,DE
u04-001439,user1439@example.com,2026-06-18,DE
u04-001440,user1440@example.com,2026-09-14,IN
u04-001441,user1441@uni.edu,2026-06-24,DE
u04-001442,user1442@corp.io,2026-01-14,IN
u04-001443,user1443@mail.co.in,2026-01-19,IN
u04-001444,user1444@example.com,2026-09-15,AU
u04-001445,user1445@example.com,2026-09-19,GB
u04-001446,user1446@mail.co.in,2026-07-11,IN
u04-001447,user1447@example.com,2026-04-12,DE
u04-001448,user1448@mail.co.in,2026-06-20,IN
u04-001449,user1449@example.com,2026-07-15,SG
u04-001450,user1450@corp.io,2026-03-13,DE
u04-001451,user1451@uni.edu,2026-03-13,GB
u04-001452,user1452@mail.co.in,2026-03-17,GB
u04-001453,user1453@corp.io,2026-07-10,US
u04-001454,user1454@example.com,2026-04-11,US
u04-001455,user1455@example.com,2026-04-26,IN
u04-001456,user1456@mail.co.in,2026-04-20,GB
u04-001457,user1457@mail.co.in,2026-05-17,SG
u04-001458,user1458@uni.edu,2026-07-12,AU
u04-001459,user1459@uni.edu,2026-06-20,DE
u04-001460,user1460@mail.co.in,2026-09-28,AU
u04-001461,user1461@corp.io,2026-04-19,SG
u04-001462,user1462@example.com,2026-02-12,US
u04-001463,user1463@corp.io,2026-04-22,GB
u04-001464,user1464@corp.io,2026-05-19,AU
u04-001465,user1465@uni.edu,2026-05-17,DE
u04-001466,user1466@uni.edu,2026-01-27,DE
u04-001467,user1467@corp.io,2026-03-10,US
u04-001468,user1468@example.com,2026-01-11,GB
u04-001469,user1469@mail.co.in,2026-05-13,SG
u04-001470,user1470@example.com,2026-01-21,AU
u04-001471,user1471@corp.io,2026-01-12,GB
u04-001472,user1472@example.com,2026-05-14,SG
u04-001473,user1473@uni.edu,2026-04-27,DE
u04-001474,user1474@example.com,2026-08-17,AU
u04-001475,user1475@corp.io,2026-04-10,DE
u04-001476,user1476@corp.io,2026-02-25,SG
u04-001477,user1477@uni.edu,2026-04-25,US
u04-001478,user1478@uni.edu,2026-04-16,US
u04-001479,user1479@uni.edu,2026-07-26,SG
u04-001480,user1480@corp.io,2026-06-22,SG
u04-001481,user1481@corp.io,2026-05-28,SG
u04-001482,user1482@corp.io,2026-04-20,DE
u04-001483,user1483@example.com,2026-09-16,DE
u04-001484,user1484@corp.io,2026-08-14,AU
u04-001485,user1485@uni.edu,2026-04-12,US
u04-001486,user1486@example.com,2026-09-15,US
u04-001487,user1487@mail.co.in,2026-07-13,AU
u04-001488,user1488@uni.edu,2026-03-25,US
u04-001489,user1489@mail.co.in,2026-04-12,GB
u04-001490,user1490@mail.co.in,2026-01-25,GB
u04-001491,user1491@mail.co.in,2026-07-25,US
u04-001492,user1492@mail.co.in,2026-02-28,DE
u04-001493,user1493@uni.edu,2026-07-13,IN
u04-001494,user1494@mail.co.in,2026-02-13,AU
u04-001495,user1495@uni.edu,2026-01-26,SG
u04-001496,user1496@example.com,2026-08-22,GB
u04-001497,user1497@uni.edu,2026-08-12,AU
u04-001498,user1498@example.com,2026-02-27,DE
u04-001499,user1499@example.com,2026-01-22,IN
u04-001500,user1500@uni.edu,2026-01-16,SG
u04-001501,user1501@corp.io,2026-02-16,IN
u04-001502,user1502@mail.co.in,2026-06-22,SG
u04-001503,user1503@example.com,2026-07-23,DE
u04-001504,user1504@uni.edu,2026-02-21,IN
u04-001505,user1505@mail.co.in,2026-02-16,DE
u04-001506,user1506@mail.co.in,2026-07-23,GB
u04-001507,user1507@example.com,2026-07-10,DE
u04-001508,user1508@example.com,2026-05-26,IN
u04-001509,user1509@uni.edu,2026-04-28,IN
u04-001510,user1510@mail.co.in,2026-05-16,AU
u04-001511,user1511@mail.co.in,2026-04-26,US
u04-001512,user1512@mail.co.in,2026-06-16,US
u04-001513,user1513@example.com,2026-06-21,DE
u04-001514,user1514@corp.io,2026-01-19,DE
u04-001515,user1515@uni.edu,2026-08-19,US
u04-001516,user1516@uni.edu,2026-04-12,DE
u04-001517,user1517@mail.co.in,2026-02-17,DE
u04-001518,user1518@corp.io,2026-06-18,IN
u04-001519,user1519@corp.io,2026-05-24,SG
u04-001520,user1520@example.com,2026-05-18,US
u04-001521,user1521@example.com,2026-04-22,GB
u04-001522,user1522@mail.co.in,2026-04-24,SG
u04-001523,user1523@mail.co.in,2026-01-11,US
u04-001524,user1524@corp.io,2026-08-13,SG
u04-001525,user1525@corp.io,2026-02-10,SG
u04-001526,user1526@corp.io,2026-06-21,US
u04-001527,user1527@corp.io,2026-08-18,AU
u04-001528,user1528@uni.edu,2026-04-12,IN
u04-001529,user1529@example.com,2026-05-11,AU
u04-001530,user1530@uni.edu,2026-06-22,AU
u04-001531,user1531@example.com,2026-07-14,DE
u04-001532,user1532@uni.edu,2026-01-18,GB
u04-001533,user1533@mail.co.in,2026-07-20,DE
u04-001534,user1534@example.com,2026-05-11,SG
u04-001535,user1535@uni.edu,2026-05-25,IN
u04-001536,user1536@mail.co.in,2026-01-15,GB
u04-001537,user1537@mail.co.in,2026-03-24,US
u04-001538,user1538@example..com,2026-03-10,AU
u04-001539,user1539@uni.edu,2026-06-17,US
u04-001540,user1540@example.com,2026-04-18,AU
u04-001541,user1541@mail.co.in,2026-01-22,US
u04-001542,user1542@example.com,2026-07-27,US
u04-001543,user1543@example.com,2026-07-28,AU
u04-001544,user1544@uni.edu,2026-01-23,US
u04-001545,user1545@example.com,2026-08-14,US
u04-001546,user1546@corp.io,2026-01-26,SG
u04-001547,user1547@corp.io,2026-04-18,IN
u04-001548,user1548@corp.io,2026-01-19,SG
u04-001549,user1549@mail.co.in,2026-09-11,AU
u04-001550,user1550@example.com,2026-08-26,SG
u04-001551,user1551@mail.co.in,2026-04-11,IN
u04-001552,user1552@mail.co.in,2026-06-22,SG
u04-001553,user1553@example.com,2026-02-12,US
u04-001554,user1554@mail.co.in,2026-05-27,IN
u04-001555,user1555@corp.io,2026-06-21,SG
u04-001556,user1556@uni.edu,2026-03-13,DE
u04-001557,user1557@mail.co.in,2026-06-22,US
u04-001558,user1558@uni.edu,2026-03-19,DE
u04-001559,user1559@corp.io,2026-02-13,SG
u04-001560,user1560@corp.io,2026-03-21,IN
u04-001561,user1561@uni.edu,2026-03-28,US
u04-001562,user1562@mail.co.in,2026-02-20,DE
u04-001563,user1563@corp.io,2026-09-25,DE
u04-001564,user1564@uni.edu,2026-04-17,IN
u04-001565,user1565@uni.edu,2026-08-26,SG
u04-001566,user1566@example.com,2026-07-10,IN
u04-001567,user1567@uni.edu,2026-08-27,SG
u04-001568,user1568@uni.edu,2026-08-13,GB
u04-001569,user1569@mail.co.in,2026-06-21,GB
u04-001570,user1570@example.com,2026-03-16,IN
u04-001571,user1571@mail.co.in,2026-03-13,IN
u04-001572,user1572@corp.io,2026-01-10,IN
u04-001573,user1573@mail.co.in,2026-06-10,US
u04-001574,user1574@uni.edu,2026-04-19,GB
u04-001575,user1575@example.com,2026-03-23,IN
u04-001576,user1576@corp.io,2026-09-11,GB
u04-001577,user1577@example.com,2026-07-19,DE
u04-001578,user1578@example.com,2026-07-14,GB
u04-001579,user1579@uni.edu,2026-09-22,AU
u04-001580,user1580@uni.edu,2026-06-28,US
u04-001581,user1581@uni.edu,2026-03-17,GB
u04-001582,user1582@uni.edu,2026-06-20,GB
u04-001583,user1583@corp.io,2026-06-24,DE
u04-001584,user1584@mail.co.in,2026-06-22,AU
u04-001585,user1585@mail.co.in,2026-06-12,AU
u04-001586,user1586@corp.io,2026-01-26,SG
u04-001587,user1587@example.com,2026-06-14,IN
u04-001588,user1588@uni.edu,2026-06-21,IN
u04-001589,user1589@example.com,2026-09-25,GB
u04-001590,user1590@uni.edu,2026-02-28,IN
u04-001591,user1591@corp.io,2026-03-10,IN
u04-001592,user1592@mail.co.in,2026-06-18,IN
u04-001593,user1593@corp.io,2026-03-24,SG
u04-001594,user1594@example.com,2026-02-11,IN
u04-001595,user1595@example.com,2026-04-27,IN
u04-001596,user1596@uni.edu,2026-01-20,GB
u04-001597,user1597@mail.co.in,2026-06-17,SG
u04-001598,user1598@example.com,2026-05-18,AU
u04-001599,user1599@mail.co.in,2026-04-23,IN
u04-001600,user1600@uni.edu,2026-05-25,GB
u04-001601,user1601@corp.io,2026-01-27,DE
u04-001602,user1602@example.com,2026-07-19,AU
u04-001603,user1603@example.com,2026-07-19,SG
u04-001604,user1604@mail.co.in,2026-06-24,IN
u04-001605,user1605@corp.io,2026-05-12,US
u04-001606,user1606@corp.io,2026-01-22,SG
u04-001607,user1607@mail.co.in,2026-09-21,SG
u04-001608,user1608@mail.co.in,2026-06-23,GB
u04-001609,user1609@example.com,2026-06-12,GB
u04-001610,user1610@mail.co.in,2026-02-13,SG
u04-001611,user1611@uni.edu,2026-05-23,IN
u04-001612,user1612@mail.co.in,2026-01-18,US
u04-001613,user1613@uni.edu,2026-09-14,AU
u04-001614,user1614@mail.co.in,2026-04-28,GB
u04-001615,user1615@uni.edu,2026-03-27,IN
u04-001616,user1616@mail.co.in,2026-09-15,DE
u04-001617,user1617@mail.co.in,2026-09-22,IN
u04-001618,user1618@uni.edu,2026-03-12,IN
u04-001619,user1619@corp.io,2026-06-12,US
u04-001620,user1620@example.com,2026-07-25,AU
u04-001621,user1621@corp.io,2026-03-27,AU
u04-001622,user1622@mail.co.in,2026-03-18,US
u04-001623,user1623@uni.edu,2026-09-28,SG
u04-001624,user1624@corp.io,2026-06-22,GB
u04-001625,user1625@uni.edu,2026-03-23,GB
u04-001626,user1626@example.com,2026-07-15,SG
u04-001627,user1627@corp.io,2026-01-24,SG
u04-001628,user1628@corp.io,2026-06-22,IN
u04-001629,user1629@example.com,2026-08-25,AU
u04-001630,user1630@corp.io,2026-01-17,SG
u04-001631,user1631@uni.edu,2026-05-14,AU
u04-001632,user1632@example.com,2026-04-19,US
u04-001633,user1633@example.com,2026-01-19,IN
u04-001634,user1634@corp.io,2026-07-10,SG
u04-001635,user1635@example.com,2026-08-19,US
u04-001636,user1636@uni.edu,2026-03-13,GB
u04-001637,user1637@uni.edu,2026-09-11,DE
u04-001638,user1638@example.com,2026-08-11,AU
u04-001639,user1639@mail.co.in,2026-09-27,AU
u04-001640,user1640@uni.edu,2026-05-11,US
u04-001641,user1641@example.com,2026-02-27,AU
u04-001642,user1642@mail.co.in,2026-03-17,IN
u04-001643,user1643@mail.co.in,2026-02-23,SG
u04-001644,user1644@uni.edu,2026-04-13,GB
u04-001645,user1645@uni.edu,2026-07-16,IN
u04-001646,user1646@corp.io,2026-02-14,AU
u04-001647,user1647@example.com,2026-02-10,IN
u04-001648,user1648@corp.io,2026-08-13,US
u04-001649,user1649@mail.co.in,2026-02-17,IN
u04-001650,user1650@example.com,2026-09-25,US
u04-001651,user1651@mail.co.in,2026-04-14,SG
u04-001652,user1652@example.com,2026-05-23,US
u04-001653,user1653@uni.edu,2026-02-12,DE
u04-001654,user1654@uni.edu,2026-03-25,GB
u04-001655,user1655@example.com,2026-06-16,SG
u04-001656,user1656@example.com,2026-03-21,GB
u04-001657,user1657@mail.co.in,2026-02-18,US
u04-001658,user1658@uni.edu,2026-09-19,US
u04-001659,user1659@example.com,2026-07-22,SG
u04-001660,user1660@uni.edu,2026-03-26,US
u04-001661,user1661@uni.edu,2026-02-23,DE
u04-001662,user1662@mail.co.in,2026-07-14,IN
u04-001663,user1663@corp.io,2026-08-28,SG
u04-001664,user1664@example.com,2026-04-26,IN
u04-001665,user1665@mail.co.in,2026-07-10,US
u04-001666,user1666@uni.edu,2026-01-12,AU
u04-001667,user1667@example.com,2026-04-18,AU
u04-001668,user1668@uni.edu,2026-09-15,SG
u04-001669,user1669@corp.io,2026-08-19,GB
u04-001670,user1670@mail.co.in,2026-05-15,IN
u04-001671,user1671@example.com,2026-05-26,DE
u04-001672,user1672@mail.co.in,2026-04-14,AU
u04-001673,user1673@corp.io,2026-04-25,AU
u04-001674,user1674@corp.io,2026-08-26,SG
u04-001675,user1675@example.com,2026-02-24,IN
u04-001676,user1676@corp.io,2026-03-26,SG
u04-001677,user1677@example.com,2026-04-11,IN
u04-001678,user1678@corp.io,2026-01-14,DE
u04-001679,user1679@example.com,2026-03-23,DE
u04-001680,user1680@uni.edu,2026-06-22,DE
u04-001681,user1681@mail.co.in,2026-04-28,GB
u04-001682,user1682@mail.co.in,2026-01-14,US
u04-001683,user1683@uni.edu,2026-02-22,US
u04-001684,user1684@example.com,2026-03-14,DE
u04-001685,user1685@corp.io,2026-02-16,IN
u04-001686,user1686@uni.edu,2026-07-20,IN
u04-001687,user1687@uni.edu,2026-03-16,AU
u04-001688,user1688@mail.co.in,2026-07-19,AU
u04-001689,user1689@mail.co.in,2026-09-19,AU
u04-001690,user1690@uni.edu,2026-01-27,DE
u04-001691,user1691@corp.io,2026-02-27,US
u04-001692,user1692@example.com,2026-02-28,GB
u04-001693,user1693@example.com,2026-05-26,SG
u04-001694,user1694@corp.io,2026-09-11,DE
u04-001695,user1695@corp.io,2026-04-16,IN
u04-001696,user1696@example.com,2026-04-15,AU
u04-001697,user1697@corp.io,2026-03-27,DE
u04-001698,user1698@example.com,2026-03-10,US
u04-001699,user1699@corp.io,2026-01-20,AU
u04-001700,user1700@corp.io,2026-04-22,SG
u04-001701,user1701@example.com,2026-08-16,IN
u04-001702,user1702@mail.co.in,2026-04-27,GB
u04-001703,user1703@corp.io,2026-06-26,DE
u04-001704,user1704@example.com,2026-05-26,US
u04-001705,user1705@mail.co.in,2026-07-12,SG
u04-001706,user1706@example.com,2026-07-12,GB
u04-001707,user1707@corp.io,2026-06-26,DE
u04-001708,user1708@uni.edu,2026-02-10,AU
u04-001709,user1709@example.com,2026-04-15,DE
u04-001710,user1710@mail.co.in,2026-02-20,SG
u04-001711,user1711@mail.co.in,2026-07-23,US
u04-001712,user1712@mail.co.in,2026-07-28,IN
u04-001713,user1713@mail.co.in,2026-02-21,DE
u04-001714,user1714@corp.io,2026-05-13,AU
u04-001715,user1715@example.com,2026-04-28,SG
u04-001716,user1716@mail.co.in,2026-07-18,DE
u04-001717,user1717@example.com.,2026-01-22,SG
u04-001718,user1718@mail.co.in,2026-09-11,IN
u04-001719,user1719@uni.edu,2026-06-28,AU
u04-001720,user1720@corp.io,2026-04-11,DE
u04-001721,user1721@example.com,2026-05-18,DE
u04-001722,user1722@uni.edu,2026-09-27,GB
u04-001723,user1723@mail.co.in,2026-04-14,SG
u04-001724,user1724@example.com,2026-09-21,SG
u04-001725,user1725@corp.io,2026-02-13,US
u04-001726,user1726@mail.co.in,2026-06-25,IN
u04-001727,user1727@example.com,2026-02-10,SG
u04-001728,user1728@corp.io,2026-02-21,DE
u04-001729,user1729@uni.edu,2026-09-23,US
u04-001730,user1730@mail.co.in,2026-08-10,IN
u04-001731,user1731@example.com,2026-09-14,IN
u04-001732,user1732@mail.co.in,2026-03-23,IN
u04-001733,user1733@corp.io,2026-09-23,SG
u04-001734,user1734@corp.io,2026-02-16,SG
u04-001735,user1735@mail.co.in,2026-06-22,DE
u04-001736,user1736@corp.io,2026-08-12,AU
u04-001737,user1737@corp.io,2026-08-22,SG
u04-001738,user1738@mail.co.in,2026-01-28,US
u04-001739,user1739@uni.edu,2026-03-17,US
u04-001740,user1740@example.com,2026-08-27,GB
u04-001741,user1741@mail.co.in,2026-01-23,US
u04-001742,user1742@uni.edu,2026-03-10,SG
u04-001743,user1743@example.com,2026-07-21,DE
u04-001744,user1744@mail.co.in,2026-04-14,AU
u04-001745,user1745@corp.io,2026-08-28,DE
u04-001746,user1746@mail.co.in,2026-06-10,US
u04-001747,user1747@corp.io,2026-07-15,SG
u04-001748,user1748@corp.io,2026-05-13,IN
u04-001749,user1749@example.com,2026-01-14,IN
u04-001750,user1750@mail.co.in,2026-07-18,US
u04-001751,user1751@example.com,2026-04-13,IN
u04-001752,user1752@example.com,2026-02-13,DE
u04-001753,user1753@mail.co.in,2026-03-18,IN
u04-001754,user1754@corp.io,2026-03-21,AU
u04-001755,user1755@uni.edu,2026-08-14,IN
u04-001756,user1756@example.com,2026-08-13,SG
u04-001757,user1757@uni.edu,2026-07-20,GB
u04-001758,user1758@corp.io,2026-03-22,GB
u04-001759,user1759@example.com,2026-09-11,DE
u04-001760,user1760@corp.io,2026-02-10,IN
u04-001761,user1761@uni.edu,2026-05-28,DE
u04-001762,user1762@mail.co.in,2026-02-22,US
u04-001763,user1763@mail.co.in,2026-07-15,SG
u04-001764,user1764@mail.co.in,2026-01-18,DE
u04-001765,user1765@example.com,2026-01-18,AU
u04-001766,user1766@mail.co.in,2026-09-19,US
u04-001767,user1767@example.com,2026-06-18,AU
u04-001768,user1768@mail.co.in,2026-05-10,AU
u04-001769,user1769@corp.io,2026-05-14,DE
u04-001770,user1770@uni.edu,2026-02-13,AU
u04-001771,user1771@uni.edu,2026-07-27,SG
u04-001772,user1772@corp.io,2026-05-25,AU
u04-001773,user1773@mail.co.in,2026-06-21,DE
u04-001774,user1774@uni.edu,2026-08-22,SG
u04-001775,user1775@example.com,2026-05-16,US
u04-001776,user1776@corp.io,2026-03-20,IN
u04-001777,user1777@example.com,2026-04-11,IN
u04-001778,user1778@mail.co.in,2026-01-10,DE
u04-001779,user1779@example.com,2026-01-12,DE
u04-001780,user1780@mail.co.in,2026-01-14,AU
u04-001781,user1781@example.com,2026-03-13,GB
u04-001782,user1782@example.com,2026-06-13,AU
u04-001783,user1783@corp.io,2026-01-18,GB
u04-001784,user1784@uni.edu,2026-07-22,IN
u04-001785,user1785@mail.co.in,2026-02-21,IN
u04-001786,user1786@corp.io,2026-08-18,IN
u04-001787,user1787@example.com,2026-04-23,SG
u04-001788,user1788@corp.io,2026-02-11,DE
u04-001789,user1789@uni.edu,2026-08-11,DE
u04-001790,user1790@corp.io,2026-02-20,SG
u04-001791,user1791@mail.co.in,2026-09-19,IN
u04-001792,user1792@uni.edu,2026-03-12,GB
u04-001793,user1793@mail.co.in,2026-09-24,IN
u04-001794,user1794@example.com,2026-09-25,GB
u04-001795,user1795@example.com,2026-06-14,IN
u04-001796,user1796@mail.co.in,2026-08-21,US
u04-001797,user1797@example.com,2026-01-14,DE
u04-001798,user1798@uni.edu,2026-02-22,SG
u04-001799,user1799@corp.io,2026-01-16,GB
u04-001800,user1800@example.com,2026-05-10,DE
u04-001801,user1801@corp.io,2026-03-20,IN
u04-001802,user1802@uni.edu,2026-05-13,SG
u04-001803,user1803@uni.edu,2026-01-13,GB
u04-001804,user1804@example.com,2026-01-14,SG
u04-001805,user1805@example.com,2026-06-19,IN
u04-001806,user1806@mail.co.in,2026-02-21,SG
u04-001807,user1807@corp.io,2026-09-18,GB
u04-001808,user1808@example.com,2026-04-21,AU
u04-001809,user1809@example.com,2026-09-22,AU
u04-001810,user1810@uni.edu,2026-09-28,SG
u04-001811,user1811@corp.io,2026-02-12,GB
u04-001812,user1812@corp.io,2026-04-20,DE
u04-001813,user1813@mail.co.in,2026-06-11,GB
u04-001814,user1814@mail.co.in,2026-09-19,AU
u04-001815,user1815@corp.io,2026-02-28,US
u04-001816,user1816@example.com,2026-06-21,DE
u04-001817,user1817@corp.io,2026-01-18,US
u04-001818,user1818@uni.edu,2026-03-11,SG
u04-001819,user1819@example.com,2026-04-16,DE
u04-001820,user1820@example.com,2026-04-24,US
u04-001821,user1821@example.com,2026-03-14,DE
u04-001822,user1822@uni.edu,2026-09-10,IN
u04-001823,user1823@uni.edu,2026-05-18,AU
u04-001824,user1824@uni.edu,2026-09-14,AU
u04-001825,user1825@corp.io,2026-08-10,SG
u04-001826,user1826@example.com,2026-02-15,US
u04-001827,user1827@corp.io,2026-04-11,SG
u04-001828,user1828@corp.io,2026-05-27,IN
u04-001829,user1829@corp.io,2026-03-10,SG
u04-001830,user1830@mail.co.in,2026-04-21,IN
u04-001831,user1831@corp.io,2026-08-27,AU
u04-001832,user1832@corp.io,2026-04-10,US
u04-001833,user1833@example.com,2026-01-28,US
u04-001834,user1834@uni.edu,2026-04-28,IN
u04-001835,user1835@uni.edu,2026-01-23,IN
u04-001836,user1836@example.com,2026-06-19,DE
u04-001837,user1837@uni.edu,2026-08-14,IN
u04-001838,user1838@mail.co.in,2026-06-19,GB
u04-001839,user1839@uni.edu,2026-01-26,SG
u04-001840,user1840@uni.edu,2026-04-17,DE
u04-001841,user1841@corp.io,2026-06-23,DE
u04-001842,user1842@corp.io,2026-09-23,IN
u04-001843,user1843@corp.io,2026-03-22,IN
u04-001844,user1844@uni.edu,2026-02-18,US
u04-001845,user1845@example.com,2026-08-22,DE
u04-001846,user1846@mail.co.in,2026-05-24,DE
u04-001847,user1847@mail.co.in,2026-06-13,US
u04-001848,user1848@uni.edu,2026-01-26,SG
u04-001849,user1849@mail.co.in,2026-08-17,SG
u04-001850,user1850@mail.co.in,2026-04-20,DE
u04-001851,user1851@corp.io,2026-04-14,DE
u04-001852,user1852@mail.co.in,2026-04-19,US
u04-001853,user1853@uni.edu,2026-05-13,DE
u04-001854,user1854@uni.edu,2026-09-10,AU
u04-001855,user1855@example.com,2026-05-10,DE
u04-001856,user1856@corp.io,2026-08-26,DE
u04-001857,user1857@mail.co.in,2026-06-20,SG
u04-001858,user1858@example.com,2026-09-14,DE
u04-001859,user1859@mail.co.in,2026-02-15,GB
u04-001860,user1860@corp.io,2026-02-24,DE
u04-001861,user1861@example.com,2026-03-28,AU
u04-001862,user1862@corp.io,2026-06-22,SG
u04-001863,user1863@uni.edu,2026-08-21,GB
u04-001864,user1864@mail.co.in,2026-05-19,US
u04-001865,user1865@mail.co.in,2026-07-14,IN
u04-001866,user1866@mail.co.in,2026-03-28,DE
u04-001867,user1867@corp.io,2026-01-12,US
u04-001868,user1868@uni.edu,2026-08-17,DE
u04-001869,user1869@example.com,2026-05-24,US
u04-001870,user1870@corp.io,2026-07-23,GB
u04-001871,user1871@example.com,2026-06-25,IN
u04-001872,user1872@mail.co.in,2026-04-25,SG
u04-001873,user1873@uni.edu,2026-04-22,SG
u04-001874,user1874@corp.io,2026-04-24,SG
u04-001875,user1875@uni.edu,2026-02-12,GB
u04-001876,user1876@mail.co.in,2026-06-16,GB
u04-001877,user1877@corp.io,2026-02-20,AU
u04-001878,user1878@uni.edu,2026-02-15,US
u04-001879,user1879@mail.co.in,2026-07-24,DE
u04-001880,user1880@example.com,2026-09-28,GB
u04-001881,user1881@mail.co.in,2026-06-23,US
u04-001882,user1882@uni.edu,2026-03-21,US
u04-001883,user1883@uni.edu,2026-09-10,US
u04-001884,user1884@example.com,2026-01-20,SG
u04-001885,user1885@uni.edu,2026-06-28,IN
u04-001886,user1886@example.com,2026-08-15,DE
u04-001887,user1887@mail.co.in,2026-06-21,GB
u04-001888,user1888@mail.co.in,2026-03-26,US
u04-001889,user1889@uni.edu,2026-07-26,US
u04-001890,user1890@example.com,2026-05-28,IN
u04-001891,user1891@uni.edu,2026-04-16,IN
u04-001892,user1892@example.com,2026-04-28,SG
u04-001893,user1893@mail.co.in,2026-07-17,US
u04-001894,user1894@uni.edu,2026-06-14,AU
u04-001895,user1895@example.com,2026-03-20,SG
u04-001896,user1896@corp.io,2026-04-26,DE
u04-001897,user1897@mail.co.in,2026-06-26,IN
u04-001898,user1898@corp.io,2026-06-27,AU
u04-001899,user1899@uni.edu,2026-07-16,IN
u04-001900,user1900@uni.edu,2026-02-25,SG
u04-001901,user1901@corp.io,2026-08-25,US
u04-001902,user1902@example.com,2026-02-10,DE
u04-001903,user1903@corp.io,2026-07-26,GB
u04-001904,user1904@mail.co.in,2026-08-23,AU
u04-001905,user1905@corp.io,2026-08-10,GB
u04-001906,user1906@uni.edu,2026-06-22,DE
u04-001907,user1907@example.com,2026-09-28,GB
u04-001908,user1908@uni.edu,2026-02-14,GB
u04-001909,user1909@corp.io,2026-05-16,US
u04-001910,user1910@example.com,2026-07-22,IN
u04-001911,user1911@uni.edu,2026-09-12,IN
u04-001912,user1912@corp.io,2026-08-19,DE
u04-001913,user1913@mail.co.in,2026-04-17,GB
u04-001914,user1914@uni.edu,2026-08-10,SG
u04-001915,user1915@uni.edu,2026-02-24,US
u04-001916,user1916@uni.edu,2026-08-22,GB
u04-001917,user1917@uni.edu,2026-04-27,IN
u04-001918,user1918@mail.co.in,2026-03-17,GB
u04-001919,user1919@mail.co.in,2026-04-21,DE
u04-001920,user1920@uni.edu,2026-04-20,SG
u04-001921,user1921@mail.co.in,2026-04-26,US
u04-001922,user1922@mail.co.in,2026-04-19,AU
u04-001923,user1923@corp.io,2026-02-13,IN
u04-001924,user1924@uni.edu,2026-02-19,US
u04-001925,user1925@corp.io,2026-07-14,US
u04-001926,user1926@uni.edu,2026-02-22,SG
u04-001927,user1927@mail.co.in,2026-05-23,IN
u04-001928,user1928@mail.co.in,2026-09-26,AU
u04-001929,user1929@corp.io,2026-07-16,US
u04-001930,user1930@corp.io,2026-08-11,GB
u04-001931,user1931@uni.edu,2026-06-16,AU
u04-001932,user1932@corp.io,2026-07-25,IN
u04-001933,user1933@example.com,2026-09-20,GB
u04-001934,user1934@example.com,2026-01-28,US
u04-001935,user1935@corp.io,2026-03-17,GB
u04-001936,user1936@uni.edu,2026-03-23,IN
u04-001937,user1937@corp.io,2026-07-23,SG
u04-001938,user1938@example.com,2026-01-19,GB
u04-001939,user1939@corp.io,2026-07-14,SG
u04-001940,user1940@uni.edu,2026-02-11,US
u04-001941,user1941@mail.co.in,2026-06-25,GB
u04-001942,user1942@uni.edu,2026-02-17,DE
u04-001943,user1943@uni.edu,2026-05-23,SG
u04-001944,user1944@example.com,2026-09-28,US
u04-001945,user1945@example.com,2026-04-26,GB
u04-001946,user1946@uni.edu,2026-07-20,IN
u04-001947,user1947@mail.co.in,2026-07-18,GB
u04-001948,user1948@uni.edu,2026-02-25,GB
u04-001949,user1949@mail.co.in,2026-03-25,US
u04-001950,user1950@corp.io,2026-01-15,DE
u04-001951,user1951@corp.io,2026-01-19,GB
u04-001952,user1952@uni.edu,2026-03-10,SG
u04-001953,user1953@uni.edu,2026-04-27,GB
u04-001954,user1954@corp.io,2026-08-26,DE
u04-001955,user1955@uni.edu,2026-04-26,AU
u04-001956,user1956@mail.co.in,2026-09-17,SG
u04-001957,user1957@example.com,2026-02-24,SG
u04-001958,user1958@example.com,2026-04-22,GB
u04-001959,user1959@uni.edu,2026-06-15,SG
u04-001960,user1960@corp.io,2026-07-22,US
u04-001961,user1961@uni.edu,2026-01-18,AU
u04-001962,user1962@mail.co.in,2026-09-24,GB
u04-001963,user1963@uni.edu,2026-05-20,GB
u04-001964,user1964@mail.co.in,2026-08-23,GB
u04-001965,user1965@example.com,2026-01-22,AU
u04-001966,user1966@corp.io,2026-04-15,GB
u04-001967,user1967@corp.io,2026-07-21,DE
u04-001968,user1968@uni.edu,2026-04-26,IN
u04-001969,user1969@example.com,2026-05-20,AU
u04-001970,user1970@uni.edu,2026-07-11,GB
u04-001971,user1971@uni.edu,2026-08-12,DE
u04-001972,user1972@example.com,2026-07-13,IN
u04-001973,user1973@mail.co.in,2026-01-14,AU
u04-001974,user1974@mail.co.in,2026-05-27,GB
u04-001975,user1975@uni.edu,2026-04-24,US
u04-001976,user1976@mail.co.in,2026-04-15,SG
u04-001977,user1977@mail.co.in,2026-06-24,IN
u04-001978,user1978@mail.co.in,2026-07-14,GB
u04-001979,user1979@uni.edu,2026-05-28,US
u04-001980,user1980@example.com,2026-09-23,SG
u04-001981,user1981@example.com,2026-06-22,IN
u04-001982,user1982@mail.co.in,2026-04-27,GB
u04-001983,user1983@uni.edu,2026-03-16,SG
u04-001984,user1984@mail.co.in,2026-05-25,US
u04-001985,user1985@mail.co.in,2026-02-15,GB
u04-001986,user1986@mail.co.in,2026-03-17,GB
u04-001987,user1987@mail.co.in,2026-05-28,SG
u04-001988,user1988@mail.co.in,2026-07-24,GB
u04-001989,user1989@corp.io,2026-05-21,IN
u04-001990,user1990@uni.edu,2026-06-23,IN
u04-001991,user1991@uni.edu,2026-06-18,AU
u04-001992,user1992@uni.edu,2026-04-20,AU
u04-001993,user1993@example.com,2026-02-26,IN
u04-001994,user1994@mail.co.in,2026-02-11,AU
u04-001995,user1995@mail.co.in,2026-08-23,SG
u04-001996,user1996@mail.co.in,2026-04-18,GB
u04-001997,user1997@corp.io,2026-07-11,SG
u04-001998,user1998@corp.io,2026-01-13,SG
u04-001999,user1999@example.com,2026-04-27,US
u04-002000,user2000@mail.co.in,2026-05-27,SG
u04-002001,user2001@mail.co.in,2026-02-17,DE
u04-002002,user2002@example.com,2026-08-14,IN
u04-002003,user2003@example.com,2026-01-26,IN
u04-002004,user2004@uni.edu,2026-03-27,SG
u04-002005,user2005@example.com,2026-07-11,US
u04-002006,user2006@corp.io,2026-08-15,AU
u04-002007,user2007@uni.edu,2026-02-26,SG
u04-002008,user2008@mail.co.in,2026-03-11,GB
u04-002009,user2009@example.com,2026-05-14,SG
u04-002010,user2010@corp.io,2026-09-14,AU
u04-002011,user2011@corp.io,2026-07-11,AU
u04-002012,user2012@uni.edu,2026-03-20,AU
u04-002013,user2013@uni.edu,2026-05-10,IN
u04-002014,user2014@corp.io,2026-01-20,US
u04-002015,user2015@mail.co.in,2026-01-13,IN
u04-002016,user2016@uni.edu,2026-09-10,SG
u04-002017,user2017@example.com,2026-07-22,SG
u04-002018,user2018@mail.co.in,2026-03-23,US
u04-002019,user2019@mail.co.in,2026-05-18,DE
u04-002020,user2020@example.com,2026-09-14,US
u04-002021,user2021@example.com,2026-08-19,US
u04-002022,user2022@example.com,2026-09-18,GB
u04-002023,user2023@corp.io,2026-07-11,GB
u04-002024,user2024@example.com,2026-07-10,IN
u04-002025,user2025@corp.io,2026-08-12,AU
u04-002026,user2026@corp.io,2026-05-25,IN
u04-002027,user2027@uni.edu,2026-02-23,GB
u04-002028,user2028@corp.io,2026-09-13,GB
u04-002029,user2029@corp.io,2026-08-28,DE
u04-002030,user2030@uni.edu,2026-06-22,GB
u04-002031,user2031@uni.edu,2026-01-21,DE
u04-002032,user2032@corp.io,2026-08-12,IN
u04-002033,user2033@corp.io,2026-05-15,AU
u04-002034,user2034@corp.io,2026-01-17,GB
u04-002035,user2035@mail.co.in,2026-06-15,AU
u04-002036,user2036@uni.edu,2026-03-26,AU
u04-002037,user2037@example.com,2026-04-18,SG
u04-002038,user2038@uni.edu,2026-09-12,GB
u04-002039,user2039@example.com,2026-06-21,AU
u04-002040,user2040@mail.co.in,2026-06-24,US
u04-002041,user2041@mail.co.in,2026-01-21,SG
u04-002042,user2042@example.com,2026-01-22,IN
u04-002043,user2043@uni.edu,2026-06-20,GB
u04-002044,user2044@uni.edu,2026-09-23,AU
u04-002045,user2045@uni.edu,2026-03-25,US
u04-002046,user2046@mail.co.in,2026-01-11,DE
u04-002047,user2047@mail.co.in,2026-02-27,SG
u04-002048,user2048@mail.co.in,2026-03-13,IN
u04-002049,user2049@example.com,2026-05-20,IN
u04-002050,user2050@corp.io,2026-08-18,DE
u04-002051,user2051@mail.co.in,2026-07-11,AU
u04-002052,user2052@uni.edu,2026-02-20,DE
u04-002053,user2053@mail.co.in,2026-01-14,GB
u04-002054,user2054@example.com,2026-05-17,AU
u04-002055,user2055@uni.edu,2026-05-21,SG
u04-002056,user2056@example.com,2026-03-22,AU
u04-002057,user2057@mail.co.in,2026-04-23,US
u04-002058,user2058@example.com,2026-09-23,AU
u04-002059,user2059@example.com,2026-04-10,GB
u04-002060,user2060@example.com,2026-06-10,AU
u04-002061,user2061@uni.edu,2026-03-10,GB
u04-002062,user2062@corp.io,2026-03-28,GB
u04-002063,user2063@example.com,2026-04-25,SG
u04-002064,user2064@corp.io,2026-08-17,SG
u04-002065,user2065@uni.edu,2026-02-28,US
u04-002066,user2066@example.com,2026-01-27,GB
u04-002067,user2067@corp.io,2026-06-21,AU
u04-002068,user2068@mail.co.in,2026-03-25,SG
u04-002069,user2069@example.com,2026-04-10,DE
u04-002070,user2070@example.com,2026-07-10,US
u04-002071,user2071@mail.co.in,2026-08-20,DE
u04-002072,user2072@example.com,2026-06-10,IN
u04-002073,user2073@corp.io,2026-09-23,US
u04-002074,user2074@example.com,2026-09-18,IN
u04-002075,user2075@uni.edu,2026-02-18,GB
u04-002076,user2076@example.com,2026-04-16,GB
u04-002077,user2077@mail.co.in,2026-09-22,GB
u04-002078,user2078@mail.co.in,2026-04-13,DE
u04-002079,user2079@uni.edu,2026-07-13,GB
u04-002080,user2080@mail.co.in,2026-08-19,US
u04-002081,user2081@uni.edu,2026-02-15,AU
u04-002082,user2082@example.com,2026-05-25,AU
u04-002083,user2083@corp.io,2026-06-27,DE
u04-002084,user2084@corp.io,2026-01-13,SG
u04-002085,user2085@corp.io,2026-01-18,AU
u04-002086,user2086@corp.io,2026-02-10,IN
u04-002087,user2087@corp.io,2026-07-15,DE
u04-002088,user2088@corp.io,2026-08-27,DE
u04-002089,user2089@corp.io,2026-04-26,GB
u04-002090,user2090@uni.edu,2026-05-11,SG
u04-002091,user2091@mail.co.in,2026-09-19,IN
u04-002092,user2092@example.com,2026-05-22,SG
u04-002093,user2093@uni.edu,2026-04-11,GB
u04-002094,user2094@example.com,2026-06-11,SG
u04-002095,user2095@uni.edu,2026-09-23,DE
u04-002096,user2096@uni.edu,2026-03-22,GB
u04-002097,user2097@uni.edu,2026-08-11,IN
u04-002098,user2098@corp.io,2026-04-25,AU
u04-002099,user2099@uni.edu,2026-07-27,IN
u04-002100,user2100@uni.edu,2026-01-11,SG
u04-002101,user2101@uni.edu,2026-08-19,DE
u04-002102,user2102@mail.co.in,2026-01-14,US
u04-002103,user2103@corp.io,2026-06-26,US
u04-002104,user2104@uni.edu,2026-01-23,US
u04-002105,user2105@corp.io,2026-05-17,SG
u04-002106,user2106@uni.edu,2026-07-10,US
u04-002107,user2107@example.com,2026-03-11,SG
u04-002108,user2108@uni.edu,2026-06-18,DE
u04-002109,user2109@mail.co.in,2026-01-18,US
u04-002110,user2110@mail.co.in,2026-04-26,DE
u04-002111,user2111@example.com,2026-04-26,IN
u04-002112,user2112@uni.edu,2026-07-10,IN
u04-002113,user2113@mail.co.in,2026-06-25,SG
u04-002114,user2114@corp.io,2026-03-28,DE
u04-002115,user2115@uni.edu,2026-03-22,SG
u04-002116,user2116@mail.co.in,2026-06-26,AU
u04-002117,user2117@corp.io,2026-09-13,IN
u04-002118,user2118@corp.io,2026-05-19,US
u04-002119,user2119@uni.edu,2026-01-13,DE
u04-002120,user2120@corp.io,2026-06-10,IN
u04-002121,user2121@mail.co.in,2026-01-28,AU
u04-002122,user2122@corp.io,2026-02-14,SG
u04-002123,user2123@corp.io,2026-06-21,DE
u04-002124,user2124@uni.edu,2026-08-11,US
u04-002125,user2125@mail.co.in,2026-05-27,SG
u04-002126,user2126@mail.co.in,2026-05-20,SG
u04-002127,user2127@corp.io,2026-06-27,SG
u04-002128,user2128@example.com,2026-08-26,GB
u04-002129,user2129@mail.co.in,2026-06-16,IN
u04-002130,user2130@example.com,2026-08-28,SG
u04-002131,user2131@uni.edu,2026-05-25,DE
u04-002132,user2132@uni.edu,2026-01-25,US
u04-002133,user2133@corp.io,2026-04-14,SG
u04-002134,user2134@corp.io,2026-06-10,DE
u04-002135,user2135@example.com,2026-09-22,SG
u04-002136,user2136@uni.edu,2026-05-13,SG
u04-002137,user2137@corp.io,2026-01-11,GB
u04-002138,user2138@example.com,2026-03-28,GB
u04-002139,user2139@example.com,2026-02-22,US
u04-002140,user2140@mail.co.in,2026-04-14,SG
u04-002141,user2141@uni.edu,2026-06-24,US
u04-002142,user2142@uni.edu,2026-08-16,SG
u04-002143,user2143@example.com,2026-03-21,GB
u04-002144,user2144@example.com,2026-04-22,US
u04-002145,user2145@example.com,2026-08-14,US
u04-002146,user2146@corp.io,2026-03-26,AU
u04-002147,user2147@corp.io,2026-06-12,DE
u04-002148,user2148@uni.edu,2026-09-10,IN
u04-002149,user2149@corp.io,2026-03-19,GB
u04-002150,user2150@uni.edu,2026-03-22,DE
u04-002151,user2151@mail.co.in,2026-04-12,IN
u04-002152,user2152@uni.edu,2026-06-13,US
u04-002153,user2153@example.com,2026-03-24,IN
u04-002154,user2154@uni.edu,2026-07-12,US
u04-002155,user2155@mail.co.in,2026-09-21,DE
u04-002156,user2156@example.com,2026-03-27,AU
u04-002157,user2157@corp.io,2026-07-28,US
u04-002158,user2158@corp.io,2026-08-14,IN
u04-002159,user2159@example.com,2026-02-21,IN
u04-002160,user2160@uni.edu,2026-05-15,DE
u04-002161,user2161@mail.co.in,2026-03-14,GB
u04-002162,user2162@mail.co.in,2026-09-22,SG
u04-002163,user2163@corp.io,2026-01-18,AU
u04-002164,user2164@example.com,2026-09-16,AU
u04-002165,user2165@corp.io,2026-03-27,IN
u04-002166,user2166@mail.co.in,2026-02-17,SG
u04-002167,user2167@example.com,2026-02-28,SG
u04-002168,user2168@corp.io,2026-05-20,AU
u04-002169,user2169@mail.co.in,2026-07-21,GB
u04-002170,user2170@corp.io,2026-04-14,IN
u04-002171,user2171@corp.io,2026-01-11,IN
u04-002172,user2172@uni.edu,2026-07-18,AU
u04-002173,user2173@mail.co.in,2026-04-17,IN
u04-002174,user2174@mail.co.in,2026-01-21,AU
u04-002175,user2175@mail.co.in,2026-08-17,IN
u04-002176,user2176@corp.io,2026-09-25,IN
u04-002177,user2177@corp.io,2026-04-19,GB
u04-002178,user2178@uni.edu,2026-04-25,GB
u04-002179,user2179@mail.co.in,2026-01-14,AU
u04-002180,user2180@example.com,2026-07-16,GB
u04-002181,user2181@uni.edu,2026-05-21,AU
u04-002182,user2182@mail.co.in,2026-01-22,DE
u04-002183,user2183@uni.edu,2026-05-23,AU
u04-002184,user2184@mail.co.in,2026-07-28,IN
u04-002185,user2185@example.com,2026-04-17,GB
u04-002186,user2186@corp.io,2026-09-20,DE
u04-002187,user2187@example.com,2026-02-18,US
u04-002188,user2188@corp.io,2026-02-11,DE
u04-002189,user2189@mail.co.in,2026-07-23,GB
u04-002190,user2190@corp.io,2026-01-26,SG
u04-002191,user2191@example.com,2026-09-19,US
u04-002192,user2192@uni.edu,2026-01-26,SG
u04-002193,user2193@corp.io,2026-01-15,AU
u04-002194,user2194@corp.io,2026-06-10,DE
u04-002195,user2195@uni.edu,2026-06-12,US
u04-002196,user2196@uni.edu,2026-01-28,IN
u04-002197,user2197@mail.co.in,2026-02-23,AU
u04-002198,user2198@mail.co.in,2026-07-16,IN
u04-002199,user2199@mail.co.in,2026-08-20,DE
u04-002200,user2200@mail.co.in,2026-03-19,AU
u04-002201,user2201@mail.co.in,2026-03-13,SG
u04-002202,user2202@mail.co.in,2026-03-25,SG
u04-002203,user2203@mail.co.in,2026-08-12,IN
u04-002204,user2204@corp.io,2026-03-22,US
u04-002205,user2205@example.com,2026-07-17,AU
u04-002206,user2206@corp.io,2026-01-15,US
u04-002207,user2207@corp.io,2026-09-14,DE
u04-002208,user2208@uni.edu,2026-03-20,US
u04-002209,user2209@uni.edu,2026-02-19,US
u04-002210,user2210@example.com,2026-08-24,IN
u04-002211,user2211@uni.edu,2026-03-14,GB
u04-002212,user2212@uni.edu,2026-09-28,DE
u04-002213,user2213@uni.edu,2026-01-17,SG
u04-002214,user2214@example.com,2026-03-22,DE
u04-002215,user2215@corp.io,2026-03-19,AU
u04-002216,user2216@corp.io,2026-03-21,US
u04-002217,user2217@corp.io,2026-06-14,US
u04-002218,user2218@example.com,2026-06-28,SG
u04-002219,user2219@example.com,2026-03-25,GB
u04-002220,user2220@corp.io,2026-04-21,AU
u04-002221,user2221@corp.io,2026-09-12,GB
u04-002222,user2222@example.com,2026-03-17,US
u04-002223,user2223@example.com,2026-09-10,IN
u04-002224,user2224@uni.edu,2026-03-25,GB
u04-002225,user2225@uni.edu,2026-08-10,SG
u04-002226,user2226@mail.co.in,2026-06-12,AU
u04-002227,user2227@example.com,2026-02-23,GB
u04-002228,user2228@mail.co.in,2026-03-23,SG
u04-002229,user2229@uni.edu,2026-02-15,SG
u04-002230,user2230@example.com,2026-04-14,IN
u04-002231,user2231@mail.co.in,2026-08-26,US
u04-002232,user2232@uni.edu,2026-04-18,DE
u04-002233,user2233@example.com,2026-01-11,US
u04-002234,user2234@uni.edu,2026-01-19,DE
u04-002235,user2235@example.com,2026-02-28,SG
u04-002236,user2236@uni.edu,2026-01-17,SG
u04-002237,user2237@corp.io,2026-02-12,IN
u04-002238,user2238@example.com,2026-02-17,AU
u04-002239,user2239@corp.io,2026-06-16,GB
u04-002240,user2240@uni.edu,2026-03-13,US
u04-002241,user2241@corp.io,2026-07-28,IN
u04-002242,user2242@mail.co.in,2026-06-28,AU
u04-002243,user2243@uni.edu,2026-02-24,IN
u04-002244,user2244@mail.co.in,2026-04-21,AU
u04-002245,user2245@mail.co.in,2026-05-17,DE
u04-002246,user2246@mail.co.in,2026-09-13,DE
u04-002247,user2247@mail.co.in,2026-07-18,DE
u04-002248,user2248@corp.io,2026-08-13,IN
u04-002249,user2249@corp.io,2026-01-26,DE
u04-002250,user2250@mail.co.in,2026-03-27,DE
u04-002251,user2251@mail.co.in,2026-06-10,US
u04-002252,user2252@example.com,2026-06-28,GB
u04-002253,user2253@corp.io,2026-09-23,GB
u04-002254,user2254@mail.co.in,2026-04-11,IN
u04-002255,user2255@mail.co.in,2026-03-28,US
u04-002256,user2256@corp.io,2026-06-24,GB
u04-002257,user2257@mail.co.in,2026-02-21,GB
u04-002258,user2258@example.com,2026-03-15,US
u04-002259,user2259@uni.edu,2026-05-12,IN
u04-002260,user2260@uni.edu,2026-04-13,GB
u04-002261,user2261@corp.io,2026-05-12,IN
u04-002262,user2262@uni.edu,2026-09-17,US
u04-002263,user2263@mail.co.in,2026-05-13,AU
u04-002264,user2264@example.com,2026-06-25,US
u04-002265,user2265@example.com,2026-01-12,GB
u04-002266,user2266@corp.io,2026-07-17,IN
u04-002267,user2267@mail.co.in,2026-06-11,GB
u04-002268,user2268@corp.io,2026-06-14,AU
u04-002269,user2269@example.com,2026-08-20,DE
u04-002270,user2270@uni.edu,2026-05-20,US
u04-002271,user2271@mail.co.in,2026-01-17,US
u04-002272,user2272@example.com,2026-01-10,DE
u04-002273,user2273@mail.co.in,2026-07-20,AU
u04-002274,user2274@corp.io,2026-03-10,GB
u04-002275,user2275@corp.io,2026-01-13,SG
u04-002276,user2276@corp.io,2026-05-19,AU
u04-002277,user2277@uni.edu,2026-09-17,SG
u04-002278,user2278@example.com,2026-09-19,US
u04-002279,user2279@uni.edu,2026-03-15,SG
u04-002280,user2280@mail.co.in,2026-04-25,IN
u04-002281,user2281@corp.io,2026-05-11,IN
u04-002282,user2282@uni.edu,2026-06-24,AU
u04-002283,user2283@example.com,2026-07-15,GB
u04-002284,user2284@corp.io,2026-06-24,GB
u04-002285,user2285@corp.io,2026-01-13,IN
u04-002286,user2286@corp.io,2026-07-27,SG
u04-002287,user2287@corp.io,2026-08-25,GB
u04-002288,user2288@uni.edu,2026-09-22,AU
u04-002289,user2289@mail.co.in,2026-04-20,DE
u04-002290,user2290@mail.co.in,2026-04-27,GB
u04-002291,user2291@corp.io,2026-01-19,SG
u04-002292,user2292@mail.co.in,2026-01-11,IN
u04-002293,user2293@corp.io,2026-09-10,IN
u04-002294,user2294@corp.io,2026-05-25,IN
u04-002295,user2295@corp.io,2026-08-13,DE
u04-002296,user2296@example.com,2026-07-24,US
u04-002297,user2297@corp.io,2026-07-20,SG
u04-002298,user2298@uni.edu,2026-01-28,GB
u04-002299,user2299@example.com,2026-05-25,AU
u04-002300,user2300@mail.co.in,2026-04-22,GB
u04-002301,user2301@example.com,2026-09-16,AU
u04-002302,user2302@uni.edu,2026-06-19,DE
u04-002303,user2303@uni.edu,2026-06-27,US
u04-002304,user2304@example.com,2026-07-13,GB
u04-002305,user2305@uni.edu,2026-09-24,IN
u04-002306,user2306@corp.io,2026-07-16,AU
u04-002307,user2307@example.com,2026-04-22,IN
u04-002308,user2308@mail.co.in,2026-06-19,DE
u04-002309,user2309@uni.edu,2026-05-20,AU
u04-002310,user2310@uni.edu,2026-05-25,DE
u04-002311,user2311@corp.io,2026-06-21,SG
u04-002312,user2312@mail.co.in,2026-09-10,IN
u04-002313,user2313@uni.edu,2026-05-26,SG
u04-002314,user2314@corp.io,2026-02-10,US
u04-002315,user2315@uni.edu,2026-02-19,AU
u04-002316,user2316@uni.edu,2026-06-20,AU
u04-002317,user2317@mail.co.in,2026-09-15,GB
u04-002318,user2318@example.com,2026-02-13,IN
u04-002319,user2319@mail.co.in,2026-03-23,SG
u04-002320,user2320@mail.co.in,2026-02-10,SG
u04-002321,user2321@uni.edu,2026-06-18,DE
u04-002322,user2322@example.com,2026-01-24,IN
u04-002323,user2323@uni.edu,2026-09-13,SG
u04-002324,user2324@example.com,2026-04-22,AU
u04-002325,user2325@uni.edu,2026-06-22,IN
u04-002326,user2326@mail.co.in,2026-04-28,IN
u04-002327,user2327@corp.io,2026-03-18,US
u04-002328,user2328@example.com,2026-03-23,DE
u04-002329,user2329@uni.edu,2026-06-22,SG
u04-002330,user2330@corp.io,2026-09-22,US
u04-002331,user2331@corp.io,2026-05-20,AU
u04-002332,user2332@uni.edu,2026-06-12,SG
u04-002333,user2333@corp.io,2026-04-25,SG
u04-002334,user2334@corp.io,2026-08-10,AU
u04-002335,user2335@corp.io,2026-01-27,GB
u04-002336,user2336@uni.edu,2026-01-27,US
u04-002337,user2337@uni.edu,2026-05-25,DE
u04-002338,user2338@mail.co.in,2026-07-12,GB
u04-002339,user2339@uni.edu,2026-02-28,AU
u04-002340,user2340@uni.edu,2026-05-15,AU
u04-002341,user2341@uni.edu,2026-07-16,SG
u04-002342,user2342@mail.co.in,2026-05-10,IN
u04-002343,user2343@example.com,2026-03-19,US
u04-002344,user2344@uni.edu,2026-08-19,IN
u04-002345,user2345@mail.co.in,2026-09-20,IN
u04-002346,user2346@mail.co.in,2026-02-16,AU
u04-002347,user2347@uni.edu,2026-08-25,IN
u04-002348,user2348@uni.edu,2026-04-19,GB
u04-002349,user2349@mail.co.in,2026-08-15,IN
u04-002350,user2350@corp.io,2026-05-22,US
u04-002351,user2351@corp.io,2026-05-25,GB
u04-002352,user2352@uni.edu,2026-03-26,GB
u04-002353,user2353@uni.edu,2026-08-25,GB
u04-002354,user2354@uni.edu,2026-01-28,SG
u04-002355,user2355@corp.io,2026-09-13,IN
u04-002356,user2356@uni.edu,2026-07-26,US
u04-002357,user2357@uni.edu,2026-02-27,SG
u04-002358,user2358@example.com,2026-04-24,DE
u04-002359,user2359@uni.edu,2026-04-18,GB
u04-002360,user2360@example.com,2026-05-14,US
u04-002361,user2361@uni.edu,2026-06-13,US
u04-002362,user2362@mail.co.in,2026-01-13,GB
u04-002363,user2363@uni.edu,2026-03-13,US
u04-002364,user2364@uni.edu,2026-09-11,DE
u04-002365,user2365@example.com,2026-02-17,IN
u04-002366,user2366@example.com,2026-04-26,IN
u04-002367,user2367@corp.io,2026-07-13,IN
u04-002368,user2368@mail.co.in,2026-04-15,IN
u04-002369,user2369@mail.co.in,2026-09-28,SG
u04-002370,user2370@mail.co.in,2026-09-28,AU
u04-002371,user2371@uni.edu,2026-06-11,DE
u04-002372,user2372@mail.co.in,2026-06-16,US
u04-002373,user2373@uni.edu,2026-06-27,IN
u04-002374,user2374@corp.io,2026-06-12,DE
u04-002375,user2375@mail.co.in,2026-07-24,AU
u04-002376,user2376@uni.edu,2026-01-10,IN
u04-002377,user2377@mail.co.in,2026-07-25,US
u04-002378,user2378@uni.edu,2026-04-19,GB
u04-002379,user2379@mail.co.in,2026-01-12,GB
u04-002380,user2380@corp.io,2026-03-12,DE
u04-002381,user2381@corp.io,2026-03-21,GB
u04-002382,user2382@mail.co.in,2026-02-21,SG
u04-002383,user2383@corp.io,2026-05-20,DE
u04-002384,user2384@mail.co.in,2026-03-20,IN
u04-002385,user2385@example.com,2026-03-20,DE
u04-002386,user2386@example.com,2026-08-27,DE
u04-002387,user2387@mail.co.in,2026-09-13,IN
u04-002388,user2388@uni.edu,2026-03-12,GB
u04-002389,user2389@mail.co.in,2026-09-10,GB
u04-002390,user2390@uni.edu,2026-04-27,SG
u04-002391,user2391@mail.co.in,2026-03-10,IN
u04-002392,user2392@mail.co.in,2026-06-16,US
u04-002393,user2393@uni.edu,2026-07-18,US
u04-002394,user2394@example.com,2026-08-11,US
u04-002395,user2395@uni.edu,2026-02-11,AU
u04-002396,user2396@mail.co.in,2026-06-25,SG
u04-002397,user2397@uni.edu,2026-07-10,IN
u04-002398,user2398@example.com,2026-04-14,AU
u04-002399,user2399@uni.edu,2026-03-26,DE
u04-002400,user2400@mail.co.in,2026-02-16,US
u04-002401,user2401@mail.co.in,2026-03-20,DE
u04-002402,user2402@uni.edu,2026-04-22,GB
u04-002403,user2403@uni.edu,2026-06-15,IN
u04-002404,user2404@example.com,2026-01-24,AU
u04-002405,user2405@uni.edu,2026-02-21,AU
u04-002406,user2406@example.com,2026-03-24,IN
u04-002407,user2407@corp.io,2026-07-23,GB
u04-002408,user2408@mail.co.in,2026-02-28,SG
u04-002409,user2409@mail.co.in,2026-07-25,SG
u04-002410,user2410@uni.edu,2026-03-24,GB
u04-002411,user2411@corp.io,2026-02-14,US
u04-002412,user2412@mail.co.in,2026-08-17,IN
u04-002413,user2413@example.com,2026-06-27,DE
u04-002414,user2414@mail.co.in,2026-09-16,DE
u04-002415,user2415@example.com,2026-02-28,AU
u04-002416,user2416@mail.co.in,2026-01-13,US
u04-002417,user2417@mail.co.in,2026-07-14,DE
u04-002418,user2418@uni.edu,2026-06-17,SG
u04-002419,user2419@example.com,2026-01-24,US
u04-002420,user2420@example.com,2026-09-17,US
u04-002421,user2421@uni.edu,2026-05-25,AU
u04-002422,user2422@example.com,2026-03-28,SG
u04-002423,user2423@uni.edu,2026-02-25,GB
u04-002424,user2424@mail.co.in,2026-01-18,IN
u04-002425,user2425@mail.co.in,2026-05-25,US
u04-002426,user2426@corp.io,2026-08-26,IN
u04-002427,user2427@corp.io,2026-09-11,US
u04-002428,user2428@example.com,2026-07-12,AU
u04-002429,user2429@example.com,2026-07-26,US
u04-002430,user2430@uni.edu,2026-03-11,DE
u04-002431,user2431@example.com,2026-09-15,US
u04-002432,user2432@corp.io,2026-07-24,DE
u04-002433,user2433@mail.co.in,2026-05-14,DE
u04-002434,user2434@mail.co.in,2026-03-10,SG
u04-002435,user2435@example.com,2026-07-20,DE
u04-002436,user2436@corp.io,2026-08-22,SG
u04-002437,user2437@mail.co.in,2026-02-25,GB
u04-002438,user2438@mail.co.in,2026-09-26,AU
u04-002439,user2439@corp.io,2026-02-11,GB
u04-002440,user2440@uni.edu,2026-09-13,US
u04-002441,user2441@mail.co.in,2026-09-13,SG
u04-002442,user2442@corp.io,2026-01-23,IN
u04-002443,user2443@corp.io,2026-02-23,SG
u04-002444,user2444@corp.io,2026-03-24,AU
u04-002445,user2445@uni.edu,2026-05-24,GB
u04-002446,user2446@mail.co.in,2026-01-19,GB
u04-002447,user2447@corp.io,2026-08-22,IN
u04-002448,user2448@corp.io,2026-02-20,AU
u04-002449,user2449@corp.io,2026-02-26,SG
u04-002450,user2450@uni.edu,2026-05-10,SG
u04-002451,user2451@example.com,2026-07-15,DE
u04-002452,user2452@corp.io,2026-01-16,GB
u04-002453,user2453@example.com,2026-05-11,IN
u04-002454,user2454@corp.io,2026-05-17,SG
u04-002455,user2455@uni.edu,2026-05-12,IN
u04-002456,user2456@example.com,2026-06-15,SG
u04-002457,user2457@corp.io,2026-06-22,AU
u04-002458,user2458@uni.edu,2026-02-26,GB
u04-002459,user2459@example.com,2026-07-10,US
u04-002460,user2460@mail.co.in,2026-07-16,SG
u04-002461,user2461@example.com,2026-06-20,IN
u04-002462,user2462@example.com,2026-05-26,SG
u04-002463,user2463@uni.edu,2026-05-10,US
u04-002464,user2464@example.com,2026-04-21,SG
u04-002465,user2465@example.com,2026-03-10,GB
u04-002466,user2466@example.com,2026-06-24,SG
u04-002467,user2467@corp.io,2026-08-28,AU
u04-002468,user2468@example.com,2026-03-12,AU
u04-002469,user2469@mail.co.in,2026-05-22,AU
u04-002470,user2470@uni.edu,2026-02-13,DE
u04-002471,user2471@uni.edu,2026-07-25,SG
u04-002472,user2472@corp.io,2026-05-20,SG
u04-002473,user2473@example.com,2026-01-24,IN
u04-002474,user2474@uni.edu,2026-02-16,IN
u04-002475,user2475@mail.co.in,2026-09-12,AU
u04-002476,user2476@example.com,2026-07-16,DE
u04-002477,user2477@corp.io,2026-02-22,AU
u04-002478,user2478@uni.edu,2026-07-22,SG
u04-002479,user2479@example.com,2026-07-20,GB
u04-002480,user2480@uni.edu,2026-09-12,GB
u04-002481,user2481@corp.io,2026-03-15,SG
u04-002482,user2482@corp.io,2026-08-19,DE
u04-002483,user2483@example.com,2026-02-21,AU
u04-002484,user2484@uni.edu,2026-09-28,DE
u04-002485,user2485@mail.co.in,2026-08-15,AU
u04-002486,user2486@example.com,2026-01-19,DE
u04-002487,user2487@example.com,2026-04-14,DE
u04-002488,user2488@corp.io,2026-02-20,GB
u04-002489,user2489@corp.io,2026-06-15,DE
u04-002490,user2490@mail.co.in,2026-06-28,US
u04-002491,user2491@corp.io,2026-09-24,AU
u04-002492,user2492@uni.edu,2026-04-28,US
u04-002493,user2493@mail.co.in,2026-01-13,IN
u04-002494,user2494@example.com,2026-01-14,AU
u04-002495,user2495@example.com,2026-08-10,IN
u04-002496,user2496@mail.co.in,2026-09-11,GB
u04-002497,user2497@corp.io,2026-05-21,SG
u04-002498,user2498@example.com,2026-08-21,US
u04-002499,user2499@uni.edu,2026-09-18,AU
u04-002500,user2500@corp.io,2026-01-16,GB
u04-002501,user2501@corp.io,2026-07-13,US
u04-002502,user2502@example.com,2026-08-18,DE
u04-002503,user2503@example.com,2026-08-21,IN
u04-002504,user2504@example.com,2026-08-21,IN
u04-002505,user2505@corp.io,2026-08-25,GB
u04-002506,user2506@corp.io,2026-03-26,US
u04-002507,user2507@example.com,2026-05-24,IN
u04-002508,user2508@uni.edu,2026-08-25,IN
u04-002509,user2509@example.com,2026-06-11,AU
u04-002510,user2510@uni.edu,2026-09-21,IN
u04-002511,user2511@mail.co.in,2026-08-22,GB
u04-002512,user2512@example.com,2026-02-23,IN
u04-002513,user2513@mail.co.in,2026-04-23,AU
u04-002514,user2514@uni.edu,2026-01-22,SG
u04-002515,user2515@mail.co.in,2026-05-21,US
u04-002516,user2516@mail.co.in,2026-05-18,AU
u04-002517,user2517@mail.co.in,2026-04-20,AU
u04-002518,user2518@example.com,2026-04-28,US
u04-002519,user2519@uni.edu,2026-02-24,SG
u04-002520,user2520@mail.co.in,2026-02-19,IN
u04-002521,user2521@mail.co.in,2026-03-11,GB
u04-002522,user2522@corp.io,2026-01-25,AU
u04-002523,user2523@example.com,2026-08-14,IN
u04-002524,user2524@corp.io,2026-01-12,GB
u04-002525,user2525@mail.co.in,2026-02-13,SG
u04-002526,user2526@mail.co.in,2026-07-25,AU
u04-002527,user2527@example.com,2026-09-12,IN
u04-002528,user2528@uni.edu,2026-03-14,AU
u04-002529,user2529@example.com,2026-03-10,GB
u04-002530,user2530@example.com,2026-08-20,SG
u04-002531,user2531@corp.io,2026-08-23,DE
u04-002532,user2532@mail.co.in,2026-02-18,DE
u04-002533,user2533@uni.edu,2026-07-25,IN
u04-002534,user2534@example.com,2026-06-15,US
u04-002535,user2535@mail.co.in,2026-02-28,SG
u04-002536,user2536@corp.io,2026-01-19,GB
u04-002537,user2537@uni.edu,2026-04-24,IN
u04-002538,user2538@corp.io,2026-09-16,SG
u04-002539,user2539@example.com,2026-04-20,US
u04-002540,user2540@uni.edu,2026-08-20,SG
u04-002541,user2541@corp.io,2026-07-18,AU
u04-002542,user2542@mail.co.in,2026-07-20,SG
u04-002543,user2543@example.com,2026-02-23,DE
u04-002544,user2544@mail.co.in,2026-08-27,GB
u04-002545,user2545@example.com,2026-05-23,AU
u04-002546,user2546@example.com,2026-06-26,US
u04-002547,user2547@mail.co.in,2026-04-25,SG
u04-002548,user2548@uni.edu,2026-02-14,DE
u04-002549,user2549@uni.edu,2026-05-22,SG
u04-002550,user2550@corp.io,2026-03-17,SG
u04-002551,user2551@mail.co.in,2026-04-14,IN
u04-002552,user2552@example.com,2026-08-12,DE
u04-002553,user2553@mail.co.in,2026-01-25,AU
u04-002554,user2554@example.com,2026-02-23,AU
u04-002555,user2555@uni.edu,2026-01-13,AU
u04-002556,user2556@example.com,2026-03-10,AU
u04-002557,user2557@corp.io,2026-05-16,DE
u04-002558,user2558@mail.co.in,2026-02-19,GB
u04-002559,user2559@uni.edu,2026-01-16,IN
u04-002560,user2560@uni.edu,2026-04-10,GB
u04-002561,user2561@mail.co.in,2026-08-19,US
u04-002562,user2562@mail.co.in,2026-07-25,US
u04-002563,user2563@corp.io,2026-01-22,AU
u04-002564,user2564@corp.io,2026-03-17,IN
u04-002565,user2565@corp.io,2026-06-12,AU
u04-002566,user2566@uni.edu,2026-03-26,IN
u04-002567,user2567@uni.edu,2026-07-26,SG
u04-002568,user2568@mail.co.in,2026-09-17,IN
u04-002569,user2569@corp.io,2026-07-18,US
u04-002570,user2570@uni.edu,2026-02-24,DE
u04-002571,user2571@uni.edu,2026-09-15,DE
u04-002572,user2572@uni.edu,2026-01-19,IN
u04-002573,user2573@corp.io,2026-05-26,SG
u04-002574,user2574@mail.co.in,2026-02-10,DE
u04-002575,user2575@mail.co.in,2026-06-28,US
u04-002576,user2576@mail.co.in,2026-08-16,GB
u04-002577,user2577@example.com,2026-04-19,DE
u04-002578,user2578@uni.edu,2026-09-21,DE
u04-002579,user2579@mail.co.in,2026-08-10,AU
u04-002580,user2580@mail.co.in,2026-06-17,SG
u04-002581,user2581@mail.co.in,2026-09-15,US
u04-002582,user2582@example.com,2026-06-13,AU
u04-002583,user2583@uni.edu,2026-05-23,GB
u04-002584,user2584@example.com,2026-03-15,DE
u04-002585,user2585@example.com,2026-04-21,GB
u04-002586,user2586@corp.io,2026-03-20,IN
u04-002587,user2587@example.com,2026-01-13,GB
u04-002588,user2588@mail.co.in,2026-04-24,IN
u04-002589,user2589@mail.co.in,2026-05-19,SG
u04-002590,user2590@example.com,2026-03-18,US
u04-002591,user2591@example.com,2026-03-17,US
u04-002592,user2592@corp.io,2026-08-23,SG
u04-002593,user2593@mail.co.in,2026-07-27,GB
u04-002594,user2594@mail.co.in,2026-09-21,SG
u04-002595,user2595@corp.io,2026-02-17,SG
u04-002596,user2596@corp.io,2026-03-22,US
u04-002597,user2597@corp.io,2026-07-11,DE
u04-002598,user2598@mail.co.in,2026-06-18,SG
u04-002599,user2599@example.com,2026-09-10,SG
u04-002600,user2600@example.com,2026-06-20,SG
u04-002601,user2601@mail.co.in,2026-01-16,US
u04-002602,user2602@mail.co.in,2026-07-25,SG
u04-002603,user2603@uni.edu,2026-01-16,AU
u04-002604,user2604@example.com,2026-09-15,SG
u04-002605,user2605@uni.edu,2026-05-24,IN
u04-002606,user2606@example.com,2026-09-25,IN
u04-002607,user2607@uni.edu,2026-05-22,AU
u04-002608,user2608@example.com,2026-03-18,GB
u04-002609,user2609@example.com,2026-01-12,IN
u04-002610,user2610@mail.co.in,2026-09-22,DE
u04-002611,user2611@corp.io,2026-08-24,US
u04-002612,user2612@mail.co.in,2026-01-12,IN
u04-002613,user2613@example.com,2026-01-24,US
u04-002614,user2614@example.com,2026-08-19,SG
u04-002615,user2615@example.com,2026-03-16,AU
u04-002616,user2616@uni.edu,2026-07-11,IN
u04-002617,user2617@uni.edu,2026-05-21,US
u04-002618,user2618@corp.io,2026-05-24,GB
u04-002619,user2619@mail.co.in,2026-08-13,GB
u04-002620,user2620@mail.co.in,2026-01-28,AU
u04-002621,user2621@mail.co.in,2026-06-23,IN
u04-002622,user2622@example.com,2026-08-14,IN
u04-002623,user2623@mail.co.in,2026-09-10,DE
u04-002624,user2624@example.com,2026-09-10,AU
u04-002625,user2625@example.com,2026-02-24,DE
u04-002626,user2626@mail.co.in,2026-08-16,GB
u04-002627,user2627@example.com,2026-07-14,AU
u04-002628,user2628@example.com,2026-05-17,US
u04-002629,user2629@uni.edu,2026-06-22,AU
u04-002630,user2630@example.com,2026-02-14,US
u04-002631,user2631@uni.edu,2026-07-12,GB
u04-002632,user2632@mail.co.in,2026-07-13,IN
u04-002633,user2633@example.com,2026-09-25,DE
u04-002634,user2634@mail.co.in,2026-03-28,SG
u04-002635,user2635@mail.co.in,2026-05-17,GB
u04-002636,user2636@example.com,2026-01-12,GB
u04-002637,user2637@corp.io,2026-07-15,IN
u04-002638,user2638@mail.co.in,2026-05-17,US
u04-002639,user2639@mail.co.in,2026-06-26,AU
u04-002640,user2640@uni.edu,2026-09-10,US
u04-002641,user2641@example.com,2026-01-14,US
u04-002642,user2642@uni.edu,2026-01-17,AU
u04-002643,user2643@example.com,2026-03-10,AU
u04-002644,user2644@corp.io,2026-08-18,IN
u04-002645,user2645@example.com,2026-03-20,GB
u04-002646,user2646@uni.edu,2026-01-15,SG
u04-002647,user2647@mail.co.in,2026-01-27,DE
u04-002648,user2648@uni.edu,2026-05-25,US
u04-002649,user2649@example.com,2026-01-27,IN
u04-002650,user2650@example.com,2026-07-18,SG
u04-002651,user2651@example.com,2026-08-23,SG
u04-002652,user2652@example.com,2026-06-19,DE
u04-002653,user2653@example.com,2026-06-25,IN
u04-002654,user2654@example.com,2026-04-19,SG
u04-002655,user2655@mail.co.in,2026-06-12,GB
u04-002656,user2656@example.com,2026-08-15,AU
u04-002657,user2657@mail.co.in,2026-04-15,IN
u04-002658,user2658@mail.co.in,2026-02-27,IN
u04-002659,user2659@mail.co.in,2026-02-12,AU
u04-002660,user2660@uni.edu,2026-01-22,GB
u04-002661,user2661@uni.edu,2026-09-24,AU
u04-002662,user2662@example.com,2026-08-24,AU
u04-002663,user2663@corp.io,2026-04-22,AU
u04-002664,user2664@uni.edu,2026-03-25,IN
u04-002665,user2665@mail.co.in,2026-02-22,GB
u04-002666,user2666@uni.edu,2026-08-15,US
u04-002667,user2667@uni.edu,2026-03-16,GB
u04-002668,user2668@mail.co.in,2026-07-18,IN
u04-002669,user2669@corp.io,2026-04-22,US
u04-002670,user2670@mail.co.in,2026-09-21,AU
u04-002671,user2671@corp.io,2026-09-28,DE
u04-002672,user2672@corp.io,2026-08-23,GB
u04-002673,user2673@example.com,2026-08-27,US
u04-002674,user2674@corp.io,2026-07-19,US
u04-002675,user2675@uni.edu,2026-01-23,SG
u04-002676,user2676@example.com,2026-03-16,SG
u04-002677,user2677@mail.co.in,2026-08-15,SG
u04-002678,user2678@mail.co.in,2026-07-12,SG
u04-002679,user2679@example.com,2026-09-22,IN
u04-002680,user2680@uni.edu,2026-06-15,IN
u04-002681,user2681@example.com,2026-05-14,US
u04-002682,user2682@mail.co.in,2026-05-17,IN
u04-002683,user2683@uni.edu,2026-02-19,IN
u04-002684,user2684@uni.edu,2026-07-26,DE
u04-002685,user2685@uni.edu,2026-03-20,GB
u04-002686,user2686@mail.co.in,2026-05-28,IN
u04-002687,user2687@uni.edu,2026-08-25,GB
u04-002688,user2688@mail.co.in,2026-09-20,DE
u04-002689,user2689@corp.io,2026-07-23,SG
u04-002690,user2690@uni.edu,2026-02-25,AU
u04-002691,user2691@uni.edu,2026-06-25,SG
u04-002692,user2692@example.com,2026-04-10,SG
u04-002693,user2693@uni.edu,2026-09-11,IN
u04-002694,user2694@uni.edu,2026-09-28,DE
u04-002695,user2695@corp.io,2026-06-16,GB
u04-002696,user2696@example.com,2026-08-24,DE
u04-002697,user2697@uni.edu,2026-01-26,SG
u04-002698,user2698@mail.co.in,2026-08-16,SG
u04-002699,user2699@example.com,2026-09-19,DE
u04-002700,user2700@corp.io,2026-05-26,SG
u04-002701,user2701@example.com,2026-03-17,DE
u04-002702,user2702@corp.io,2026-05-13,GB
u04-002703,user2703@example.com,2026-03-11,GB
u04-002704,user2704@mail.co.in,2026-03-22,GB
u04-002705,user2705@mail.co.in,2026-05-23,US
u04-002706,user2706@uni.edu,2026-01-22,US
u04-002707,user2707@mail.co.in,2026-07-28,IN
u04-002708,user2708@example.com,2026-08-22,DE
u04-002709,user2709@mail.co.in,2026-07-11,SG
u04-002710,user2710@example.com,2026-05-23,AU
u04-002711,user2711@mail.co.in,2026-05-12,AU
u04-002712,user2712@corp.io,2026-04-13,IN
u04-002713,user2713@example.com,2026-09-14,IN
u04-002714,user2714@corp.io,2026-02-15,US
u04-002715,user2715@mail.co.in,2026-04-28,AU
u04-002716,user2716@mail.co.in,2026-04-28,US
u04-002717,user2717@example.com,2026-04-14,US
u04-002718,user2718@mail.co.in,2026-04-25,DE
u04-002719,user2719@uni.edu,2026-06-24,DE
u04-002720,user2720@mail.co.in,2026-03-17,US
u04-002721,user2721@mail.co.in,2026-01-22,US
u04-002722,user2722@uni.edu,2026-01-27,AU
u04-002723,user2723@uni.edu,2026-05-15,AU
u04-002724,user2724@uni.edu,2026-04-15,GB
u04-002725,user2725@example.com,2026-04-21,US
u04-002726,user2726@corp.io,2026-04-23,IN
u04-002727,user2727@example.com,2026-02-13,GB
u04-002728,user2728@uni.edu,2026-07-25,AU
u04-002729,user2729@uni.edu,2026-03-26,AU
u04-002730,user2730@example.com,2026-09-14,AU
u04-002731,user2731@example.com,2026-02-15,DE
u04-002732,user2732@example.com,2026-02-26,US
u04-002733,user2733@corp.io,2026-04-24,IN
u04-002734,user2734@example.com,2026-05-14,IN
u04-002735,user2735@uni.edu,2026-01-16,SG
u04-002736,user2736@uni.edu,2026-09-22,DE
u04-002737,user2737@uni.edu,2026-04-19,US
u04-002738,user2738@mail.co.in,2026-07-16,AU
u04-002739,user2739@mail.co.in,2026-02-25,GB
u04-002740,user2740@corp.io,2026-04-18,AU
u04-002741,user2741@uni.edu,2026-04-19,AU
u04-002742,user2742@corp.io,2026-02-23,IN
u04-002743,user2743@corp.io,2026-03-19,DE
u04-002744,user2744@example.com,2026-03-16,AU
u04-002745,user2745@mail.co.in,2026-05-26,GB
u04-002746,user2746@example.com,2026-01-12,AU
u04-002747,user2747@example.com,2026-03-25,GB
u04-002748,user2748@example.com,2026-01-12,IN
u04-002749,user2749@example.com,2026-08-14,GB
u04-002750,user2750@example.com,2026-08-15,IN
u04-002751,user2751@mail.co.in,2026-07-26,DE
u04-002752,user2752@example.com,2026-05-18,AU
u04-002753,user2753@uni.edu,2026-05-18,DE
u04-002754,user2754@uni.edu,2026-04-19,SG
u04-002755,user2755@corp.io,2026-04-24,US
u04-002756,user2756@corp.io,2026-03-20,DE
u04-002757,user2757@uni.edu,2026-04-26,US
u04-002758,user2758@example.com,2026-08-18,SG
u04-002759,user2759@corp.io,2026-07-28,SG
u04-002760,user2760@corp.io,2026-06-16,IN
u04-002761,user2761@corp.io,2026-08-18,GB
u04-002762,user2762@example.com,2026-02-22,US
u04-002763,user2763@example.com,2026-02-23,DE
u04-002764,user2764@mail.co.in,2026-09-15,IN
u04-002765,user2765@example.com,2026-09-25,AU
u04-002766,user2766@uni.edu,2026-07-19,SG
u04-002767,user2767@uni.edu,2026-08-20,IN
u04-002768,user2768@example.com,2026-02-15,DE
u04-002769,user2769@corp.io,2026-09-15,SG
u04-002770,user2770@mail.co.in,2026-06-24,DE
u04-002771,user2771@uni.edu,2026-09-11,US
u04-002772,user2772@corp.io,2026-07-28,AU
u04-002773,user2773@mail.co.in,2026-07-16,IN
u04-002774,user2774@mail.co.in,2026-06-13,US
u04-002775,user2775@mail.co.in,2026-04-15,IN
u04-002776,user2776@mail.co.in,2026-06-11,GB
u04-002777,user2777@corp.io,2026-08-10,IN
u04-002778,user2778@mail.co.in,2026-07-23,AU
u04-002779,user2779@corp.io,2026-05-21,SG
u04-002780,user2780@example.com,2026-05-15,DE
u04-002781,user2781@example.com,2026-03-23,AU
u04-002782,user2782@example.com,2026-04-28,AU
u04-002783,user2783@example.com,2026-09-15,US
u04-002784,user2784@example.com,2026-04-10,IN
u04-002785,user2785@uni.edu,2026-08-12,AU
u04-002786,user2786@uni.edu,2026-02-25,SG
u04-002787,user2787@example.com,2026-03-21,GB
u04-002788,user2788@mail.co.in,2026-02-21,GB
u04-002789,user2789@uni.edu,2026-02-17,GB
u04-002790,user2790@uni.edu,2026-09-15,SG
u04-002791,user2791@mail.co.in,2026-02-21,GB
u04-002792,user2792@uni.edu,2026-04-12,SG
u04-002793,user2793@mail.co.in,2026-01-10,IN
u04-002794,user2794@example.com,2026-05-15,IN
u04-002795,user2795@corp.io,2026-06-19,AU
u04-002796,user2796@mail.co.in,2026-03-10,GB
u04-002797,user2797.example.com,2026-06-16,IN
u04-002798,user2798@corp.io,2026-08-21,SG
u04-002799,user2799@uni.edu,2026-09-15,GB
u04-002800,user2800@corp.io,2026-07-25,SG
u04-002801,user2801@mail.co.in,2026-08-26,GB
u04-002802,user2802@example.com,2026-07-25,US
u04-002803,user2803@example.com,2026-04-17,AU
u04-002804,user2804@example.com,2026-06-26,DE
u04-002805,user2805@mail.co.in,2026-07-25,US
u04-002806,user2806@example.com,2026-03-11,GB
u04-002807,user2807@corp.io,2026-02-19,US
u04-002808,user2808@example.com,2026-04-23,IN
u04-002809,user2809@corp.io,2026-07-12,US
u04-002810,user2810@uni.edu,2026-03-21,AU
u04-002811,user2811@example.com,2026-07-17,GB
u04-002812,user2812@mail.co.in,2026-08-26,IN
u04-002813,user2813@example.com,2026-09-16,GB
u04-002814,user2814@mail.co.in,2026-05-16,SG
u04-002815,user2815@corp.io,2026-09-28,SG
u04-002816,user2816@uni.edu,2026-03-26,GB
u04-002817,user2817@example.com,2026-03-13,AU
u04-002818,user2818@corp.io,2026-01-24,SG
u04-002819,user2819@uni.edu,2026-09-16,SG
u04-002820,user2820@uni.edu,2026-08-28,GB
u04-002821,user2821@example.com,2026-05-25,AU
u04-002822,user2822@corp.io,2026-06-13,DE
u04-002823,user2823@corp.io,2026-07-22,US
u04-002824,user2824@mail.co.in,2026-07-26,IN
u04-002825,user2825@mail.co.in,2026-02-26,SG
u04-002826,user2826@mail.co.in,2026-09-28,DE
u04-002827,user2827@mail.co.in,2026-01-13,SG
u04-002828,user2828@example.com,2026-07-21,DE
u04-002829,user2829@example.com,2026-02-15,AU
u04-002830,user2830@mail.co.in,2026-09-16,AU
u04-002831,user2831@example.com,2026-03-20,AU
u04-002832,user2832@mail.co.in,2026-06-25,DE
u04-002833,user2833@mail.co.in,2026-04-27,IN
u04-002834,user2834@example.com,2026-05-16,US
u04-002835,user2835@corp.io,2026-02-13,US
u04-002836,user2836@corp.io,2026-09-20,GB
u04-002837,user2837@mail.co.in,2026-07-26,SG
u04-002838,user2838@corp.io,2026-04-20,DE
u04-002839,user2839@mail.co.in,2026-03-14,GB
u04-002840,user2840@example.com,2026-02-13,US
u04-002841,user2841@example.com,2026-01-19,US
u04-002842,user2842@example.com,2026-02-26,SG
u04-002843,user2843@example.com,2026-04-22,IN
u04-002844,user2844@mail.co.in,2026-05-28,SG
u04-002845,user2845@mail.co.in,2026-02-16,IN
u04-002846,user2846@mail.co.in,2026-05-26,US
u04-002847,user2847@corp.io,2026-08-19,US
u04-002848,user2848@example.com,2026-07-26,IN
u04-002849,user2849@corp.io,2026-04-21,IN
u04-002850,user2850@example.com,2026-01-10,US
u04-002851,user2851@example.com,2026-08-19,IN
u04-002852,user2852@mail.co.in,2026-03-13,GB
u04-002853,user2853@uni.edu,2026-06-21,US
u04-002854,user2854@corp.io,2026-08-21,US
u04-002855,user2855@corp.io,2026-02-16,IN
u04-002856,user2856@uni.edu,2026-02-13,AU
u04-002857,user2857@example.com,2026-07-24,AU
u04-002858,user2858@corp.io,2026-07-19,SG
u04-002859,user2859@example.com,2026-03-25,AU
u04-002860,user2860@example.com,2026-01-16,DE
u04-002861,user2861@mail.co.in,2026-08-12,AU
u04-002862,user2862@corp.io,2026-01-23,SG
u04-002863,user2863@uni.edu,2026-04-19,DE
u04-002864,user2864@example.com,2026-01-20,GB
u04-002865,user2865@mail.co.in,2026-04-19,GB
u04-002866,user2866@mail.co.in,2026-04-13,US
u04-002867,user2867@uni.edu,2026-03-18,SG
u04-002868,user2868@mail.co.in,2026-08-21,US
u04-002869,user2869@mail.co.in,2026-05-21,DE
u04-002870,user2870@corp.io,2026-03-12,DE
u04-002871,user2871@corp.io,2026-04-15,US
u04-002872,user2872@uni.edu,2026-08-14,IN
u04-002873,user2873@mail.co.in,2026-02-24,IN
u04-002874,user2874@uni.edu,2026-09-10,AU
u04-002875,user2875@corp.io,2026-06-23,DE
u04-002876,user2876@corp.io,2026-05-19,GB
u04-002877,user2877@uni.edu,2026-02-20,AU
u04-002878,user2878@corp.io,2026-09-10,GB
u04-002879,user2879@corp.io,2026-05-12,US
u04-002880,user2880@uni.edu,2026-08-20,SG
u04-002881,user2881@mail.co.in,2026-01-25,US
u04-002882,user2882@example.com,2026-07-27,IN
u04-002883,user2883@uni.edu,2026-09-17,DE
u04-002884,user2884@mail.co.in,2026-04-17,GB
u04-002885,user2885@corp.io,2026-07-28,SG
u04-002886,user2886@example.com,2026-04-13,US
u04-002887,user2887@uni.edu,2026-09-21,DE
u04-002888,user2888@example.com,2026-04-16,IN
u04-002889,user2889@corp.io,2026-02-28,DE
u04-002890,user2890@example.com,2026-04-13,IN
u04-002891,user2891@corp.io,2026-03-26,DE
u04-002892,user2892@corp.io,2026-04-11,SG
u04-002893,user2893@mail.co.in,2026-07-25,GB
u04-002894,user2894@uni.edu,2026-05-25,IN
u04-002895,user2895@example.com,2026-06-28,US
u04-002896,user2896@mail.co.in,2026-09-14,AU
u04-002897,user2897@corp.io,2026-05-13,DE
u04-002898,user2898@example.com,2026-07-10,IN
u04-002899,user2899@example.com,2026-07-25,GB
u04-002900,user2900@example.com,2026-09-15,GB
u04-002901,user2901@example.com,2026-01-17,DE
u04-002902,user2902@example.com,2026-04-15,IN
u04-002903,user2903@corp.io,2026-03-28,SG
u04-002904,user2904@example.com,2026-02-22,US
u04-002905,user2905@mail.co.in,2026-05-24,US
u04-002906,user2906@example.com,2026-07-28,DE
u04-002907,user2907@uni.edu,2026-08-10,GB
u04-002908,user2908@corp.io,2026-02-17,US
u04-002909,user2909@mail.co.in,2026-01-10,DE
u04-002910,user2910@uni.edu,2026-09-27,DE
u04-002911,user2911@example.com,2026-03-28,IN
u04-002912,user2912@corp.io,2026-07-24,AU
u04-002913,user2913@mail.co.in,2026-07-18,DE
u04-002914,user2914@example.com,2026-09-10,US
u04-002915,user2915@mail.co.in,2026-08-17,SG
u04-002916,user2916@uni.edu,2026-05-16,US
u04-002917,user2917@corp.io,2026-07-15,IN
u04-002918,user2918@uni.edu,2026-02-25,AU
u04-002919,user2919@uni.edu,2026-07-25,US
u04-002920,user2920@uni.edu,2026-08-18,SG
u04-002921,user2921@uni.edu,2026-09-12,GB
u04-002922,user2922@example.com,2026-06-16,GB
u04-002923,user2923@corp.io,2026-04-15,DE
u04-002924,user2924@mail.co.in,2026-09-17,DE
u04-002925,user2925@uni.edu,2026-06-13,AU
u04-002926,user2926@uni.edu,2026-01-24,US
u04-002927,user2927@corp.io,2026-01-21,SG
u04-002928,user2928@uni.edu,2026-04-28,IN
u04-002929,user2929@corp.io,2026-07-18,US
u04-002930,user2930@example.com,2026-01-10,US
u04-002931,user2931@corp.io,2026-09-12,AU
u04-002932,user2932@uni.edu,2026-03-20,SG
u04-002933,user2933@corp.io,2026-02-13,SG
u04-002934,user2934@example.com,2026-05-25,GB
u04-002935,user2935@example.com,2026-03-16,IN
u04-002936,user2936@example.com,2026-01-17,IN
u04-002937,user2937@uni.edu,2026-04-21,DE
u04-002938,user2938@corp.io,2026-01-23,GB
u04-002939,user2939@mail.co.in,2026-05-27,DE
u04-002940,user2940@corp.io,2026-08-13,AU
u04-002941,user2941@mail.co.in,2026-01-22,GB
u04-002942,user2942@mail.co.in,2026-04-24,AU
u04-002943,user2943@corp.io,2026-02-19,US
u04-002944,user2944@uni.edu,2026-01-14,US
u04-002945,user2945@corp.io,2026-06-18,SG
u04-002946,user2946@uni.edu,2026-09-15,DE
u04-002947,user2947@example.com,2026-07-20,US
u04-002948,user2948@example.com,2026-09-26,DE
u04-002949,user2949@mail.co.in,2026-08-24,US
u04-002950,user2950@uni.edu,2026-06-20,DE
u04-002951,user2951@example.com,2026-01-19,IN
u04-002952,user2952@example.com,2026-06-10,US
u04-002953,user2953@uni.edu,2026-09-13,DE
u04-002954,user2954@uni.edu,2026-07-25,IN
u04-002955,user2955@uni.edu,2026-04-19,AU
u04-002956,user2956@uni.edu,2026-08-26,IN
u04-002957,user2957@example.com,2026-03-10,IN
u04-002958,user2958@mail.co.in,2026-09-26,SG
u04-002959,user2959@corp.io,2026-06-13,SG
u04-002960,user2960@corp.io,2026-03-12,SG
u04-002961,user2961@example.com,2026-05-13,AU
u04-002962,user2962@example.com,2026-04-10,US
u04-002963,user2963@example.com,2026-04-21,DE
u04-002964,user2964@uni.edu,2026-06-26,DE
u04-002965,user2965@example.com,2026-05-11,US
u04-002966,user2966@corp.io,2026-05-13,AU
u04-002967,user2967@mail.co.in,2026-04-13,DE
u04-002968,user2968@uni.edu,2026-05-27,US
u04-002969,user2969@corp.io,2026-07-17,GB
u04-002970,user2970@example.com,2026-08-28,SG
u04-002971,user2971@example.com,2026-01-19,AU
u04-002972,user2972@example.com,2026-04-26,SG
u04-002973,user2973@uni.edu,2026-03-16,SG
u04-002974,user2974@uni.edu,2026-05-26,IN
u04-002975,user2975@example.com,2026-07-23,DE
u04-002976,user2976@example.com,2026-01-18,IN
u04-002977,user2977@corp.io,2026-07-18,GB
u04-002978,user2978@example.com,2026-05-19,IN
u04-002979,user2979@uni.edu,2026-01-28,DE
u04-002980,user2980@example.com,2026-03-11,US
u04-002981,user2981@example.com,2026-02-14,GB
u04-002982,user2982@corp.io,2026-04-12,GB
u04-002983,user2983@corp.io,2026-07-22,SG
u04-002984,user2984@example.com,2026-09-16,SG
u04-002985,user2985@corp.io,2026-08-23,SG
u04-002986,user2986@mail.co.in,2026-06-21,IN
u04-002987,user2987@uni.edu,2026-07-22,DE
u04-002988,user2988@corp.io,2026-06-24,US
u04-002989,user2989@mail.co.in,2026-06-19,SG
u04-002990,user2990@uni.edu,2026-07-11,GB
u04-002991,user2991@uni.edu,2026-08-20,GB
u04-002992,user2992@mail.co.in,2026-05-21,SG
u04-002993,user2993@uni.edu,2026-06-15,IN
u04-002994,user2994@example.com,2026-05-19,IN
u04-002995,user2995@uni.edu,2026-09-21,IN
u04-002996,user2996@example.com,2026-09-19,AU
u04-002997,user2997@mail.co.in,2026-07-16,SG
u04-002998,user2998@uni.edu,2026-07-14,AU
u04-002999,user2999@example.com,2026-08-20,SG
u04-003000,user3000@corp.io,2026-06-24,US
u04-003001,user3001@mail.co.in,2026-05-27,SG
u04-003002,user3002@example.com,2026-08-20,GB
u04-003003,user3003@uni.edu,2026-09-12,IN
u04-003004,user3004@mail.co.in,2026-03-11,AU
u04-003005,user3005@mail.co.in,2026-06-20,US
u04-003006,user3006@uni.edu,2026-08-23,DE
u04-003007,user3007@example.com,2026-01-16,US
u04-003008,user3008@uni.edu,2026-05-26,SG
u04-003009,user3009@example.com,2026-07-12,SG
u04-003010,user3010@uni.edu,2026-04-26,DE
u04-003011,user3011@uni.edu,2026-01-10,GB
u04-003012,user3012@corp.io,2026-03-28,GB
u04-003013,user3013@mail.co.in,2026-02-17,GB
u04-003014,user3014@uni.edu,2026-02-27,AU
u04-003015,user3015@example.com,2026-07-27,IN
u04-003016,user3016@uni.edu,2026-07-21,DE
u04-003017,user3017@corp.io,2026-01-15,IN
u04-003018,user3018@example.com,2026-02-20,IN
u04-003019,user3019@uni.edu,2026-04-12,US
u04-003020,user3020@mail.co.in,2026-04-27,US
u04-003021,user3021@mail.co.in,2026-06-18,IN
u04-003022,user3022@corp.io,2026-08-18,DE
u04-003023,user3023@example.com,2026-05-11,DE
u04-003024,user3024@mail.co.in,2026-08-18,IN
u04-003025,user3025@example.com,2026-01-26,SG
u04-003026,user3026@uni.edu,2026-08-24,AU
u04-003027,user3027@mail.co.in,2026-01-14,SG
u04-003028,user3028@corp.io,2026-08-20,DE
u04-003029,user3029@uni.edu,2026-08-23,US
u04-003030,user3030@uni.edu,2026-03-17,DE
u04-003031,user3031@example.com,2026-07-10,GB
u04-003032,user3032@uni.edu,2026-06-17,GB
u04-003033,user3033@corp.io,2026-09-26,AU
u04-003034,user3034@example.com,2026-02-17,AU
u04-003035,user3035@example.com,2026-02-25,DE
u04-003036,user3036@example.com,2026-08-27,DE
u04-003037,user3037@uni.edu,2026-02-26,SG
u04-003038,user3038@corp.io,2026-08-18,SG
u04-003039,user3039@corp.io,2026-09-14,IN
u04-003040,user3040@mail.co.in,2026-02-24,GB
u04-003041,user3041@example.com,2026-02-24,GB
u04-003042,user3042@uni.edu,2026-05-23,AU
u04-003043,user3043@mail.co.in,2026-01-15,GB
u04-003044,user3044@corp.io,2026-08-22,DE
u04-003045,user3045@uni.edu,2026-08-14,US
u04-003046,user3046@example.com,2026-08-13,AU
u04-003047,user3047@mail.co.in,2026-02-24,IN
u04-003048,user3048@uni.edu,2026-08-10,SG
u04-003049,user3049@uni.edu,2026-03-10,AU
u04-003050,user3050@example.com,2026-08-12,SG
u04-003051,user3051@example.com,2026-04-26,SG
u04-003052,user3052@corp.io,2026-07-14,US
u04-003053,user3053@corp.io,2026-07-17,DE
u04-003054,user3054@uni.edu,2026-06-20,SG
u04-003055,user3055@mail.co.in,2026-01-21,DE
u04-003056,user3056@example.com,2026-03-15,US
u04-003057,user3057@example.com,2026-09-15,DE
u04-003058,user3058@corp.io,2026-04-17,AU
u04-003059,user3059@corp.io,2026-01-26,US
u04-003060,user3060@mail.co.in,2026-04-22,DE
u04-003061,user3061@corp.io,2026-02-14,IN
u04-003062,user3062@mail.co.in,2026-06-26,DE
u04-003063,user3063@corp.io,2026-07-11,DE
u04-003064,user3064@example.com,2026-08-18,IN
u04-003065,user3065@corp.io,2026-03-21,GB
u04-003066,user3066@mail.co.in,2026-09-13,SG
u04-003067,user3067@corp.io,2026-01-19,US
u04-003068,user3068@example.com,2026-02-28,AU
u04-003069,user3069@mail.co.in,2026-04-20,DE
u04-003070,user3070@mail.co.in,2026-06-11,IN
u04-003071,user3071@uni.edu,2026-08-10,US
u04-003072,user3072@example.com,2026-06-24,AU
u04-003073,user3073@corp.io,2026-07-26,SG
u04-003074,user3074@example.com,2026-08-28,IN
u04-003075,user3075@uni.edu,2026-03-24,GB
u04-003076,user3076@mail.co.in,2026-02-23,GB
u04-003077,user3077@mail.co.in,2026-09-24,AU
u04-003078,user3078@corp.io,2026-07-21,SG
u04-003079,user3079@mail.co.in,2026-08-28,SG
u04-003080,user3080@uni.edu,2026-04-10,GB
u04-003081,user3081@uni.edu,2026-02-21,AU
u04-003082,user3082@example.com,2026-01-25,GB
u04-003083,user3083@uni.edu,2026-03-22,IN
u04-003084,user3084@corp.io,2026-04-26,IN
u04-003085,user3085@mail.co.in,2026-03-19,GB
u04-003086,user3086@corp.io,2026-02-25,AU
u04-003087,user3087@corp.io,2026-03-27,IN
u04-003088,user3088@example.com,2026-04-27,DE
u04-003089,user3089@corp.io,2026-01-21,SG
u04-003090,user3090@corp.io,2026-05-27,AU
u04-003091,user3091@corp.io,2026-07-19,DE
u04-003092,user3092@mail.co.in,2026-07-27,AU
u04-003093,user3093@corp.io,2026-03-19,SG
u04-003094,user3094@corp.io,2026-01-25,US
u04-003095,user3095@corp.io,2026-09-15,AU
u04-003096,user3096@uni.edu,2026-06-17,GB
u04-003097,user3097@uni.edu,2026-03-24,US
u04-003098,user3098@mail.co.in,2026-05-14,SG
u04-003099,user3099@corp.io,2026-02-21,IN
u04-003100,user3100@mail.co.in,2026-04-11,US
u04-003101,user3101@corp.io,2026-06-23,SG
u04-003102,user3102@mail.co.in,2026-03-23,AU
u04-003103,user3103@mail.co.in,2026-01-17,SG
u04-003104,user3104@uni.edu,2026-08-28,SG
u04-003105,user3105@uni.edu,2026-09-26,DE
u04-003106,user3106@uni.edu,2026-03-10,AU
u04-003107,user3107@uni.edu,2026-04-16,SG
u04-003108,user3108@mail.co.in,2026-02-10,DE
u04-003109,user3109@corp.io,2026-01-17,SG
u04-003110,user3110@corp.io,2026-04-28,IN
u04-003111,user3111@example.com,2026-01-26,GB
u04-003112,user3112@mail.co.in,2026-06-16,US
u04-003113,user3113@uni.edu,2026-03-20,DE
u04-003114,user3114@uni.edu,2026-06-13,DE
u04-003115,user3115@corp.io,2026-02-21,DE
u04-003116,user3116@uni.edu,2026-01-17,AU
u04-003117,user3117@example.com,2026-09-13,GB
u04-003118,user3118@uni.edu,2026-04-26,AU
u04-003119,user3119@mail.co.in,2026-04-23,SG
u04-003120,user3120@example.com,2026-07-18,US
u04-003121,user3121@corp.io,2026-07-21,AU
u04-003122,user3122@mail.co.in,2026-09-24,GB
u04-003123,user3123@corp.io,2026-09-12,SG
u04-003124,user3124@corp.io,2026-09-12,SG
u04-003125,user3125@corp.io,2026-09-28,SG
u04-003126,user3126@uni.edu,2026-01-17,IN
u04-003127,user3127@corp.io,2026-06-11,SG
u04-003128,user3128@mail.co.in,2026-05-22,GB
u04-003129,user3129@example.com,2026-06-26,US
u04-003130,user3130@corp.io,2026-05-25,US
u04-003131,user3131@example.com,2026-08-14,IN
u04-003132,user3132@corp.io,2026-09-22,SG
u04-003133,user3133@mail.co.in,2026-07-26,DE
u04-003134,user3134@example.com,2026-08-21,US
u04-003135,user3135@corp.io,2026-08-15,AU
u04-003136,user3136@mail.co.in,2026-07-16,IN
u04-003137,user3137@uni.edu,2026-04-24,SG
u04-003138,user3138@example.com,2026-06-18,GB
u04-003139,user3139@corp.io,2026-01-23,US
u04-003140,user3140@example.com,2026-07-28,IN
u04-003141,user3141@uni.edu,2026-02-23,AU
u04-003142,user3142@mail.co.in,2026-09-17,AU
u04-003143,user3143@corp.io,2026-08-15,IN
u04-003144,user3144@example.com,2026-02-20,US
u04-003145,user3145@example.com,2026-01-18,DE
u04-003146,user3146@mail.co.in,2026-02-21,IN
u04-003147,user3147@example.com,2026-06-20,DE
u04-003148,user3148@mail.co.in,2026-05-14,SG
u04-003149,user3149@mail.co.in,2026-03-16,AU
u04-003150,user3150@mail.co.in,2026-06-20,US
u04-003151,user3151@uni.edu,2026-07-13,GB
u04-003152,user3152@example.com,2026-03-26,GB
u04-003153,user3153@corp.io,2026-02-15,IN
u04-003154,user3154@uni.edu,2026-01-17,AU
u04-003155,user3155@mail.co.in,2026-06-10,SG
u04-003156,user3156@example.com,2026-01-15,GB
u04-003157,user3157@mail.co.in,2026-08-16,AU
u04-003158,user3158@uni.edu,2026-02-26,DE
u04-003159,user3159@uni.edu,2026-04-22,US
u04-003160,user3160@uni.edu,2026-05-11,US
u04-003161,user3161@mail.co.in,2026-06-22,AU
u04-003162,user3162@uni.edu,2026-07-17,IN
u04-003163,user3163@corp.io,2026-05-19,AU
u04-003164,user3164@example.com,2026-07-18,AU
u04-003165,user3165@example.com,2026-07-18,DE
u04-003166,user3166@uni.edu,2026-08-20,IN
u04-003167,user3167@corp.io,2026-01-28,SG
u04-003168,user3168@mail.co.in,2026-08-20,DE
u04-003169,user3169@uni.edu,2026-05-10,DE
u04-003170,user3170@mail.co.in,2026-05-16,AU
u04-003171,user3171@mail.co.in,2026-07-12,IN
u04-003172,user3172@example.com,2026-04-24,GB
u04-003173,user3173@mail.co.in,2026-03-19,IN
u04-003174,user3174@mail.co.in,2026-07-21,GB
u04-003175,user3175@example.com,2026-03-24,SG
u04-003176,user3176@uni.edu,2026-06-20,GB
u04-003177,user3177@uni.edu,2026-07-27,AU
u04-003178,user3178@corp.io,2026-02-14,AU
u04-003179,user3179@corp.io,2026-03-13,IN
u04-003180,user3180@corp.io,2026-01-24,DE
u04-003181,user3181@uni.edu,2026-01-17,SG
u04-003182,user3182@uni.edu,2026-03-26,GB
u04-003183,user3183@corp.io,2026-07-24,AU
u04-003184,user3184@example.com,2026-04-28,US
u04-003185,user3185@corp.io,2026-03-20,GB
u04-003186,user3186@uni.edu,2026-08-10,SG
u04-003187,user3187@example.com,2026-02-28,GB
u04-003188,user3188@mail.co.in,2026-04-13,DE
u04-003189,user3189@uni.edu,2026-08-19,SG
u04-003190,user3190@corp.io,2026-04-12,US
u04-003191,user3191@corp.io,2026-06-17,SG
u04-003192,user3192@mail.co.in,2026-06-22,DE
u04-003193,user3193@uni.edu,2026-08-27,AU
u04-003194,user3194@example.com,2026-07-16,US
u04-003195,user3195@corp.io,2026-06-10,DE
u04-003196,user3196@corp.io,2026-01-16,US
u04-003197,user3197@corp.io,2026-09-28,DE
u04-003198,user3198@example.com,2026-01-19,US
u04-003199,user3199@uni.edu,2026-01-27,SG
u04-003200,user3200@uni.edu,2026-02-26,IN
u04-003201,user3201@uni.edu,2026-05-19,IN
u04-003202,user3202@uni.edu,2026-08-23,GB
u04-003203,user3203@uni.edu,2026-04-11,GB
u04-003204,user3204@uni.edu,2026-05-12,DE
u04-003205,user3205@corp.io,2026-02-21,SG
u04-003206,user3206@uni.edu,2026-08-28,DE
u04-003207,user3207@uni.edu,2026-07-15,SG
u04-003208,user3208@example.com,2026-02-27,GB
u04-003209,user3209@uni.edu,2026-08-12,US
u04-003210,user3210@uni.edu,2026-02-20,AU
u04-003211,user3211@uni.edu,2026-07-24,SG
u04-003212,user3212@corp.io,2026-02-13,AU
u04-003213,user3213@corp.io,2026-02-18,DE
u04-003214,user3214@uni.edu,2026-08-22,AU
u04-003215,user3215@example.com,2026-02-19,DE
u04-003216,user3216@example.com,2026-01-20,GB
u04-003217,user3217@example.com,2026-03-27,GB
u04-003218,user3218@example.com,2026-05-14,AU
u04-003219,user3219@corp.io,2026-06-21,AU
u04-003220,user3220@uni.edu,2026-02-10,DE
u04-003221,user3221@example.com,2026-09-28,US
u04-003222,user3222@example.com,2026-08-11,DE
u04-003223,user3223@uni.edu,2026-09-23,DE
u04-003224,user3224@example.com,2026-09-22,GB
u04-003225,user3225@corp.io,2026-07-10,IN
u04-003226,user3226@example.com,2026-04-25,IN
u04-003227,user3227@uni.edu,2026-05-20,GB
u04-003228,user3228@example.com,2026-01-16,DE
u04-003229,user3229@corp.io,2026-07-18,US
u04-003230,user3230@corp.io,2026-02-12,IN
u04-003231,user3231@mail.co.in,2026-04-27,IN
u04-003232,user3232@example.com,2026-04-15,GB
u04-003233,user3233@example.com,2026-04-21,DE
u04-003234,user3234@corp.io,2026-08-21,IN
u04-003235,user3235@uni.edu,2026-04-10,DE
u04-003236,user3236@uni.edu,2026-09-25,AU
u04-003237,user3237@corp.io,2026-03-13,IN
u04-003238,user3238@example.com,2026-05-20,SG
u04-003239,user3239@mail.co.in,2026-05-10,GB
u04-003240,user3240@corp.io,2026-01-11,US
u04-003241,user3241@uni.edu,2026-04-17,SG
u04-003242,user3242@mail.co.in,2026-07-24,US
u04-003243,user3243@mail.co.in,2026-05-15,AU
u04-003244,user3244@uni.edu,2026-04-23,GB
u04-003245,user3245@uni.edu,2026-03-16,GB
u04-003246,user3246@uni.edu,2026-09-21,US
u04-003247,user3247@mail.co.in,2026-09-25,SG
u04-003248,user3248@corp.io,2026-05-20,US
u04-003249,user3249@example.com,2026-09-28,SG
u04-003250,user3250@example.com,2026-08-15,GB
u04-003251,user3251@mail.co.in,2026-02-21,GB
u04-003252,user3252@example.com,2026-03-15,US
u04-003253,user3253@uni.edu,2026-03-17,IN
u04-003254,user3254@example.com,2026-04-25,US
u04-003255,user3255@example.com,2026-06-24,AU
u04-003256,user3256@mail.co.in,2026-02-23,US
u04-003257,user3257@example.com,2026-04-11,GB
u04-003258,user3258@example.com,2026-02-28,IN
u04-003259,user3259@corp.io,2026-04-12,SG
u04-003260,user3260@uni.edu,2026-04-17,GB
u04-003261,user3261@corp.io,2026-02-27,AU
u04-003262,user3262@corp.io,2026-02-10,GB
u04-003263,user3263@uni.edu,2026-05-14,AU
u04-003264,user3264@corp.io,2026-05-28,AU
u04-003265,user3265@uni.edu,2026-06-12,SG
u04-003266,user3266@corp.io,2026-01-21,IN
u04-003267,user3267@example.com,2026-07-18,SG
u04-003268,user3268@uni.edu,2026-08-26,DE
u04-003269,user3269@uni.edu,2026-09-24,DE
u04-003270,user3270@uni.edu,2026-07-20,GB
u04-003271,user3271@mail.co.in,2026-08-10,IN
u04-003272,user3272@example.com,2026-09-25,IN
u04-003273,user3273@mail.co.in,2026-01-10,GB
u04-003274,user3274@corp.io,2026-09-25,GB
u04-003275,user3275@uni.edu,2026-06-22,AU
u04-003276,user3276@mail.co.in,2026-05-25,AU
u04-003277,user3277@mail.co.in,2026-01-26,GB
u04-003278,user3278@mail.co.in,2026-04-20,GB
u04-003279,user3279@mail.co.in,2026-07-10,AU
u04-003280,user3280@mail.co.in,2026-05-16,AU
u04-003281,user3281@example.com,2026-01-20,AU
u04-003282,user3282@mail.co.in,2026-04-17,GB
u04-003283,user3283@uni.edu,2026-09-17,IN
u04-003284,user3284@mail.co.in,2026-08-26,DE
u04-003285,user3285@corp.io,2026-06-28,US
u04-003286,user3286@corp.io,2026-04-26,DE
u04-003287,user3287@uni.edu,2026-03-11,AU
u04-003288,user3288@uni.edu,2026-07-12,IN
u04-003289,user3289@uni.edu,2026-03-24,US
u04-003290,user3290@corp.io,2026-07-12,SG
u04-003291,user3291@corp.io,2026-06-16,US
u04-003292,user3292@uni.edu,2026-05-27,SG
u04-003293,user3293@corp.io,2026-05-10,IN
u04-003294,user3294@corp.io,2026-09-15,IN
u04-003295,user3295@corp.io,2026-06-23,GB
u04-003296,user3296@corp.io,2026-07-16,DE
u04-003297,user3297@corp.io,2026-09-14,SG
u04-003298,user3298@example.com,2026-03-18,GB
u04-003299,user3299@example.com,2026-02-22,IN
u04-003300,user3300@uni.edu,2026-05-25,AU
u04-003301,user3301@corp.io,2026-03-17,IN
u04-003302,user3302@mail.co.in,2026-04-13,SG
u04-003303,user3303@uni.edu,2026-09-24,US
u04-003304,user3304@example.com,2026-06-11,IN
u04-003305,user3305@example.com,2026-04-17,DE
u04-003306,user3306@example.com,2026-02-25,GB
u04-003307,user3307@uni.edu,2026-04-21,DE
u04-003308,user3308@example.com,2026-01-14,US
u04-003309,user3309@corp.io,2026-07-11,IN
u04-003310,user3310@uni.edu,2026-01-14,SG
u04-003311,user3311@example.com,2026-03-11,GB
u04-003312,user3312@uni.edu,2026-01-22,AU
u04-003313,user3313@mail.co.in,2026-01-22,GB
u04-003314,user3314@mail.co.in,2026-06-10,AU
u04-003315,user3315@mail.co.in,2026-09-14,US
u04-003316,user3316@uni.edu,2026-05-13,US
u04-003317,user3317@corp.io,2026-06-20,US
u04-003318,user3318@example.com,2026-05-20,SG
u04-003319,user3319@mail.co.in,2026-05-14,US
u04-003320,user3320@mail.co.in,2026-08-22,US
u04-003321,user3321@corp.io,2026-09-18,GB
u04-003322,user3322@example.com,2026-09-23,SG
u04-003323,user3323@example.com,2026-02-28,US
u04-003324,user3324@example.com,2026-04-26,IN
u04-003325,user3325@mail.co.in,2026-06-20,AU
u04-003326,user3326@mail.co.in,2026-06-13,US
u04-003327,user3327@mail.co.in,2026-07-26,GB
u04-003328,user3328@uni.edu,2026-06-13,GB
u04-003329,user3329@mail.co.in,2026-03-17,DE
u04-003330,user3330@corp.io,2026-08-24,DE
u04-003331,user3331@example.com,2026-08-28,DE
u04-003332,user3332@mail.co.in,2026-05-20,US
u04-003333,user3333@example.com,2026-04-14,GB
u04-003334,user3334@corp.io,2026-07-10,AU
u04-003335,user3335@uni.edu,2026-03-19,AU
u04-003336,user3336@uni.edu,2026-07-25,IN
u04-003337,user3337@example.com,2026-01-26,US
u04-003338,user3338@corp.io,2026-08-15,US
u04-003339,user3339@uni.edu,2026-08-21,DE
u04-003340,user3340@example.com,2026-03-16,AU
u04-003341,user3341@uni.edu,2026-02-24,SG
u04-003342,user3342@example.com,2026-09-21,AU
u04-003343,user3343@uni.edu,2026-07-15,IN
u04-003344,user3344@corp.io,2026-04-28,US
u04-003345,user3345@uni.edu,2026-07-12,AU
u04-003346,user3346@mail.co.in,2026-06-22,AU
u04-003347,user3347@mail.co.in,2026-03-27,IN
u04-003348,user3348@uni.edu,2026-02-20,AU
u04-003349,user3349@example.com,2026-03-26,GB
u04-003350,user3350@mail.co.in,2026-09-12,IN
u04-003351,user3351@mail.co.in,2026-02-28,DE
u04-003352,user3352@mail.co.in,2026-05-13,IN
u04-003353,user3353@example.com,2026-06-21,GB
u04-003354,user3354@example.com,2026-04-16,AU
u04-003355,user3355@corp.io,2026-02-12,IN
u04-003356,user3356@corp.io,2026-01-27,AU
u04-003357,user3357@corp.io,2026-07-13,DE
u04-003358,user3358@mail.co.in,2026-03-27,DE
u04-003359,user3359@uni.edu,2026-09-20,SG
u04-003360,user3360@corp.io,2026-09-15,DE
u04-003361,user3361@example.com,2026-02-21,AU
u04-003362,user3362@corp.io,2026-05-22,US
u04-003363,user3363@corp.io,2026-05-10,SG
u04-003364,user3364@corp.io,2026-05-18,GB
u04-003365,user3365@example.com,2026-08-21,US
u04-003366,user3366@uni.edu,2026-09-19,SG
u04-003367,user3367@corp.io,2026-06-24,GB
u04-003368,user3368@mail.co.in,2026-03-27,IN
u04-003369,user3369@corp.io,2026-03-18,AU
u04-003370,user3370@uni.edu,2026-01-24,SG
u04-003371,user3371@uni.edu,2026-03-24,GB
u04-003372,user3372@uni.edu,2026-05-18,US
u04-003373,user3373@example.com,2026-07-13,GB
u04-003374,user3374@corp.io,2026-04-28,IN
u04-003375,user3375@mail.co.in,2026-02-21,GB
u04-003376,user3376@mail.co.in,2026-03-22,US
u04-003377,user3377@mail.co.in,2026-09-28,SG
u04-003378,user3378@uni.edu,2026-02-24,GB
u04-003379,user3379@corp.io,2026-09-22,US
u04-003380,user3380@example.com,2026-01-20,SG
u04-003381,user3381@example.com,2026-08-11,SG
u04-003382,user3382@uni.edu,2026-04-10,AU
u04-003383,user3383@uni.edu,2026-03-17,DE
u04-003384,user3384@example.com,2026-08-12,IN
u04-003385,user3385@example.com,2026-03-20,US
u04-003386,user3386@mail.co.in,2026-06-26,AU
u04-003387,user3387@corp.io,2026-02-28,DE
u04-003388,user3388@corp.io,2026-03-26,GB
u04-003389,user3389@uni.edu,2026-05-12,AU
u04-003390,user3390@corp.io,2026-09-17,IN
u04-003391,user3391@example.com,2026-05-24,US
u04-003392,user3392@corp.io,2026-09-28,IN
u04-003393,user3393@uni.edu,2026-06-21,US
u04-003394,user3394@mail.co.in,2026-03-12,GB
u04-003395,user3395@mail.co.in,2026-04-24,AU
u04-003396,user3396@uni.edu,2026-03-13,SG
u04-003397,user3397@corp.io,2026-06-22,IN
u04-003398,user3398@mail.co.in,2026-03-24,SG
u04-003399,user3399@mail.co.in,2026-02-15,IN
u04-003400,user3400@uni.edu,2026-01-12,IN
u04-003401,user3401@example.com,2026-08-12,SG
u04-003402,user3402@uni.edu,2026-04-22,SG
u04-003403,user3403@example.com,2026-07-14,SG
u04-003404,user3404@example.com,2026-09-21,SG
u04-003405,user3405@corp.io,2026-03-27,US
u04-003406,user3406@uni.edu,2026-08-25,US
u04-003407,user3407@corp.io,2026-04-25,AU
u04-003408,user3408@corp.io,2026-01-23,IN
u04-003409,user3409@corp.io,2026-08-11,GB
u04-003410,user3410@uni.edu,2026-09-11,GB
u04-003411,user3411@uni.edu,2026-04-12,DE
u04-003412,user3412@example.com,2026-07-12,DE
u04-003413,user3413@corp.io,2026-07-19,AU
u04-003414,user3414@mail.co.in,2026-08-13,DE
u04-003415,user3415@uni.edu,2026-08-11,IN
u04-003416,user3416@example.com,2026-05-25,DE
u04-003417,user3417@uni.edu,2026-07-17,IN
u04-003418,user3418@corp.io,2026-02-26,DE
u04-003419,user3419@uni.edu,2026-07-20,GB
u04-003420,user3420@uni.edu,2026-03-18,GB
u04-003421,user3421@uni.edu,2026-08-12,GB
u04-003422,user3422@example.com,2026-07-11,US
u04-003423,user3423@example.com,2026-09-21,IN
u04-003424,user3424@corp.io,2026-09-28,AU
u04-003425,user3425@uni.edu,2026-05-19,IN
u04-003426,user3426@example.com,2026-09-23,DE
u04-003427,user3427@example.com,2026-09-11,AU
u04-003428,user3428@example.com,2026-02-22,AU
u04-003429,user3429@uni.edu,2026-07-11,SG
u04-003430,user3430@example.com,2026-07-21,IN
u04-003431,user3431@corp.io,2026-02-23,IN
u04-003432,user3432@example.com,2026-01-18,DE
u04-003433,user3433@mail.co.in,2026-05-13,DE
u04-003434,user3434@mail.co.in,2026-04-18,DE
u04-003435,user3435@corp.io,2026-02-13,GB
u04-003436,user3436@example.com,2026-08-20,DE
u04-003437,user3437@corp.io,2026-04-28,US
u04-003438,user3438@uni.edu,2026-04-26,IN
u04-003439,user3439@corp.io,2026-08-23,GB
u04-003440,user3440@corp.io,2026-08-12,US
u04-003441,user3441@corp.io,2026-01-17,SG
u04-003442,user3442@mail.co.in,2026-08-22,US
u04-003443,user3443@uni.edu,2026-09-22,AU
u04-003444,user3444@corp.io,2026-09-21,IN
u04-003445,user3445@example.com,2026-02-25,DE
u04-003446,user3446@corp.io,2026-01-10,IN
u04-003447,user3447@example.com,2026-05-27,DE
u04-003448,user3448@mail.co.in,2026-05-25,IN
u04-003449,user3449@corp.io.,2026-07-22,US
u04-003450,user3450@corp.io,2026-04-19,US
u04-003451,user3451@mail.co.in,2026-03-16,SG
u04-003452,user3452@mail.co.in,2026-08-28,IN
u04-003453,user3453@mail.co.in,2026-09-25,DE
u04-003454,user3454@mail.co.in,2026-04-14,DE
u04-003455,user3455@uni.edu,2026-06-21,GB
u04-003456,user3456@example.com,2026-07-28,SG
u04-003457,user3457@mail.co.in,2026-07-19,AU
u04-003458,user3458@uni.edu,2026-09-15,SG
u04-003459,user3459@mail.co.in,2026-02-10,SG
u04-003460,user3460@mail.co.in,2026-05-12,DE
u04-003461,user3461@uni.edu,2026-05-14,SG
u04-003462,user3462@corp.io,2026-08-23,AU
u04-003463,user3463@mail.co.in,2026-03-16,GB
u04-003464,user3464@corp.io,2026-09-24,SG
u04-003465,user3465@example.com,2026-05-26,US
u04-003466,user3466@corp.io,2026-04-20,DE
u04-003467,user3467@uni.edu,2026-08-27,DE
u04-003468,user3468@uni.edu,2026-08-25,DE
u04-003469,user3469@example.com,2026-02-25,AU
u04-003470,user3470@example.com,2026-07-27,DE
u04-003471,user3471@mail.co.in,2026-09-19,AU
u04-003472,user3472@example.com,2026-05-11,AU
u04-003473,user3473@example.com,2026-01-22,US
u04-003474,user3474@corp.io,2026-04-18,DE
u04-003475,user3475@example.com,2026-06-16,US
u04-003476,user3476@mail.co.in,2026-07-24,IN
u04-003477,user3477@example.com,2026-04-10,AU
u04-003478,user3478@uni.edu,2026-08-22,AU
u04-003479,user3479@uni.edu,2026-01-15,IN
u04-003480,user3480@corp.io,2026-02-16,DE
u04-003481,user3481@mail.co.in,2026-09-11,DE
u04-003482,user3482@example.com,2026-06-13,AU
u04-003483,user3483@uni.edu,2026-07-16,DE
u04-003484,user3484@mail.co.in,2026-05-15,SG
u04-003485,user3485@uni.edu,2026-01-24,IN
u04-003486,user3486@uni.edu,2026-04-24,GB
u04-003487,user3487@example.com,2026-05-25,SG
u04-003488,user3488@uni.edu,2026-06-16,IN
u04-003489,user3489@corp.io,2026-08-27,IN
u04-003490,user3490@mail.co.in,2026-02-25,AU
u04-003491,user3491@uni.edu,2026-03-19,GB
u04-003492,user3492@corp.io,2026-09-26,GB
u04-003493,user3493@example.com,2026-02-22,IN
u04-003494,user3494@uni.edu,2026-07-12,IN
u04-003495,user3495@corp.io,2026-05-24,US
u04-003496,user3496@mail.co.in,2026-05-25,DE
u04-003497,user3497@mail.co.in,2026-07-28,GB
u04-003498,user3498@uni.edu,2026-09-23,AU
u04-003499,user3499@uni.edu,2026-08-24,US
u04-003500,user3500@uni.edu,2026-07-22,AU
u04-003501,user3501@corp.io,2026-05-19,IN
u04-003502,user3502@corp.io,2026-01-20,SG
u04-003503,user3503@uni.edu,2026-01-18,US
u04-003504,user3504@uni.edu,2026-09-10,GB
u04-003505,user3505@example.com,2026-05-16,GB
u04-003506,user3506@example.com,2026-07-20,GB
u04-003507,user3507@corp.io,2026-02-25,SG
u04-003508,user3508@corp.io,2026-09-24,IN
u04-003509,user3509@corp.io,2026-01-11,US
u04-003510,user3510@uni.edu,2026-09-16,DE
u04-003511,user3511@corp.io,2026-02-15,US
u04-003512,user3512@mail.co.in,2026-05-14,AU
u04-003513,user3513@example.com,2026-07-27,US
u04-003514,user3514@corp.io,2026-04-18,GB
u04-003515,user3515@uni.edu,2026-05-11,IN
u04-003516,user3516@mail.co.in,2026-07-20,SG
u04-003517,user3517@uni.edu,2026-03-22,GB
u04-003518,user3518@mail.co.in,2026-06-22,IN
u04-003519,user3519@uni.edu,2026-07-26,IN
u04-003520,user3520@mail.co.in,2026-02-23,US
u04-003521,user3521@example.com,2026-03-13,GB
u04-003522,user3522@corp.io,2026-08-12,SG
u04-003523,user3523@uni.edu,2026-07-23,AU
u04-003524,user3524@uni.edu,2026-09-11,IN
u04-003525,user3525@mail.co.in,2026-09-18,DE
u04-003526,user3526@mail.co.in,2026-01-25,IN
u04-003527,user3527@corp.io,2026-03-27,DE
u04-003528,user3528@mail.co.in,2026-04-19,AU
u04-003529,user3529@corp.io,2026-04-10,AU
u04-003530,user3530@uni.edu,2026-04-12,IN
u04-003531,user3531@uni.edu,2026-03-26,US
u04-003532,user3532@mail.co.in,2026-06-27,SG
u04-003533,user3533@mail.co.in,2026-05-25,DE
u04-003534,user3534@example.com,2026-05-15,IN
u04-003535,user3535@example.com,2026-05-22,DE
u04-003536,user3536@uni.edu,2026-08-16,AU
u04-003537,user3537@mail.co.in,2026-01-23,IN
u04-003538,user3538@mail.co.in,2026-04-19,SG
u04-003539,user3539@uni.edu,2026-03-10,IN
u04-003540,user3540@uni.edu,2026-01-15,IN
u04-003541,user3541@example.com,2026-05-21,DE
u04-003542,user3542@example.com,2026-06-24,US
u04-003543,user3543@corp.io,2026-02-20,GB
u04-003544,user3544@uni.edu,2026-02-21,AU
u04-003545,user3545@example.com,2026-04-22,GB
u04-003546,user3546@mail.co.in,2026-03-20,SG
u04-003547,user3547@mail.co.in,2026-06-21,IN
u04-003548,user3548@corp.io,2026-07-25,GB
u04-003549,user3549@example.com,2026-09-13,SG
u04-003550,user3550@uni.edu,2026-09-25,SG
u04-003551,user3551@example.com,2026-04-14,AU
u04-003552,user3552@example.com,2026-07-28,SG
u04-003553,user3553@uni.edu,2026-06-12,IN
u04-003554,user3554@corp.io,2026-07-26,US
u04-003555,user3555@example.com,2026-01-13,DE
u04-003556,user3556@example.com,2026-06-23,DE
u04-003557,user3557@uni.edu,2026-04-19,GB
u04-003558,user3558@example.com,2026-02-20,AU
u04-003559,user3559@uni.edu,2026-01-25,IN
u04-003560,user3560@uni.edu,2026-01-10,AU
u04-003561,user3561@mail.co.in,2026-05-22,GB
u04-003562,user3562@mail.co.in,2026-08-26,AU
u04-003563,user3563@uni.edu,2026-03-19,IN
u04-003564,user3564@corp.io,2026-01-16,SG
u04-003565,user3565@example.com,2026-03-19,US
u04-003566,user3566@corp.io,2026-05-15,SG
u04-003567,user3567@mail.co.in,2026-07-13,DE
u04-003568,user3568@uni.edu,2026-01-26,US
u04-003569,user3569@mail.co.in,2026-04-12,SG
u04-003570,user3570@example.com,2026-03-14,SG
u04-003571,user3571@corp.io,2026-04-14,SG
u04-003572,user3572@mail.co.in,2026-04-28,SG
u04-003573,user3573@mail.co.in,2026-04-22,SG
u04-003574,user3574@uni.edu,2026-07-28,SG
u04-003575,user3575@uni.edu,2026-04-23,AU
u04-003576,user3576@example.com,2026-01-15,DE
u04-003577,user3577@uni.edu,2026-01-22,GB
u04-003578,user3578@example.com,2026-03-21,IN
u04-003579,user3579@example.com,2026-03-12,DE
u04-003580,user3580@mail.co.in,2026-08-28,AU
u04-003581,user3581@mail.co.in,2026-07-18,AU
u04-003582,user3582@corp.io,2026-09-11,SG
u04-003583,user3583@corp.io,2026-03-28,GB
u04-003584,user3584@mail.co.in,2026-03-22,GB
u04-003585,user3585@mail.co.in,2026-03-10,US
u04-003586,user3586@corp.io,2026-02-10,AU
u04-003587,user3587@corp.io,2026-07-26,IN
u04-003588,user3588@example.com,2026-05-10,AU
u04-003589,user3589@example.com,2026-07-14,SG
u04-003590,user3590@example.com,2026-05-23,GB
u04-003591,user3591@mail.co.in,2026-08-21,GB
u04-003592,user3592@corp.io,2026-06-15,IN
u04-003593,user3593@mail.co.in,2026-01-13,GB
u04-003594,user3594@corp.io,2026-03-25,IN
u04-003595,user3595@corp.io,2026-06-25,SG
u04-003596,user3596@corp.io,2026-06-11,IN
u04-003597,user3597@example.com,2026-03-26,US
u04-003598,user3598@corp.io,2026-08-11,IN
u04-003599,user3599@uni.edu,2026-04-12,DE
u04-003600,user3600@uni.edu,2026-02-20,US
u04-003601,user3601@corp.io,2026-05-23,AU
u04-003602,user3602@corp.io,2026-08-11,DE
u04-003603,user3603@example.com,2026-07-11,AU
u04-003604,user3604@example.com,2026-05-15,IN
u04-003605,user3605@uni.edu,2026-05-11,US
u04-003606,user3606@mail.co.in,2026-05-17,AU
u04-003607,user3607@mail.co.in,2026-07-17,GB
u04-003608,user3608@corp.io,2026-04-25,SG
u04-003609,user3609@mail.co.in,2026-06-11,GB
u04-003610,user3610@mail.co.in,2026-03-18,SG
u04-003611,user3611@corp.io,2026-04-22,SG
u04-003612,user3612@corp.io,2026-02-20,AU
u04-003613,user3613@uni.edu,2026-03-20,US
u04-003614,user3614@uni.edu,2026-04-16,DE
u04-003615,user3615@example.com,2026-08-16,GB
u04-003616,user3616@example.com,2026-01-14,IN
u04-003617,user3617@uni.edu,2026-07-28,SG
u04-003618,user3618@mail.co.in,2026-06-10,SG
u04-003619,user3619@mail.co.in,2026-03-16,US
u04-003620,user3620@example.com,2026-02-12,IN
u04-003621,user3621@example.com,2026-04-23,IN
u04-003622,user3622@uni.edu,2026-01-16,US
u04-003623,user3623@mail.co.in,2026-01-22,IN
u04-003624,user3624@example.com,2026-02-16,US
u04-003625,user3625@example.com,2026-06-16,GB
u04-003626,user3626@example.com,2026-04-27,SG
u04-003627,user3627@corp.io,2026-01-18,US
u04-003628,user3628@mail.co.in,2026-05-19,DE
u04-003629,user3629@uni.edu,2026-07-16,SG
u04-003630,user3630@uni.edu,2026-01-13,GB
u04-003631,user3631@example.com,2026-02-10,US
u04-003632,user3632@uni.edu,2026-07-18,US
u04-003633,user3633@uni.edu,2026-09-18,GB
u04-003634,user3634@corp.io,2026-01-28,AU
u04-003635,user3635@uni.edu,2026-02-13,IN
u04-003636,user3636@corp.io,2026-09-20,US
u04-003637,user3637@corp.io,2026-09-16,SG
u04-003638,user3638@corp.io,2026-01-20,SG
u04-003639,user3639@example.com,2026-08-27,SG
u04-003640,user3640@mail.co.in,2026-04-17,DE
u04-003641,user3641@uni.edu,2026-01-13,IN
u04-003642,user3642@mail.co.in,2026-04-19,US
u04-003643,user3643@mail.co.in,2026-03-21,GB
u04-003644,user3644@corp.io,2026-06-18,US
u04-003645,user3645@mail.co.in,2026-08-21,AU
u04-003646,user3646@uni.edu,2026-08-23,US
u04-003647,user3647@example.com,2026-02-22,US
u04-003648,user3648@example.com,2026-07-20,GB
u04-003649,user3649@mail.co.in,2026-08-26,IN
u04-003650,user3650@uni.edu,2026-01-17,AU
u04-003651,user3651@corp.io,2026-09-15,IN
u04-003652,user3652@uni.edu,2026-06-17,SG
u04-003653,user3653@mail.co.in,2026-01-13,IN
u04-003654,user3654@uni.edu,2026-07-10,DE
u04-003655,user3655@example.com,2026-07-22,GB
u04-003656,user3656@corp.io,2026-07-12,SG
u04-003657,user3657@corp.io,2026-06-11,GB
u04-003658,user3658@uni.edu,2026-08-18,IN
u04-003659,user3659@mail.co.in,2026-04-14,SG
u04-003660,user3660@mail.co.in,2026-04-27,AU
u04-003661,user3661@uni.edu,2026-09-12,AU
u04-003662,user3662@corp.io,2026-01-13,SG
u04-003663,user3663@uni.edu,2026-04-12,SG
u04-003664,user3664@example.com,2026-03-19,AU
u04-003665,user3665@corp.io,2026-01-21,IN
u04-003666,user3666@example.com,2026-02-17,DE
u04-003667,user3667@example.com,2026-01-17,GB
u04-003668,user3668@mail.co.in,2026-09-17,IN
u04-003669,user3669@uni.edu,2026-02-21,SG
u04-003670,user3670@example.com,2026-09-15,AU
u04-003671,user3671@mail.co.in,2026-02-10,US
u04-003672,user3672@corp.io,2026-01-14,AU
u04-003673,user3673@corp.io,2026-07-20,DE
u04-003674,user3674@corp.io,2026-01-28,IN
u04-003675,user3675@mail.co.in,2026-05-13,IN
u04-003676,user3676@corp.io,2026-05-17,US
u04-003677,user3677@uni.edu,2026-07-23,IN
u04-003678,user3678@corp.io,2026-08-20,GB
u04-003679,user3679@uni.edu,2026-04-16,AU
u04-003680,user3680@example.com,2026-09-20,IN
u04-003681,user3681@example.com,2026-06-10,AU
u04-003682,user3682@mail.co.in,2026-06-25,US
u04-003683,user3683@mail.co.in,2026-06-18,IN
u04-003684,user3684@corp.io,2026-06-10,IN
u04-003685,user3685@example.com,2026-02-13,DE
u04-003686,user3686@mail.co.in,2026-06-27,AU
u04-003687,user3687@uni.edu,2026-05-15,AU
u04-003688,user3688@uni.edu,2026-06-10,DE
u04-003689,user3689@example.com,2026-01-27,US
u04-003690,user3690@mail.co.in,2026-01-26,AU
u04-003691,user3691@mail.co.in,2026-02-20,US
u04-003692,user3692@uni.edu,2026-06-28,US
u04-003693,user3693@uni.edu,2026-06-20,DE
u04-003694,user3694@uni.edu,2026-07-23,US
u04-003695,user3695@example.com,2026-01-16,DE
u04-003696,user3696@example.com,2026-02-23,SG
u04-003697,user3697@mail.co.in,2026-09-28,IN
u04-003698,user3698@uni.edu,2026-02-24,US
u04-003699,user3699@uni.edu,2026-01-18,SG
u04-003700,user3700@example.com,2026-06-10,SG
u04-003701,user3701@mail.co.in,2026-08-27,DE
u04-003702,user3702@uni.edu,2026-06-20,SG
u04-003703,user3703@corp.io,2026-08-11,DE
u04-003704,user3704@corp.io,2026-08-12,GB
u04-003705,user3705@example.com,2026-01-18,US
u04-003706,user3706@example.com,2026-01-18,AU
u04-003707,user3707@uni.edu,2026-02-14,US
u04-003708,user3708@corp.io,2026-04-21,GB
u04-003709,user3709@example.com,2026-08-11,US
u04-003710,user3710@mail.co.in,2026-05-24,DE
u04-003711,user3711@mail.co.in,2026-05-28,GB
u04-003712,user3712@mail.co.in,2026-02-27,AU
u04-003713,user3713@corp.io,2026-05-26,IN
u04-003714,user3714@mail.co.in,2026-05-10,GB
u04-003715,user3715@uni.edu,2026-01-16,DE
u04-003716,user3716@corp.io,2026-08-18,GB
u04-003717,user3717@example.com,2026-07-21,IN
u04-003718,user3718@example.com,2026-08-18,IN
u04-003719,user3719@example.com,2026-04-28,DE
u04-003720,user3720@corp.io,2026-08-24,IN
u04-003721,user3721@mail.co.in,2026-01-19,GB
u04-003722,user3722@uni.edu,2026-02-14,GB
u04-003723,user3723@example.com,2026-06-21,SG
u04-003724,user3724@corp.io,2026-06-23,SG
u04-003725,user3725@example.com,2026-01-18,SG
u04-003726,user3726@uni.edu,2026-04-24,GB
u04-003727,user3727@uni.edu,2026-06-27,IN
u04-003728,user3728@corp.io,2026-05-28,AU
u04-003729,user3729@mail.co.in,2026-06-15,GB
u04-003730,user3730@example.com,2026-04-26,SG
u04-003731,user3731@example.com,2026-09-15,GB
u04-003732,user3732@mail.co.in,2026-06-19,SG
u04-003733,user3733@uni.edu,2026-09-16,US
u04-003734,user3734@uni.edu,2026-05-13,DE
u04-003735,user3735@example.com,2026-04-27,AU
u04-003736,user3736@corp.io,2026-04-10,DE
u04-003737,user3737@example.com,2026-08-13,GB
u04-003738,user3738@mail.co.in,2026-01-19,AU
u04-003739,user3739@mail.co.in,2026-07-24,AU
u04-003740,user3740@corp.io,2026-09-22,SG
u04-003741,user3741@mail.co.in,2026-02-13,US
u04-003742,user3742@example.com,2026-08-15,US
u04-003743,user3743@mail.co.in,2026-07-13,US
u04-003744,user3744@example.com,2026-09-15,US
u04-003745,user3745@uni.edu,2026-04-11,IN
u04-003746,user3746@corp.io,2026-03-21,IN
u04-003747,user3747@uni.edu,2026-08-22,GB
u04-003748,user3748@corp.io,2026-08-14,DE
u04-003749,user3749@corp.io,2026-09-11,US
u04-003750,user3750@uni.edu,2026-03-11,DE
u04-003751,user3751@example.com,2026-01-13,DE
u04-003752,user3752@uni.edu,2026-07-21,US
u04-003753,user3753@uni.edu,2026-01-25,GB
u04-003754,user3754@mail.co.in,2026-06-27,IN
u04-003755,user3755@example.com,2026-04-16,GB
u04-003756,user3756@example.com,2026-06-24,GB
u04-003757,user3757@mail.co.in,2026-05-28,IN
u04-003758,user3758@uni.edu,2026-09-19,AU
u04-003759,user3759@uni.edu,2026-05-19,AU
u04-003760,user3760@mail.co.in,2026-05-26,IN
u04-003761,user3761@mail.co.in,2026-03-11,DE
u04-003762,user3762@uni.edu,2026-07-24,GB
u04-003763,user3763@mail.co.in,2026-09-28,GB
u04-003764,user3764@uni.edu,2026-03-27,SG
u04-003765,user3765@uni.edu,2026-07-17,GB
u04-003766,user3766@mail.co.in,2026-06-25,IN
u04-003767,user3767@corp.io,2026-03-25,SG
u04-003768,user3768@mail.co.in,2026-01-22,US
u04-003769,user3769@corp.io,2026-09-26,US
u04-003770,user3770@example.com,2026-05-28,GB
u04-003771,user3771@example.com,2026-05-18,US
u04-003772,user3772@example.com,2026-07-15,US
u04-003773,user3773@mail.co.in,2026-09-20,US
u04-003774,user3774@corp.io,2026-09-26,IN
u04-003775,user3775@example.com,2026-01-13,DE
u04-003776,user3776@example.com,2026-09-15,SG
u04-003777,user3777@example.com,2026-01-17,DE
u04-003778,user3778@uni.edu,2026-02-18,US
u04-003779,user3779@mail.co.in,2026-03-19,US
u04-003780,user3780@example.com,2026-05-17,IN
u04-003781,user3781@mail.co.in,2026-05-25,US
u04-003782,user3782@mail.co.in,2026-02-23,GB
u04-003783,user3783@uni.edu,2026-05-25,GB
u04-003784,user3784@mail.co.in,2026-04-18,SG
u04-003785,user3785@corp.io,2026-08-24,GB
u04-003786,user3786@corp.io,2026-03-26,AU
u04-003787,user3787@corp.io,2026-04-22,SG
u04-003788,user3788@example.com,2026-04-14,DE
u04-003789,user3789@uni.edu,2026-05-27,GB
u04-003790,user3790@example.com,2026-03-23,GB
u04-003791,user3791@mail.co.in,2026-03-19,DE
u04-003792,user3792@corp.io,2026-01-12,GB
u04-003793,user3793@example.com,2026-08-22,IN
u04-003794,user3794@uni.edu,2026-02-10,SG
u04-003795,user3795@example.com,2026-04-26,SG
u04-003796,user3796@corp.io,2026-01-22,AU
u04-003797,user3797@mail.co.in,2026-08-27,GB
u04-003798,user3798@uni.edu,2026-02-12,DE
u04-003799,user3799@corp.io,2026-04-28,GB
u04-003800,user3800@mail.co.in,2026-02-14,SG
u04-003801,user3801@corp.io,2026-05-27,IN
u04-003802,user3802@uni.edu,2026-04-26,DE
u04-003803,user3803@corp.io,2026-06-17,IN
u04-003804,user3804@uni.edu,2026-08-16,IN
u04-003805,user3805@example.com,2026-06-18,SG
u04-003806,user3806@example.com,2026-04-19,GB
u04-003807,user3807@mail.co.in,2026-08-17,SG
u04-003808,user3808@mail.co.in,2026-02-25,GB
u04-003809,user3809@uni.edu,2026-02-25,IN
u04-003810,user3810@mail.co.in,2026-09-20,IN
u04-003811,user3811@uni.edu,2026-03-19,DE
u04-003812,user3812@mail.co.in,2026-04-22,IN
u04-003813,user3813@corp.io,2026-03-15,DE
u04-003814,user3814@corp.io,2026-02-26,GB
u04-003815,user3815@uni.edu,2026-01-23,SG
u04-003816,user3816@mail.co.in,2026-02-17,DE
u04-003817,user3817@uni.edu,2026-04-13,SG
u04-003818,user3818@corp.io,2026-09-13,SG
u04-003819,user3819@example.com,2026-09-11,US
u04-003820,user3820@example.com,2026-01-12,AU
u04-003821,user3821@mail.co.in,2026-04-13,US
u04-003822,user3822@example.com,2026-03-26,SG
u04-003823,user3823@corp.io,2026-07-15,AU
u04-003824,user3824@corp.io,2026-09-21,IN
u04-003825,user3825@example.com,2026-06-21,SG
u04-003826,user3826@example.com,2026-04-11,GB
u04-003827,user3827@uni.edu,2026-05-16,AU
u04-003828,user3828@example.com,2026-08-10,IN
u04-003829,user3829@example.com,2026-06-27,SG
u04-003830,user3830@example.com,2026-03-11,AU
u04-003831,user3831@example.com,2026-07-16,AU
u04-003832,user3832@uni.edu,2026-02-27,SG
u04-003833,user3833@corp.io,2026-03-21,US
u04-003834,user3834@uni.edu,2026-01-25,GB
u04-003835,user3835@corp.io,2026-06-25,DE
u04-003836,user3836@corp.io,2026-08-15,SG
u04-003837,user3837@example.com,2026-09-16,GB
u04-003838,user3838@corp.io,2026-05-19,SG
u04-003839,user3839@mail.co.in,2026-09-17,IN
u04-003840,user3840@corp.io,2026-01-23,IN
u04-003841,user3841@mail.co.in,2026-01-20,SG
u04-003842,user3842@uni.edu,2026-09-23,SG
u04-003843,user3843@mail.co.in,2026-09-14,IN
u04-003844,user3844@uni.edu,2026-03-10,IN
u04-003845,user3845@example.com,2026-01-16,GB
u04-003846,user3846@corp.io,2026-09-14,GB
u04-003847,user3847@uni.edu,2026-03-15,US
u04-003848,user3848@uni.edu,2026-01-21,IN
u04-003849,user3849@mail.co.in,2026-04-27,US
u04-003850,user3850@example.com,2026-05-17,AU
u04-003851,user3851@example.com,2026-01-13,DE
u04-003852,user3852@mail.co.in,2026-03-12,SG
u04-003853,user3853@corp.io,2026-09-17,US
u04-003854,user3854@uni.edu,2026-08-11,SG
u04-003855,user3855@uni.edu,2026-02-19,IN
u04-003856,user3856@example.com,2026-05-28,AU
u04-003857,user3857@mail.co.in,2026-07-19,GB
u04-003858,user3858@example.com,2026-05-20,SG
u04-003859,user3859@uni.edu,2026-02-15,SG
u04-003860,user3860@example.com,2026-05-22,AU
u04-003861,user3861@mail.co.in,2026-04-12,SG
u04-003862,user3862@example.com,2026-09-27,US
u04-003863,user3863@mail.co.in,2026-08-28,US
u04-003864,user3864@uni.edu,2026-06-17,IN
u04-003865,user3865@uni.edu,2026-05-26,DE
u04-003866,user3866@uni.edu,2026-05-25,SG
u04-003867,user3867@example.com,2026-09-21,IN
u04-003868,user3868@uni.edu,2026-07-16,IN
u04-003869,user3869@corp.io,2026-08-22,AU
u04-003870,user3870@example.com,2026-05-10,GB
u04-003871,user3871@mail.co.in,2026-08-12,SG
u04-003872,user3872@mail.co.in,2026-01-27,IN
u04-003873,user3873@example.com,2026-08-27,AU
u04-003874,user3874@corp.io,2026-07-15,DE
u04-003875,user3875@mail.co.in,2026-03-12,IN
u04-003876,user3876@corp.io,2026-08-15,DE
u04-003877,user3877@mail.co.in,2026-07-21,IN
u04-003878,user3878@corp.io,2026-03-11,DE
u04-003879,user3879@uni.edu,2026-06-16,IN
u04-003880,user3880@example.com,2026-06-17,AU
u04-003881,user3881@uni.edu,2026-04-24,AU
u04-003882,user3882@corp.io,2026-02-24,US
u04-003883,user3883@uni.edu,2026-01-19,AU
u04-003884,user3884@corp.io,2026-03-14,AU
u04-003885,user3885@mail.co.in,2026-07-24,SG
u04-003886,user3886@uni.edu,2026-05-15,AU
u04-003887,user3887@example.com,2026-01-23,GB
u04-003888,user3888@uni.edu,2026-02-17,US
u04-003889,user3889@uni.edu,2026-02-17,IN
u04-003890,user3890@example.com,2026-03-15,US
u04-003891,user3891@uni.edu,2026-04-21,GB
u04-003892,user3892@mail.co.in,2026-04-24,AU
u04-003893,user3893@uni.edu,2026-02-13,GB
u04-003894,user3894@uni.edu,2026-01-26,GB
u04-003895,user3895@example.com,2026-08-26,GB
u04-003896,user3896@example.com,2026-08-23,US
u04-003897,user3897@mail.co.in,2026-08-18,AU
u04-003898,user3898@example.com,2026-08-17,AU
u04-003899,user3899@corp.io,2026-08-24,AU
u04-003900,user3900@uni.edu,2026-09-16,IN
u04-003901,user3901@example.com,2026-06-24,IN
u04-003902,user3902@uni.edu,2026-02-19,SG
u04-003903,user3903@uni.edu,2026-06-16,DE
u04-003904,user3904@uni.edu,2026-08-21,US
u04-003905,user3905@corp.io,2026-06-11,AU
u04-003906,user3906@uni.edu,2026-03-21,AU
u04-003907,user3907@mail.co.in,2026-02-10,SG
u04-003908,user3908@corp.io,2026-02-12,IN
u04-003909,user3909@uni.edu,2026-09-11,IN
u04-003910,user3910@uni.edu,2026-08-24,SG
u04-003911,user3911@corp.io,2026-06-26,GB
u04-003912,user3912@uni.edu,2026-08-28,GB
u04-003913,user3913@corp.io,2026-02-14,SG
u04-003914,user3914@mail.co.in,2026-06-18,IN
u04-003915,user3915@mail.co.in,2026-09-23,DE
u04-003916,user3916@example.com,2026-06-15,US
u04-003917,user3917@example.com,2026-02-24,IN
u04-003918,user3918@uni.edu,2026-05-14,SG
u04-003919,user3919@uni.edu,2026-06-11,GB
u04-003920,user3920@example.com,2026-05-16,SG
u04-003921,user3921@uni.edu,2026-04-11,DE
u04-003922,user3922@uni.edu,2026-09-26,SG
u04-003923,user3923@corp.io,2026-04-10,AU
u04-003924,user3924@example.com,2026-07-14,SG
u04-003925,user3925@mail.co.in,2026-08-16,DE
u04-003926,user3926@uni.edu,2026-05-25,DE
u04-003927,user3927@example.com,2026-09-10,IN
u04-003928,user3928@corp.io,2026-06-17,IN
u04-003929,user3929@mail.co.in,2026-04-24,GB
u04-003930,user3930@mail.co.in,2026-04-21,GB
u04-003931,user3931@mail.co.in,2026-08-18,SG
u04-003932,user3932@uni.edu,2026-09-17,IN
u04-003933,user3933@uni.edu,2026-02-11,US
u04-003934,user3934@example.com,2026-09-20,SG
u04-003935,user3935@example.com,2026-01-22,AU
u04-003936,user3936@uni.edu,2026-02-27,IN
u04-003937,user3937@example.com,2026-05-28,US
u04-003938,user3938@mail.co.in,2026-01-24,SG
u04-003939,user3939@uni.edu,2026-02-10,DE
u04-003940,user3940@example.com,2026-02-26,AU
u04-003941,user3941@uni.edu,2026-03-20,US
u04-003942,user3942@uni.edu,2026-01-24,US
u04-003943,user3943@mail.co.in,2026-06-12,SG
u04-003944,user3944@example.com,2026-04-18,GB
u04-003945,user3945@mail.co.in,2026-04-20,AU
u04-003946,user3946@example.com,2026-08-16,IN
u04-003947,user3947@example.com,2026-08-11,AU
u04-003948,user3948@corp.io,2026-03-17,GB
u04-003949,user3949@uni.edu,2026-01-25,SG
u04-003950,user3950@mail.co.in,2026-03-20,AU
u04-003951,user3951@mail.co.in,2026-02-27,US
u04-003952,user3952@example.com,2026-08-28,DE
u04-003953,user3953@corp.io,2026-01-24,GB
u04-003954,user3954@corp.io,2026-03-17,AU
u04-003955,user3955@example.com,2026-06-13,IN
u04-003956,user3956@corp.io,2026-06-26,GB
u04-003957,user3957@mail.co.in,2026-03-17,SG
u04-003958,user3958@example.com,2026-08-15,GB
u04-003959,user3959@uni.edu,2026-02-15,US
u04-003960,user3960@mail.co.in,2026-08-19,US
u04-003961,user3961@corp.io,2026-06-12,GB
u04-003962,user3962@mail.co.in,2026-08-12,US
u04-003963,user3963@mail.co.in,2026-02-12,AU
u04-003964,user3964@corp.io,2026-04-28,US
u04-003965,user3965@mail.co.in,2026-03-28,US
u04-003966,user3966@example.com,2026-05-21,SG
u04-003967,user3967@example.com,2026-08-11,GB
u04-003968,user3968@corp.io,2026-04-18,DE
u04-003969,user3969@corp.io,2026-05-17,IN
u04-003970,user3970@corp.io,2026-09-21,DE
u04-003971,user3971@mail.co.in,2026-05-13,IN
u04-003972,user3972@example.com,2026-06-13,SG
u04-003973,user3973@mail.co.in,2026-09-11,GB
u04-003974,user3974@corp.io,2026-02-26,SG
u04-003975,user3975@corp.io,2026-05-15,AU
u04-003976,user3976@corp.io,2026-07-25,AU
u04-003977,user3977@uni.edu,2026-01-11,IN
u04-003978,user3978@corp.io,2026-05-20,IN
u04-003979,user3979@corp.io,2026-09-14,GB
u04-003980,user3980@mail.co.in,2026-04-21,AU
u04-003981,user3981@example.com,2026-05-17,SG
u04-003982,user3982@uni.edu,2026-08-28,US
u04-003983,user3983@uni.edu,2026-02-18,GB
u04-003984,user3984@mail.co.in,2026-06-22,SG
u04-003985,user3985@uni.edu,2026-03-25,IN
u04-003986,user3986@mail.co.in,2026-02-16,AU
u04-003987,user3987@example.com,2026-03-19,SG
u04-003988,user3988@uni.edu,2026-05-12,US
u04-003989,user3989@corp.io,2026-06-13,IN
u04-003990,user3990@example.com,2026-05-19,GB
u04-003991,user3991@uni.edu,2026-09-28,US
u04-003992,user3992@mail.co.in,2026-06-15,DE
u04-003993,user3993@example.com,2026-05-24,IN
u04-003994,user3994@example.com,2026-06-21,GB
u04-003995,user3995@mail.co.in,2026-06-10,GB
u04-003996,user3996@example.com,2026-03-26,AU
u04-003997,user3997@corp.io,2026-06-12,AU
u04-003998,user3998@example.com,2026-04-13,US
u04-003999,user3999@uni.edu,2026-04-17,AU
u04-004000,user4000@example.com,2026-06-19,SG
u04-004001,user4001@uni.edu,2026-01-28,AU
u04-004002,user4002@mail.co.in,2026-04-13,IN
u04-004003,user4003@mail.co.in,2026-08-28,AU
u04-004004,user4004@corp.io,2026-06-23,GB
u04-004005,user4005@uni.edu,2026-08-15,AU
u04-004006,user4006@example.com,2026-03-10,US
u04-004007,user4007@example.com,2026-08-19,AU
u04-004008,user4008@example.com,2026-04-24,GB
u04-004009,user4009@example.com,2026-09-21,DE
u04-004010,user4010@mail.co.in,2026-08-12,DE
u04-004011,user4011@example.com,2026-01-28,SG
u04-004012,user4012@mail.co.in,2026-03-25,DE
u04-004013,user4013@example.com,2026-08-11,SG
u04-004014,user4014@uni.edu,2026-05-28,GB
u04-004015,user4015@example.com,2026-01-13,SG
u04-004016,user4016@uni.edu,2026-06-10,GB
u04-004017,user4017@corp.io,2026-06-22,GB
u04-004018,user4018@uni.edu,2026-09-14,US
u04-004019,user4019@corp.io,2026-05-13,US
u04-004020,user4020@example.com,2026-06-13,DE
u04-004021,user4021@mail.co.in,2026-08-25,SG
u04-004022,user4022@example.com,2026-01-22,US
u04-004023,user4023@corp.io,2026-06-20,DE
u04-004024,user4024@uni.edu,2026-09-20,SG
u04-004025,user4025@mail.co.in,2026-03-26,IN
u04-004026,user4026@uni.edu,2026-02-22,AU
u04-004027,user4027@corp.io,2026-08-15,GB
u04-004028,user4028@corp.io,2026-03-15,US
u04-004029,user4029@example.com,2026-06-26,DE
u04-004030,user4030@mail.co.in,2026-02-25,IN
u04-004031,user4031@example.com,2026-09-21,DE
u04-004032,user4032@uni.edu,2026-09-15,IN
u04-004033,user4033@example.com,2026-08-19,GB
u04-004034,user4034@corp.io,2026-06-10,US
u04-004035,user4035@example.com,2026-09-25,GB
u04-004036,user4036@corp.io,2026-03-15,IN
u04-004037,user4037@mail.co.in,2026-09-12,DE
u04-004038,user4038@uni.edu,2026-09-15,US
u04-004039,user4039@mail.co.in,2026-01-16,AU
u04-004040,user4040@mail.co.in,2026-03-16,AU
u04-004041,user4041@example.com,2026-09-11,IN
u04-004042,user4042@uni.edu,2026-08-12,DE
u04-004043,user4043@uni.edu,2026-04-20,US
u04-004044,user4044@corp.io,2026-08-27,AU
u04-004045,user4045@uni.edu,2026-09-27,SG
u04-004046,user4046@mail.co.in,2026-05-24,IN
u04-004047,user4047@example.com,2026-05-13,IN
u04-004048,user4048@mail.co.in,2026-04-17,AU
u04-004049,user4049@corp.io,2026-04-16,US
u04-004050,user4050@corp.io,2026-02-28,US
u04-004051,user4051@corp.io,2026-04-20,SG
u04-004052,user4052@mail.co.in,2026-08-10,IN
u04-004053,user4053@uni.edu,2026-02-10,US
u04-004054,user4054@example.com,2026-05-28,AU
u04-004055,user4055@example.com,2026-01-11,DE
u04-004056,user4056@mail.co.in,2026-04-26,US
u04-004057,user4057@mail.co.in,2026-01-28,GB
u04-004058,user4058@mail.co.in,2026-01-23,AU
u04-004059,user4059@example.com,2026-03-26,AU
u04-004060,user4060@example.com,2026-02-11,SG
u04-004061,user4061@corp.io,2026-01-25,IN
u04-004062,user4062@example.com,2026-04-19,SG
u04-004063,user4063@uni.edu,2026-05-25,IN
u04-004064,user4064@example.com,2026-08-21,AU
u04-004065,user4065@mail.co.in,2026-07-27,GB
u04-004066,user4066@corp.io,2026-01-16,AU
u04-004067,user4067@mail.co.in,2026-09-10,GB
u04-004068,user4068@uni.edu,2026-04-27,US
u04-004069,user4069@uni.edu,2026-09-11,DE
u04-004070,user4070@corp.io,2026-03-21,AU
u04-004071,user4071@corp.io,2026-07-28,SG
u04-004072,user4072@example.com,2026-05-16,DE
u04-004073,user4073@mail.co.in,2026-08-14,IN
u04-004074,user4074@uni.edu,2026-04-14,DE
u04-004075,user4075@corp.io,2026-04-10,IN
u04-004076,user4076@example.com,2026-08-10,IN
u04-004077,user4077@mail.co.in,2026-06-23,SG
u04-004078,user4078@corp.io,2026-05-12,US
u04-004079,user4079@corp.io,2026-09-15,AU
u04-004080,user4080@mail.co.in,2026-08-25,US
u04-004081,user4081@uni.edu,2026-01-23,SG
u04-004082,user4082@uni.edu,2026-02-18,DE
u04-004083,user4083@corp.io,2026-02-19,DE
u04-004084,user4084@example.com,2026-04-12,US
u04-004085,user4085@example.com,2026-09-23,US
u04-004086,user4086@mail.co.in,2026-09-18,IN
u04-004087,user4087@corp.io,2026-01-17,AU
u04-004088,user4088@uni.edu,2026-02-22,GB
u04-004089,user4089@corp.io,2026-05-18,GB
u04-004090,user4090@corp.io,2026-09-27,GB
u04-004091,user4091@mail.co.in,2026-03-27,DE
u04-004092,user4092@uni.edu,2026-08-11,SG
u04-004093,user4093@corp.io,2026-05-26,GB
u04-004094,user4094@mail.co.in,2026-01-16,AU
u04-004095,user4095@example.com,2026-04-19,AU
u04-004096,user4096@mail.co.in,2026-04-25,DE
u04-004097,user4097@example.com,2026-03-24,SG
u04-004098,user4098@mail.co.in,2026-07-28,SG
u04-004099,user4099@mail.co.in,2026-07-16,SG
u04-004100,user4100@example.com,2026-01-14,GB
u04-004101,user4101@example.com,2026-05-23,GB
u04-004102,user4102@corp.io,2026-07-10,GB
u04-004103,user4103@corp.io,2026-01-27,GB
u04-004104,user4104@uni.edu,2026-03-12,DE
u04-004105,user4105@example.com,2026-08-11,US
u04-004106,user4106@uni.edu,2026-08-22,IN
u04-004107,user4107@mail.co.in,2026-08-19,SG
u04-004108,user4108@example.com,2026-08-23,US
u04-004109,user4109@mail.co.in,2026-03-26,SG
u04-004110,user4110@example.com,2026-03-14,IN
u04-004111,user4111@example.com,2026-01-17,US
u04-004112,user4112@corp.io,2026-04-21,IN
u04-004113,user4113@uni.edu,2026-07-21,DE
u04-004114,user4114@corp.io,2026-03-11,US
u04-004115,user4115@uni.edu,2026-05-23,SG
u04-004116,user4116@example.com,2026-05-17,SG
u04-004117,user4117@example.com,2026-01-10,AU
u04-004118,user4118@example.com,2026-07-26,AU
u04-004119,user4119@corp.io,2026-08-16,GB
u04-004120,user4120@uni.edu,2026-01-15,AU
u04-004121,user4121@corp.io,2026-05-12,DE
u04-004122,user4122@example.com,2026-06-11,AU
u04-004123,user4123@example.com,2026-02-20,SG
u04-004124,user4124@corp.io,2026-06-24,GB
u04-004125,user4125@example.com,2026-02-25,AU
u04-004126,user4126@example.com,2026-06-17,US
u04-004127,user4127@example.com,2026-07-23,SG
u04-004128,user4128@example.com,2026-07-25,US
u04-004129,user4129@example.com,2026-01-16,AU
u04-004130,user4130@mail.co.in,2026-05-11,IN
u04-004131,user4131@uni.edu,2026-06-22,IN
u04-004132,user4132@mail.co.in,2026-03-17,AU
u04-004133,user4133@uni.edu,2026-05-12,IN
u04-004134,user4134@mail.co.in,2026-06-14,DE
u04-004135,user4135@example.com,2026-06-27,IN
u04-004136,user4136@mail.co.in,2026-05-26,GB
u04-004137,user4137@uni.edu,2026-03-25,GB
u04-004138,user4138@uni.edu,2026-05-27,SG
u04-004139,user4139@corp.io,2026-03-20,DE
u04-004140,user4140@mail.co.in,2026-03-10,IN
u04-004141,user4141@uni.edu,2026-05-16,SG
u04-004142,user4142@uni.edu,2026-02-10,DE
u04-004143,user4143@example.com,2026-07-24,DE
u04-004144,user4144@example.com,2026-01-16,US
u04-004145,user4145@mail.co.in,2026-07-13,SG
u04-004146,user4146@mail.co.in,2026-02-26,GB
u04-004147,user4147@corp.io,2026-05-13,GB
u04-004148,user4148@mail.co.in,2026-08-12,GB
u04-004149,user4149@mail.co.in,2026-02-15,AU
u04-004150,user4150@uni.edu,2026-04-23,DE
u04-004151,user4151@uni.edu,2026-05-26,IN
u04-004152,user4152@uni.edu,2026-06-16,AU
u04-004153,user4153@corp.io,2026-04-19,IN
u04-004154,user4154@example.com,2026-07-28,IN
u04-004155,user4155@example.com,2026-04-21,AU
u04-004156,user4156@uni.edu,2026-05-19,GB
u04-004157,user4157@corp.io,2026-05-26,AU
u04-004158,user4158@example.com,2026-04-19,AU
u04-004159,user4159@uni.edu,2026-08-10,AU
u04-004160,user4160@example.com,2026-08-23,IN
u04-004161,user4161@corp.io,2026-02-19,DE
u04-004162,user4162@mail.co.in,2026-08-23,US
u04-004163,user4163@example.com,2026-05-24,GB
u04-004164,user4164@mail.co.in,2026-03-25,US
u04-004165,user4165@mail.co.in,2026-05-20,AU
u04-004166,user4166@mail.co.in,2026-01-22,US
u04-004167,user4167@corp.io,2026-08-19,US
u04-004168,user4168@uni.edu,,GB
u04-004169,user4169@mail.co.in,2026-04-19,US
u04-004170,user4170@uni.edu,2026-01-16,IN
u04-004171,user4171@uni.edu,2026-05-28,SG
u04-004172,user4172@example.com,2026-01-18,IN
u04-004173,user4173@mail.co.in,2026-07-10,IN
u04-004174,user4174@uni.edu,2026-02-16,SG
u04-004175,user4175@corp.io,2026-07-20,SG
u04-004176,user4176@example.com,2026-03-13,AU
u04-004177,user4177@mail.co.in,2026-07-18,IN
u04-004178,user4178@mail.co.in,2026-01-21,IN
u04-004179,user4179@corp.io,2026-02-23,AU
u04-004180,user4180@uni.edu,2026-08-26,AU
u04-004181,user4181@corp.io,2026-08-20,US
u04-004182,user4182@example.com,2026-09-27,US
u04-004183,user4183@corp.io,2026-06-25,SG
u04-004184,user4184@mail.co.in,2026-07-15,AU
u04-004185,user4185@example.com,2026-06-16,SG
u04-004186,user4186@uni.edu,2026-08-18,IN
u04-004187,user4187@uni.edu,2026-02-19,GB
u04-004188,user4188@example.com,2026-04-14,IN
u04-004189,user4189@uni.edu,2026-06-15,US
u04-004190,user4190@corp.io,2026-09-17,AU
u04-004191,user4191@corp.io,2026-04-17,DE
u04-004192,user4192@example.com,2026-06-24,DE
u04-004193,user4193@corp.io,2026-08-24,US
u04-004194,user4194@example.com,2026-02-15,IN
u04-004195,user4195@uni.edu,2026-04-13,AU
u04-004196,user4196@corp.io,2026-02-14,AU
u04-004197,user4197@corp.io,2026-03-20,US
u04-004198,user4198@example.com,2026-01-19,US
u04-004199,user4199@corp.io,2026-06-23,AU
u04-004200,user4200@mail.co.in,2026-08-14,GB
u04-004201,user4201@example.com,2026-07-15,SG
u04-004202,user4202@example.com,2026-04-22,SG
u04-004203,user4203@mail.co.in,2026-04-20,DE
u04-004204,user4204@corp.io,2026-01-14,AU
u04-004205,user4205@uni.edu,2026-03-23,DE
u04-004206,user4206@mail.co.in,2026-06-21,US
u04-004207,user4207@corp.io,2026-09-16,SG
u04-004208,user4208@uni.edu,2026-06-22,AU
u04-004209,user4209@example.com,2026-07-16,DE
u04-004210,user4210@example.com,2026-05-19,IN
u04-004211,user4211@corp.io,2026-09-18,DE
u04-004212,user4212@mail.co.in,2026-08-23,US
u04-004213,user4213@example.com,2026-08-19,IN
u04-004214,user4214@mail.co.in,2026-04-12,AU
u04-004215,user4215@uni.edu,2026-06-27,DE
u04-004216,user4216@example.com,2026-08-13,SG
u04-004217,user4217@mail.co.in,2026-03-23,SG
u04-004218,user4218@uni.edu,2026-03-13,SG
u04-004219,user4219@uni.edu,2026-02-22,SG
u04-004220,user4220@example.com,2026-09-17,SG
u04-004221,user4221@uni.edu,2026-07-28,DE
u04-004222,user4222@example.com,2026-08-11,SG
u04-004223,user4223@example.com,2026-02-25,US
u04-004224,user4224@mail.co.in,2026-07-20,SG
u04-004225,user4225@uni.edu,2026-08-14,SG
u04-004226,user4226@corp.io,2026-09-26,DE
u04-004227,user4227@example.com,2026-09-16,US
u04-004228,user4228@corp.io,2026-05-16,US
u04-004229,user4229@corp.io,2026-03-17,US
u04-004230,user4230@example.com,2026-08-22,DE
u04-004231,user4231@corp.io,2026-07-17,GB
u04-004232,user4232@mail.co.in,2026-06-17,US
u04-004233,user4233@uni.edu,2026-01-17,DE
u04-004234,user4234@corp.io,2026-05-15,GB
u04-004235,user4235@mail.co.in,2026-02-23,DE
u04-004236,user4236@uni.edu,2026-04-28,DE
u04-004237,user4237@mail.co.in,2026-09-14,DE
u04-004238,user4238@corp.io,2026-03-24,IN
u04-004239,user4239@mail.co.in,2026-07-23,GB
u04-004240,user4240@uni.edu,2026-04-19,GB
u04-004241,user4241@mail.co.in,2026-02-12,IN
u04-004242,user4242@example.com,2026-03-22,AU
u04-004243,user4243@uni.edu,2026-08-11,SG
u04-004244,user4244@corp.io,2026-09-17,AU
u04-004245,user4245@corp.io,2026-07-23,US
u04-004246,user4246@mail.co.in,2026-08-21,SG
u04-004247,user4247@corp.io,2026-03-12,AU
u04-004248,user4248@mail.co.in,2026-08-22,GB
u04-004249,user4249@uni.edu,2026-07-10,US
u04-004250,user4250@mail.co.in,2026-04-18,US
u04-004251,user4251@mail.co.in,2026-09-16,GB
u04-004252,user4252@example.com,2026-05-17,SG
u04-004253,user4253@uni.edu,2026-08-19,DE
u04-004254,user4254@example.com,2026-09-16,DE
u04-004255,user4255@corp.io,2026-03-20,AU
u04-004256,user4256@mail.co.in,2026-06-10,US
u04-004257,user4257@mail.co.in,2026-05-14,IN
u04-004258,user4258@corp.io,2026-03-12,SG
u04-004259,user4259@example.com,2026-04-11,US
u04-004260,user4260@mail.co.in,2026-01-10,US
u04-004261,user4261@uni.edu,2026-05-16,AU
u04-004262,user4262@mail.co.in,2026-01-25,US
u04-004263,user4263@uni.edu,2026-01-28,IN
u04-004264,user4264@example.com,2026-06-10,US
u04-004265,user4265@example.com,2026-03-24,GB
u04-004266,user4266@uni.edu,2026-09-16,US
u04-004267,user4267@mail.co.in,2026-01-12,DE
u04-004268,user4268@uni.edu,2026-03-20,US
u04-004269,user4269@corp.io,2026-07-15,DE
u04-004270,user4270@example.com,2026-08-12,AU
u04-004271,user4271@example.com,2026-08-11,DE
u04-004272,user4272@corp.io,2026-01-10,US
u04-004273,user4273@corp.io,2026-01-27,IN
u04-004274,user4274@example.com,2026-01-10,DE
u04-004275,user4275@corp.io,2026-02-22,AU
u04-004276,user4276@mail.co.in,2026-02-23,IN
u04-004277,user4277@mail.co.in,2026-06-22,SG
u04-004278,user4278@example.com,2026-07-11,SG
u04-004279,user4279@uni.edu,2026-05-27,AU
u04-004280,user4280@mail.co.in,2026-06-15,IN
u04-004281,user4281@uni.edu,2026-03-17,SG
u04-004282,user4282@uni.edu,2026-07-18,AU
u04-004283,user4283@uni.edu,2026-01-17,DE
u04-004284,user4284@uni.edu,2026-04-19,SG
u04-004285,user4285@mail.co.in,2026-02-19,IN
u04-004286,user4286@mail.co.in,2026-01-11,DE
u04-004287,user4287@uni.edu,2026-07-18,IN
u04-004288,user4288@mail.co.in,2026-05-27,AU
u04-004289,user4289@corp.io,2026-08-23,GB
u04-004290,user4290@example.com,2026-08-10,US
u04-004291,user4291@corp.io,2026-07-18,AU
u04-004292,user4292@example.com,2026-09-17,SG
u04-004293,user4293@corp.io,2026-07-23,AU
u04-004294,user4294@corp.io,2026-02-27,SG
u04-004295,user4295@example.com,2026-09-28,GB
u04-004296,user4296@uni.edu,2026-05-12,DE
u04-004297,user4297@mail.co.in,2026-06-21,AU
u04-004298,user4298@corp.io,2026-08-27,DE
u04-004299,user4299@corp.io,2026-07-22,GB
u04-004300,user4300@example.com,2026-06-17,IN
u04-004301,user4301@corp.io,2026-02-24,DE
u04-004302,user4302@example.com,2026-03-10,AU
u04-004303,user4303@corp.io,2026-02-25,AU
u04-004304,user4304@mail.co.in,2026-03-15,IN
u04-004305,user4305@mail.co.in,2026-05-10,US
u04-004306,user4306@example.com,2026-08-25,SG
u04-004307,user4307@corp.io,2026-09-25,SG
u04-004308,user4308@mail.co.in,2026-03-15,IN
u04-004309,user4309@example.com,2026-01-15,US
u04-004310,user4310@example.com,2026-05-12,GB
u04-004311,user4311@uni.edu,2026-08-17,DE
u04-004312,user4312@mail.co.in,2026-07-17,SG
u04-004313,user4313@example.com,2026-08-13,DE
u04-004314,user4314@corp.io,2026-08-21,IN
u04-004315,user4315@mail.co.in,2026-07-13,US
u04-004316,user4316@uni.edu,2026-06-27,US
u04-004317,user4317@example.com,2026-06-25,AU
u04-004318,user4318@mail.co.in,2026-03-28,US
u04-004319,user4319@example.com,2026-07-25,AU
u04-004320,user4320@uni.edu,2026-09-15,DE
u04-004321,user4321@corp.io,2026-03-21,GB
u04-004322,user4322@uni.edu,2026-04-26,SG
u04-004323,user4323@uni.edu,2026-01-15,AU
u04-004324,user4324@corp.io,2026-07-27,GB
u04-004325,user4325@corp.io,2026-01-17,SG
u04-004326,user4326@uni.edu,2026-01-12,US
u04-004327,user4327@uni.edu,2026-05-22,AU
u04-004328,user4328@uni.edu,2026-07-28,GB
u04-004329,user4329@corp.io,2026-05-16,AU
u04-004330,user4330@uni.edu,2026-08-28,US
u04-004331,user4331@mail.co.in,2026-04-21,SG
u04-004332,user4332@uni.edu,2026-01-21,SG
u04-004333,user4333@mail.co.in,2026-06-15,US
u04-004334,user4334@corp.io,2026-08-27,US
u04-004335,user4335@corp.io,2026-09-22,AU
u04-004336,user4336@corp.io,2026-01-22,SG
u04-004337,user4337@uni.edu,2026-03-13,IN
u04-004338,user4338@corp.io,2026-07-27,GB
u04-004339,user4339@corp.io,2026-05-15,AU
u04-004340,user4340@mail.co.in,2026-04-16,GB
u04-004341,user4341@mail.co.in,2026-02-27,GB
u04-004342,user4342@corp.io,2026-03-26,DE
u04-004343,user4343@mail.co.in,2026-04-22,US
u04-004344,user4344@mail.co.in,2026-01-14,DE
u04-004345,user4345@example.com,2026-09-15,SG
u04-004346,user4346@uni.edu,2026-05-11,US
u04-004347,user4347@mail.co.in,2026-04-24,US
u04-004348,user4348@corp.io,2026-01-23,US
u04-004349,user4349@uni.edu,2026-04-15,US
u04-004350,user4350@example.com,2026-09-12,US
u04-004351,user4351@uni.edu,2026-06-17,IN
u04-004352,user4352@mail.co.in,2026-06-28,GB
u04-004353,user4353@example.com,2026-07-24,DE
u04-004354,user4354@mail.co.in,2026-03-14,US
u04-004355,user4355@uni.edu,2026-06-20,AU
u04-004356,user4356@mail.co.in,2026-03-17,SG
u04-004357,user4357@uni.edu,2026-02-14,IN
u04-004358,user4358@corp.io,2026-07-27,DE
u04-004359,user4359@mail.co.in,2026-01-19,GB
u04-004360,user4360@example.com,2026-08-28,US
u04-004361,user4361@corp.io,2026-05-18,SG
u04-004362,user4362@example.com,2026-09-24,DE
u04-004363,user4363@mail.co.in,2026-09-16,GB
u04-004364,user4364@uni.edu,2026-05-15,AU
u04-004365,user4365@mail.co.in,2026-01-17,GB
u04-004366,user4366@mail.co.in,2026-08-13,IN
u04-004367,user4367@example.com,2026-02-16,GB
u04-004368,user4368@mail.co.in,2026-04-22,US
u04-004369,user4369@uni.edu,2026-09-23,AU
u04-004370,user4370@corp.io,2026-01-28,US
u04-004371,user4371@corp.io,2026-02-11,GB
u04-004372,user4372@mail.co.in,2026-05-10,DE
u04-004373,user4373@mail.co.in,2026-09-14,SG
u04-004374,user4374@mail.co.in,2026-04-18,SG
u04-004375,user4375@example.com,2026-07-25,AU
u04-004376,user4376@example.com,2026-01-17,DE
u04-004377,user4377@mail.co.in,2026-09-27,GB
u04-004378,user4378@uni.edu,2026-06-26,SG
u04-004379,user4379@uni.edu,2026-01-26,IN
u04-004380,user4380@example.com,2026-04-24,AU
u04-004381,user4381@mail.co.in,2026-04-18,US
u04-004382,user4382@mail.co.in,2026-05-10,AU
u04-004383,user4383@example.com,2026-03-24,GB
u04-004384,user4384@corp.io,2026-01-27,GB
u04-004385,user4385@mail.co.in,2026-05-17,US
u04-004386,user4386@corp.io,2026-03-12,DE
u04-004387,user4387@uni.edu,2026-08-17,DE
u04-004388,user4388@corp.io,2026-08-19,DE
u04-004389,user4389@example.com,2026-05-19,US
u04-004390,user4390@example.com,2026-04-27,AU
u04-004391,user4391@mail.co.in,2026-05-16,DE
u04-004392,user4392@mail.co.in,2026-04-25,AU
u04-004393,user4393@corp.io,2026-01-12,SG
u04-004394,user4394@uni.edu,2026-08-26,GB
u04-004395,user4395@example.com,2026-07-15,DE
u04-004396,user4396@corp.io,2026-06-24,SG
u04-004397,user4397@uni.edu,2026-08-16,AU
u04-004398,user4398@mail.co.in,2026-08-11,GB
u04-004399,user4399@mail.co.in,2026-04-27,IN
u04-004400,user4400@uni.edu,2026-04-11,DE
u04-004401,user4401@uni.edu,2026-06-20,US
u04-004402,user4402@corp.io,2026-07-14,GB
u04-004403,user4403@uni.edu,2026-06-11,DE
u04-004404,user4404@corp.io,2026-06-20,AU
u04-004405,user4405@example.com,2026-02-23,US
u04-004406,user4406@uni.edu,2026-02-25,US
u04-004407,user4407@uni.edu,2026-08-14,SG
u04-004408,user4408@example.com,2026-03-20,IN
u04-004409,user4409@corp.io,2026-04-24,GB
u04-004410,user4410@corp.io,2026-04-11,SG
u04-004411,user4411@corp.io,2026-06-12,GB
u04-004412,user4412@example.com,2026-09-18,GB
u04-004413,user4413@mail.co.in,2026-04-22,AU
u04-004414,user4414@corp.io,2026-07-22,SG
u04-004415,user4415@mail.co.in,2026-01-26,IN
u04-004416,user4416@example.com,2026-02-10,AU
u04-004417,user4417@corp.io,2026-01-28,GB
u04-004418,user4418@uni.edu,2026-04-16,SG
u04-004419,user4419@mail.co.in,2026-09-10,US
u04-004420,user4420@example.com,2026-09-10,DE
u04-004421,user4421@mail.co.in,2026-05-16,
u04-004422,user4422@uni.edu,2026-03-11,GB
u04-004423,user4423@mail.co.in,2026-05-15,SG
u04-004424,user4424@mail.co.in,2026-06-25,GB
u04-004425,user4425@uni.edu,2026-02-26,GB
u04-004426,user4426@example.com,2026-05-18,SG
u04-004427,user4427@example.com,2026-04-17,GB
u04-004428,user4428@example.com,2026-09-17,DE
u04-004429,user4429@corp.io,2026-02-26,GB
u04-004430,user4430@uni.edu,2026-04-26,GB
u04-004431,user4431@corp.io,2026-06-16,IN
u04-004432,user4432@corp.io,2026-04-17,US
u04-004433,user4433@uni.edu,2026-06-13,DE
u04-004434,user4434@uni.edu,2026-02-19,AU
u04-004435,user4435@corp.io,2026-01-27,SG
u04-004436,user4436@corp.io,2026-09-18,AU
u04-004437,user4437@mail.co.in,2026-03-24,DE
u04-004438,user4438@corp.io,2026-03-12,SG
u04-004439,user4439@example.com,2026-09-13,IN
u04-004440,user4440@corp.io,2026-04-15,US
u04-004441,user4441@uni.edu,2026-06-18,DE
u04-004442,user4442@corp.io,2026-06-14,SG
u04-004443,user4443@corp.io,2026-09-15,US
u04-004444,user4444@example.com,2026-04-27,DE
u04-004445,user4445@corp.io,2026-02-24,SG
u04-004446,user4446@uni.edu,2026-09-20,AU
u04-004447,user4447@uni.edu,2026-06-22,IN
u04-004448,user4448@example.com,2026-05-21,SG
u04-004449,user4449@example.com,2026-08-13,AU
u04-004450,user4450@mail.co.in,2026-04-19,US
u04-004451,user4451@example.com,2026-09-11,GB
u04-004452,user4452@mail.co.in,2026-01-19,US
u04-004453,user4453@corp.io,2026-04-21,SG
u04-004454,user4454@mail.co.in,2026-05-24,IN
u04-004455,user4455@corp.io,2026-02-21,IN
u04-004456,user4456@corp.io,2026-08-20,GB
u04-004457,user4457@uni.edu,2026-04-24,AU
u04-004458,user4458@corp.io,2026-08-24,IN
u04-004459,user4459@uni.edu,2026-06-21,SG
u04-004460,user4460@mail.co.in,2026-07-13,GB
u04-004461,user4461@example.com,2026-06-21,DE
u04-004462,user4462@uni.edu,2026-06-22,US
u04-004463,user4463@mail.co.in,2026-02-18,AU
u04-004464,user4464@uni.edu,2026-08-12,AU
u04-004465,user4465@example.com,2026-01-12,SG
u04-004466,user4466@example.com,2026-09-13,DE
u04-004467,user4467@example.com,2026-05-18,IN
u04-004468,user4468@corp.io,2026-04-24,US
u04-004469,user4469@corp.io,2026-03-10,AU
u04-004470,user4470@mail.co.in,2026-07-10,AU
u04-004471,user4471@uni.edu,2026-01-25,DE
u04-004472,user4472@uni.edu,2026-05-28,DE
u04-004473,user4473@mail.co.in,2026-02-21,DE
u04-004474,user4474@corp.io,2026-03-21,IN
u04-004475,user4475@mail.co.in,2026-03-10,DE
u04-004476,user4476@uni.edu,2026-08-27,DE
u04-004477,user4477@mail.co.in,2026-04-26,GB
u04-004478,user4478@uni.edu,2026-01-18,SG
u04-004479,user4479@example.com,2026-09-13,IN
u04-004480,user4480@example.com,2026-02-21,SG
u04-004481,user4481@mail.co.in,2026-06-24,AU
u04-004482,user4482@mail.co.in,2026-07-18,AU
u04-004483,user4483@uni.edu,2026-07-23,GB
u04-004484,user4484@uni.edu,2026-07-23,DE
u04-004485,user4485@uni.edu,2026-02-10,SG
u04-004486,user4486@corp.io,2026-05-24,GB
u04-004487,user4487@example.com,2026-04-25,IN
u04-004488,user4488@corp.io,2026-02-25,US
u04-004489,user4489@example.com,2026-05-25,AU
u04-004490,user4490@uni.edu,2026-09-17,US
u04-004491,user4491@example.com,2026-02-23,AU
u04-004492,user4492@uni.edu,2026-06-26,DE
u04-004493,user4493@example.com,2026-07-19,DE
u04-004494,user4494@uni.edu,2026-06-26,DE
u04-004495,user4495@corp.io,2026-06-25,SG
u04-004496,user4496@example.com,2026-03-22,DE
u04-004497,user4497@uni.edu,2026-05-14,GB
u04-004498,user4498@corp.io,2026-03-26,DE
u04-004499,user4499@example.com,2026-06-28,GB
u04-004500,user4500@example.com,2026-05-14,AU
u04-004501,user4501@uni.edu,2026-01-11,AU
u04-004502,user4502@uni.edu,2026-07-16,IN
u04-004503,user4503@uni.edu,2026-05-14,IN
u04-004504,user4504@mail.co.in,2026-02-21,AU
u04-004505,user4505@corp.io,2026-06-24,AU
u04-004506,user4506@corp.io,2026-02-10,US
u04-004507,user4507@uni.edu,2026-03-10,AU
u04-004508,user4508@mail.co.in,2026-07-16,US
u04-004509,user4509@mail.co.in,2026-08-17,AU
u04-004510,user4510@example.com,2026-02-12,AU
u04-004511,user4511@mail.co.in,2026-06-28,SG
u04-004512,user4512@mail.co.in,2026-08-27,SG
u04-004513,user4513@uni.edu,2026-01-28,US
u04-004514,user4514@corp.io,2026-08-23,GB
u04-004515,user4515@corp.io,2026-08-11,US
u04-004516,user4516@mail.co.in,2026-07-11,DE
u04-004517,user4517@mail.co.in,2026-07-28,IN
u04-004518,user4518@mail.co.in,2026-08-27,US
u04-004519,user4519@uni.edu,2026-02-28,DE
u04-004520,user4520@uni.edu,2026-04-15,IN
u04-004521,user4521@example.com,2026-02-19,US
u04-004522,user4522@mail.co.in,2026-06-16,SG
u04-004523,user4523@example.com,2026-05-13,SG
u04-004524,user4524@mail.co.in,2026-09-10,US
u04-004525,user4525@example.com,2026-08-18,IN
u04-004526,user4526@example.com,2026-07-21,SG
u04-004527,user4527@example.com,2026-05-27,GB
u04-004528,user4528@corp.io,2026-09-13,DE
u04-004529,user4529@uni.edu,2026-03-22,DE
u04-004530,user4530@corp.io,2026-05-14,IN
u04-004531,user4531@corp.io,2026-08-23,AU
u04-004532,user4532@example.com,2026-06-23,SG
u04-004533,user4533@example.com,2026-03-18,GB
u04-004534,user4534@uni.edu,2026-05-16,GB
u04-004535,user4535@mail.co.in,2026-04-15,IN
u04-004536,user4536@uni.edu,2026-08-11,DE
u04-004537,user4537@corp.io,2026-08-14,US
u04-004538,user4538@example.com,2026-04-22,IN
u04-004539,user4539@example.com,2026-03-15,US
u04-004540,user4540@mail.co.in,2026-07-25,SG
u04-004541,user4541@uni.edu,2026-02-26,US
u04-004542,user4542@mail.co.in,2026-02-17,DE
u04-004543,user4543@mail.co.in,2026-01-17,GB
u04-004544,user4544@example.com,2026-04-19,SG
u04-004545,user4545@example.com,2026-04-22,DE
u04-004546,user4546@corp.io,2026-09-12,GB
u04-004547,user4547@example.com,2026-04-15,GB
u04-004548,user4548@uni.edu,2026-09-13,IN
u04-004549,user4549@mail.co.in,2026-08-18,AU
u04-004550,user4550@uni.edu,2026-05-23,US
u04-004551,user4551@mail.co.in,2026-08-15,GB
u04-004552,user4552@mail.co.in,2026-02-14,IN
u04-004553,user4553@example.com,2026-06-15,AU
u04-004554,user4554@example.com,2026-04-11,DE
u04-004555,user4555@uni.edu,2026-04-15,DE
u04-004556,user4556@uni.edu,2026-05-24,DE
u04-004557,user4557@example.com,2026-05-18,IN
u04-004558,user4558@example.com,2026-05-14,AU
u04-004559,user4559@corp.io,2026-02-16,AU
u04-004560,user4560@example.com,2026-08-21,DE
u04-004561,user4561@corp.io,2026-08-14,AU
u04-004562,user4562@mail.co.in,2026-04-10,AU
u04-004563,user4563@corp.io,2026-07-11,GB
u04-004564,user4564@example.com,2026-05-22,SG
u04-004565,user4565@uni.edu,2026-06-16,AU
u04-004566,user4566@corp.io,2026-06-18,IN
u04-004567,user4567@example.com,2026-08-26,SG
u04-004568,user4568@mail.co.in,2026-02-22,SG
u04-004569,user4569@mail.co.in,2026-09-20,SG
u04-004570,user4570@uni.edu,2026-06-27,AU
u04-004571,user4571@corp.io,2026-03-24,DE
u04-004572,user4572@mail.co.in,2026-08-24,GB
u04-004573,user4573@corp.io,2026-07-27,US
u04-004574,user4574@mail.co.in,2026-04-21,SG
u04-004575,user4575@uni.edu,2026-09-22,IN
u04-004576,user4576@mail.co.in,2026-07-11,GB
u04-004577,user4577@example.com,2026-02-23,IN
u04-004578,user4578@uni.edu,2026-09-25,DE
u04-004579,user4579@example.com,2026-04-25,SG
u04-004580,user4580@example.com,2026-03-27,GB
u04-004581,user4581@example.com,2026-09-16,IN
u04-004582,user4582@uni.edu,2026-02-24,DE
u04-004583,user4583@mail.co.in,2026-07-21,IN
u04-004584,user4584@uni.edu,2026-03-13,AU
u04-004585,user4585@corp.io,2026-05-16,US
u04-004586,user4586@mail.co.in,2026-03-22,SG
u04-004587,user4587@corp.io,2026-03-25,IN
u04-004588,user4588@uni.edu,2026-09-11,AU
u04-004589,user4589@corp.io,2026-07-26,AU
u04-004590,user4590@example.com,2026-01-14,IN
u04-004591,user4591@corp.io,2026-03-12,AU
u04-004592,user4592@example.com,2026-03-17,DE
u04-004593,user4593@mail.co.in,2026-05-16,US
u04-004594,user4594@corp.io,2026-02-13,SG
u04-004595,user4595@mail.co.in,2026-03-14,GB
u04-004596,user4596@corp.io,2026-02-16,SG
u04-004597,user4597@uni.edu,2026-03-21,GB
u04-004598,user4598@corp.io,2026-02-26,AU
u04-004599,user4599@example.com,2026-01-28,DE
u04-004600,user4600@uni.edu,2026-03-13,IN
u04-004601,user4601@corp.io,2026-07-26,IN
u04-004602,user4602@uni.edu,2026-05-21,GB
u04-004603,user4603@example.com,2026-03-14,GB
u04-004604,user4604@uni.edu,2026-01-19,DE
u04-004605,user4605@mail.co.in,2026-07-21,IN
u04-004606,user4606@example.com,2026-08-21,IN
u04-004607,user4607@corp.io,2026-03-23,AU
u04-004608,user4608@example.com,2026-03-25,IN
u04-004609,user4609@mail.co.in,2026-01-17,SG
u04-004610,user4610@uni.edu,2026-07-12,AU
u04-004611,user4611@example.com,2026-09-20,GB
u04-004612,user4612@uni.edu,2026-05-17,AU
u04-004613,user4613@example.com,2026-01-17,SG
u04-004614,user4614@mail.co.in,2026-05-11,DE
u04-004615,user4615@mail.co.in,2026-08-16,SG
u04-004616,user4616@corp.io,2026-05-15,SG
u04-004617,user4617@corp.io,2026-03-14,DE
u04-004618,user4618@corp.io,2026-07-27,GB
u04-004619,user4619@corp.io,2026-07-17,SG
u04-004620,user4620@example.com,2026-02-28,AU
u04-004621,user4621@corp.io,2026-02-15,SG
u04-004622,user4622@uni.edu,2026-09-24,DE
u04-004623,user4623@uni.edu,2026-08-18,US
u04-004624,user4624@corp.io,2026-04-19,AU
u04-004625,user4625@corp.io,2026-09-24,SG
u04-004626,user4626@corp.io,2026-04-20,US
u04-004627,user4627@mail.co.in,2026-06-10,DE
u04-004628,user4628@corp.io,2026-07-12,SG
u04-004629,user4629@corp.io,2026-03-21,US
u04-004630,user4630@corp.io,2026-05-21,US
u04-004631,user4631@example.com,2026-04-28,IN
u04-004632,user4632@corp.io,2026-07-24,DE
u04-004633,user4633@uni.edu,2026-06-12,DE
u04-004634,user4634@corp.io,2026-03-28,AU
u04-004635,user4635@uni.edu,2026-07-17,AU
u04-004636,user4636@corp.io,2026-08-27,DE
u04-004637,user4637@example.com,2026-09-24,DE
u04-004638,user4638@uni.edu,2026-07-24,IN
u04-004639,user4639@mail.co.in,2026-04-10,SG
u04-004640,user4640@corp.io,2026-04-18,GB
u04-004641,user4641@example.com,2026-07-20,SG
u04-004642,user4642@corp.io,2026-08-14,GB
u04-004643,user4643@example.com,2026-02-28,IN
u04-004644,user4644@example.com,2026-08-20,AU
u04-004645,user4645@uni.edu,2026-03-13,US
u04-004646,user4646@example.com,2026-01-19,DE
u04-004647,user4647@example.com,2026-09-10,SG
u04-004648,user4648@corp.io,2026-06-12,IN
u04-004649,user4649@corp.io,2026-07-10,IN
u04-004650,user4650@example.com,2026-07-13,AU
u04-004651,user4651@uni.edu,2026-01-18,DE
u04-004652,user4652@corp.io,2026-09-14,IN
u04-004653,user4653@corp.io,2026-06-24,SG
u04-004654,user4654@uni.edu,2026-06-26,AU
u04-004655,user4655@uni.edu,2026-04-12,SG
u04-004656,user4656@mail.co.in,2026-04-28,IN
u04-004657,user4657@corp.io,2026-02-25,SG
u04-004658,user4658@mail.co.in,2026-03-17,US
u04-004659,user4659@example.com,2026-07-20,AU
u04-004660,user4660@mail.co.in,2026-05-11,DE
u04-004661,user4661@uni.edu,2026-03-15,US
u04-004662,user4662@uni.edu,2026-06-22,DE
u04-004663,user4663@corp.io,2026-06-18,AU
u04-004664,user4664@corp.io,2026-01-18,US
u04-004665,user4665@corp.io,2026-04-12,DE
u04-004666,user4666@corp.io,2026-05-23,AU
u04-004667,user4667@corp.io,2026-01-22,IN
u04-004668,user4668@uni.edu,2026-06-15,AU
u04-004669,user4669@example.com,2026-04-14,SG
u04-004670,user4670@example.com,2026-07-15,SG
u04-004671,user4671@example.com,2026-02-17,DE
u04-004672,user4672@uni.edu,2026-04-19,SG
u04-004673,user4673@corp.io,2026-07-11,DE
u04-004674,user4674@corp.io,2026-03-24,SG
u04-004675,user4675@corp.io,2026-05-24,AU
u04-004676,user4676@example.com,2026-05-15,IN
u04-004677,user4677@example.com,2026-03-18,IN
u04-004678,user4678@mail.co.in,2026-04-27,GB
u04-004679,user4679@corp.io,2026-08-10,GB
u04-004680,user4680@corp.io,2026-06-27,AU
u04-004681,user4681@mail.co.in,2026-09-25,AU
u04-004682,user4682@example.com,2026-03-20,AU
u04-004683,user4683@mail.co.in,2026-02-18,US
u04-004684,user4684@example.com,2026-06-28,DE
u04-004685,user4685@example.com,2026-02-16,DE
u04-004686,user4686@mail.co.in,2026-04-14,US
u04-004687,user4687@uni.edu,2026-02-14,AU
u04-004688,user4688@mail.co.in,2026-03-16,AU
u04-004689,user4689@corp.io,2026-03-17,GB
u04-004690,user4690@corp.io,2026-01-11,SG
u04-004691,user4691@corp.io,2026-05-25,AU
u04-004692,user4692@corp.io,2026-04-23,US
u04-004693,user4693@mail.co.in,2026-07-26,SG
u04-004694,user4694@uni.edu,2026-04-15,SG
u04-004695,user4695@corp.io,2026-08-21,AU
u04-004696,user4696@mail.co.in,2026-01-16,SG
u04-004697,user4697@mail.co.in,2026-08-26,US
u04-004698,user4698@mail.co.in,2026-02-22,AU
u04-004699,user4699@example.com,2026-04-22,IN
u04-004700,user4700@corp.io,2026-07-10,GB
u04-004701,user4701@example.com,2026-02-24,DE
u04-004702,user4702@uni.edu,2026-07-12,AU
u04-004703,user4703@mail.co.in,2026-05-21,IN
u04-004704,user4704@corp.io,2026-02-15,AU
u04-004705,user4705@corp.io,2026-09-12,DE
u04-004706,user4706@corp.io,2026-08-12,DE
u04-004707,user4707@mail.co.in,2026-08-15,AU
u04-004708,user4708@uni.edu,2026-03-10,SG
u04-004709,user4709@corp.io,2026-02-22,IN
u04-004710,user4710@uni.edu,2026-07-18,SG
u04-004711,user4711@uni.edu,2026-05-12,SG
u04-004712,user4712@corp.io,2026-01-16,SG
u04-004713,user4713@mail.co.in,2026-01-21,US
u04-004714,user4714@example.com,2026-05-11,SG
u04-004715,user4715@mail.co.in,2026-05-18,GB
u04-004716,user4716@mail.co.in,2026-04-17,DE
u04-004717,user4717@corp.io,2026-09-28,DE
u04-004718,user4718@corp.io,2026-01-15,DE
u04-004719,user4719@mail.co.in,2026-04-26,US
u04-004720,user4720@mail.co.in,2026-02-27,US
u04-004721,user4721@corp.io,2026-01-20,US
u04-004722,user4722@example.com,2026-08-21,IN
u04-004723,user4723@uni.edu,2026-06-20,GB
u04-004724,user4724@uni.edu,2026-08-21,US
u04-004725,user4725@uni.edu,2026-04-27,DE
u04-004726,user4726@corp.io,2026-08-17,AU
u04-004727,user4727@example.com,2026-05-23,AU
u04-004728,user4728@mail.co.in,2026-03-26,IN
u04-004729,user4729@uni.edu,2026-03-25,AU
u04-004730,user4730@uni.edu,2026-05-25,IN
u04-004731,user4731@corp.io,2026-05-17,IN
u04-004732,user4732@uni.edu,2026-06-28,GB
u04-004733,user4733@example.com,2026-02-16,DE
u04-004734,user4734@mail.co.in,2026-03-25,SG
u04-004735,user4735@example.com,2026-07-20,AU
u04-004736,user4736@mail.co.in,2026-07-20,IN
u04-004737,user4737@example.com,2026-01-24,IN
u04-004738,user4738@example.com,2026-07-17,AU
u04-004739,user4739@example.com,2026-07-23,AU
u04-004740,user4740@uni.edu,2026-05-10,SG
u04-004741,user4741@example.com,2026-04-18,US
u04-004742,user4742@example.com,2026-06-16,GB
u04-004743,user4743@example.com,2026-06-19,DE
u04-004744,user4744@uni.edu,2026-04-11,GB
u04-004745,user4745@corp.io,2026-01-16,US
u04-004746,user4746@example.com,2026-08-16,AU
u04-004747,user4747@uni.edu,2026-05-19,GB
u04-004748,user4748@uni.edu,2026-09-13,GB
u04-004749,user4749@mail.co.in,2026-03-10,AU
u04-004750,user4750@example.com,2026-01-19,IN
u04-004751,user4751@mail.co.in,2026-05-20,SG
u04-004752,user4752@example.com,2026-03-19,US
u04-004753,user4753@mail.co.in,2026-03-21,DE
u04-004754,user4754@example.com,2026-06-15,US
u04-004755,user4755@uni.edu,2026-01-21,IN
u04-004756,user4756@mail.co.in,2026-08-24,IN
u04-004757,user4757@corp.io,2026-04-24,US
u04-004758,user4758@uni.edu,2026-07-20,IN
u04-004759,user4759@example.com,2026-08-15,US
u04-004760,user4760@corp.io,2026-02-16,SG
u04-004761,user4761@uni.edu,2026-05-16,AU
u04-004762,user4762@example.com,2026-08-26,SG
u04-004763,user4763@mail.co.in,2026-07-18,GB
u04-004764,user4764@uni.edu,2026-06-26,IN
u04-004765,user4765@example.com,2026-05-18,SG
u04-004766,user4766@example.com,2026-05-26,US
u04-004767,user4767@mail.co.in,2026-04-18,US
u04-004768,user4768@example.com,2026-08-20,US
u04-004769,user4769@corp.io,2026-07-27,AU
u04-004770,user4770@mail.co.in,2026-09-23,AU
u04-004771,user4771@example.com,2026-02-17,US
u04-004772,user4772@mail.co.in,2026-02-10,US
u04-004773,user4773@example.com,2026-09-20,DE
u04-004774,user4774@uni.edu,2026-03-18,IN
u04-004775,user4775@example.com,2026-05-19,GB
u04-004776,user4776@corp.io,2026-04-14,DE
u04-004777,user4777@corp.io,2026-08-18,IN
u04-004778,user4778@corp.io,2026-06-19,IN
u04-004779,user4779@uni.edu,2026-08-25,SG
u04-004780,user4780@corp.io,2026-02-26,GB
u04-004781,user4781@uni.edu,2026-08-17,GB
u04-004782,user4782@mail.co.in,2026-02-26,DE
u04-004783,user4783@uni.edu,2026-04-17,IN
u04-004784,user4784@example.com,2026-02-12,GB
u04-004785,user4785@example.com,2026-08-23,US
u04-004786,user4786@mail.co.in,2026-07-15,US
u04-004787,user4787@example.com,2026-06-27,GB
u04-004788,user4788@uni.edu,2026-01-15,AU
u04-004789,user4789@uni.edu,2026-07-12,SG
u04-004790,user4790@uni.edu,2026-01-12,SG
u04-004791,user4791@mail.co.in,2026-08-23,IN
u04-004792,user4792@example.com,2026-05-15,AU
u04-004793,user4793@uni.edu,2026-09-15,DE
u04-004794,user4794@corp.io,2026-05-27,SG
u04-004795,user4795@example.com,2026-05-25,GB
u04-004796,user4796@corp.io,2026-07-14,GB
u04-004797,user4797@corp.io,2026-06-21,AU
u04-004798,user4798@corp.io,2026-06-19,US
u04-004799,user4799@corp.io,2026-06-23,DE
u04-004800,user4800@uni.edu,2026-07-24,SG
u04-004801,user4801@uni.edu,2026-04-27,DE
u04-004802,user4802@uni.edu,2026-07-27,US
u04-004803,user4803@mail.co.in,2026-04-13,US
u04-004804,user4804@uni.edu,2026-06-12,AU
u04-004805,user4805@example.com,2026-08-25,AU
u04-004806,user4806@example.com,2026-09-21,GB
u04-004807,user4807@example.com,2026-02-25,SG
u04-004808,user4808@uni.edu,2026-05-24,AU
u04-004809,user4809@uni.edu,2026-06-12,DE
u04-004810,user4810@uni.edu,2026-09-14,US
u04-004811,user4811@corp.io,2026-01-21,US
u04-004812,user4812@corp.io,2026-08-18,GB
u04-004813,user4813@example.com,2026-01-19,SG
u04-004814,user4814@mail.co.in,2026-01-17,AU
u04-004815,user4815@mail.co.in,2026-05-11,SG
u04-004816,user4816@example.com,2026-03-18,SG
u04-004817,user4817@mail.co.in,2026-03-28,SG
u04-004818,user4818@example.com,2026-02-21,GB
u04-004819,user4819@mail.co.in,2026-09-28,SG
u04-004820,user4820@example.com,2026-09-26,SG
u04-004821,user4821@corp.io,2026-09-23,SG
u04-004822,user4822@uni.edu,2026-06-20,US
u04-004823,user4823@example.com,2026-08-15,SG
u04-004824,user4824@mail.co.in,2026-02-24,AU
u04-004825,user4825@corp.io,2026-04-13,GB
u04-004826,user4826@uni.edu,2026-02-28,DE
u04-004827,user4827@uni.edu,2026-09-15,SG
u04-004828,user4828@corp.io,2026-04-14,IN
u04-004829,user4829@uni.edu,2026-03-19,IN
u04-004830,user4830@example.com,2026-07-15,GB
u04-004831,user4831@mail.co.in,2026-02-19,GB
u04-004832,user4832@uni.edu,2026-06-25,SG
u04-004833,user4833@mail.co.in,2026-08-22,DE
u04-004834,user4834@mail.co.in,2026-06-21,IN
u04-004835,user4835@uni.edu,2026-06-25,SG
u04-004836,user4836@corp.io,2026-09-26,DE
u04-004837,user4837@uni.edu,2026-08-23,AU
u04-004838,user4838@example.com,2026-04-15,IN
u04-004839,user4839@mail.co.in,2026-06-22,AU
u04-004840,user4840@uni.edu,2026-04-10,GB
u04-004841,user4841@corp.io,2026-08-19,DE
u04-004842,user4842@uni.edu,2026-01-27,IN
u04-004843,user4843@corp.io,2026-02-27,US
u04-004844,user4844@uni.edu,2026-07-14,AU
u04-004845,user4845@example.com,2026-07-12,SG
u04-004846,user4846@corp.io,2026-01-22,DE
u04-004847,user4847@mail.co.in,2026-05-27,DE
u04-004848,user4848@corp.io,2026-04-14,DE
u04-004849,user4849@mail.co.in,2026-02-11,IN
u04-004850,user4850@mail.co.in,2026-04-16,GB
u04-004851,user4851@example.com,2026-02-13,SG
u04-004852,user4852@uni.edu,2026-03-10,DE
u04-004853,user4853@example.com,2026-03-20,GB
u04-004854,user4854@mail.co.in,2026-02-14,US
u04-004855,user4855@uni.edu,2026-04-12,GB
u04-004856,user4856@uni.edu,2026-05-28,IN
u04-004857,user4857@example.com,2026-08-16,AU
u04-004858,user4858@corp.io,2026-07-13,IN
u04-004859,user4859@mail.co.in,2026-07-28,IN
u04-004860,user4860@example.com,2026-08-18,IN
u04-004861,user4861@corp.io,2026-02-11,DE
u04-004862,user4862@example.com,2026-08-19,DE
u04-004863,user4863@mail.co.in,2026-01-11,IN
u04-004864,user4864@mail.co.in,2026-08-15,SG
u04-004865,user4865@uni.edu,2026-09-11,GB
u04-004866,user4866@uni.edu,2026-02-11,IN
u04-004867,user4867@corp.io,2026-02-21,DE
u04-004868,user4868@corp.io,2026-08-22,AU
u04-004869,user4869@corp.io,2026-01-10,SG
u04-004870,user4870@example.com,2026-06-27,GB
u04-004871,user4871@corp.io,2026-09-24,DE
u04-004872,user4872@uni.edu,2026-04-15,US
u04-004873,user4873@example.com,2026-02-20,AU
u04-004874,user4874@uni.edu,2026-04-13,SG
u04-004875,user4875@mail.co.in,2026-08-12,DE
u04-004876,user4876@uni.edu,2026-07-22,GB
u04-004877,user4877@mail.co.in,2026-09-16,SG
u04-004878,user4878@mail.co.in,2026-03-26,SG
u04-004879,user4879@example.com,2026-03-10,US
u04-004880,user4880@uni.edu,2026-08-11,AU
u04-004881,user4881@corp.io,2026-04-15,SG
u04-004882,user4882@corp.io,2026-06-28,GB
u04-004883,user4883@mail.co.in,2026-01-14,GB
u04-004884,user4884@corp.io,2026-05-16,GB
u04-004885,user4885@uni.edu,2026-02-25,IN
u04-004886,user4886@mail.co.in,2026-08-15,AU
u04-004887,user4887@corp.io,2026-06-16,DE
u04-004888,user4888@mail.co.in,2026-02-16,AU
u04-004889,user4889@corp.io,2026-04-16,AU
u04-004890,user4890@mail.co.in,2026-06-18,AU
u04-004891,user4891@example.com,2026-08-23,US
u04-004892,user4892@uni.edu,2026-04-22,AU
u04-004893,user4893@uni.edu,2026-09-24,US
u04-004894,user4894@example.com,2026-03-24,SG
u04-004895,user4895@corp.io,2026-05-26,GB
u04-004896,user4896@corp.io,2026-05-25,AU
u04-004897,user4897@uni.edu,2026-05-27,DE
u04-004898,user4898@mail.co.in,2026-01-14,IN
u04-004899,user4899@corp.io,2026-06-24,DE
u04-004900,user4900@uni.edu,2026-07-17,US
u04-004901,user4901@mail.co.in,2026-01-28,IN
u04-004902,user4902@corp.io,2026-08-13,GB
u04-004903,user4903@mail.co.in,2026-03-12,US
u04-004904,user4904@example.com,2026-01-27,DE
u04-004905,user4905@mail.co.in,2026-08-11,IN
u04-004906,user4906@uni.edu,2026-01-25,AU
u04-004907,user4907@uni.edu,2026-03-16,DE
u04-004908,user4908@corp.io,2026-02-27,SG
u04-004909,user4909@corp.io,2026-03-22,AU
u04-004910,user4910@uni.edu,2026-09-18,US
u04-004911,user4911@example.com,2026-03-22,SG
u04-004912,user4912@corp.io,2026-09-25,SG
u04-004913,user4913@example.com,2026-08-10,US
u04-004914,user4914@uni.edu,2026-05-24,AU
u04-004915,user4915@mail.co.in,2026-02-12,GB
u04-004916,user4916@corp.io,2026-09-25,IN
u04-004917,user4917@mail.co.in,2026-04-14,GB
u04-004918,user4918@corp.io,2026-07-12,US
u04-004919,user4919@mail.co.in,2026-04-20,US
u04-004920,user4920@uni.edu,2026-04-15,IN
u04-004921,user4921@example.com,2026-02-13,GB
u04-004922,user4922@mail.co.in,2026-08-24,SG
u04-004923,user4923@uni.edu,2026-03-10,GB
u04-004924,user4924@mail.co.in,2026-05-16,AU
u04-004925,user4925@uni.edu,2026-05-20,GB
u04-004926,user4926@uni.edu,2026-08-22,AU
u04-004927,user4927@uni.edu,2026-05-21,DE
u04-004928,user4928@corp.io,2026-06-22,IN
u04-004929,user4929@mail.co.in,2026-06-19,AU
u04-004930,user4930@mail.co.in,2026-03-23,IN
u04-004931,user4931@corp.io,2026-08-27,AU
u04-004932,user4932@example.com,2026-06-24,AU
u04-004933,user4933@mail.co.in,2026-09-17,AU
u04-004934,user4934@corp.io,2026-03-12,AU
u04-004935,user4935@uni.edu,2026-04-16,GB
u04-004936,user4936@corp.io,2026-01-11,IN
u04-004937,user4937@example.com,2026-05-13,DE
u04-004938,user4938@mail.co.in,2026-02-27,IN
u04-004939,user4939@uni.edu,2026-06-22,US
u04-004940,user4940@uni.edu,2026-07-10,SG
u04-004941,user4941@mail.co.in,2026-02-21,DE
u04-004942,user4942@uni.edu,2026-05-22,IN
u04-004943,user4943@uni.edu,2026-02-16,IN
u04-004944,user4944@uni.edu,2026-08-21,GB
u04-004945,user4945@mail.co.in,2026-05-28,IN
u04-004946,user4946@mail.co.in,2026-05-11,DE
u04-004947,user4947@corp.io,2026-01-11,IN
u04-004948,user4948@uni.edu,2026-08-13,SG
u04-004949,user4949@corp.io,2026-05-11,AU
u04-004950,user4950@mail.co.in,2026-08-11,GB
u04-004951,user4951@mail.co.in,2026-06-27,GB
u04-004952,user4952@uni.edu,2026-06-18,DE
u04-004953,user4953@mail.co.in,2026-01-20,AU
u04-004954,user4954@mail.co.in,2026-02-25,AU
u04-004955,user4955@corp.io,2026-03-28,SG
u04-004956,user4956@uni.edu,2026-05-16,GB
u04-004957,user4957@example.com,2026-06-23,SG
u04-004958,user4958@corp.io,2026-04-14,AU
u04-004959,user4959@mail.co.in,2026-01-28,US
u04-004960,user4960@corp.io,2026-06-21,GB
u04-004961,user4961@corp.io,2026-04-28,AU
u04-004962,user4962@mail.co.in,2026-01-12,DE
u04-004963,user4963@corp.io,2026-01-25,SG
u04-004964,user4964@example.com,2026-03-21,AU
u04-004965,user4965@example.com,2026-06-26,US
u04-004966,user4966@uni.edu,2026-04-25,SG
u04-004967,user4967@corp.io,2026-05-23,IN
u04-004968,user4968@corp.io,2026-05-19,DE
u04-004969,user4969@corp.io,2026-07-26,DE
u04-004970,user4970@uni.edu,2026-09-15,US
u04-004971,user4971@example.com,2026-04-11,DE
u04-004972,user4972@example.com,2026-06-22,SG
u04-004973,user4973@example.com,2026-08-12,SG
u04-004974,user4974@uni.edu,2026-06-16,DE
u04-004975,user4975@mail.co.in,2026-03-15,AU
u04-004976,user4976@mail.co.in,2026-09-11,SG
u04-004977,user4977@corp.io,2026-09-27,US
u04-004978,user4978@corp.io,2026-07-24,US
u04-004979,user4979@uni.edu,2026-08-17,AU
u04-004980,user4980@uni.edu,2026-03-24,IN
u04-004981,user4981@example.com,2026-08-28,SG
u04-004982,user4982@mail.co.in,2026-09-27,AU
u04-004983,user4983@mail.co.in,2026-04-20,IN
u04-004984,user4984@mail.co.in,2026-09-10,US
u04-004985,user4985@corp.io,2026-04-27,GB
u04-004986,user4986@mail.co.in,2026-04-16,US
u04-004987,user4987@example.com,2026-02-26,DE
u04-004988,user4988@example.com,2026-06-22,US
u04-004989,user4989@corp.io,2026-05-28,AU
u04-004990,user4990@example.com,2026-02-11,AU
u04-004991,user4991@example.com,2026-05-18,GB
u04-004992,user4992@corp.io,2026-02-11,DE
u04-004993,user4993@corp.io,2026-04-26,IN
u04-004994,user4994@mail.co.in,2026-07-16,US
u04-004995,user4995@uni.edu,2026-05-18,GB
u04-004996,user4996@uni.edu,2026-03-28,GB
u04-004997,user4997@example.com,2026-07-19,SG
u04-004998,user4998@mail.co.in,2026-01-28,DE
u04-004999,user4999@mail.co.in,2026-06-13,GB
