user_id,email,signup_date,country
u07-000000,user0@example.com,2026-07-16,US
u07-000001,user1@example.com,2026-02-11,GB
u07-000002,user2@corp.io,2026-05-19,US
u07-000003,user3@example.com,2026-06-28,GB
u07-000004,user4@example.com,2026-04-10,IN
u07-000005,user5@corp.io,2026-02-24,DE
u07-000006,user6@uni.edu,2026-07-18,IN
u07-000007,user7@corp.io,2026-05-23,US
u07-000008,user8@mail.co.in,2026-01-26,DE
u07-000009,user9@corp.io,2026-03-25,US
u07-000010,user10@example.com,2026-04-12,GB
u07-000011,user11@uni.edu,2026-06-10,US
u07-000012,user12@mail.co.in,2026-05-22,US
u07-000013,user13@uni.edu,2026-02-18,IN
u07-000014,user14@mail.co.in,2026-03-20,SG
u07-000015,user15@mail.co.in,2026-06-11,SG
u07-000016,user16@example.com,2026-08-24,DE
u07-000017,user17@uni.edu,2026-08-16,SG
u07-000018,user18@example.com,2026-05-28,US
u07-000019,user19@example.com,2026-09-25,GB
u07-000020,user20@corp.io,2026-05-20,AU
u07-000021,user21@corp.io,2026-03-14,GB
u07-000022,user22@example.com,2026-04-19,IN
u07-000023,user23@corp.io,2026-08-25,GB
u07-000024,user24@example.com,2026-07-22,GB
u07-000025,user25@corp.io,2026-03-15,AU
u07-000026,user26@mail.co.in,2026-07-12,DE
u07-000027,user27@mail.co.in,2026-02-27,IN
u07-000028,user28@example.com,2026-09-26,DE
u07-000029,user29@mail.co.in,2026-08-19,DE
u07-000030,user30@corp.io,2026-03-18,US
u07-000031,user31@uni.edu,2026-01-15,IN
u07-000032,user32@uni.edu,2026-09-10,US
u07-000033,user33@example.com,2026-04-20,US
u07-000034,user34@uni.edu,2026-08-11,IN
u07-000035,user35@mail.co.in,2026-01-21,SG
u07-000036,user36@mail.co.in,2026-08-11,GB
u07-000037,user37@corp.io,2026-09-20,IN
u07-000038,user38@mail.co.in,2026-02-19,IN
u07-000039,user39@mail.co.in,2026-08-20,IN
u07-000040,user40@uni.edu,2026-08-15,GB
u07-000041,user41@uni.edu,2026-01-18,GB
u07-000042,user42@corp.io,2026-09-10,US
u07-000043,user43@example.com,2026-07-10,IN
u07-000044,user44@mail.co.in,2026-08-26,IN
u07-000045,user45@uni.edu,2026-01-21,AU
u07-000046,user46@example.com,2026-09-16,GB
u07-000047,user47@example.com,2026-08-22,GB
u07-000048,user48@mail.co.in,2026-07-20,SG
u07-000049,user49@example.com,2026-07-18,US
u07-000050,user50@uni.edu,2026-01-16,DE
u07-000051,user51@corp.io,2026-04-17,DE
u07-000052,user52@corp.io,2026-05-15,AU
u07-000053,user53@example.com,2026-05-22,DE
u07-000054,user54@corp.io,2026-01-18,AU
u07-000055,user55@corp.io,2026-03-13,DE
u07-000056,user56@example.com,2026-02-20,US
u07-000057,user57@uni.edu,2026-07-18,AU
u07-000058,user58@corp.io,2026-01-12,SG
u07-000059,user59@mail.co.in,2026-05-20,AU
u07-000060,user60@example.com,2026-08-16,DE
u07-000061,user61@example.com,2026-02-25,GB
u07-000062,user62@corp.io,2026-08-24,US
u07-000063,user63@uni.edu,2026-04-28,DE
u07-000064,user64@example.com,2026-03-21,GB
u07-000065,user65@corp.io,2026-07-26,AU
u07-000066,user66@uni.edu,2026-06-28,SG
u07-000067,user67@mail.co.in,2026-01-10,DE
u07-000068,user68@uni.edu,2026-04-24,GB
u07-000069,user69@example.com,2026-07-15,AU
u07-000070,user70@uni.edu,2026-06-26,AU
u07-000071,user71@uni.edu,2026-09-21,DE
u07-000072,user72@mail.co.in,2026-09-17,SG
u07-000073,user73@corp.io,2026-09-14,GB
u07-000074,user74@mail.co.in,2026-08-20,DE
u07-000075,user75@mail.co.in,2026-07-20,DE
u07-000076,user76@corp.io,2026-07-12,US
u07-000077,user77@uni.edu,2026-08-22,IN
u07-000078,user78@uni.edu,2026-09-15,US
u07-000079,user79@corp.io,2026-07-11,GB
u07-000080,user80@corp.io,2026-07-28,DE
u07-000081,user81@mail.co.in,2026-03-28,US
u07-000082,user82@mail.co.in,2026-05-13,US
u07-000083,user83@example.com,2026-09-24,US
u07-000084,user84@mail.co.in,2026-01-11,IN
u07-000085,user85@corp.io,2026-09-24,US
u07-000086,user86@mail.co.in,2026-02-19,AU
u07-000087,user87@corp.io,2026-02-25,IN
u07-000088,user88@corp.io,2026-07-21,DE
u07-000089,user89@mail.co.in,2026-06-16,GB
u07-000090,user90@uni.edu,2026-05-15,GB
u07-000091,user91@uni.edu,2026-03-18,AU
u07-000092,user92@example.com,2026-05-21,GB
u07-000093,user93@corp.io,2026-04-13,DE
u07-000094,user94@uni.edu,2026-03-18,AU
u07-000095,user95@example.com,2026-04-15,IN
u07-000096,user96@example.com,2026-02-18,AU
u07-000097,user97@uni.edu,2026-09-14,DE
u07-000098,user98@uni.edu,2026-05-23,US
u07-000099,user99@example.com,2026-09-12,SG
u07-000100,user100@uni.edu,2026-08-24,US
u07-000101,user101@corp.io,2026-02-20,US
u07-000102,user102@uni.edu,2026-06-13,AU
u07-000103,user103@mail.co.in,2026-01-27,IN
u07-000104,user104@uni.edu,2026-07-26,DE
u07-000105,user105@example.com,2026-04-27,GB
u07-000106,user106@mail.co.in,2026-05-24,AU
u07-000107,user107@example.com,2026-05-24,SG
u07-000108,user108@corp.io,2026-03-20,DE
u07-000109,user109@corp.io,2026-09-28,DE
u07-000110,user110@example.com,2026-06-24,DE
u07-000111,user111@example.com,2026-08-13,IN
u07-000112,user112@corp.io,2026-05-19,US
u07-000113,user113@uni.edu,2026-01-17,US
u07-000114,user114@example.com,2026-03-28,SG
u07-000115,user115@example.com,2026-01-11,GB
u07-000116,user116@mail.co.in,2026-05-11,IN
u07-000117,user117@mail.co.in,2026-09-19,SG
u07-000118,user118@example.com,2026-09-13,DE
u07-000119,user119@mail.co.in,2026-04-13,AU
u07-000120,user120@mail.co.in,2026-06-10,IN
u07-000121,user121@mail.co.in,2026-03-18,AU
u07-000122,user122@example.com,2026-07-16,GB
u07-000123,user123@corp.io,2026-05-27,DE
u07-000124,user124@uni.edu,2026-05-22,DE
u07-000125,user125@corp.io,2026-09-17,GB
u07-000126,user126@example.com,2026-05-12,GB
u07-000127,user127@uni.edu,2026-01-24,AU
u07-000128,user128@mail.co.in,2026-09-25,GB
u07-000129,user129@example.com,2026-07-27,IN
u07-000130,user130@uni.edu,2026-07-12,US
u07-000131,user131@mail.co.in,2026-03-23,IN
u07-000132,user132@corp.io,2026-06-23,AU
u07-000133,user133@corp.io,2026-05-22,AU
u07-000134,user134@mail.co.in,2026-09-27,IN
u07-000135,user135@corp.io,2026-02-14,SG
u07-000136,user136@corp.io,2026-01-12,GB
u07-000137,user137@corp.io,2026-09-20,IN
u07-000138,user138@corp.io,2026-07-15,DE
u07-000139,user139@corp.io,2026-06-11,DE
u07-000140,user140@corp.io,2026-01-17,DE
u07-000141,user141@example.com,2026-05-27,AU
u07-000142,user142@example.com,2026-05-22,AU
u07-000143,user143@mail.co.in,2026-04-27,GB
u07-000144,user144@uni.edu,2026-08-18,DE
u07-000145,user145@uni.edu,2026-08-13,SG
u07-000146,user146@example.com,2026-09-19,AU
u07-000147,user147@uni.edu,2026-05-27,US
u07-000148,user148@uni.edu,2026-08-19,SG
u07-000149,user149@corp.io,2026-09-24,AU
u07-000150,user150@mail.co.in,2026-01-10,GB
u07-000151,user151@mail.co.in,2026-05-23,IN
u07-000152,user152@example.com,2026-05-23,SG
u07-000153,user153@uni.edu,2026-09-20,DE
u07-000154,user154@corp.io,2026-08-20,SG
u07-000155,user155@mail.co.in,2026-03-27,US
u07-000156,user156@mail.co.in,2026-07-12,SG
u07-000157,user157@corp.io,2026-06-26,DE
u07-000158,user158@uni.edu,2026-08-22,SG
u07-000159,user159@example.com,2026-01-27,SG
u07-000160,user160@mail.co.in,2026-06-24,IN
u07-000161,user161@example.com,2026-07-22,US
u07-000162,user162@corp.io,2026-08-14,US
u07-000163,user163@corp.io,2026-09-28,DE
u07-000164,user164@corp.io,2026-08-21,AU
u07-000165,user165@corp.io,2026-02-20,US
u07-000166,user166@corp.io,2026-04-10,DE
u07-000167,user167@uni.edu,2026-03-23,US
u07-000168,user168@mail.co.in,2026-02-11,IN
u07-000169,user169@uni.edu,2026-08-25,GB
u07-000170,user170@example.com,2026-02-27,IN
u07-000171,user171@example.com,2026-03-17,DE
u07-000172,user172@mail.co.in,2026-05-25,SG
u07-000173,user173@mail.co.in,2026-07-11,IN
u07-000174,user174@uni.edu,2026-09-27,AU
u07-000175,user175@uni.edu,2026-03-19,US
u07-000176,user176@example.com,2026-03-25,US
u07-000177,user177@uni.edu,2026-01-12,SG
u07-000178,user178@uni.edu,2026-04-12,AU
u07-000179,user179@uni.edu,2026-04-22,US
u07-000180,user180@corp.io,2026-07-16,IN
u07-000181,user181@uni.edu,2026-05-27,GB
u07-000182,user182@example.com,2026-01-11,AU
u07-000183,user183@example.com,2026-09-24,GB
u07-000184,user184@mail.co.in,2026-05-25,IN
u07-000185,user185@example.com,2026-02-27,IN
u07-000186,user186@example.com,2026-04-26,DE
u07-000187,user187@uni.edu,2026-07-15,GB
u07-000188,user188@mail.co.in,2026-03-26,GB
u07-000189,user189@uni.edu,2026-02-19,AU
u07-000190,user190@corp.io,2026-06-24,IN
u07-000191,user191@example.com,2026-01-19,GB
u07-000192,user192@example.com,2026-05-15,IN
u07-000193,user193@example.com,2026-06-25,IN
u07-000194,user194@example.com,2026-01-24,DE
u07-000195,user195@example.com,2026-04-13,US
u07-000196,user196@uni.edu,2026-05-25,DE
u07-000197,user197@uni.edu,2026-09-19,GB
u07-000198,user198@corp.io,2026-09-17,SG
u07-000199,user199@example.com,2026-05-21,SG
u07-000200,user200@example.com,2026-06-26,AU
u07-000201,user201@uni.edu,2026-01-15,AU
u07-000202,user202@uni.edu,2026-03-27,IN
u07-000203,user203@uni.edu,2026-05-15,DE
u07-000204,user204@example.com,2026-06-19,IN
u07-000205,user205@uni.edu,2026-07-13,SG
u07-000206,user206@mail.co.in,2026-08-16,SG
u07-000207,user207@uni.edu,2026-06-11,AU
u07-000208,user208@corp.io,2026-03-24,IN
u07-000209,user209@example.com,2026-08-21,SG
u07-000210,user210@corp.io,2026-02-21,AU
u07-000211,user211@mail.co.in,2026-04-13,IN
u07-000212,user212@uni.edu,2026-07-27,IN
u07-000213,user213@uni.edu,2026-08-27,AU
u07-000214,user214@corp.io,2026-03-23,AU
u07-000215,user215@example.com,2026-02-10,US
u07-000216,user216@example.com,2026-05-21,SG
u07-000217,user217@corp.io,2026-08-12,US
u07-000218,user218@corp.io,2026-04-13,IN
u07-000219,user219@uni.edu,2026-03-15,GB
u07-000220,user220@example.com,2026-05-11,IN
u07-000221,user221@uni.edu,2026-02-25,DE
u07-000222,user222@example.com,2026-08-21,GB
u07-000223,user223@mail.co.in,2026-06-19,SG
u07-000224,user224@mail.co.in,2026-03-16,DE
u07-000225,user225@corp.io,2026-05-27,IN
u07-000226,user226@mail.co.in,2026-07-16,IN
u07-000227,user227@corp.io,2026-09-28,SG
u07-000228,user228@uni.edu,2026-05-17,DE
u07-000229,user229@example.com,2026-07-20,SG
u07-000230,user230@uni.edu,2026-06-18,GB
u07-000231,user231@mail.co.in,2026-02-13,AU
u07-000232,user232@mail.co.in,2026-02-22,AU
u07-000233,user233@corp.io,2026-04-28,AU
u07-000234,user234@mail.co.in,2026-03-14,DE
u07-000235,user235@mail.co.in,2026-06-25,AU
u07-000236,user236@corp.io,2026-09-18,GB
u07-000237,user237@example.com,2026-02-23,AU
u07-000238,user238@corp.io,2026-09-15,IN
u07-000239,user239@uni.edu,2026-07-27,DE
u07-000240,user240@example.com,2026-06-20,US
u07-000241,user241@uni.edu,2026-03-15,AU
u07-000242,user242@mail.co.in,2026-02-27,GB
u07-000243,user243@mail.co.in,2026-09-14,US
u07-000244,user244@example.com,2026-02-11,GB
u07-000245,user245@example.com,2026-05-12,SG
u07-000246,user246@example.com,2026-01-10,US
u07-000247,user247@mail.co.in,2026-06-17,GB
u07-000248,user248@uni.edu,2026-06-19,SG
u07-000249,user249@uni.edu,2026-01-22,SG
u07-000250,user250@uni.edu,2026-09-26,SG
u07-000251,user251@uni.edu,2026-06-26,AU
u07-000252,user252@mail.co.in,2026-04-11,US
u07-000253,user253@corp.io,2026-03-17,DE
u07-000254,user254@example.com,2026-09-22,AU
u07-000255,user255@uni.edu,2026-01-15,IN
u07-000256,user256@mail.co.in,2026-01-20,US
u07-000257,user257@mail.co.in,2026-06-13,AU
u07-000258,user258@corp.io,2026-07-23,DE
u07-000259,user259@example.com,2026-06-23,DE
u07-000260,user260@corp.io,2026-01-21,US
u07-000261,user261@example.com,2026-04-20,GB
u07-000262,user262@corp.io,2026-06-17,DE
u07-000263,user263.mail.co.in,2026-01-19,IN
u07-000264,user264@corp.io,2026-09-28,IN
u07-000265,user265@uni.edu,2026-01-16,SG
u07-000266,user266@mail.co.in,2026-01-11,GB
u07-000267,user267@mail.co.in,,SG
u07-000268,user268@mail.co.in,2026-07-18,DE
u07-000269,user269@mail.co.in,2026-02-16,US
u07-000270,user270@example.com,2026-09-23,GB
u07-000271,user271@example.com,2026-05-15,US
u07-000272,user272@mail.co.in,2026-09-19,US
u07-000273,user273@mail.co.in,2026-08-23,AU
u07-000274,user274@uni.edu,2026-06-24,DE
u07-000275,user275@example.com,2026-09-28,US
u07-000276,user276@uni.edu,2026-05-10,SG
u07-000277,user277@mail.co.in,2026-06-26,DE
u07-000278,user278@example.com,2026-06-22,SG
u07-000279,user279@corp.io,2026-01-12,DE
u07-000280,user280@example.com,2026-04-12,IN
u07-000281,user281@corp.io,2026-05-12,DE
u07-000282,user282@uni.edu,2026-08-22,US
u07-000283,user283@example.com,2026-06-18,AU
u07-000284,user284@mail.co.in,2026-04-26,IN
u07-000285,user285@corp.io,2026-09-21,AU
u07-000286,user286@mail.co.in,2026-01-12,IN
u07-000287,user287@corp.io,2026-08-24,US
u07-000288,user288@mail.co.in,2026-08-22,US
u07-000289,user289@mail.co.in,2026-06-12,SG
u07-000290,user290@example.com,2026-01-18,SG
u07-000291,user291@example.com,2026-06-21,SG
u07-000292,user292@example.com,2026-05-28,SG
u07-000293,user293@corp.io,2026-09-23,DE
u07-000294,user294@mail.co.in,2026-04-25,US
u07-000295,user295@uni.edu,2026-06-26,US
u07-000296,user296@mail.co.in,2026-08-18,DE
u07-000297,user297@mail.co.in,2026-07-12,DE
u07-000298,user298@mail.co.in,2026-01-23,SG
u07-000299,user299@uni.edu,2026-07-18,US
u07-000300,user300@corp.io,2026-07-18,GB
u07-000301,user301@corp.io,2026-09-18,GB
u07-000302,user302@corp.io,2026-09-22,IN
u07-000303,user303@example.com,2026-06-20,SG
u07-000304,user304@example.com,2026-09-16,GB
u07-000305,user305@corp.io,2026-08-26,AU
u07-000306,user306@mail.co.in,2026-02-15,US
u07-000307,user307@corp.io,2026-07-20,US
u07-000308,user308@uni.edu,2026-07-22,DE
u07-000309,user309@uni.edu,2026-02-20,GB
u07-000310,user310@mail.co.in,2026-02-18,IN
u07-000311,user311@mail.co.in,2026-08-25,IN
u07-000312,user312@example.com,2026-06-11,AU
u07-000313,user313@uni.edu,2026-02-25,US
u07-000314,user314@mail.co.in,2026-08-22,DE
u07-000315,user315@example.com,2026-03-11,SG
u07-000316,user316@corp.io,2026-02-21,DE
u07-000317,user317@corp.io,2026-05-13,AU
u07-000318,user318@corp.io,2026-03-23,US
u07-000319,user319@corp.io,2026-04-16,IN
u07-000320,user320@corp.io,2026-09-10,AU
u07-000321,user321@mail.co.in,2026-05-14,AU
u07-000322,user322@uni.edu,2026-04-15,AU
u07-000323,user323@example.com,2026-04-14,SG
u07-000324,user324@mail.co.in,2026-03-23,US
u07-000325,user325@uni.edu,2026-03-19,AU
u07-000326,user326@corp.io,2026-08-13,DE
u07-000327,user327@uni.edu,2026-06-27,SG
u07-000328,user328@mail.co.in,2026-05-24,DE
u07-000329,user329@corp.io,2026-09-20,IN
u07-000330,user330@corp.io,2026-09-13,IN
u07-000331,user331@uni.edu,2026-02-13,DE
u07-000332,user332@uni.edu,2026-01-25,SG
u07-000333,user333@mail.co.in,2026-09-21,SG
u07-000334,user334@corp.io,2026-04-11,GB
u07-000335,user335@mail.co.in,2026-04-18,SG
u07-000336,user336@uni.edu,2026-08-10,IN
u07-000337,user337@uni.edu,2026-09-13,GB
u07-000338,user338@mail.co.in,2026-01-12,AU
u07-000339,user339@corp.io,2026-08-27,AU
u07-000340,user340@mail.co.in,2026-09-18,IN
u07-000341,user341@corp.io,2026-07-21,SG
u07-000342,user342@mail.co.in,2026-05-13,IN
u07-000343,user343@example.com,2026-01-22,AU
u07-000344,user344@corp.io,2026-03-19,AU
u07-000345,user345@corp.io,2026-09-12,US
u07-000346,user346@mail.co.in,2026-03-10,GB
u07-000347,user347@uni.edu,2026-06-13,IN
u07-000348,user348@uni.edu,2026-01-13,DE
u07-000349,user349@corp.io,2026-04-26,DE
u07-000350,user350@example.com,2026-08-15,US
u07-000351,user351@uni.edu,2026-06-20,DE
u07-000352,user352@uni.edu,2026-07-14,DE
u07-000353,user353@uni.edu,2026-04-10,SG
u07-000354,user354@example.com,2026-08-16,GB
u07-000355,user355@mail.co.in,2026-05-27,AU
u07-000356,user356@example.com,2026-01-13,SG
u07-000357,user357@example.com,2026-03-28,US
u07-000358,user358@example.com,2026-08-13,AU
u07-000359,user359@mail.co.in,2026-01-16,GB
u07-000360,user360@corp.io,2026-09-27,US
u07-000361,user361@example.com,2026-07-22,GB
u07-000362,user362@mail.co.in,2026-08-22,GB
u07-000363,user363@example.com,2026-08-23,SG
u07-000364,user364@example.com,2026-03-21,GB
u07-000365,user365@example.com,2026-06-23,AU
u07-000366,user366@uni.edu,2026-09-28,GB
u07-000367,user367@corp.io,2026-09-14,SG
u07-000368,user368@example.com,2026-05-11,US
u07-000369,user369@uni.edu,2026-07-21,AU
u07-000370,user370@mail.co.in,2026-05-12,DE
u07-000371,user371@corp.io,2026-02-12,AU
u07-000372,user372@uni.edu,2026-04-28,SG
u07-000373,user373@example.com,2026-05-25,GB
u07-000374,user374@mail.co.in,2026-08-25,DE
u07-000375,user375@example.com,2026-09-17,SG
u07-000376,user376@example.com,2026-03-27,US
u07-000377,user377@example.com,2026-05-13,US
u07-000378,user378@corp.io,2026-02-22,IN
u07-000379,user379@mail.co.in,2026-06-10,GB
u07-000380,user380@mail.co.in,2026-06-25,AU
u07-000381,user381@uni.edu,2026-02-28,AU
u07-000382,user382@mail.co.in,2026-03-25,DE
u07-000383,user383@uni.edu,2026-02-12,US
u07-000384,user384@corp.io,2026-02-23,DE
u07-000385,user385@uni.edu,2026-09-19,US
u07-000386,user386@example.com,2026-02-23,US
u07-000387,user387@example.com,2026-03-15,AU
u07-000388,user388@mail.co.in,2026-03-13,GB
u07-000389,user389@example.com,2026-06-28,US
u07-000390,user390@mail.co.in,2026-01-16,US
u07-000391,user391@corp.io,2026-06-18,AU
u07-000392,user392@uni.edu,2026-09-12,GB
u07-000393,user393@example.com,2026-04-25,GB
u07-000394,user394@corp.io,2026-07-22,GB
u07-000395,user395@mail.co.in,2026-09-21,AU
u07-000396,user396@mail.co.in,2026-05-24,SG
u07-000397,user397@example.com,2026-05-22,IN
u07-000398,user398@mail.co.in,2026-01-25,SG
u07-000399,user399@mail.co.in,2026-02-13,SG
u07-000400,user400@example.com,2026-02-17,DE
u07-000401,user401@corp.io,2026-08-19,US
u07-000402,user402@example.com,2026-01-17,IN
u07-000403,user403@uni.edu,2026-01-20,IN
u07-000404,user404@example.com,2026-08-15,GB
u07-000405,user405@example.com,2026-09-10,IN
u07-000406,user406@uni.edu,2026-02-15,IN
u07-000407,user407@mail.co.in,2026-02-10,SG
u07-000408,user408@corp.io,2026-02-26,DE
u07-000409,user409@example.com,2026-08-10,IN
u07-000410,user410@example.com,2026-01-25,US
u07-000411,user411@uni.edu,2026-07-10,GB
u07-000412,user412@corp.io,2026-04-22,DE
u07-000413,user413@uni.edu,2026-06-18,IN
u07-000414,user414@corp.io,2026-04-12,US
u07-000415,user415@corp.io,2026-01-20,US
u07-000416,user416@mail.co.in,2026-01-15,US
u07-000417,user417@corp.io,2026-01-15,AU
u07-000418,user418@corp.io,2026-05-26,GB
u07-000419,user419@corp.io,2026-02-22,AU
u07-000420,user420@uni.edu,2026-05-24,DE
u07-000421,user421@mail.co.in,2026-08-25,IN
u07-000422,user422@example.com,2026-09-10,AU
u07-000423,user423@corp.io,2026-06-17,SG
u07-000424,user424@example.com,2026-08-12,IN
u07-000425,user425@uni.edu,2026-04-12,GB
u07-000426,user426@example.com,2026-05-28,GB
u07-000427,user427@example.com,2026-03-17,GB
u07-000428,user428@uni.edu,2026-08-22,AU
u07-000429,user429@example.com,2026-02-24,IN
u07-000430,user430@example.com,2026-05-16,IN
u07-000431,user431@uni.edu,2026-02-27,SG
u07-000432,user432@corp.io,2026-03-26,DE
u07-000433,user433@corp.io,2026-04-28,SG
u07-000434,user434@mail.co.in,2026-04-26,DE
u07-000435,user435@corp.io,2026-06-24,DE
u07-000436,user436@mail.co.in,2026-03-11,SG
u07-000437,user437.uni.edu,2026-08-14,IN
u07-000438,user438@mail.co.in,2026-02-11,SG
u07-000439,user439@corp.io,2026-09-12,US
u07-000440,user440@example.com,2026-05-26,SG
u07-000441,user441@mail.co.in,2026-05-23,SG
u07-000442,user442@mail.co.in,2026-09-27,AU
u07-000443,user443@corp.io,2026-07-19,IN
u07-000444,user444@example.com,2026-06-18,AU
u07-000445,user445@uni.edu,2026-04-12,US
u07-000446,user446@corp.io,2026-06-23,SG
u07-000447,user447@example.com,2026-07-28,IN
u07-000448,user448@uni.edu,2026-08-18,GB
u07-000449,user449@example.com,2026-03-18,SG
u07-000450,user450@uni.edu,2026-05-27,DE
u07-000451,user451@corp.io,2026-03-28,SG
u07-000452,user452@corp.io,2026-09-20,SG
u07-000453,user453@corp.io,2026-07-27,GB
u07-000454,user454@mail.co.in,2026-07-17,DE
u07-000455,user455@example.com,2026-06-25,GB
u07-000456,user456@uni.edu,2026-06-24,GB
u07-000457,user457@example.com,2026-01-11,AU
u07-000458,user458@mail.co.in,2026-08-20,SG
u07-000459,user459@corp.io,2026-04-27,DE
u07-000460,user460@uni.edu,2026-02-26,AU
u07-000461,user461@mail.co.in,2026-06-10,DE
u07-000462,user462@mail.co.in,2026-06-10,US
u07-000463,user463@mail.co.in,2026-08-21,GB
u07-000464,user464@example.com,2026-01-24,SG
u07-000465,user465@corp.io.,2026-09-25,IN
u07-000466,user466@uni.edu,2026-05-11,AU
u07-000467,user467@mail.co.in,2026-07-22,DE
u07-000468,user468@mail.co.in,2026-07-22,US
u07-000469,user469@corp.io,2026-05-11,US
u07-000470,user470@corp.io,2026-04-21,SG
u07-000471,user471@example.com,2026-04-28,DE
u07-000472,user472@example.com,2026-06-11,AU
u07-000473,user473@mail.co.in,2026-03-25,DE
u07-000474,user474@example.com,2026-08-15,US
u07-000475,user475@uni.edu,2026-03-10,GB
u07-000476,user476@example.com,2026-08-21,GB
u07-000477,user477@example.com,2026-05-26,SG
u07-000478,user478@mail.co.in,2026-09-16,AU
u07-000479,user479@corp.io,2026-01-14,AU
u07-000480,user480@corp.io,2026-06-25,SG
u07-000481,user481@uni.edu,2026-08-19,US
u07-000482,user482@uni.edu,2026-04-18,GB
u07-000483,user483@corp.io,2026-09-26,IN
u07-000484,user484@mail.co.in,2026-05-16,SG
u07-000485,user485@mail.co.in,2026-04-10,AU
u07-000486,user486@corp.io,2026-03-10,DE
u07-000487,user487@mail.co.in,2026-01-25,US
u07-000488,user488@mail.co.in,2026-03-26,US
u07-000489,user489@example.com,2026-05-20,SG
u07-000490,user490@example.com,2026-04-24,AU
u07-000491,user491@mail.co.in,2026-06-21,GB
u07-000492,user492@example.com,2026-08-17,AU
u07-000493,user493@uni.edu,2026-01-13,SG
u07-000494,user494@uni.edu,2026-01-16,US
u07-000495,user495@example.com,2026-03-11,US
u07-000496,user496@mail.co.in,2026-07-12,AU
u07-000497,user497@corp.io,2026-04-10,IN
u07-000498,user498@corp.io,2026-01-21,IN
u07-000499,user499@example.com,2026-05-10,SG
u07-000500,user500@example.com,2026-01-10,GB
u07-000501,user501@uni.edu,2026-05-12,AU
u07-000502,user502@mail.co.in,2026-08-17,US
u07-000503,user503@example.com,2026-06-10,GB
u07-000504,user504@corp.io,2026-07-14,AU
u07-000505,user505@corp.io,2026-03-23,GB
u07-000506,user506@mail.co.in,2026-08-12,IN
u07-000507,user507@uni.edu,2026-08-11,AU
u07-000508,user508@mail.co.in,2026-03-21,DE
u07-000509,user509@example.com,2026-08-13,SG
u07-000510,user510@uni.edu,2026-03-17,SG
u07-000511,user511@uni.edu,2026-03-25,SG
u07-000512,user512@mail.co.in,2026-03-12,DE
u07-000513,user513@mail.co.in,2026-01-11,GB
u07-000514,user514@corp.io,2026-07-19,SG
u07-000515,user515@uni.edu,2026-04-28,AU
u07-000516,user516@mail.co.in,2026-02-13,DE
u07-000517,user517@corp.io,2026-04-17,GB
u07-000518,user518@corp.io,2026-08-12,SG
u07-000519,user519@example.com,2026-03-11,GB
u07-000520,user520@mail.co.in,2026-08-13,IN
u07-000521,user521@example.com,2026-02-12,GB
u07-000522,user522@corp.io,2026-09-19,DE
u07-000523,user523@mail.co.in,2026-06-16,US
u07-000524,user524@mail.co.in,2026-02-12,SG
u07-000525,user525@example.com,2026-01-19,IN
u07-000526,user526@uni.edu,2026-07-15,SG
u07-000527,user527@corp.io,2026-04-13,SG
u07-000528,user528@uni.edu,2026-03-19,SG
u07-000529,user529@example.com,2026-02-13,IN
u07-000530,user530@uni.edu,2026-02-17,DE
u07-000531,user531@corp.io,2026-09-15,GB
u07-000532,user532@example.com,2026-05-27,DE
u07-000533,user533@mail.co.in,2026-08-28,US
u07-000534,user534@mail.co.in,2026-08-28,AU
u07-000535,user535@uni.edu,2026-04-15,GB
u07-000536,user536@uni.edu,2026-03-10,IN
u07-000537,user537@corp.io,2026-09-16,DE
u07-000538,user538@mail.co.in,2026-06-11,SG
u07-000539,user539@mail.co.in,2026-05-25,AU
u07-000540,user540@corp.io,2026-05-22,IN
u07-000541,user541@example.com,2026-01-10,GB
u07-000542,user542@uni.edu,2026-06-18,IN
u07-000543,user543@uni.edu,2026-07-11,AU
u07-000544,user544@mail.co.in,2026-06-18,SG
u07-000545,user545@mail.co.in,2026-01-22,DE
u07-000546,user546@example.com,2026-06-27,DE
u07-000547,user547@corp.io,2026-02-19,AU
u07-000548,user548@corp.io,2026-03-15,DE
u07-000549,user549@example.com,2026-05-20,AU
u07-000550,user550@mail.co.in,2026-09-24,SG
u07-000551,user551@corp.io,2026-04-26,US
u07-000552,user552@corp.io,2026-03-24,DE
u07-000553,user553@example.com,2026-08-21,US
u07-000554,user554@uni.edu,2026-08-19,GB
u07-000555,user555@corp.io,2026-03-27,DE
u07-000556,user556@corp.io,2026-03-11,US
u07-000557,user557@mail.co.in,2026-03-17,AU
u07-000558,user558@corp.io,2026-02-27,DE
u07-000559,user559@example.com,2026-09-25,US
u07-000560,user560@mail.co.in,2026-08-15,IN
u07-000561,user561@mail.co.in,2026-04-13,AU
u07-000562,user562@uni.edu,2026-07-27,AU
u07-000563,user563@example.com,2026-06-11,IN
u07-000564,user564@mail.co.in,2026-05-15,GB
u07-000565,user565@example.com,2026-08-28,DE
u07-000566,user566@mail.co.in,2026-06-10,AU
u07-000567,user567@example.com,2026-03-28,GB
u07-000568,user568@example.com,2026-09-17,GB
u07-000569,user569@example.com,2026-09-19,GB
u07-000570,user570@mail.co.in,2026-06-13,AU
u07-000571,user571@corp.io,2026-01-19,IN
u07-000572,user572@corp.io,2026-01-19,SG
u07-000573,user573@example.com,2026-07-18,SG
u07-000574,user574@example.com,2026-08-14,SG
u07-000575,user575@example.com,2026-05-17,US
u07-000576,user576@corp.io,2026-09-26,US
u07-000577,user577@uni.edu,2026-04-11,DE
u07-000578,user578@example.com,2026-04-26,DE
u07-000579,user579@uni.edu,2026-03-28,DE
u07-000580,user580@uni.edu,2026-06-21,DE
u07-000581,user581@mail.co.in,2026-06-12,SG
u07-000582,user582@example.com,2026-08-10,IN
u07-000583,user583@corp.io,2026-03-17,GB
u07-000584,user584@corp.io,2026-02-17,IN
u07-000585,user585@corp.io,2026-04-20,AU
u07-000586,user586@mail.co.in,2026-09-13,SG
u07-000587,user587@corp.io,2026-05-13,US
u07-000588,user588@corp.io,2026-04-18,DE
u07-000589,user589@uni.edu,2026-09-10,US
u07-000590,user590@corp.io,2026-07-15,DE
u07-000591,user591@example.com,2026-01-27,SG
u07-000592,user592@mail.co.in,2026-08-12,GB
u07-000593,user593@mail.co.in,2026-01-17,IN
u07-000594,user594@mail.co.in,2026-03-13,DE
u07-000595,user595@mail.co.in,2026-08-17,IN
u07-000596,user596@example.com,2026-05-11,AU
u07-000597,user597@example.com,2026-03-21,GB
u07-000598,user598@example.com,2026-01-28,DE
u07-000599,user599@example.com,2026-08-25,US
u07-000600,user600@uni.edu,2026-03-14,US
u07-000601,user601@example.com,2026-06-23,AU
u07-000602,user602@example.com,2026-08-10,SG
u07-000603,user603@example.com,2026-03-28,US
u07-000604,user604@corp.io,2026-08-10,IN
u07-000605,user605@uni.edu,2026-09-10,IN
u07-000606,user606@corp.io,2026-09-24,US
u07-000607,user607@example.com,2026-04-16,SG
u07-000608,user608@mail.co.in,2026-01-25,DE
u07-000609,user609@uni.edu,2026-08-26,IN
u07-000610,user610@mail.co.in,2026-04-24,US
u07-000611,user611@corp.io,2026-01-11,GB
u07-000612,user612@corp.io,2026-02-12,DE
u07-000613,user613@corp.io,2026-02-21,IN
u07-000614,user614@mail.co.in,2026-02-17,US
u07-000615,user615@corp.io,2026-07-13,US
u07-000616,user616@example.com,2026-03-21,US
u07-000617,user617@mail.co.in,2026-01-22,DE
u07-000618,user618@corp.io,2026-03-13,IN
u07-000619,user619@mail.co.in,2026-04-24,US
u07-000620,user620@example.com,2026-08-11,DE
u07-000621,user621@mail.co.in,2026-09-18,AU
u07-000622,user622@example.com,2026-08-11,US
u07-000623,user623@corp.io,2026-07-21,US
u07-000624,user624@mail.co.in,2026-08-22,SG
u07-000625,user625@corp.io,2026-09-22,US
u07-000626,user626@corp.io,2026-04-12,GB
u07-000627,user627@corp.io,2026-09-13,US
u07-000628,user628@mail.co.in,2026-05-10,IN
u07-000629,user629@uni.edu,2026-06-12,AU
u07-000630,user630@example.com,2026-01-28,SG
u07-000631,user631@mail.co.in,2026-02-17,GB
u07-000632,user632@corp.io,2026-08-27,IN
u07-000633,user633@corp.io,2026-09-22,SG
u07-000634,user634@example.com,2026-08-19,US
u07-000635,user635@corp.io,2026-03-13,IN
u07-000636,user636@example.com,2026-06-18,IN
u07-000637,user637@example.com,2026-06-11,SG
u07-000638,user638@uni.edu,2026-03-20,GB
u07-000639,user639@example.com,2026-07-11,GB
u07-000640,user640@corp.io,2026-03-21,AU
u07-000641,user641@corp.io,2026-03-27,GB
u07-000642,user642@uni.edu,2026-09-25,IN
u07-000643,user643@example.com,2026-05-23,US
u07-000644,user644@mail.co.in,2026-04-23,DE
u07-000645,user645@mail.co.in,2026-03-18,AU
u07-000646,user646@mail.co.in,2026-08-13,SG
u07-000647,user647@uni.edu,2026-07-13,DE
u07-000648,user648@mail.co.in,2026-05-10,DE
u07-000649,user649@example.com,2026-05-23,GB
u07-000650,user650@corp.io,2026-08-12,AU
u07-000651,user651@corp.io,2026-08-19,IN
u07-000652,user652@example.com,2026-01-12,GB
u07-000653,user653@example.com,2026-06-12,DE
u07-000654,user654@corp.io,2026-06-11,AU
u07-000655,user655@corp.io,2026-09-10,AU
u07-000656,user656@mail.co.in,2026-09-13,US
u07-000657,user657@corp.io,2026-07-26,SG
u07-000658,user658@mail.co.in,2026-08-12,DE
u07-000659,user659@corp.io,2026-03-15,GB
u07-000660,user660@corp.io,2026-05-19,US
u07-000661,user661@example.com,2026-01-22,IN
u07-000662,user662@corp.io,2026-08-12,US
u07-000663,user663@example.com,2026-08-22,DE
u07-000664,user664@mail.co.in,2026-06-14,GB
u07-000665,user665@corp.io,2026-06-14,US
u07-000666,user666@mail.co.in,2026-02-26,IN
u07-000667,user667@uni.edu,2026-06-22,AU
u07-000668,user668@uni.edu,2026-06-23,GB
u07-000669,user669@corp.io,2026-07-19,IN
u07-000670,user670@uni.edu,2026-08-28,GB
u07-000671,user671@uni.edu,2026-04-25,GB
u07-000672,user672@mail.co.in,2026-08-23,DE
u07-000673,user673@example.com,2026-07-20,GB
u07-000674,user674@mail.co.in,2026-01-26,IN
u07-000675,user675@example.com,2026-02-15,US
u07-000676,user676@corp.io,2026-08-12,IN
u07-000677,user677@example.com,2026-05-20,DE
u07-000678,user678@example.com,2026-01-21,GB
u07-000679,user679@example.com,2026-06-26,IN
u07-000680,user680@mail.co.in,2026-09-21,GB
u07-000681,user681@uni.edu,2026-08-24,IN
u07-000682,user682@mail.co.in,2026-05-22,SG
u07-000683,user683@example.com,2026-09-22,GB
u07-000684,user684@example.com,2026-06-13,US
u07-000685,user685@uni.edu,2026-08-10,US
u07-000686,user686@uni.edu,2026-09-25,US
u07-000687,user687@uni.edu,2026-08-19,AU
u07-000688,user688@corp.io,2026-08-17,DE
u07-000689,user689@mail.co.in,2026-02-12,AU
u07-000690,user690@corp.io,2026-03-17,US
u07-000691,user691@uni.edu,2026-05-12,SG
u07-000692,user692@corp.io,2026-01-16,IN
u07-000693,user693@mail.co.in,2026-06-26,GB
u07-000694,user694@example.com,2026-01-13,SG
u07-000695,user695@mail.co.in,2026-03-14,IN
u07-000696,user696@example.com,2026-08-20,SG
u07-000697,user697@mail.co.in,2026-06-13,AU
u07-000698,user698@uni.edu,2026-07-22,SG
u07-000699,user699@corp.io,2026-08-21,SG
u07-000700,user700@example.com,2026-09-10,GB
u07-000701,user701@example.com,2026-05-15,SG
u07-000702,user702@uni.edu,2026-02-21,AU
u07-000703,user703@example.com,2026-03-26,DE
u07-000704,user704@corp.io,2026-04-16,DE
u07-000705,user705@corp.io,2026-03-17,US
u07-000706,user706@corp.io,2026-02-11,IN
u07-000707,user707@mail.co.in,2026-02-11,IN
u07-000708,user708@mail.co.in,2026-02-10,US
u07-000709,user709@example.com,2026-06-20,DE
u07-000710,user710@uni.edu,2026-02-26,SG
u07-000711,user711@mail.co.in,2026-05-25,US
u07-000712,user712@mail.co.in,2026-09-28,SG
u07-000713,user713@example.com,2026-06-20,DE
u07-000714,user714@example.com,2026-06-18,DE
u07-000715,user715@corp.io,2026-04-12,DE
u07-000716,user716@mail.co.in,2026-02-19,GB
u07-000717,user717@mail.co.in,2026-05-23,US
u07-000718,user718@mail.co.in,2026-07-10,DE
u07-000719,user719@corp.io,2026-09-21,DE
u07-000720,user720@mail.co.in,2026-06-27,DE
u07-000721,user721@uni.edu,2026-03-16,SG
u07-000722,user722@example.com,2026-06-20,GB
u07-000723,user723@example.com,2026-02-27,IN
u07-000724,user724@uni.edu,2026-05-22,IN
u07-000725,user725@uni.edu,2026-06-22,SG
u07-000726,user726@uni.edu,2026-04-16,IN
u07-000727,user727@corp.io,2026-09-15,DE
u07-000728,user728@mail.co.in,2026-07-17,US
u07-000729,user729@example.com,2026-06-26,AU
u07-000730,user730@example.com,2026-09-18,US
u07-000731,user731@corp.io,2026-07-22,US
u07-000732,user732@example.com,2026-07-13,GB
u07-000733,user733@corp.io,2026-02-24,US
u07-000734,user734@uni.edu,2026-03-23,AU
u07-000735,user735@corp.io,2026-04-14,DE
u07-000736,user736@corp.io,2026-01-28,GB
u07-000737,user737@corp.io,2026-07-20,US
u07-000738,user738@example.com,2026-06-13,GB
u07-000739,user739@corp.io,2026-02-27,DE
u07-000740,user740@corp.io,2026-08-10,AU
u07-000741,user741@corp.io,2026-01-15,DE
u07-000742,user742@example.com,2026-05-26,DE
u07-000743,user743@example.com,2026-02-11,AU
u07-000744,user744@uni.edu,2026-04-16,SG
u07-000745,user745@corp.io,2026-05-13,IN
u07-000746,user746@uni.edu,2026-09-27,DE
u07-000747,user747@mail.co.in,2026-06-14,IN
u07-000748,user748@example.com,2026-01-13,GB
u07-000749,user749@corp.io,2026-08-22,AU
u07-000750,user750@corp.io,2026-01-18,US
u07-000751,user751@mail.co.in,2026-05-26,DE
u07-000752,user752@corp.io,2026-06-20,SG
u07-000753,user753@mail.co.in,2026-07-14,IN
u07-000754,user754@uni.edu,2026-05-27,SG
u07-000755,user755@mail.co.in,2026-06-17,DE
u07-000756,user756@uni.edu,2026-03-21,DE
u07-000757,user757@uni.edu,2026-04-27,US
u07-000758,user758@corp.io,2026-01-14,GB
u07-000759,user759@mail.co.in,2026-07-20,GB
u07-000760,user760@corp.io,2026-03-28,IN
u07-000761,user761@mail.co.in,2026-07-24,DE
u07-000762,user762@example.com,2026-03-14,SG
u07-000763,user763@corp.io,2026-02-24,IN
u07-000764,user764@example.com,2026-03-15,DE
u07-000765,user765@corp.io,2026-03-16,US
u07-000766,user766@corp.io,2026-06-25,GB
u07-000767,user767@example.com,2026-07-18,SG
u07-000768,user768@corp.io,2026-01-14,SG
u07-000769,user769@example.com,2026-08-25,SG
u07-000770,user770@uni.edu,2026-04-28,US
u07-000771,user771@corp.io,2026-08-10,AU
u07-000772,user772@mail.co.in,2026-05-12,SG
u07-000773,user773@corp.io,2026-03-22,US
u07-000774,user774@example.com,2026-09-22,SG
u07-000775,user775@example.com,2026-05-17,SG
u07-000776,user776@uni.edu,2026-09-18,IN
u07-000777,user777@corp.io,2026-05-16,US
u07-000778,user778@example.com,2026-03-11,AU
u07-000779,user779@corp.io,2026-04-22,GB
u07-000780,user780@corp.io,2026-09-21,IN
u07-000781,user781@corp.io,2026-09-26,US
u07-000782,user782@uni.edu,2026-01-25,GB
u07-000783,user783@mail.co.in,2026-05-25,DE
u07-000784,user784@corp.io,2026-02-10,IN
u07-000785,user785@mail.co.in,2026-08-21,DE
u07-000786,user786@uni.edu,2026-01-16,GB
u07-000787,user787@uni.edu,2026-05-16,GB
u07-000788,user788@mail.co.in,2026-01-22,AU
u07-000789,user789@example.com,2026-09-20,AU
u07-000790,user790@corp.io,2026-04-16,US
u07-000791,user791@mail.co.in,2026-05-13,IN
u07-000792,user792@corp.io,2026-09-23,IN
u07-000793,user793@mail.co.in,2026-07-28,SG
u07-000794,user794@corp.io,2026-05-28,SG
u07-000795,user795@uni.edu,2026-03-20,DE
u07-000796,user796@uni.edu,2026-07-24,GB
u07-000797,user797@corp.io,2026-06-24,US
u07-000798,user798@corp.io,2026-06-24,AU
u07-000799,user799@uni.edu,2026-05-25,GB
u07-000800,user800@example.com,2026-07-21,AU
u07-000801,user801@example.com,2026-09-19,GB
u07-000802,user802@uni.edu,2026-03-20,AU
u07-000803,user803@mail.co.in,2026-07-19,DE
u07-000804,user804@corp.io,2026-05-13,IN
u07-000805,user805@mail.co.in,2026-05-28,DE
u07-000806,user806@corp.io,2026-01-13,SG
u07-000807,user807@uni.edu,2026-01-28,AU
u07-000808,user808@mail.co.in,2026-08-19,GB
u07-000809,user809@corp.io,2026-01-12,AU
u07-000810,user810@corp.io,2026-02-27,AU
u07-000811,user811@example.com,2026-03-19,DE
u07-000812,user812@corp.io,2026-04-18,GB
u07-000813,user813@corp.io,2026-02-24,IN
u07-000814,user814@uni.edu,2026-04-15,DE
u07-000815,user815@mail.co.in,2026-06-24,SG
u07-000816,user816@corp.io,2026-04-13,SG
u07-000817,user817@corp.io,2026-03-11,SG
u07-000818,user818@mail.co.in,2026-07-13,IN
u07-000819,user819@corp.io,2026-06-11,IN
u07-000820,user820@mail.co.in,2026-05-17,SG
u07-000821,user821@mail.co.in,2026-07-18,AU
u07-000822,user822@corp.io,2026-02-26,AU
u07-000823,user823@uni.edu,2026-02-10,US
u07-000824,user824@mail.co.in,2026-03-23,AU
u07-000825,user825@uni.edu,2026-06-10,IN
u07-000826,user826@corp.io,2026-04-12,IN
u07-000827,user827@mail.co.in,2026-03-26,GB
u07-000828,user828@uni.edu,2026-07-11,DE
u07-000829,user829@example.com,2026-01-19,GB
u07-000830,user830@mail.co.in,2026-03-10,DE
u07-000831,user831@uni.edu,2026-08-19,SG
u07-000832,user832@corp.io,2026-08-22,IN
u07-000833,user833@mail.co.in,2026-03-23,AU
u07-000834,user834@mail.co.in,2026-09-25,DE
u07-000835,user835@mail.co.in,2026-01-19,SG
u07-000836,user836@example.com,2026-01-13,US
u07-000837,user837@example.com,2026-07-17,SG
u07-000838,user838@mail.co.in,2026-05-20,SG
u07-000839,user839@corp.io,2026-03-20,GB
u07-000840,user840@corp.io,2026-08-21,DE
u07-000841,user841@corp.io,2026-01-18,US
u07-000842,user842@example.com,2026-04-25,GB
u07-000843,user843@corp.io,2026-08-20,GB
u07-000844,user844@uni.edu,2026-02-18,SG
u07-000845,user845@corp.io,2026-05-28,AU
u07-000846,user846@mail.co.in,2026-05-10,IN
u07-000847,user847@uni.edu,2026-07-10,IN
u07-000848,user848@uni.edu,2026-08-17,AU
u07-000849,user849@example.com,2026-06-14,DE
u07-000850,user850@corp.io,2026-04-18,DE
u07-000851,user851@corp.io,2026-04-23,GB
u07-000852,user852@corp.io,2026-02-18,AU
u07-000853,user853@example.com,2026-09-20,DE
u07-000854,user854@corp.io,2026-02-28,SG
u07-000855,user855@corp.io,2026-05-28,GB
u07-000856,user856@corp.io,2026-07-16,AU
u07-000857,user857@uni.edu,2026-03-28,SG
u07-000858,user858@mail.co.in,2026-08-22,AU
u07-000859,user859@uni.edu,2026-03-27,GB
u07-000860,user860@uni.edu,2026-08-12,DE
u07-000861,user861@uni.edu,2026-02-14,GB
u07-000862,user862@corp.io,2026-01-14,SG
u07-000863,user863@uni.edu,2026-06-18,SG
u07-000864,user864@corp.io,2026-02-21,DE
u07-000865,user865@mail.co.in,2026-05-21,US
u07-000866,user866@uni.edu,2026-05-22,AU
u07-000867,user867@uni.edu,2026-07-13,SG
u07-000868,user868@example.com,2026-07-12,AU
u07-000869,user869@uni.edu,2026-04-25,US
u07-000870,user870@mail.co.in,2026-02-10,IN
u07-000871,user871@mail.co.in,2026-05-21,SG
u07-000872,user872@mail.co.in,2026-06-11,US
u07-000873,user873@uni.edu,2026-01-15,DE
u07-000874,user874@example.com,2026-01-16,SG
u07-000875,user875@mail.co.in,2026-09-23,GB
u07-000876,user876@corp.io,2026-07-16,AU
u07-000877,user877@corp.io,2026-07-12,SG
u07-000878,user878@mail.co.in,2026-01-24,US
u07-000879,user879@corp.io,2026-02-18,GB
u07-000880,user880@uni.edu,2026-09-13,GB
u07-000881,user881@example.com,2026-05-21,AU
u07-000882,user882@mail.co.in,2026-06-13,GB
u07-000883,user883@example.com,2026-06-13,GB
u07-000884,user884@mail.co.in,2026-03-10,DE
u07-000885,user885@uni.edu,2026-09-25,US
u07-000886,user886@uni.edu,2026-07-23,AU
u07-000887,user887@uni.edu,2026-03-22,AU
u07-000888,user888@example.com,2026-02-14,DE
u07-000889,user889@uni.edu,2026-07-10,IN
u07-000890,user890@uni.edu,2026-03-26,DE
u07-000891,user891@corp.io,2026-04-17,GB
u07-000892,user892@example.com,2026-08-27,GB
u07-000893,user893@mail.co.in,2026-05-22,IN
u07-000894,user894@mail.co.in,2026-01-23,US
u07-000895,user895@corp.io,2026-05-23,AU
u07-000896,user896@mail.co.in,2026-06-21,DE
u07-000897,user897@example.com,2026-03-26,DE
u07-000898,user898@corp.io,2026-03-14,IN
u07-000899,user899@uni.edu,2026-05-21,AU
u07-000900,user900@example.com,2026-01-22,DE
u07-000901,user901@uni.edu,2026-09-23,GB
u07-000902,user902@uni.edu,2026-01-24,US
u07-000903,user903@example.com,2026-05-17,IN
u07-000904,user904@uni.edu,2026-08-17,IN
u07-000905,user905@example.com,2026-06-27,AU
u07-000906,user906@example.com,2026-07-23,SG
u07-000907,user907@example.com,2026-05-19,SG
u07-000908,user908@mail.co.in,2026-07-10,US
u07-000909,user909@mail.co.in,2026-07-17,GB
u07-000910,user910@mail.co.in,2026-02-13,US
u07-000911,user911@example.com,2026-04-21,DE
u07-000912,user912@example.com,2026-01-10,US
u07-000913,user913@uni.edu,2026-06-11,SG
u07-000914,user914@example.com,2026-04-14,DE
u07-000915,user915@uni.edu,2026-04-27,IN
u07-000916,user916@example.com,2026-06-16,SG
u07-000917,user917@example.com,2026-03-25,AU
u07-000918,user918@example.com,2026-01-25,DE
u07-000919,user919@mail.co.in,2026-09-23,AU
u07-000920,user920@uni.edu,2026-06-28,GB
u07-000921,user921@mail.co.in,2026-09-10,DE
u07-000922,user922@mail.co.in,2026-03-17,SG
u07-000923,user923@example.com,2026-08-12,AU
u07-000924,user924@example.com,2026-01-24,DE
u07-000925,user925@example.com,2026-09-26,GB
u07-000926,user926@uni.edu,2026-03-13,GB
u07-000927,user927@example.com,2026-02-25,US
u07-000928,user928@example.com,2026-07-28,SG
u07-000929,user929@uni.edu,2026-08-18,DE
u07-000930,user930@mail.co.in,2026-09-21,IN
u07-000931,user931@corp.io,2026-04-11,US
u07-000932,user932@corp.io,2026-07-23,IN
u07-000933,user933@uni.edu,2026-08-18,IN
u07-000934,user934@mail.co.in,2026-01-10,IN
u07-000935,user935@example.com,2026-04-20,AU
u07-000936,user936@example.com,2026-07-21,SG
u07-000937,user937@uni.edu,2026-09-25,GB
u07-000938,user938@mail.co.in,2026-04-14,AU
u07-000939,user939@uni.edu,2026-03-10,SG
u07-000940,user940@uni.edu,2026-03-20,DE
u07-000941,user941@corp.io,2026-07-15,GB
u07-000942,user942@uni.edu,2026-02-18,DE
u07-000943,user943@example.com,2026-03-26,SG
u07-000944,user944@mail.co.in,2026-01-13,SG
u07-000945,user945@corp.io,2026-05-17,AU
u07-000946,user946@corp.io,2026-02-20,AU
u07-000947,user947@corp.io,2026-02-16,GB
u07-000948,user948@example.com,2026-09-20,US
u07-000949,user949@corp.io,2026-02-27,DE
u07-000950,user950@mail.co.in,2026-09-24,SG
u07-000951,user951@corp.io,2026-02-21,SG
u07-000952,user952@uni.edu,2026-09-20,IN
u07-000953,user953@uni.edu,2026-09-11,GB
u07-000954,user954@uni.edu,2026-01-13,US
u07-000955,user955@mail.co.in,2026-03-14,GB
u07-000956,user956@uni.edu,2026-08-19,GB
u07-000957,user957@corp.io,2026-02-25,DE
u07-000958,user958@example.com,2026-02-20,GB
u07-000959,user959@mail.co.in,2026-01-12,DE
u07-000960,user960@uni.edu,2026-04-20,IN
u07-000961,user961@corp.io,2026-04-15,SG
u07-000962,user962@example.com,2026-08-14,AU
u07-000963,user963@example.com,2026-02-23,US
u07-000964,user964@mail.co.in,2026-03-20,SG
u07-000965,user965@corp.io,2026-09-11,DE
u07-000966,user966@corp.io,2026-02-20,IN
u07-000967,user967@example.com,2026-02-12,IN
u07-000968,user968@uni.edu,2026-01-22,DE
u07-000969,user969@mail.co.in,2026-07-16,GB
u07-000970,user970@uni.edu,2026-05-28,US
u07-000971,user971@corp.io,2026-01-16,GB
u07-000972,user972@corp.io,2026-06-23,US
u07-000973,user973@uni.edu,2026-02-13,AU
u07-000974,user974@example.com,2026-05-20,IN
u07-000975,user975@uni.edu,2026-02-10,IN
u07-000976,user976@example.com,2026-09-27,AU
u07-000977,user977@corp.io,2026-01-22,US
u07-000978,user978@example.com,2026-04-25,SG
u07-000979,user979@example.com,2026-07-10,IN
u07-000980,user980@mail.co.in,2026-03-23,AU
u07-000981,user981@mail.co.in,2026-08-27,DE
u07-000982,user982@uni.edu,2026-08-25,SG
u07-000983,user983@mail.co.in,2026-04-14,DE
u07-000984,user984@uni.edu,2026-06-19,DE
u07-000985,user985@example.com,2026-07-20,AU
u07-000986,user986@example.com,2026-03-17,GB
u07-000987,user987@mail.co.in,2026-07-19,SG
u07-000988,user988@uni.edu,2026-01-13,AU
u07-000989,user989@corp.io,2026-02-19,DE
u07-000990,user990@corp.io,2026-07-11,GB
u07-000991,user991@mail.co.in,2026-09-12,GB
u07-000992,user992@example.com,2026-03-19,US
u07-000993,user993@corp.io,2026-05-14,IN
u07-000994,user994@corp.io,2026-06-19,DE
u07-000995,user995@uni.edu,2026-03-20,AU
u07-000996,user996@example.com,2026-08-26,US
u07-000997,user997@example.com,2026-01-18,AU
u07-000998,user998@example.com,2026-03-10,SG
u07-000999,user999@mail.co.in,2026-05-16,SG
u07-001000,user1000@example.com,2026-09-14,US
u07-001001,user1001@uni.edu,2026-07-16,GB
u07-001002,user1002@example.com,2026-08-10,IN
u07-001003,user1003@example.com,2026-04-16,IN
u07-001004,user1004@mail.co.in,2026-07-13,DE
u07-001005,user1005@uni.edu,2026-05-16,IN
u07-001006,user1006@corp.io,2026-06-10,GB
u07-001007,user1007@corp.io,2026-05-16,SG
u07-001008,user1008@mail.co.in,2026-08-22,GB
u07-001009,user1009@example.com,2026-06-14,SG
u07-001010,user1010@uni.edu,2026-01-15,GB
u07-001011,user1011@mail.co.in,2026-04-22,US
u07-001012,user1012@uni.edu,2026-01-15,SG
u07-001013,user1013@example.com,2026-04-28,IN
u07-001014,user1014@mail.co.in,2026-09-13,GB
u07-001015,user1015@mail.co.in,2026-01-28,US
u07-001016,user1016@corp.io,2026-02-19,DE
u07-001017,user1017@uni.edu,2026-05-21,US
u07-001018,user1018@corp.io,2026-01-24,GB
u07-001019,user1019@mail.co.in,2026-09-28,AU
u07-001020,user1020@mail.co.in,2026-02-23,US
u07-001021,user1021@example.com,2026-09-16,IN
u07-001022,user1022@mail.co.in,2026-04-17,AU
u07-001023,user1023@example.com,2026-04-11,US
u07-001024,user1024@example.com,2026-08-25,IN
u07-001025,user1025@corp.io,2026-07-19,GB
u07-001026,user1026@corp.io,2026-04-10,GB
u07-001027,user1027@corp.io,2026-06-24,GB
u07-001028,user1028@example.com,2026-02-25,GB
u07-001029,user1029@mail.co.in,2026-07-17,AU
u07-001030,user1030@corp.io,2026-02-11,GB
u07-001031,user1031@example.com,2026-02-27,DE
u07-001032,user1032@uni.edu,2026-08-17,AU
u07-001033,user1033@example.com,2026-02-14,DE
u07-001034,user1034@uni.edu,2026-07-15,DE
u07-001035,user1035@uni.edu,2026-01-24,DE
u07-001036,user1036@example.com,2026-02-25,AU
u07-001037,user1037@uni.edu,2026-05-10,IN
u07-001038,user1038@mail.co.in,2026-08-12,AU
u07-001039,user1039@corp.io,2026-09-14,IN
u07-001040,user1040@mail.co.in,2026-03-18,AU
u07-001041,user1041@uni.edu,2026-05-10,AU
u07-001042,user1042@mail.co.in,2026-05-19,AU
u07-001043,user1043@corp.io,2026-01-15,US
u07-001044,user1044@example.com,2026-08-18,US
u07-001045,user1045@corp.io,2026-09-16,US
u07-001046,user1046@uni.edu,2026-09-12,US
u07-001047,user1047@uni.edu,2026-01-21,AU
u07-001048,user1048@example.com,2026-04-28,IN
u07-001049,user1049@mail.co.in,2026-06-28,IN
u07-001050,user1050@corp.io,2026-05-27,DE
u07-001051,user1051@mail.co.in,2026-07-18,SG
u07-001052,user1052@corp.io,2026-04-13,DE
u07-001053,user1053@example.com,2026-08-26,US
u07-001054,user1054@uni.edu,2026-04-13,DE
u07-001055,user1055@uni.edu,2026-07-13,US
u07-001056,user1056@uni.edu,2026-02-20,SG
u07-001057,user1057@uni.edu,2026-08-15,AU
u07-001058,user1058@corp.io,2026-06-16,SG
u07-001059,user1059@corp.io,2026-03-21,DE
u07-001060,user1060@mail.co.in,2026-05-27,GB
u07-001061,user1061@example.com,2026-05-23,GB
u07-001062,user1062@uni.edu,2026-09-23,GB
u07-001063,user1063@example.com,2026-06-16,GB
u07-001064,user1064@example.com,2026-07-11,IN
u07-001065,user1065@example.com,2026-08-14,US
u07-001066,user1066@mail.co.in,2026-04-28,GB
u07-001067,user1067@uni.edu,2026-05-28,IN
u07-001068,user1068@uni.edu,2026-08-14,IN
u07-001069,user1069@uni.edu,2026-02-14,IN
u07-001070,user1070@mail.co.in,2026-05-22,GB
u07-001071,user1071@uni.edu,2026-09-19,IN
u07-001072,user1072@corp.io,2026-08-28,SG
u07-001073,user1073@mail.co.in,2026-08-19,SG
u07-001074,user1074@uni.edu,2026-01-28,IN
u07-001075,user1075@corp.io,2026-02-21,GB
u07-001076,user1076@example.com,2026-06-10,US
u07-001077,user1077@corp.io,2026-08-10,SG
u07-001078,user1078@uni.edu,2026-03-25,SG
u07-001079,user1079@corp.io,2026-01-21,GB
u07-001080,user1080@corp.io,2026-04-20,DE
u07-001081,user1081@mail.co.in,2026-07-22,US
u07-001082,user1082@mail.co.in,2026-04-16,US
u07-001083,user1083@example.com,2026-09-21,SG
u07-001084,user1084@corp.io,2026-04-13,IN
u07-001085,user1085@uni.edu,2026-08-11,US
u07-001086,user1086@corp.io,2026-07-12,GB
u07-001087,user1087@uni.edu,2026-09-15,SG
u07-001088,user1088@example.com,2026-04-25,IN
u07-001089,user1089@mail.co.in,2026-05-19,GB
u07-001090,user1090@uni.edu,2026-02-24,SG
u07-001091,user1091@example.com,2026-08-23,DE
u07-001092,user1092@uni.edu,2026-03-18,SG
u07-001093,user1093@uni.edu,2026-01-12,US
u07-001094,user1094@example.com,2026-03-10,SG
u07-001095,user1095@mail.co.in,2026-06-25,GB
u07-001096,user1096@corp.io,2026-09-13,IN
u07-001097,user1097@example.com,2026-08-28,AU
u07-001098,user1098@example.com,2026-07-13,US
u07-001099,user1099@corp.io,2026-06-27,DE
u07-001100,user1100@example.com,2026-06-28,GB
u07-001101,user1101@corp.io,2026-07-28,SG
u07-001102,user1102@example.com,2026-05-28,DE
u07-001103,user1103@uni.edu,2026-06-23,DE
u07-001104,user1104@mail.co.in,2026-08-27,SG
u07-001105,user1105@uni.edu,2026-02-14,IN
u07-001106,user1106@mail.co.in,2026-08-27,GB
u07-001107,user1107@uni.edu,2026-04-10,DE
u07-001108,user1108@example.com,2026-03-27,GB
u07-001109,user1109@uni.edu,2026-01-27,GB
u07-001110,user1110@mail.co.in,2026-03-11,GB
u07-001111,user1111@uni.edu,2026-05-26,SG
u07-001112,user1112@example.com,2026-09-17,US
u07-001113,user1113@example.com,2026-04-24,SG
u07-001114,user1114@uni.edu,2026-04-17,IN
u07-001115,user1115@mail.co.in,2026-02-12,IN
u07-001116,user1116@mail.co.in,2026-09-27,GB
u07-001117,user1117@uni.edu,2026-05-13,US
u07-001118,user1118@corp.io,2026-04-15,SG
u07-001119,user1119@uni.edu,2026-02-28,GB
u07-001120,user1120@example.com,2026-07-14,SG
u07-001121,user1121@example.com,2026-06-27,DE
u07-001122,user1122@corp.io,2026-07-10,AU
u07-001123,user1123@example.com,2026-05-22,GB
u07-001124,user1124@uni.edu,2026-05-12,DE
u07-001125,user1125@uni.edu,2026-07-12,US
u07-001126,user1126@mail.co.in,2026-08-18,DE
u07-001127,user1127@uni.edu,2026-01-28,DE
u07-001128,user1128@mail.co.in,2026-03-10,IN
u07-001129,user1129@corp.io,2026-04-27,SG
u07-001130,user1130@uni.edu,2026-01-22,US
u07-001131,user1131@mail.co.in,2026-07-18,GB
u07-001132,user1132@uni.edu,2026-03-19,GB
u07-001133,user1133@uni.edu,2026-05-11,GB
u07-001134,user1134@example.com,2026-08-26,DE
u07-001135,user1135@example.com,2026-06-27,SG
u07-001136,user1136@mail.co.in,2026-08-12,AU
u07-001137,user1137@mail.co.in,2026-03-23,US
u07-001138,user1138@mail.co.in,2026-04-13,GB
u07-001139,user1139@mail.co.in,2026-06-22,IN
u07-001140,user1140@mail.co.in,2026-01-22,US
u07-001141,user1141@mail.co.in,2026-07-11,GB
u07-001142,user1142@example.com,2026-07-25,IN
u07-001143,user1143@uni.edu,2026-06-21,AU
u07-001144,user1144@corp.io,2026-02-11,IN
u07-001145,user1145@mail.co.in,2026-01-19,SG
u07-001146,user1146@example.com,2026-02-16,AU
u07-001147,user1147@mail.co.in,2026-01-23,SG
u07-001148,user1148@example.com,2026-07-21,SG
u07-001149,user1149@uni.edu,2026-04-15,US
u07-001150,user1150@mail.co.in,2026-06-20,AU
u07-001151,user1151@uni.edu,2026-07-21,IN
u07-001152,user1152@uni.edu,2026-03-21,US
u07-001153,user1153@example.com,2026-09-23,IN
u07-001154,user1154@corp.io,2026-06-15,DE
u07-001155,user1155@example.com,2026-08-28,IN
u07-001156,user1156@corp.io,2026-08-16,SG
u07-001157,user1157@uni.edu,2026-08-28,US
u07-001158,user1158@example.com,2026-01-20,DE
u07-001159,user1159@mail.co.in,2026-07-20,IN
u07-001160,user1160@uni.edu,2026-01-16,US
u07-001161,user1161@example.com,2026-02-24,DE
u07-001162,user1162@uni.edu,2026-01-19,US
u07-001163,user1163@corp.io,2026-03-25,IN
u07-001164,user1164@uni.edu,2026-04-27,GB
u07-001165,user1165@uni.edu,2026-06-16,US
u07-001166,user1166@uni.edu,2026-03-11,SG
u07-001167,user1167@example.com,2026-05-12,AU
u07-001168,user1168@corp.io,2026-09-13,AU
u07-001169,user1169@uni.edu,2026-09-28,IN
u07-001170,user1170@mail.co.in,2026-06-19,AU
u07-001171,user1171@example.com,2026-09-10,AU
u07-001172,user1172@example.com,2026-02-20,GB
u07-001173,user1173@mail.co.in,2026-02-19,SG
u07-001174,user1174@example.com,2026-03-23,DE
u07-001175,user1175@example.com,2026-09-19,GB
u07-001176,user1176@example.com,2026-01-21,SG
u07-001177,user1177@uni.edu,2026-03-18,GB
u07-001178,user1178@uni.edu,2026-09-25,IN
u07-001179,user1179@corp.io,2026-04-23,SG
u07-001180,user1180@mail.co.in,2026-09-12,US
u07-001181,user1181@mail.co.in,2026-05-15,DE
u07-001182,user1182@corp.io,2026-08-22,SG
u07-001183,user1183@example.com,2026-06-12,AU
u07-001184,user1184@example.com,2026-06-12,US
u07-001185,user1185@mail.co.in,2026-09-10,IN
u07-001186,user1186@mail.co.in,2026-07-12,DE
u07-001187,user1187@uni.edu,2026-07-22,DE
u07-001188,user1188@uni.edu,2026-05-28,US
u07-001189,user1189@example.com,2026-09-28,GB
u07-001190,user1190@mail.co.in,2026-01-23,US
u07-001191,user1191@mail.co.in,2026-02-24,DE
u07-001192,user1192@uni.edu,2026-02-22,US
u07-001193,user1193@uni.edu,2026-05-16,DE
u07-001194,user1194@uni.edu,2026-09-16,AU
u07-001195,user1195@example.com,2026-08-25,US
u07-001196,user1196@mail.co.in,2026-06-22,SG
u07-001197,user1197@uni.edu,2026-08-19,AU
u07-001198,user1198@example.com,2026-02-23,SG
u07-001199,user1199@corp.io,2026-02-28,SG
u07-001200,user1200@corp.io,2026-05-22,DE
u07-001201,user1201@corp.io,2026-01-25,US
u07-001202,user1202@example.com,2026-03-23,GB
u07-001203,user1203@uni.edu,2026-01-22,IN
u07-001204,user1204@example.com,2026-03-18,AU
u07-001205,user1205@mail.co.in,2026-07-10,IN
u07-001206,user1206@mail.co.in,2026-08-16,AU
u07-001207,user1207@uni.edu,2026-04-27,SG
u07-001208,user1208@uni.edu,2026-03-18,DE
u07-001209,user1209@corp.io,2026-06-25,AU
u07-001210,user1210@corp.io,2026-06-28,AU
u07-001211,user1211@example.com,2026-03-12,SG
u07-001212,user1212@example.com,2026-05-10,DE
u07-001213,user1213@mail.co.in,2026-03-13,DE
u07-001214,user1214@mail.co.in,2026-07-14,US
u07-001215,user1215@corp.io,2026-02-18,AU
u07-001216,user1216@uni.edu,2026-07-16,AU
u07-001217,user1217@example.com,2026-06-25,US
u07-001218,user1218@uni.edu,2026-07-20,SG
u07-001219,user1219@corp.io,2026-01-21,GB
u07-001220,user1220@uni.edu,2026-05-24,DE
u07-001221,user1221@corp.io,2026-03-13,IN
u07-001222,user1222@uni.edu,2026-05-25,AU
u07-001223,user1223@corp.io,2026-03-14,AU
u07-001224,user1224@example.com,2026-05-18,US
u07-001225,user1225@uni.edu,2026-09-24,US
u07-001226,user1226@corp.io,2026-09-15,IN
u07-001227,user1227@corp.io,2026-08-13,GB
u07-001228,user1228@example.com,2026-03-22,IN
u07-001229,user1229@example.com,2026-08-22,GB
u07-001230,user1230@example.com,2026-03-23,DE
u07-001231,user1231@mail.co.in,2026-08-28,DE
u07-001232,user1232@uni.edu,2026-05-11,AU
u07-001233,user1233@mail.co.in,2026-07-27,SG
u07-001234,user1234@mail.co.in,2026-01-19,AU
u07-001235,user1235@mail.co.in,2026-05-14,DE
u07-001236,user1236@mail.co.in,2026-08-11,US
u07-001237,user1237@uni.edu,2026-05-20,IN
u07-001238,user1238@example.com,2026-07-27,AU
u07-001239,user1239@corp.io,2026-03-21,US
u07-001240,user1240@corp.io,2026-08-21,GB
u07-001241,user1241@uni.edu,2026-02-26,GB
u07-001242,user1242@example.com,2026-01-23,GB
u07-001243,user1243@mail.co.in,2026-05-12,IN
u07-001244,user1244@mail.co.in,2026-05-14,GB
u07-001245,user1245@corp.io,2026-07-27,DE
u07-001246,user1246@mail.co.in,2026-07-19,US
u07-001247,user1247@example.com,2026-04-13,DE
u07-001248,user1248@corp.io,2026-01-12,GB
u07-001249,user1249@uni.edu,2026-01-10,US
u07-001250,user1250@corp.io,2026-06-24,DE
u07-001251,user1251@uni.edu,2026-03-22,AU
u07-001252,user1252@corp.io,2026-08-27,US
u07-001253,user1253@corp.io,2026-03-10,US
u07-001254,user1254@mail.co.in,2026-03-17,IN
u07-001255,user1255@mail.co.in,2026-05-15,GB
u07-001256,user1256@uni.edu,2026-04-13,DE
u07-001257,user1257@mail.co.in,2026-05-10,DE
u07-001258,user1258@corp.io,2026-01-14,US
u07-001259,user1259@example.com,2026-07-28,US
u07-001260,user1260@corp.io,2026-04-19,GB
u07-001261,user1261@uni.edu,2026-02-10,SG
u07-001262,user1262@example.com,2026-03-13,GB
u07-001263,user1263@mail.co.in,2026-06-16,US
u07-001264,user1264@uni.edu,2026-09-16,AU
u07-001265,user1265@example.com,2026-01-27,DE
u07-001266,user1266@uni.edu,2026-01-22,US
u07-001267,user1267@corp.io,2026-09-19,US
u07-001268,user1268@uni.edu,2026-04-22,GB
u07-001269,user1269@corp.io,2026-02-15,IN
u07-001270,user1270@uni.edu,2026-07-18,SG
u07-001271,user1271@corp.io,2026-06-20,US
u07-001272,user1272@example.com,2026-01-27,US
u07-001273,user1273@mail.co.in,2026-06-13,AU
u07-001274,user1274@corp.io,2026-02-11,SG
u07-001275,user1275@corp.io,2026-07-20,US
u07-001276,user1276@example.com,2026-04-22,IN
u07-001277,user1277@uni.edu,2026-02-21,AU
u07-001278,user1278@uni.edu,2026-01-11,IN
u07-001279,user1279@uni.edu,2026-01-14,GB
u07-001280,user1280@mail.co.in,2026-09-17,GB
u07-001281,user1281@uni.edu,2026-09-16,US
u07-001282,user1282@example.com,2026-03-17,AU
u07-001283,user1283@uni.edu,2026-09-27,US
u07-001284,user1284@corp.io,2026-04-14,SG
u07-001285,user1285@corp.io,2026-07-26,AU
u07-001286,user1286@mail.co.in,2026-02-17,AU
u07-001287,user1287@example.com,2026-05-18,SG
u07-001288,user1288@corp.io,2026-04-26,AU
u07-001289,user1289@corp.io,2026-08-25,GB
u07-001290,user1290@mail.co.in,2026-04-25,AU
u07-001291,user1291@mail.co.in,2026-06-10,US
u07-001292,user1292@example.com,2026-08-27,AU
u07-001293,user1293@example.com,2026-09-27,SG
u07-001294,user1294@mail.co.in,2026-05-19,US
u07-001295,user1295@uni.edu,2026-05-23,SG
u07-001296,user1296@corp.io,2026-07-10,SG
u07-001297,user1297@uni.edu,2026-06-12,DE
u07-001298,user1298@mail.co.in,2026-06-12,GB
u07-001299,user1299@example.com,2026-02-25,DE
u07-001300,user1300@corp.io,2026-08-23,SG
u07-001301,user1301@example.com,2026-08-26,IN
u07-001302,user1302@example.com,2026-06-26,DE
u07-001303,user1303@example.com,2026-05-12,AU
u07-001304,user1304@uni.edu,2026-07-13,GB
u07-001305,user1305@uni.edu,2026-08-13,GB
u07-001306,user1306@example.com,2026-08-21,US
u07-001307,user1307@mail.co.in,2026-02-13,SG
u07-001308,user1308@example.com,2026-01-18,IN
u07-001309,user1309@mail.co.in,2026-09-22,DE
u07-001310,user1310@mail.co.in,2026-09-18,IN
u07-001311,user1311@corp.io,2026-01-23,SG
u07-001312,user1312@example.com,2026-04-24,DE
u07-001313,user1313@example.com,2026-05-11,IN
u07-001314,user1314@corp.io,2026-05-20,IN
u07-001315,user1315@uni.edu,2026-09-18,GB
u07-001316,user1316@mail.co.in,2026-03-16,IN
u07-001317,user1317@uni.edu,2026-04-15,DE
u07-001318,user1318@example.com,2026-04-15,DE
u07-001319,user1319@uni.edu,2026-07-18,GB
u07-001320,user1320@corp.io,2026-04-11,SG
u07-001321,user1321@example.com,2026-06-28,DE
u07-001322,user1322@corp.io,2026-05-16,US
u07-001323,user1323@example.com,2026-03-14,SG
u07-001324,user1324@mail.co.in,2026-07-28,IN
u07-001325,user1325@uni.edu,2026-06-20,IN
u07-001326,user1326@mail.co.in,2026-09-16,AU
u07-001327,user1327@corp.io,2026-01-14,AU
u07-001328,user1328@example.com,2026-05-19,GB
u07-001329,user1329@corp.io,2026-05-13,US
u07-001330,user1330@mail.co.in,2026-09-18,AU
u07-001331,user1331@corp.io,2026-08-12,DE
u07-001332,user1332@corp.io,2026-03-12,AU
u07-001333,user1333@uni.edu,2026-03-27,GB
u07-001334,user1334@uni.edu,2026-06-26,US
u07-001335,user1335@uni.edu,2026-09-10,DE
u07-001336,user1336@mail.co.in,2026-05-18,IN
u07-001337,user1337@mail.co.in,2026-08-25,GB
u07-001338,user1338@example.com,2026-01-28,US
u07-001339,user1339@example.com,2026-05-14,US
u07-001340,user1340@example.com,2026-02-13,GB
u07-001341,user1341@uni.edu,2026-05-14,DE
u07-001342,user1342@example.com,2026-09-25,AU
u07-001343,user1343@uni.edu,2026-04-18,SG
u07-001344,user1344@mail.co.in,2026-02-22,SG
u07-001345,user1345@uni.edu,2026-08-20,IN
u07-001346,user1346@example.com,2026-02-26,DE
u07-001347,user1347@corp.io,2026-04-14,DE
u07-001348,user1348@uni.edu,2026-05-20,US
u07-001349,user1349@corp.io,2026-04-23,AU
u07-001350,user1350@corp.io,2026-01-16,IN
u07-001351,user1351@example.com,2026-08-17,US
u07-001352,user1352@corp.io,2026-01-18,DE
u07-001353,user1353@mail.co.in,2026-09-14,DE
u07-001354,user1354@corp.io,2026-06-15,AU
u07-001355,user1355@example.com,2026-05-11,SG
u07-001356,user1356@corp.io,2026-02-17,DE
u07-001357,user1357@corp.io,2026-03-27,SG
u07-001358,user1358@example.com,2026-06-24,IN
u07-001359,user1359@corp.io,2026-01-24,SG
u07-001360,user1360@mail.co.in,2026-08-20,US
u07-001361,user1361@uni.edu,2026-07-13,DE
u07-001362,user1362@example.com,2026-08-16,SG
u07-001363,user1363@example.com,2026-05-11,GB
u07-001364,user1364@mail.co.in,2026-06-13,DE
u07-001365,user1365@uni.edu,2026-03-25,SG
u07-001366,user1366@corp.io,2026-09-13,US
u07-001367,user1367@uni.edu,2026-05-28,SG
u07-001368,user1368@corp.io,2026-04-22,US
u07-001369,user1369@mail.co.in,2026-09-25,SG
u07-001370,user1370@corp.io,2026-04-13,IN
u07-001371,user1371@uni.edu,2026-09-16,DE
u07-001372,user1372@mail.co.in,2026-04-13,GB
u07-001373,user1373@corp.io,2026-03-24,DE
u07-001374,user1374@mail.co.in,2026-08-27,SG
u07-001375,user1375@mail.co.in,2026-04-11,US
u07-001376,user1376@mail.co.in,2026-05-20,US
u07-001377,user1377@corp.io,2026-07-17,AU
u07-001378,user1378@example.com,2026-02-22,US
u07-001379,user1379@uni.edu,2026-02-12,AU
u07-001380,user1380@corp.io,2026-03-10,IN
u07-001381,user1381@mail.co.in,2026-03-16,DE
u07-001382,user1382@example.com,2026-06-10,IN
u07-001383,user1383@example.com,2026-01-27,AU
u07-001384,user1384@corp.io,2026-07-23,IN
u07-001385,user1385@corp.io,2026-01-14,US
u07-001386,user1386@corp.io,2026-07-28,US
u07-001387,user1387@corp.io,2026-05-23,DE
u07-001388,user1388@mail.co.in,2026-08-27,GB
u07-001389,user1389@example.com,2026-03-14,IN
u07-001390,user1390@example.com,2026-05-11,DE
u07-001391,user1391@example.com,2026-07-11,SG
u07-001392,user1392@uni.edu,2026-04-18,SG
u07-001393,user1393@example.com,2026-01-20,IN
u07-001394,user1394@mail.co.in,2026-03-23,DE
u07-001395,user1395@corp.io,2026-07-21,DE
u07-001396,user1396@mail.co.in,2026-08-20,DE
u07-001397,user1397@uni.edu,2026-08-14,AU
u07-001398,user1398@mail.co.in,2026-05-25,SG
u07-001399,user1399@corp.io,2026-01-25,AU
u07-001400,user1400@uni.edu,2026-08-17,US
u07-001401,user1401@uni.edu,2026-05-16,DE
u07-001402,user1402@corp.io,2026-01-17,DE
u07-001403,user1403@uni.edu,2026-08-10,SG
u07-001404,user1404@corp.io,2026-04-12,AU
u07-001405,user1405@mail.co.in,2026-02-19,IN
u07-001406,user1406@example.com,2026-04-21,AU
u07-001407,user1407@mail.co.in,2026-01-22,AU
u07-001408,user1408@mail.co.in,2026-04-10,US
u07-001409,user1409@example.com,2026-05-24,DE
u07-001410,user1410@example.com,2026-07-13,US
u07-001411,user1411@mail.co.in,2026-01-22,DE
u07-001412,user1412@corp.io,2026-05-27,DE
u07-001413,user1413@mail.co.in,2026-08-13,GB
u07-001414,user1414@uni.edu,2026-03-16,AU
u07-001415,user1415@mail.co.in,2026-09-10,IN
u07-001416,user1416@example.com,2026-05-23,GB
u07-001417,user1417@example.com,2026-02-16,DE
u07-001418,user1418@uni.edu,2026-08-17,GB
u07-001419,user1419@example.com,2026-04-20,DE
u07-001420,user1420@example.com,2026-05-17,IN
u07-001421,user1421@corp.io,2026-02-19,AU
u07-001422,user1422@corp.io,2026-05-12,GB
u07-001423,user1423@mail.co.in,2026-05-28,DE
u07-001424,user1424@uni.edu,2026-01-20,AU
u07-001425,user1425.uni.edu,2026-09-18,GB
u07-001426,user1426@mail.co.in,2026-01-11,GB
u07-001427,user1427@example.com,2026-02-12,IN
u07-001428,user1428@corp.io,2026-07-21,SG
u07-001429,user1429@corp.io,2026-09-27,US
u07-001430,user1430@corp.io,2026-04-12,DE
u07-001431,user1431@corp.io,2026-07-20,DE
u07-001432,user1432@mail.co.in,2026-02-16,US
u07-001433,user1433@example.com,2026-05-22,DE
u07-001434,user1434@uni.edu,2026-08-11,US
u07-001435,user1435@uni.edu,2026-08-19,GB
u07-001436,user1436@mail.co.in,2026-09-10,DE
u07-001437,user1437@mail.co.in,2026-02-26,US
u07-001438,user1438@uni.edu,2026-09-11,AU
u07-001439,user1439@mail.co.in,2026-02-12,SG
u07-001440,user1440@example.com,2026-06-24,IN
u07-001441,user1441@example.com,2026-08-13,SG
u07-001442,user1442@uni.edu,2026-09-14,DE
u07-001443,user1443@corp.io,2026-08-16,DE
u07-001444,user1444@uni.edu,2026-07-13,IN
u07-001445,user1445@corp.io,2026-01-15,SG
u07-001446,user1446@mail.co.in,2026-04-24,IN
u07-001447,user1447@corp.io,2026-09-24,SG
u07-001448,user1448@example.com,2026-01-17,GB
u07-001449,user1449@mail.co.in,2026-04-10,SG
u07-001450,user1450@corp.io,2026-04-19,GB
u07-001451,user1451@uni.edu,2026-05-19,SG
u07-001452,user1452.uni.edu,2026-07-18,DE
u07-001453,user1453@uni.edu,2026-03-20,DE
u07-001454,user1454@corp.io,2026-02-23,AU
u07-001455,user1455@mail.co.in,2026-02-26,IN
u07-001456,user1456@mail.co.in,2026-02-15,AU
u07-001457,user1457@mail.co.in,2026-05-21,US
u07-001458,user1458@uni.edu,2026-06-15,GB
u07-001459,user1459@uni.edu,2026-02-27,AU
u07-001460,user1460@mail.co.in,2026-04-20,AU
u07-001461,user1461@mail.co.in,2026-05-28,GB
u07-001462,user1462@mail.co.in,2026-03-22,GB
u07-001463,user1463@corp.io,2026-03-21,DE
u07-001464,user1464@example.com,2026-01-15,IN
u07-001465,user1465@corp.io,2026-07-19,GB
u07-001466,user1466@example.com,2026-03-13,US
u07-001467,user1467@uni.edu,2026-03-25,GB
u07-001468,user1468@example.com,2026-05-20,SG
u07-001469,user1469@example.com,2026-01-18,IN
u07-001470,user1470@mail.co.in,2026-05-13,IN
u07-001471,user1471@example.com,2026-02-26,SG
u07-001472,user1472@example.com,2026-01-14,IN
u07-001473,user1473@example.com,2026-02-28,IN
u07-001474,user1474@example.com,2026-05-18,IN
u07-001475,user1475@uni.edu,2026-04-16,IN
u07-001476,user1476@example.com,2026-08-19,US
u07-001477,user1477@uni.edu,2026-09-18,SG
u07-001478,user1478@mail.co.in,2026-02-16,SG
u07-001479,user1479@uni.edu,2026-07-18,AU
u07-001480,user1480@uni.edu,2026-09-27,AU
u07-001481,user1481@corp.io,2026-08-24,AU
u07-001482,user1482@example.com,2026-05-28,DE
u07-001483,user1483@mail.co.in,2026-08-26,SG
u07-001484,user1484@example.com,2026-09-17,GB
u07-001485,user1485@mail.co.in,2026-07-16,IN
u07-001486,user1486@example.com,2026-08-13,AU
u07-001487,user1487@corp.io,2026-06-13,SG
u07-001488,user1488@example.com,2026-08-23,SG
u07-001489,user1489@example.com,2026-01-13,SG
u07-001490,user1490@uni.edu,2026-06-19,SG
u07-001491,user1491@corp.io,2026-04-10,DE
u07-001492,user1492@corp.io,2026-09-26,US
u07-001493,user1493@uni.edu,2026-01-22,IN
u07-001494,user1494@corp.io,2026-05-21,GB
u07-001495,user1495@example.com,2026-09-20,AU
u07-001496,user1496@corp.io,2026-09-22,US
u07-001497,user1497@corp.io,2026-02-16,US
u07-001498,user1498@corp.io,2026-05-14,DE
u07-001499,user1499@corp.io,2026-03-13,AU
u07-001500,user1500@uni.edu,2026-04-27,AU
u07-001501,user1501@uni.edu,2026-07-19,IN
u07-001502,user1502@uni.edu,2026-06-16,SG
u07-001503,user1503@corp.io,2026-07-23,SG
u07-001504,user1504@example.com,2026-02-25,DE
u07-001505,user1505@example.com,2026-04-16,DE
u07-001506,user1506@example.com,2026-09-11,SG
u07-001507,user1507@mail.co.in,2026-01-18,SG
u07-001508,user1508@uni.edu,2026-01-10,US
u07-001509,user1509@example.com,2026-07-22,GB
u07-001510,user1510@example.com,2026-08-15,IN
u07-001511,user1511@example.com,2026-08-11,AU
u07-001512,user1512@corp.io,2026-03-23,US
u07-001513,user1513@uni.edu,2026-01-25,IN
u07-001514,user1514@example.com,2026-04-26,SG
u07-001515,user1515@mail.co.in,2026-02-10,US
u07-001516,user1516@example.com,2026-08-25,DE
u07-001517,user1517@example.com,2026-04-12,GB
u07-001518,user1518@corp.io,2026-07-26,SG
u07-001519,user1519@uni.edu,2026-05-20,IN
u07-001520,user1520@corp.io,2026-08-22,AU
u07-001521,user1521@corp.io,2026-02-12,GB
u07-001522,user1522@uni.edu,2026-03-12,AU
u07-001523,user1523@example.com,2026-05-14,AU
u07-001524,user1524@uni.edu,2026-02-24,US
u07-001525,user1525@mail.co.in,2026-05-21,AU
u07-001526,user1526@uni.edu,2026-09-26,AU
u07-001527,user1527@mail.co.in,2026-07-24,SG
u07-001528,user1528@example.com,2026-09-22,US
u07-001529,user1529@example.com,2026-06-28,DE
u07-001530,user1530@uni.edu,2026-04-27,US
u07-001531,user1531@mail.co.in,2026-03-10,GB
u07-001532,user1532@corp.io,2026-07-14,IN
u07-001533,user1533@mail.co.in,2026-03-15,US
u07-001534,user1534@example.com,2026-08-13,AU
u07-001535,user1535@example.com,2026-05-18,AU
u07-001536,user1536@example.com,2026-07-15,AU
u07-001537,user1537@mail.co.in,2026-08-14,SG
u07-001538,user1538@mail.co.in,2026-04-26,AU
u07-001539,user1539@corp.io,2026-05-16,US
u07-001540,user1540@corp.io,2026-03-25,GB
u07-001541,user1541@example.com,2026-01-23,IN
u07-001542,user1542@example.com,2026-02-25,DE
u07-001543,user1543@example.com,2026-05-25,AU
u07-001544,user1544@mail.co.in,2026-04-24,GB
u07-001545,user1545@example.com,2026-07-27,IN
u07-001546,user1546@corp.io,2026-03-21,SG
u07-001547,user1547@example.com,2026-05-21,DE
u07-001548,user1548@uni.edu,2026-04-17,SG
u07-001549,user1549@mail.co.in,2026-08-16,AU
u07-001550,user1550@mail.co.in,2026-01-26,AU
u07-001551,user1551@mail.co.in,2026-02-18,IN
u07-001552,user1552@uni.edu,2026-06-28,AU
u07-001553,user1553@corp.io,2026-01-15,DE
u07-001554,user1554@mail.co.in,2026-03-20,AU
u07-001555,user1555@mail.co.in,2026-04-14,SG
u07-001556,user1556@uni.edu,2026-07-27,AU
u07-001557,user1557@example.com,2026-09-10,AU
u07-001558,user1558@uni.edu,2026-06-26,GB
u07-001559,user1559@example.com,2026-06-12,GB
u07-001560,user1560@uni.edu,2026-08-23,US
u07-001561,user1561@mail.co.in,2026-06-14,AU
u07-001562,user1562@mail.co.in,2026-02-21,IN
u07-001563,user1563@example.com,2026-05-22,AU
u07-001564,user1564@example.com,2026-05-11,GB
u07-001565,user1565@corp.io,2026-08-10,IN
u07-001566,user1566@mail.co.in,2026-01-20,IN
u07-001567,user1567@mail.co.in,2026-05-19,GB
u07-001568,user1568@example.com,2026-03-15,SG
u07-001569,user1569@mail.co.in,2026-04-23,AU
u07-001570,user1570@uni.edu,2026-05-24,AU
u07-001571,user1571@mail.co.in,2026-02-22,AU
u07-001572,user1572@mail.co.in,2026-02-14,GB
u07-001573,user1573@corp.io,2026-09-25,AU
u07-001574,user1574@example.com,2026-02-11,GB
u07-001575,user1575@uni.edu,2026-03-22,US
u07-001576,user1576@corp.io,2026-05-19,US
u07-001577,user1577@mail.co.in,2026-03-17,AU
u07-001578,user1578@example.com,2026-02-16,DE
u07-001579,user1579@example.com,2026-08-18,SG
u07-001580,user1580@uni.edu,2026-02-13,US
u07-001581,user1581@example.com,2026-06-21,DE
u07-001582,user1582@mail.co.in,2026-09-12,IN
u07-001583,user1583@mail.co.in,2026-03-12,AU
u07-001584,user1584@uni.edu,2026-09-23,AU
u07-001585,user1585@corp.io,2026-04-22,US
u07-001586,user1586@corp.io,2026-03-18,SG
u07-001587,user1587@corp.io,2026-08-24,AU
u07-001588,user1588@uni.edu,2026-09-19,IN
u07-001589,user1589@example.com,2026-07-25,AU
u07-001590,user1590@corp.io,2026-05-12,IN
u07-001591,user1591@corp.io,2026-04-27,US
u07-001592,user1592@mail.co.in,2026-08-13,SG
u07-001593,user1593@uni.edu,2026-04-16,IN
u07-001594,user1594@example.com,2026-07-18,IN
u07-001595,user1595@mail.co.in,2026-07-24,SG
u07-001596,user1596@example.com,2026-03-25,GB
u07-001597,user1597@corp.io,2026-06-27,AU
u07-001598,user1598@uni.edu,2026-05-20,GB
u07-001599,user1599@mail.co.in,2026-07-24,SG
u07-001600,user1600@corp.io,2026-03-15,IN
u07-001601,user1601@mail.co.in,2026-01-23,DE
u07-001602,user1602@uni.edu,2026-08-23,IN
u07-001603,user1603@mail.co.in,2026-06-15,SG
u07-001604,user1604@example.com,2026-08-12,DE
u07-001605,user1605@corp.io,2026-01-16,IN
u07-001606,user1606@mail.co.in,2026-04-15,IN
u07-001607,user1607@uni.edu,2026-08-15,US
u07-001608,user1608@corp.io,2026-03-26,
u07-001609,user1609@uni.edu,2026-04-27,SG
u07-001610,user1610@mail.co.in,2026-04-25,SG
u07-001611,user1611@uni.edu,2026-03-20,GB
u07-001612,user1612@uni.edu,2026-01-27,DE
u07-001613,user1613@mail.co.in,2026-07-28,IN
u07-001614,user1614@example.com,2026-03-19,SG
u07-001615,user1615@example.com,2026-09-11,SG
u07-001616,user1616@uni.edu,2026-08-16,AU
u07-001617,user1617@uni.edu,2026-04-19,GB
u07-001618,user1618@example.com,2026-02-28,GB
u07-001619,user1619@example.com,2026-06-14,AU
u07-001620,user1620@mail.co.in,2026-01-24,AU
u07-001621,user1621@uni.edu,2026-04-12,AU
u07-001622,user1622@mail.co.in,2026-06-21,DE
u07-001623,user1623@mail.co.in,2026-02-24,IN
u07-001624,user1624@example.com,2026-05-20,AU
u07-001625,user1625@corp.io,2026-02-25,SG
u07-001626,user1626@example.com,2026-08-10,GB
u07-001627,user1627@mail.co.in,2026-03-12,US
u07-001628,user1628@mail.co.in,2026-06-16,GB
u07-001629,user1629@example.com,2026-06-19,US
u07-001630,user1630@example.com,2026-07-18,DE
u07-001631,user1631@corp.io,2026-02-14,AU
u07-001632,user1632@mail.co.in,2026-09-26,SG
u07-001633,user1633@example.com,2026-08-13,GB
u07-001634,user1634@uni.edu,2026-06-24,SG
u07-001635,user1635@corp.io,2026-01-11,DE
u07-001636,user1636@corp.io,2026-03-17,DE
u07-001637,user1637@mail.co.in,2026-01-11,DE
u07-001638,user1638@example.com,2026-05-20,DE
u07-001639,user1639@mail.co.in,2026-08-10,DE
u07-001640,user1640@example.com,2026-05-19,IN
u07-001641,user1641@corp.io,2026-07-21,GB
u07-001642,user1642@uni.edu,2026-08-24,US
u07-001643,user1643@uni.edu,2026-05-12,GB
u07-001644,user1644@corp.io,2026-07-11,AU
u07-001645,user1645@mail.co.in,2026-02-21,DE
u07-001646,user1646@corp.io,2026-02-25,IN
u07-001647,user1647@mail.co.in,2026-04-28,US
u07-001648,user1648@corp.io,2026-03-19,IN
u07-001649,user1649@example.com,2026-08-13,GB
u07-001650,user1650@corp.io,2026-08-12,DE
u07-001651,user1651@mail.co.in,2026-02-13,DE
u07-001652,user1652@example.com,2026-02-22,DE
u07-001653,user1653@mail.co.in,2026-07-26,US
u07-001654,user1654@uni.edu,2026-05-19,AU
u07-001655,user1655@corp.io,2026-02-24,US
u07-001656,user1656@corp.io,2026-01-15,US
u07-001657,user1657@uni.edu,2026-05-19,US
u07-001658,user1658@uni.edu,2026-07-23,DE
u07-001659,user1659@mail.co.in,2026-02-18,US
u07-001660,user1660@mail.co.in,2026-05-16,AU
u07-001661,user1661@mail.co.in,2026-08-18,IN
u07-001662,user1662@example.com,2026-06-23,SG
u07-001663,user1663@example.com,2026-09-16,AU
u07-001664,user1664@mail.co.in,2026-07-20,IN
u07-001665,user1665@uni.edu,2026-08-24,AU
u07-001666,user1666@mail.co.in,2026-02-13,US
u07-001667,user1667@corp.io,2026-09-17,DE
u07-001668,user1668@example.com,2026-06-17,IN
u07-001669,user1669@corp.io,2026-06-12,US
u07-001670,user1670@corp.io,2026-02-12,US
u07-001671,user1671@uni.edu,2026-07-22,IN
u07-001672,user1672@example.com,2026-01-27,DE
u07-001673,user1673@example.com,2026-08-24,SG
u07-001674,user1674@corp.io,2026-06-11,US
u07-001675,user1675@example.com,2026-08-25,IN
u07-001676,user1676@corp.io,2026-03-17,US
u07-001677,user1677@example.com,2026-09-14,SG
u07-001678,user1678@uni.edu,2026-03-23,DE
u07-001679,user1679@mail.co.in,2026-09-19,DE
u07-001680,user1680@corp.io,2026-01-27,US
u07-001681,user1681@uni.edu,2026-05-11,SG
u07-001682,user1682@mail.co.in,2026-04-25,IN
u07-001683,user1683@uni.edu,2026-06-11,GB
u07-001684,user1684@uni.edu,2026-06-17,DE
u07-001685,user1685@uni.edu,2026-03-12,SG
u07-001686,user1686@uni.edu,2026-09-11,DE
u07-001687,user1687@corp.io,2026-09-24,DE
u07-001688,user1688@example.com,2026-08-27,SG
u07-001689,user1689@mail.co.in,2026-05-27,SG
u07-001690,user1690@uni.edu,2026-05-22,GB
u07-001691,user1691@corp.io,2026-06-16,AU
u07-001692,user1692@corp.io,2026-02-15,GB
u07-001693,user1693@uni.edu,2026-07-11,AU
u07-001694,user1694@uni.edu,2026-08-10,IN
u07-001695,user1695@corp.io,2026-07-15,GB
u07-001696,user1696@mail.co.in,2026-09-21,US
u07-001697,user1697@example.com,2026-09-13,DE
u07-001698,user1698@mail.co.in,2026-03-24,GB
u07-001699,user1699@uni.edu,2026-07-26,IN
u07-001700,user1700@uni.edu,2026-01-15,IN
u07-001701,user1701@example.com,2026-03-20,IN
u07-001702,user1702@uni.edu,2026-02-19,SG
u07-001703,user1703@mail.co.in,2026-02-13,AU
u07-001704,user1704@example.com,2026-03-26,IN
u07-001705,user1705@uni.edu,2026-04-17,US
u07-001706,user1706@corp.io,2026-07-28,IN
u07-001707,user1707@uni.edu,2026-02-10,GB
u07-001708,user1708@example.com,2026-09-22,AU
u07-001709,user1709@corp.io,2026-04-21,AU
u07-001710,user1710@mail.co.in,2026-06-12,AU
u07-001711,user1711@example.com,2026-06-23,SG
u07-001712,user1712@uni.edu,2026-02-21,SG
u07-001713,user1713@corp.io,2026-07-15,GB
u07-001714,user1714@uni.edu,2026-09-16,DE
u07-001715,user1715@mail.co.in,2026-04-10,US
u07-001716,user1716@uni.edu,2026-09-17,IN
u07-001717,user1717@uni.edu,2026-03-23,US
u07-001718,user1718@corp.io,2026-04-28,IN
u07-001719,user1719@corp.io,2026-04-20,SG
u07-001720,user1720@mail.co.in,2026-09-10,DE
u07-001721,user1721@example.com,2026-07-22,GB
u07-001722,user1722@mail.co.in,2026-05-27,IN
u07-001723,user1723@example.com,2026-03-18,DE
u07-001724,user1724@uni.edu,2026-06-15,IN
u07-001725,user1725@example.com,2026-05-12,US
u07-001726,user1726@mail.co.in,2026-03-24,GB
u07-001727,user1727@corp.io,2026-08-26,SG
u07-001728,user1728@corp.io,2026-07-19,GB
u07-001729,user1729@corp.io,2026-09-26,IN
u07-001730,user1730@example.com,2026-08-19,DE
u07-001731,user1731@uni.edu,2026-05-14,US
u07-001732,user1732@example.com,2026-02-25,GB
u07-001733,user1733@example.com,2026-08-17,SG
u07-001734,user1734@corp.io,2026-07-19,AU
u07-001735,user1735@uni.edu,2026-05-12,DE
u07-001736,user1736@uni.edu,2026-02-23,SG
u07-001737,user1737@uni.edu,2026-03-20,DE
u07-001738,user1738@example.com,2026-08-13,DE
u07-001739,user1739@corp.io,2026-08-23,US
u07-001740,user1740@mail.co.in,2026-04-21,SG
u07-001741,user1741@corp.io,2026-09-16,AU
u07-001742,user1742@uni.edu,2026-06-24,AU
u07-001743,user1743@uni.edu,2026-01-23,AU
u07-001744,user1744@uni.edu,2026-06-19,AU
u07-001745,user1745@mail.co.in,2026-03-15,US
u07-001746,user1746@corp.io,2026-04-25,IN
u07-001747,user1747@uni.edu,2026-03-28,AU
u07-001748,user1748@corp.io,2026-09-27,DE
u07-001749,user1749@example.com,2026-09-21,US
u07-001750,user1750@example.com,2026-02-26,AU
u07-001751,user1751@mail.co.in,2026-06-18,DE
u07-001752,user1752@corp.io,2026-05-23,IN
u07-001753,user1753@corp.io,2026-02-22,GB
u07-001754,user1754@uni.edu,2026-03-17,GB
u07-001755,user1755@mail.co.in,2026-06-18,AU
u07-001756,user1756@example.com,2026-01-10,AU
u07-001757,user1757@uni.edu,2026-07-25,DE
u07-001758,user1758@example.com,2026-06-22,GB
u07-001759,user1759@mail.co.in,2026-02-27,GB
u07-001760,user1760@example.com,2026-02-23,SG
u07-001761,user1761@example.com,2026-08-12,GB
u07-001762,user1762@mail.co.in,2026-07-25,DE
u07-001763,user1763@example.com,2026-06-17,AU
u07-001764,user1764@mail.co.in,2026-04-17,AU
u07-001765,user1765@mail.co.in,2026-04-17,SG
u07-001766,user1766@example.com,2026-03-28,US
u07-001767,user1767@corp.io,2026-02-17,SG
u07-001768,user1768@example.com,2026-04-10,DE
u07-001769,user1769@mail.co.in,2026-01-22,IN
u07-001770,user1770@mail.co.in,2026-05-22,GB
u07-001771,user1771@corp.io,2026-09-21,SG
u07-001772,user1772@uni.edu,2026-03-10,US
u07-001773,user1773@corp.io,2026-04-21,DE
u07-001774,user1774@uni.edu,2026-08-18,DE
u07-001775,user1775@example.com,2026-08-27,AU
u07-001776,user1776@uni.edu,2026-02-12,US
u07-001777,user1777@uni.edu,2026-09-28,AU
u07-001778,user1778@corp.io,2026-03-12,GB
u07-001779,user1779@uni.edu,2026-04-19,GB
u07-001780,user1780@uni.edu,2026-02-23,SG
u07-001781,user1781@corp.io,2026-08-27,SG
u07-001782,user1782@uni.edu,2026-07-15,AU
u07-001783,user1783@corp.io,2026-09-28,GB
u07-001784,user1784@uni.edu,2026-05-20,US
u07-001785,user1785@corp.io,2026-03-13,GB
u07-001786,user1786@mail.co.in,2026-09-27,IN
u07-001787,user1787@mail.co.in,2026-07-19,SG
u07-001788,user1788@corp.io,2026-02-18,US
u07-001789,user1789@uni.edu,2026-03-15,IN
u07-001790,user1790@uni.edu,2026-06-23,SG
u07-001791,user1791@mail.co.in,2026-08-25,SG
u07-001792,user1792@uni.edu,2026-01-16,SG
u07-001793,user1793@example.com,2026-07-16,AU
u07-001794,user1794@mail.co.in,2026-04-21,US
u07-001795,user1795@mail.co.in,2026-03-25,IN
u07-001796,user1796@example.com,2026-04-10,US
u07-001797,user1797@example.com,2026-04-27,AU
u07-001798,user1798@uni.edu,2026-03-15,DE
u07-001799,user1799@example.com,2026-06-18,GB
u07-001800,user1800@corp.io,2026-05-20,IN
u07-001801,user1801@corp.io,2026-07-10,SG
u07-001802,user1802@uni.edu,2026-09-28,GB
u07-001803,user1803@example.com,2026-08-22,GB
u07-001804,user1804@mail.co.in,2026-09-25,SG
u07-001805,user1805@uni.edu,2026-01-15,DE
u07-001806,user1806@mail.co.in,2026-04-27,IN
u07-001807,user1807@mail.co.in,2026-05-16,IN
u07-001808,user1808@corp.io,2026-05-23,US
u07-001809,user1809@corp.io,2026-06-13,GB
u07-001810,user1810@mail.co.in,2026-06-18,IN
u07-001811,user1811@corp.io,2026-03-12,GB
u07-001812,user1812@example.com,2026-07-17,AU
u07-001813,user1813@corp.io,2026-02-13,DE
u07-001814,user1814@corp.io,2026-04-12,GB
u07-001815,user1815@corp.io,2026-04-19,US
u07-001816,user1816@example.com,2026-03-27,IN
u07-001817,user1817@uni.edu,2026-04-12,IN
u07-001818,user1818@example.com,2026-05-23,AU
u07-001819,user1819@example.com,2026-09-28,SG
u07-001820,user1820@uni.edu,2026-09-11,DE
u07-001821,user1821@corp.io,2026-03-18,IN
u07-001822,user1822@uni.edu,2026-09-16,DE
u07-001823,user1823@mail.co.in,2026-09-27,DE
u07-001824,user1824@example.com,2026-06-12,AU
u07-001825,user1825@corp.io,2026-03-16,US
u07-001826,user1826@corp.io,2026-08-26,US
u07-001827,user1827@mail.co.in,2026-05-16,DE
u07-001828,user1828@corp.io,2026-01-11,GB
u07-001829,user1829@mail.co.in,2026-05-24,SG
u07-001830,user1830@example.com,2026-01-20,GB
u07-001831,user1831@corp.io,2026-01-26,AU
u07-001832,user1832@uni.edu,2026-01-20,US
u07-001833,user1833@uni.edu,2026-02-17,IN
u07-001834,user1834@corp.io,2026-06-13,IN
u07-001835,user1835@example.com,2026-09-11,IN
u07-001836,user1836@uni.edu,2026-09-10,SG
u07-001837,user1837@uni.edu,2026-05-28,DE
u07-001838,user1838@uni.edu,2026-09-22,SG
u07-001839,user1839@example.com,2026-02-25,US
u07-001840,user1840@corp.io,2026-01-11,IN
u07-001841,user1841@example..com,2026-01-14,GB
u07-001842,user1842@example.com,2026-04-19,DE
u07-001843,user1843@corp.io,2026-04-15,DE
u07-001844,user1844@example.com,2026-04-14,IN
u07-001845,user1845@uni.edu,2026-05-19,US
u07-001846,user1846@example.com,2026-04-16,GB
u07-001847,user1847@uni.edu,2026-04-11,SG
u07-001848,user1848@mail.co.in,2026-05-14,DE
u07-001849,user1849@uni.edu,2026-01-15,DE
u07-001850,user1850@example.com,2026-02-21,AU
u07-001851,user1851@uni.edu,2026-08-11,AU
u07-001852,user1852@mail.co.in,2026-05-13,US
u07-001853,user1853@uni.edu,2026-04-21,US
u07-001854,user1854@example.com,2026-02-27,SG
u07-001855,user1855@mail.co.in,2026-02-22,DE
u07-001856,user1856@corp.io,2026-01-24,AU
u07-001857,user1857@uni.edu,2026-04-13,SG
u07-001858,user1858@mail.co.in,2026-08-28,AU
u07-001859,user1859@corp.io,2026-05-27,GB
u07-001860,user1860@mail.co.in,2026-09-26,DE
u07-001861,user1861@uni.edu,2026-01-28,AU
u07-001862,user1862@example.com,2026-04-16,GB
u07-001863,user1863@example.com,2026-05-11,AU
u07-001864,user1864@example.com,2026-07-16,DE
u07-001865,user1865@example.com,2026-05-23,GB
u07-001866,user1866@uni.edu,2026-09-22,US
u07-001867,user1867@uni.edu,2026-07-23,GB
u07-001868,user1868@mail.co.in,2026-04-27,SG
u07-001869,user1869@mail.co.in,2026-07-13,GB
u07-001870,user1870@uni.edu,2026-08-22,SG
u07-001871,user1871@example.com,2026-01-11,IN
u07-001872,user1872@uni.edu,2026-07-15,GB
u07-001873,user1873@corp.io,2026-07-26,DE
u07-001874,user1874@example.com,2026-03-19,AU
u07-001875,user1875@corp.io,2026-02-19,US
u07-001876,user1876@mail.co.in,2026-08-25,DE
u07-001877,user1877@example.com,2026-01-20,DE
u07-001878,user1878@corp.io,2026-02-10,US
u07-001879,user1879@corp.io,2026-03-26,AU
u07-001880,user1880@example.com,2026-02-21,AU
u07-001881,user1881@corp.io,2026-03-24,US
u07-001882,user1882@example.com,2026-03-24,IN
u07-001883,user1883@uni.edu,2026-02-21,SG
u07-001884,user1884@mail.co.in,2026-05-11,IN
u07-001885,user1885@corp.io,2026-01-21,DE
u07-001886,user1886@example.com,2026-03-13,IN
u07-001887,user1887@corp.io,2026-01-13,SG
u07-001888,user1888@uni.edu,2026-07-16,GB
u07-001889,user1889@corp.io,2026-07-17,SG
u07-001890,user1890@example.com,2026-06-16,GB
u07-001891,user1891@example.com,2026-03-11,IN
u07-001892,user1892@uni.edu,2026-05-25,AU
u07-001893,user1893@mail.co.in,2026-03-24,US
u07-001894,user1894@corp.io,2026-09-16,US
u07-001895,user1895@uni.edu,2026-03-21,US
u07-001896,user1896@example.com,2026-01-21,AU
u07-001897,user1897@mail.co.in,2026-04-20,SG
u07-001898,user1898@uni.edu,2026-02-24,DE
u07-001899,user1899@uni.edu,2026-04-27,DE
u07-001900,user1900@example.com,2026-09-23,GB
u07-001901,user1901@uni.edu,2026-08-27,AU
u07-001902,user1902@uni.edu,2026-04-22,US
u07-001903,user1903@corp.io,2026-03-14,DE
u07-001904,user1904@mail.co.in,2026-01-10,AU
u07-001905,user1905@uni.edu,2026-01-22,IN
u07-001906,user1906@example.com,2026-03-25,DE
u07-001907,user1907@uni.edu,2026-03-12,AU
u07-001908,user1908@uni.edu,2026-09-26,SG
u07-001909,user1909@example.com,2026-04-26,AU
u07-001910,user1910@corp.io,2026-04-24,SG
u07-001911,user1911@uni.edu,2026-05-21,IN
u07-001912,user1912@uni.edu,2026-05-27,AU
u07-001913,user1913@uni.edu,2026-01-21,AU
u07-001914,user1914@mail.co.in,2026-08-23,US
u07-001915,user1915@uni.edu,2026-07-23,GB
u07-001916,user1916@uni.edu,2026-02-22,SG
u07-001917,user1917@example.com,2026-05-15,GB
u07-001918,user1918@corp.io,2026-08-24,US
u07-001919,user1919@mail.co.in,2026-06-17,US
u07-001920,user1920@corp.io,2026-03-16,DE
u07-001921,user1921@example.com,2026-05-27,DE
u07-001922,user1922@mail.co.in,2026-01-26,US
u07-001923,user1923@corp.io,2026-02-17,DE
u07-001924,user1924@corp.io,2026-05-25,SG
u07-001925,user1925@uni.edu,2026-01-13,US
u07-001926,user1926@uni.edu,2026-02-25,SG
u07-001927,user1927@example.com,2026-04-13,SG
u07-001928,user1928@corp.io,2026-03-19,AU
u07-001929,user1929@uni.edu,2026-04-19,DE
u07-001930,user1930@example.com,2026-03-26,GB
u07-001931,user1931@example.com,2026-03-23,IN
u07-001932,user1932@example.com,2026-07-11,IN
u07-001933,user1933@corp.io,2026-03-25,US
u07-001934,user1934@uni.edu,2026-06-22,GB
u07-001935,user1935@uni.edu,2026-03-19,GB
u07-001936,user1936@uni.edu,2026-09-26,DE
u07-001937,user1937@uni.edu,2026-09-11,IN
u07-001938,user1938@example.com,2026-01-24,US
u07-001939,user1939@uni.edu,2026-03-11,GB
u07-001940,user1940@uni.edu,2026-01-13,GB
u07-001941,user1941@example.com,2026-02-24,DE
u07-001942,user1942@uni.edu,2026-09-20,US
u07-001943,user1943@uni.edu,2026-09-20,IN
u07-001944,user1944@mail.co.in,2026-02-13,IN
u07-001945,user1945@uni.edu,2026-03-16,US
u07-001946,user1946@example.com,2026-08-11,DE
u07-001947,user1947@mail.co.in,2026-02-23,US
u07-001948,user1948@corp.io,2026-01-21,SG
u07-001949,user1949@uni.edu,2026-08-10,IN
u07-001950,user1950@corp.io,2026-09-18,SG
u07-001951,user1951@uni.edu,2026-08-17,AU
u07-001952,user1952@mail.co.in,2026-06-13,IN
u07-001953,user1953@example.com,2026-07-10,DE
u07-001954,user1954@mail.co.in,2026-01-18,SG
u07-001955,user1955@corp.io,2026-03-16,GB
u07-001956,user1956@uni.edu,2026-08-16,GB
u07-001957,user1957@corp.io,2026-05-25,AU
u07-001958,user1958@mail.co.in,2026-05-21,IN
u07-001959,user1959@corp.io,2026-05-10,DE
u07-001960,user1960@uni.edu,2026-05-12,IN
u07-001961,user1961@mail.co.in,2026-01-16,IN
u07-001962,user1962@corp.io,2026-01-27,US
u07-001963,user1963@uni.edu,2026-06-11,DE
u07-001964,user1964@mail.co.in,2026-01-19,DE
u07-001965,user1965@mail.co.in,2026-04-10,GB
u07-001966,user1966@uni.edu,2026-05-12,AU
u07-001967,user1967@corp.io,2026-05-17,DE
u07-001968,user1968@mail.co.in,2026-09-27,SG
u07-001969,user1969@uni.edu,2026-03-20,DE
u07-001970,user1970@example.com,2026-06-25,IN
u07-001971,user1971@mail.co.in,2026-08-17,IN
u07-001972,user1972@example.com,2026-06-15,IN
u07-001973,user1973@corp.io,2026-09-26,DE
u07-001974,user1974@mail.co.in,2026-05-11,AU
u07-001975,user1975@corp.io,2026-01-28,US
u07-001976,user1976@uni.edu,2026-02-20,AU
u07-001977,user1977@example.com,2026-09-12,GB
u07-001978,user1978@example.com,2026-01-18,IN
u07-001979,user1979@example.com,2026-04-28,GB
u07-001980,user1980@corp.io,2026-08-25,DE
u07-001981,user1981@example.com,2026-09-10,GB
u07-001982,user1982@example.com,2026-03-12,US
u07-001983,user1983@uni.edu,2026-04-27,DE
u07-001984,user1984@uni.edu,2026-03-27,DE
u07-001985,user1985@mail.co.in,2026-09-24,IN
u07-001986,user1986@example.com,2026-06-27,AU
u07-001987,user1987@uni.edu,2026-04-20,GB
u07-001988,user1988@uni.edu,2026-06-11,SG
u07-001989,user1989@uni.edu,2026-04-16,DE
u07-001990,user1990@mail.co.in,2026-04-16,US
u07-001991,user1991@example.com,2026-04-19,DE
u07-001992,user1992@mail.co.in,2026-06-24,GB
u07-001993,user1993@example.com,2026-01-16,GB
u07-001994,user1994@uni.edu,2026-09-11,US
u07-001995,user1995@example.com,2026-08-11,DE
u07-001996,user1996@example.com,2026-07-27,GB
u07-001997,user1997@mail.co.in,2026-08-26,GB
u07-001998,user1998@corp.io,2026-06-12,AU
u07-001999,user1999@mail.co.in,2026-09-21,IN
u07-002000,user2000@corp.io,2026-08-18,AU
u07-002001,user2001@uni.edu,2026-04-20,DE
u07-002002,user2002@mail.co.in,2026-07-14,SG
u07-002003,user2003@uni.edu,2026-03-22,AU
u07-002004,user2004@mail.co.in,2026-01-22,DE
u07-002005,user2005@uni.edu,2026-08-24,SG
u07-002006,user2006@corp.io,2026-05-24,GB
u07-002007,user2007@uni.edu,2026-02-14,GB
u07-002008,user2008@mail.co.in,2026-05-20,DE
u07-002009,user2009@uni.edu,2026-03-12,AU
u07-002010,user2010@mail.co.in,2026-04-21,AU
u07-002011,user2011@example.com,2026-05-15,GB
u07-002012,user2012@mail.co.in,2026-05-18,US
u07-002013,user2013@mail.co.in,2026-06-21,DE
u07-002014,user2014@uni.edu,2026-02-20,IN
u07-002015,user2015@corp.io,2026-05-14,GB
u07-002016,user2016@example.com,2026-03-21,GB
u07-002017,user2017@corp.io,2026-08-16,GB
u07-002018,user2018@example.com,2026-06-17,AU
u07-002019,user2019@example.com,2026-02-12,SG
u07-002020,user2020@uni.edu,2026-01-18,DE
u07-002021,user2021@corp.io,2026-08-20,GB
u07-002022,user2022@uni.edu,2026-03-26,SG
u07-002023,user2023@example.com,2026-07-23,AU
u07-002024,user2024@example.com,2026-04-24,US
u07-002025,user2025@corp.io,2026-07-20,SG
u07-002026,user2026@mail.co.in,2026-03-18,DE
u07-002027,user2027@corp.io,2026-09-12,AU
u07-002028,user2028@uni.edu,2026-05-15,US
u07-002029,user2029@example.com,2026-03-11,IN
u07-002030,user2030@example.com,2026-08-23,US
u07-002031,user2031@corp.io,2026-06-14,DE
u07-002032,user2032@example.com,2026-07-13,AU
u07-002033,user2033@example.com,2026-02-23,IN
u07-002034,user2034@uni.edu,2026-06-26,GB
u07-002035,user2035@mail.co.in,2026-01-24,DE
u07-002036,user2036@example.com,2026-01-11,SG
u07-002037,user2037@mail.co.in,2026-04-28,SG
u07-002038,user2038@mail.co.in,2026-01-15,SG
u07-002039,user2039@example.com,2026-04-21,GB
u07-002040,user2040@corp.io,2026-05-12,US
u07-002041,user2041@mail.co.in,2026-06-18,AU
u07-002042,user2042@example.com,2026-07-18,AU
u07-002043,user2043@corp.io,2026-02-10,DE
u07-002044,user2044@example.com,2026-05-23,SG
u07-002045,user2045@example.com,2026-07-24,US
u07-002046,user2046@uni.edu,2026-01-25,US
u07-002047,user2047@corp.io,2026-06-16,GB
u07-002048,user2048@corp.io,2026-05-28,DE
u07-002049,user2049@mail.co.in,2026-03-27,IN
u07-002050,user2050@uni.edu,2026-08-15,SG
u07-002051,user2051@corp.io,2026-08-17,US
u07-002052,user2052@uni.edu,2026-08-12,GB
u07-002053,user2053@example.com,2026-06-12,AU
u07-002054,user2054@mail.co.in,2026-07-28,AU
u07-002055,user2055@mail.co.in,2026-04-25,GB
u07-002056,user2056@uni.edu,2026-09-27,IN
u07-002057,user2057@uni.edu,2026-09-12,DE
u07-002058,user2058@corp.io,2026-08-24,US
u07-002059,user2059@corp.io,2026-07-14,DE
u07-002060,user2060@uni.edu,2026-07-18,DE
u07-002061,user2061@uni.edu,2026-02-25,AU
u07-002062,user2062@uni.edu,2026-06-13,SG
u07-002063,user2063@mail.co.in,2026-09-25,US
u07-002064,user2064@example.com,2026-01-10,AU
u07-002065,user2065@mail.co.in,2026-07-22,SG
u07-002066,user2066@corp.io,2026-06-10,SG
u07-002067,user2067@corp.io,2026-07-19,AU
u07-002068,user2068@example.com,2026-01-18,SG
u07-002069,user2069@mail.co.in,2026-02-28,GB
u07-002070,user2070@corp.io,2026-02-28,GB
u07-002071,user2071@corp.io,2026-02-19,DE
u07-002072,user2072@corp.io,2026-03-17,AU
u07-002073,user2073@uni.edu,2026-05-19,SG
u07-002074,user2074@corp.io,2026-02-12,AU
u07-002075,user2075@example.com,2026-09-17,IN
u07-002076,user2076@corp.io,2026-05-27,IN
u07-002077,user2077@mail.co.in,2026-05-18,SG
u07-002078,user2078@example.com,2026-03-22,SG
u07-002079,user2079@mail.co.in,2026-09-28,SG
u07-002080,user2080@mail.co.in,2026-06-27,DE
u07-002081,user2081@uni.edu,2026-06-20,US
u07-002082,user2082@uni.edu,2026-08-21,US
u07-002083,user2083@example.com,2026-09-25,US
u07-002084,user2084@mail.co.in,2026-07-26,IN
u07-002085,user2085@example.com,2026-07-11,GB
u07-002086,user2086@mail.co.in,2026-05-16,AU
u07-002087,user2087@uni.edu,2026-03-23,US
u07-002088,user2088@example.com,2026-03-28,GB
u07-002089,user2089@uni.edu,2026-04-28,AU
u07-002090,user2090@mail.co.in,2026-02-16,GB
u07-002091,user2091@mail.co.in,2026-08-17,IN
u07-002092,user2092@uni.edu,2026-02-25,AU
u07-002093,user2093@uni.edu,2026-07-28,AU
u07-002094,user2094@corp.io,2026-05-14,IN
u07-002095,user2095@corp.io,2026-08-12,IN
u07-002096,user2096@example.com,2026-02-18,GB
u07-002097,user2097@corp.io,2026-09-22,GB
u07-002098,user2098@mail.co.in,2026-09-16,SG
u07-002099,user2099@mail.co.in,2026-06-17,IN
u07-002100,user2100@mail.co.in,2026-06-12,GB
u07-002101,user2101@mail.co.in,2026-09-23,AU
u07-002102,user2102@mail.co.in,2026-07-16,SG
u07-002103,user2103@mail.co.in,2026-09-27,AU
u07-002104,user2104@example.com,2026-07-22,GB
u07-002105,user2105@corp.io,2026-04-23,GB
u07-002106,user2106@mail.co.in,2026-08-10,AU
u07-002107,user2107@mail.co.in,2026-09-18,IN
u07-002108,user2108@uni.edu,2026-07-10,IN
u07-002109,user2109@uni.edu,2026-07-12,SG
u07-002110,user2110@uni.edu,2026-08-26,IN
u07-002111,user2111@uni.edu,2026-01-24,GB
u07-002112,user2112@uni.edu,2026-07-26,GB
u07-002113,user2113@uni.edu,2026-01-16,IN
u07-002114,user2114@mail.co.in,2026-01-12,SG
u07-002115,user2115@corp.io,2026-02-19,DE
u07-002116,user2116@corp.io,2026-09-16,DE
u07-002117,user2117@uni.edu,2026-05-12,AU
u07-002118,user2118@mail.co.in,2026-03-23,US
u07-002119,user2119@uni.edu,2026-06-14,GB
u07-002120,user2120@example.com,2026-08-16,AU
u07-002121,user2121@uni.edu,2026-04-24,US
u07-002122,user2122@uni.edu,2026-01-19,GB
u07-002123,user2123@example.com,2026-07-21,SG
u07-002124,user2124@corp.io,2026-01-16,DE
u07-002125,user2125@example.com,2026-06-27,IN
u07-002126,user2126@mail.co.in,2026-02-28,US
u07-002127,user2127@corp.io,2026-08-13,IN
u07-002128,user2128@mail.co.in,2026-03-17,SG
u07-002129,user2129@mail.co.in,2026-06-27,GB
u07-002130,user2130@uni.edu,2026-02-23,SG
u07-002131,user2131@uni.edu,2026-09-21,AU
u07-002132,user2132@mail.co.in,2026-05-19,DE
u07-002133,user2133@mail.co.in,2026-07-20,SG
u07-002134,user2134@corp.io,2026-08-13,US
u07-002135,user2135@mail.co.in,2026-04-25,GB
u07-002136,user2136@corp.io,2026-09-10,SG
u07-002137,user2137@uni.edu,2026-06-15,DE
u07-002138,user2138@example.com,2026-09-27,US
u07-002139,user2139@uni.edu,2026-09-15,SG
u07-002140,user2140@corp.io,2026-06-11,US
u07-002141,user2141@example.com,2026-02-24,DE
u07-002142,user2142@example.com,2026-04-26,SG
u07-002143,user2143@example.com,2026-01-11,GB
u07-002144,user2144@corp.io,2026-03-24,IN
u07-002145,user2145@corp.io,2026-03-12,GB
u07-002146,user2146@example.com,2026-03-10,SG
u07-002147,user2147@mail.co.in,2026-06-20,US
u07-002148,user2148@example.com,2026-03-24,AU
u07-002149,user2149@mail.co.in,2026-06-17,IN
u07-002150,user2150@corp.io,2026-01-10,DE
u07-002151,user2151@uni.edu,2026-03-12,US
u07-002152,user2152@example.com,2026-08-16,SG
u07-002153,user2153@example.com,2026-01-16,GB
u07-002154,user2154@corp.io,2026-01-12,GB
u07-002155,user2155@uni.edu,2026-06-28,SG
u07-002156,user2156@example.com,2026-08-20,SG
u07-002157,user2157@corp.io,2026-06-13,DE
u07-002158,user2158@uni.edu,2026-07-16,GB
u07-002159,user2159@corp.io,2026-01-11,DE
u07-002160,user2160@uni.edu,2026-07-19,DE
u07-002161,user2161@mail.co.in,2026-09-18,DE
u07-002162,user2162@mail.co.in,2026-01-22,SG
u07-002163,user2163@mail.co.in,2026-07-25,US
u07-002164,user2164@mail.co.in,2026-09-11,US
u07-002165,user2165@example.com,2026-05-10,AU
u07-002166,user2166@mail.co.in,2026-09-27,US
u07-002167,user2167@mail.co.in,2026-02-21,SG
u07-002168,user2168@corp.io,2026-03-27,IN
u07-002169,user2169@mail.co.in,2026-04-14,GB
u07-002170,user2170@uni.edu,2026-05-26,US
u07-002171,user2171@corp.io,2026-02-24,SG
u07-002172,user2172@corp.io,2026-07-18,SG
u07-002173,user2173@uni.edu,2026-03-25,GB
u07-002174,user2174@example.com,2026-02-14,SG
u07-002175,user2175@example.com,2026-02-25,GB
u07-002176,user2176@uni.edu,2026-03-25,IN
u07-002177,user2177@corp.io,2026-03-21,DE
u07-002178,user2178@uni.edu,2026-01-16,US
u07-002179,user2179@uni.edu,2026-08-24,SG
u07-002180,user2180@example.com,2026-05-20,SG
u07-002181,user2181@example.com,2026-01-16,SG
u07-002182,user2182@corp.io,2026-06-10,IN
u07-002183,user2183@example.com,2026-03-16,US
u07-002184,user2184@mail.co.in,2026-06-13,IN
u07-002185,user2185@corp.io,2026-02-13,IN
u07-002186,user2186@example.com,2026-04-27,US
u07-002187,user2187@uni.edu,2026-02-19,US
u07-002188,user2188@corp.io,2026-04-19,AU
u07-002189,user2189@corp.io,2026-09-18,AU
u07-002190,user2190@uni.edu,2026-06-27,IN
u07-002191,user2191@uni.edu,2026-09-23,US
u07-002192,user2192@corp.io,2026-05-17,GB
u07-002193,user2193@uni.edu,2026-07-23,IN
u07-002194,user2194@example.com,2026-02-10,GB
u07-002195,user2195@example.com,2026-06-11,DE
u07-002196,user2196@corp.io,2026-02-16,US
u07-002197,user2197@example.com,2026-04-12,AU
u07-002198,user2198@uni.edu,2026-02-23,AU
u07-002199,user2199@corp.io,2026-06-23,IN
u07-002200,user2200@corp.io,2026-06-16,AU
u07-002201,user2201@uni.edu,2026-02-17,SG
u07-002202,user2202@uni.edu,2026-08-23,IN
u07-002203,user2203@mail.co.in,2026-03-26,AU
u07-002204,user2204@mail.co.in,2026-08-10,US
u07-002205,user2205@corp.io,2026-09-20,AU
u07-002206,user2206@corp.io,2026-01-10,SG
u07-002207,user2207@corp.io,2026-08-19,IN
u07-002208,user2208@example.com,2026-06-17,DE
u07-002209,user2209@corp.io,2026-02-20,GB
u07-002210,user2210@corp.io,2026-06-24,US
u07-002211,user2211@uni.edu,2026-02-13,SG
u07-002212,user2212@example.com,2026-09-28,GB
u07-002213,user2213@uni.edu,2026-06-11,AU
u07-002214,user2214@mail.co.in,2026-03-18,SG
u07-002215,user2215@corp.io,2026-07-26,US
u07-002216,user2216@corp.io,2026-09-11,AU
u07-002217,user2217@corp.io,2026-07-20,DE
u07-002218,user2218@uni.edu,2026-08-25,DE
u07-002219,user2219@uni.edu,2026-04-28,US
u07-002220,user2220@corp.io,2026-09-28,AU
u07-002221,user2221@corp.io,2026-01-11,AU
u07-002222,user2222@example.com,2026-04-15,AU
u07-002223,user2223@example.com,2026-09-22,AU
u07-002224,user2224@example.com,2026-08-19,IN
u07-002225,user2225@corp.io,2026-05-13,AU
u07-002226,user2226@mail.co.in,2026-06-22,SG
u07-002227,user2227@mail.co.in,2026-01-16,SG
u07-002228,user2228@corp.io,2026-02-10,AU
u07-002229,user2229@example.com,2026-08-11,DE
u07-002230,user2230@corp.io,2026-03-28,DE
u07-002231,user2231@example.com,2026-01-25,US
u07-002232,user2232@mail.co.in,2026-03-18,SG
u07-002233,user2233@mail.co.in,2026-02-11,DE
u07-002234,user2234@mail.co.in,2026-05-21,GB
u07-002235,user2235@corp.io,2026-03-18,DE
u07-002236,user2236@example.com,2026-09-14,DE
u07-002237,user2237@corp.io,2026-05-14,AU
u07-002238,user2238@mail.co.in,2026-05-14,SG
u07-002239,user2239@example.com,2026-03-11,AU
u07-002240,user2240@uni.edu,2026-04-28,IN
u07-002241,user2241@example.com,2026-04-27,AU
u07-002242,user2242@mail.co.in,2026-04-14,AU
u07-002243,user2243@uni.edu,2026-05-10,SG
u07-002244,user2244@example.com,2026-06-17,SG
u07-002245,user2245@corp.io,2026-05-15,DE
u07-002246,user2246@corp.io,2026-02-12,IN
u07-002247,user2247@corp.io,2026-09-25,GB
u07-002248,user2248@mail.co.in,2026-06-24,IN
u07-002249,user2249@corp.io,2026-03-20,DE
u07-002250,user2250@uni.edu,2026-03-16,US
u07-002251,user2251@uni.edu,2026-02-14,IN
u07-002252,user2252@mail.co.in,2026-01-15,GB
u07-002253,user2253@mail.co.in,2026-03-23,SG
u07-002254,user2254@uni.edu,2026-08-14,DE
u07-002255,user2255@corp.io,2026-03-22,SG
u07-002256,user2256@mail.co.in,2026-09-10,GB
u07-002257,user2257@example.com,2026-07-21,IN
u07-002258,user2258@example.com,2026-04-22,SG
u07-002259,user2259@corp.io,2026-06-13,SG
u07-002260,user2260@corp.io,2026-09-20,GB
u07-002261,user2261@example.com,2026-07-13,GB
u07-002262,user2262@corp.io,2026-02-18,GB
u07-002263,user2263@mail.co.in,2026-05-24,SG
u07-002264,user2264@example.com,2026-05-16,DE
u07-002265,user2265@mail.co.in,2026-03-19,US
u07-002266,user2266@mail.co.in,2026-02-23,GB
u07-002267,user2267@example.com,2026-01-18,GB
u07-002268,user2268@uni.edu,2026-01-13,GB
u07-002269,user2269@example.com,2026-09-28,GB
u07-002270,user2270@corp.io,2026-06-26,US
u07-002271,user2271@uni.edu,2026-01-19,SG
u07-002272,user2272@corp.io,2026-06-19,US
u07-002273,user2273@mail.co.in,2026-03-25,GB
u07-002274,user2274@uni.edu,2026-01-22,AU
u07-002275,user2275@mail.co.in,2026-07-10,IN
u07-002276,user2276@uni.edu,2026-04-27,US
u07-002277,user2277@corp.io,2026-04-19,AU
u07-002278,user2278@example.com,2026-01-23,DE
u07-002279,user2279@example.com,2026-07-15,DE
u07-002280,user2280@uni.edu,2026-06-10,GB
u07-002281,user2281@mail.co.in,2026-08-25,GB
u07-002282,user2282@uni.edu,2026-05-25,DE
u07-002283,user2283@example.com,2026-02-25,SG
u07-002284,user2284@example.com,2026-09-23,SG
u07-002285,user2285@corp.io,2026-04-19,SG
u07-002286,user2286@uni.edu,2026-03-17,US
u07-002287,user2287@corp.io,2026-08-26,AU
u07-002288,user2288@uni.edu,2026-02-20,SG
u07-002289,user2289@uni.edu,2026-02-17,GB
u07-002290,user2290@mail.co.in,2026-07-21,DE
u07-002291,user2291@corp.io,2026-05-25,AU
u07-002292,user2292@corp.io,2026-01-16,IN
u07-002293,user2293@example.com,2026-02-10,IN
u07-002294,user2294@uni.edu,2026-01-25,DE
u07-002295,user2295@example.com,2026-07-23,GB
u07-002296,user2296@mail.co.in,2026-01-10,GB
u07-002297,user2297@example.com,2026-02-26,GB
u07-002298,user2298@corp.io,2026-09-28,US
u07-002299,user2299@uni.edu,2026-07-21,US
u07-002300,user2300@example.com,2026-05-25,AU
u07-002301,user2301@corp.io,2026-09-26,US
u07-002302,user2302@uni.edu,2026-05-26,GB
u07-002303,user2303@corp.io,2026-02-11,US
u07-002304,user2304@example.com,2026-08-27,SG
u07-002305,user2305@mail.co.in,2026-05-10,DE
u07-002306,user2306@mail.co.in,2026-07-14,SG
u07-002307,user2307@corp.io,2026-03-14,US
u07-002308,user2308@uni.edu,2026-03-21,DE
u07-002309,user2309@example.com,2026-08-25,DE
u07-002310,user2310@corp.io,2026-04-27,SG
u07-002311,user2311@corp.io,2026-08-21,DE
u07-002312,user2312@example.com,2026-04-15,SG
u07-002313,user2313@uni.edu,2026-05-11,US
u07-002314,user2314@example.com,2026-03-22,DE
u07-002315,user2315@uni.edu,2026-03-14,US
u07-002316,user2316@uni.edu,2026-02-18,GB
u07-002317,user2317@mail.co.in,2026-04-14,SG
u07-002318,user2318@corp.io,2026-09-22,DE
u07-002319,user2319@example.com,2026-09-26,IN
u07-002320,user2320@corp.io,2026-02-17,DE
u07-002321,user2321@example.com.,2026-09-15,SG
u07-002322,user2322@example.com,2026-05-20,DE
u07-002323,user2323@corp.io,2026-03-26,AU
u07-002324,user2324@uni.edu,2026-09-10,GB
u07-002325,user2325@example.com,2026-09-15,DE
u07-002326,user2326@uni.edu,2026-04-11,IN
u07-002327,user2327@uni.edu,2026-01-27,GB
u07-002328,user2328@mail.co.in,2026-06-26,IN
u07-002329,user2329@mail.co.in,2026-06-18,DE
u07-002330,user2330@mail.co.in,2026-05-25,DE
u07-002331,user2331@example.com,2026-02-12,SG
u07-002332,user2332@corp.io,2026-08-10,GB
u07-002333,user2333@uni.edu,2026-07-26,GB
u07-002334,user2334@example.com,2026-05-18,IN
u07-002335,user2335@mail.co.in,2026-08-14,US
u07-002336,user2336@uni.edu,2026-01-27,IN
u07-002337,user2337@mail.co.in,2026-01-26,GB
u07-002338,user2338@uni.edu,2026-01-13,AU
u07-002339,user2339@mail.co.in,2026-02-28,GB
u07-002340,user2340@mail.co.in,2026-01-27,GB
u07-002341,user2341@example.com,2026-01-10,US
u07-002342,user2342@example.com,2026-08-25,GB
u07-002343,user2343@uni.edu,2026-02-22,IN
u07-002344,user2344@corp.io,2026-03-11,GB
u07-002345,user2345@mail.co.in,2026-02-16,US
u07-002346,user2346@corp.io,2026-03-25,US
u07-002347,user2347@corp.io,2026-03-19,AU
u07-002348,user2348@example.com,2026-07-20,AU
u07-002349,user2349@mail.co.in,2026-03-13,GB
u07-002350,user2350@uni.edu,2026-09-21,GB
u07-002351,user2351@mail.co.in,2026-01-13,US
u07-002352,user2352@example.com,2026-02-28,GB
u07-002353,user2353@corp.io,2026-05-19,DE
u07-002354,user2354@uni.edu,2026-08-14,SG
u07-002355,user2355@corp.io,2026-06-18,DE
u07-002356,user2356@mail.co.in,2026-06-28,US
u07-002357,user2357@example.com,2026-08-10,DE
u07-002358,user2358@example.com,2026-08-26,SG
u07-002359,user2359@uni.edu,2026-07-24,AU
u07-002360,user2360@mail.co.in,2026-05-10,IN
u07-002361,user2361@corp.io,2026-03-16,US
u07-002362,user2362@uni.edu,2026-09-27,GB
u07-002363,user2363@mail.co.in,2026-02-28,US
u07-002364,user2364@mail.co.in,2026-01-18,IN
u07-002365,user2365@uni.edu,2026-05-26,AU
u07-002366,user2366@uni.edu,2026-09-19,DE
u07-002367,user2367@corp.io,2026-04-19,AU
u07-002368,user2368@example.com,2026-02-21,US
u07-002369,user2369@corp.io,2026-01-10,AU
u07-002370,user2370@mail.co.in,2026-09-11,US
u07-002371,user2371@example.com,2026-07-18,DE
u07-002372,user2372@corp.io,2026-02-15,AU
u07-002373,user2373@example.com,2026-01-27,US
u07-002374,user2374@example.com,2026-01-23,AU
u07-002375,user2375@mail.co.in,2026-07-19,AU
u07-002376,user2376@uni.edu,2026-04-24,DE
u07-002377,user2377@mail.co.in,2026-01-19,DE
u07-002378,user2378@corp.io,2026-08-13,GB
u07-002379,user2379@mail.co.in,2026-04-13,DE
u07-002380,user2380@corp.io,2026-03-11,SG
u07-002381,user2381@example.com,2026-08-14,IN
u07-002382,user2382@uni.edu,2026-01-28,DE
u07-002383,user2383@corp.io,2026-08-16,GB
u07-002384,user2384@mail.co.in,2026-05-18,AU
u07-002385,user2385@mail.co.in,2026-02-10,GB
u07-002386,user2386@corp.io,2026-09-21,AU
u07-002387,user2387@mail.co.in,2026-09-13,IN
u07-002388,user2388@example.com,2026-01-12,GB
u07-002389,user2389@corp.io,2026-03-25,US
u07-002390,user2390@uni.edu,2026-09-21,IN
u07-002391,user2391@example.com,2026-08-22,SG
u07-002392,user2392@uni.edu,2026-07-22,AU
u07-002393,user2393@example.com,2026-04-10,GB
u07-002394,user2394@corp.io,2026-08-27,US
u07-002395,user2395@example.com,2026-03-14,SG
u07-002396,user2396@example.com,2026-02-17,US
u07-002397,user2397@corp.io,2026-08-25,IN
u07-002398,user2398@mail.co.in,2026-07-18,US
u07-002399,user2399@corp.io,2026-03-18,AU
u07-002400,user2400@example.com,2026-03-16,SG
u07-002401,user2401@mail.co.in,2026-08-25,US
u07-002402,user2402@uni.edu,2026-02-12,SG
u07-002403,user2403@mail.co.in,2026-05-13,GB
u07-002404,user2404@mail.co.in,2026-08-20,IN
u07-002405,user2405@mail.co.in,2026-08-14,GB
u07-002406,user2406@uni.edu,2026-08-19,IN
u07-002407,user2407@uni.edu,2026-03-21,SG
u07-002408,user2408@example.com,2026-07-15,IN
u07-002409,user2409@uni.edu,2026-01-10,GB
u07-002410,user2410@mail.co.in,2026-05-25,GB
u07-002411,user2411@uni.edu,2026-05-15,US
u07-002412,user2412@uni.edu,2026-07-20,US
u07-002413,user2413@mail.co.in,2026-08-28,US
u07-002414,user2414@example.com,2026-05-22,DE
u07-002415,user2415@example.com,2026-03-11,US
u07-002416,user2416@corp.io,2026-03-20,GB
u07-002417,user2417@uni.edu,2026-08-25,AU
u07-002418,user2418@mail.co.in,2026-08-17,SG
u07-002419,user2419@example.com,2026-07-11,US
u07-002420,user2420@mail.co.in,2026-02-14,SG
u07-002421,user2421@corp.io,2026-03-23,US
u07-002422,user2422@uni.edu,2026-06-22,AU
u07-002423,user2423@mail.co.in,2026-09-24,IN
u07-002424,user2424@uni.edu,2026-03-17,US
u07-002425,user2425@example.com,2026-06-24,DE
u07-002426,user2426@example.com,2026-08-19,IN
u07-002427,user2427@uni.edu,2026-02-10,IN
u07-002428,user2428@example.com,2026-09-12,GB
u07-002429,user2429@uni.edu,2026-01-17,GB
u07-002430,user2430@example.com,2026-02-22,US
u07-002431,user2431@corp.io,2026-06-21,US
u07-002432,user2432@example.com,2026-04-26,AU
u07-002433,user2433@example.com,2026-01-25,AU
u07-002434,user2434@mail.co.in,2026-01-23,GB
u07-002435,user2435@example.com,2026-06-26,IN
u07-002436,user2436@uni.edu,2026-01-24,AU
u07-002437,user2437@mail.co.in,2026-08-28,SG
u07-002438,user2438@corp.io,2026-04-27,SG
u07-002439,user2439@example.com,2026-03-26,GB
u07-002440,user2440@example.com,2026-09-27,US
u07-002441,user2441@corp.io,2026-07-10,IN
u07-002442,user2442@example.com,2026-05-27,AU
u07-002443,user2443@corp.io,2026-05-11,IN
u07-002444,user2444@mail.co.in,2026-05-28,GB
u07-002445,user2445@example.com,2026-06-26,US
u07-002446,user2446@corp.io,2026-09-20,DE
u07-002447,user2447@example.com,2026-07-19,IN
u07-002448,user2448@example.com,2026-02-17,DE
u07-002449,user2449@uni.edu,2026-04-15,DE
u07-002450,user2450@corp.io,2026-05-14,SG
u07-002451,user2451@corp.io,2026-04-28,AU
u07-002452,user2452@corp.io,2026-02-11,IN
u07-002453,user2453@corp.io,2026-01-16,AU
u07-002454,user2454@uni.edu,2026-09-19,AU
u07-002455,user2455@uni.edu,2026-08-26,SG
u07-002456,user2456@example.com,2026-05-11,US
u07-002457,user2457@mail.co.in,2026-01-15,AU
u07-002458,user2458@example.com,2026-07-27,AU
u07-002459,user2459@uni.edu,2026-07-22,GB
u07-002460,user2460@mail.co.in,2026-04-17,DE
u07-002461,user2461@uni.edu,2026-09-26,SG
u07-002462,user2462@example.com,2026-03-12,GB
u07-002463,user2463@mail.co.in,2026-01-11,IN
u07-002464,user2464@uni.edu,2026-08-28,SG
u07-002465,user2465@mail.co.in,2026-03-16,SG
u07-002466,user2466@mail.co.in,2026-01-23,GB
u07-002467,user2467@mail.co.in,2026-05-13,DE
u07-002468,user2468@example.com,2026-01-25,AU
u07-002469,user2469@mail.co.in,2026-08-17,GB
u07-002470,user2470@example.com,2026-09-18,AU
u07-002471,user2471@example.com,2026-08-11,SG
u07-002472,user2472@mail.co.in,2026-03-24,SG
u07-002473,user2473@example.com,2026-09-24,US
u07-002474,user2474@corp.io,2026-02-14,AU
u07-002475,user2475@example.com,2026-07-19,IN
u07-002476,user2476@mail.co.in,2026-04-26,SG
u07-002477,user2477@example.com,2026-06-12,IN
u07-002478,user2478@uni.edu,2026-02-19,IN
u07-002479,user2479@uni.edu,2026-03-22,IN
u07-002480,user2480@mail.co.in,2026-01-26,SG
u07-002481,user2481@mail.co.in,2026-03-17,AU
u07-002482,user2482@example.com,2026-01-20,US
u07-002483,user2483@mail.co.in,2026-07-20,AU
u07-002484,user2484@example.com,2026-06-25,DE
u07-002485,user2485@uni.edu,2026-08-16,AU
u07-002486,user2486@corp.io,2026-09-16,US
u07-002487,user2487@mail.co.in,2026-07-16,DE
u07-002488,user2488@corp.io,2026-04-27,IN
u07-002489,user2489@mail.co.in,2026-06-17,US
u07-002490,user2490@mail.co.in,2026-03-12,US
u07-002491,user2491@uni.edu,2026-06-22,US
u07-002492,user2492@example.com,2026-08-23,US
u07-002493,user2493@example.com,2026-09-18,GB
u07-002494,user2494@uni.edu,2026-04-13,GB
u07-002495,user2495@uni.edu,2026-09-25,DE
u07-002496,user2496@corp.io,2026-09-26,SG
u07-002497,user2497@uni.edu,2026-09-18,AU
u07-002498,user2498@uni.edu,2026-05-10,GB
u07-002499,user2499@uni.edu,2026-01-21,DE
u07-002500,user2500@uni.edu,2026-05-20,US
u07-002501,user2501@corp.io,2026-01-25,SG
u07-002502,user2502@uni.edu,2026-07-24,SG
u07-002503,user2503@corp.io,2026-04-12,IN
u07-002504,user2504@corp.io,2026-08-10,GB
u07-002505,user2505@uni.edu,2026-01-25,IN
u07-002506,user2506@uni.edu,2026-03-10,DE
u07-002507,user2507@corp.io,2026-07-28,GB
u07-002508,user2508@example.com,2026-08-24,DE
u07-002509,user2509@example.com,2026-08-22,DE
u07-002510,user2510@uni.edu,2026-03-25,SG
u07-002511,user2511@mail.co.in,2026-02-28,IN
u07-002512,user2512@example.com,2026-03-22,DE
u07-002513,user2513@corp.io,2026-01-23,IN
u07-002514,user2514@corp.io,2026-06-23,US
u07-002515,user2515@corp.io,2026-04-22,SG
u07-002516,user2516@mail.co.in,2026-05-22,DE
u07-002517,user2517@corp.io,2026-06-16,GB
u07-002518,user2518@mail.co.in,2026-02-27,US
u07-002519,user2519@corp.io,2026-05-23,IN
u07-002520,user2520@uni.edu,2026-07-15,SG
u07-002521,user2521@example.com,2026-08-13,AU
u07-002522,user2522@corp.io,2026-01-10,SG
u07-002523,user2523@uni.edu,2026-09-13,US
u07-002524,user2524@mail.co.in,2026-05-20,US
u07-002525,user2525@mail.co.in,2026-08-16,US
u07-002526,user2526@corp.io,2026-01-21,IN
u07-002527,user2527@mail.co.in,2026-06-12,AU
u07-002528,user2528@mail.co.in,2026-08-20,AU
u07-002529,user2529@example.com,2026-09-12,DE
u07-002530,user2530@example.com,2026-05-10,DE
u07-002531,user2531@example.com,2026-06-18,GB
u07-002532,user2532@mail.co.in,2026-09-14,DE
u07-002533,user2533@corp.io,2026-01-18,GB
u07-002534,user2534@corp.io,2026-08-22,AU
u07-002535,user2535@mail.co.in,2026-04-27,SG
u07-002536,user2536@uni.edu,2026-07-23,US
u07-002537,user2537@example.com,2026-07-13,DE
u07-002538,user2538@example.com,2026-08-23,DE
u07-002539,user2539@corp.io,2026-05-21,DE
u07-002540,user2540@uni.edu,2026-01-23,AU
u07-002541,user2541@example.com,2026-08-27,US
u07-002542,user2542@corp.io,2026-08-21,IN
u07-002543,user2543@corp.io,2026-09-27,SG
u07-002544,user2544@example.com,2026-06-12,DE
u07-002545,user2545@mail.co.in,2026-05-11,DE
u07-002546,user2546@uni.edu,2026-07-14,GB
u07-002547,user2547@example.com,2026-03-18,GB
u07-002548,user2548@example.com,2026-01-14,DE
u07-002549,user2549@uni.edu,2026-01-26,AU
u07-002550,user2550.uni.edu,2026-07-19,SG
u07-002551,user2551@example.com,2026-07-18,IN
u07-002552,user2552@example.com,2026-07-20,GB
u07-002553,user2553@uni.edu,2026-01-20,AU
u07-002554,user2554@example.com,2026-07-25,DE
u07-002555,user2555@corp.io,2026-04-20,SG
u07-002556,user2556@uni.edu,2026-06-11,SG
u07-002557,user2557@corp.io,2026-05-19,IN
u07-002558,user2558@corp.io,2026-09-13,SG
u07-002559,user2559@mail.co.in,2026-02-22,GB
u07-002560,user2560@example.com,2026-03-11,SG
u07-002561,user2561@example.com,2026-03-27,IN
u07-002562,user2562@corp.io,2026-09-25,DE
u07-002563,user2563@corp.io,2026-05-27,US
u07-002564,user2564@uni.edu,2026-09-25,SG
u07-002565,user2565@example.com,2026-02-20,IN
u07-002566,user2566@example.com,2026-08-18,DE
u07-002567,user2567@corp.io,2026-01-16,IN
u07-002568,user2568@example.com,2026-02-19,SG
u07-002569,user2569@mail.co.in,2026-08-26,SG
u07-002570,user2570@uni.edu,2026-05-27,GB
u07-002571,user2571@mail.co.in,2026-06-15,US
u07-002572,user2572@uni.edu,2026-02-16,IN
u07-002573,user2573@corp.io,2026-09-27,SG
u07-002574,user2574@example.com,2026-08-28,SG
u07-002575,user2575@corp.io,2026-07-11,GB
u07-002576,user2576@mail.co.in,2026-06-27,GB
u07-002577,user2577@mail.co.in,2026-03-21,GB
u07-002578,user2578@example.com,2026-03-17,AU
u07-002579,user2579@uni.edu,2026-08-22,SG
u07-002580,user2580@uni.edu,2026-06-11,AU
u07-002581,user2581@mail.co.in,2026-01-20,GB
u07-002582,user2582@uni.edu,2026-04-22,IN
u07-002583,user2583@mail.co.in,2026-05-17,DE
u07-002584,user2584@example.com,2026-09-11,US
u07-002585,user2585@example.com,2026-01-16,SG
u07-002586,user2586@corp.io,2026-06-11,DE
u07-002587,user2587@example.com,2026-04-19,GB
u07-002588,user2588@example.com,2026-05-10,AU
u07-002589,user2589@uni.edu,2026-08-17,SG
u07-002590,user2590@corp.io,2026-07-24,IN
u07-002591,user2591@mail.co.in,2026-03-26,DE
u07-002592,user2592@uni.edu,2026-08-16,GB
u07-002593,user2593@mail.co.in,2026-04-21,GB
u07-002594,user2594@uni.edu,2026-08-15,AU
u07-002595,user2595@corp.io,2026-04-14,GB
u07-002596,user2596@uni.edu,2026-04-14,SG
u07-002597,user2597@example.com,2026-06-27,DE
u07-002598,user2598@corp.io,2026-03-20,IN
u07-002599,user2599@uni.edu,2026-05-27,US
u07-002600,user2600@mail.co.in,2026-03-26,AU
u07-002601,user2601@example.com,2026-04-10,IN
u07-002602,user2602@example.com,2026-04-23,IN
u07-002603,user2603@example.com,2026-03-14,GB
u07-002604,user2604@example.com,2026-02-16,IN
u07-002605,user2605@example.com,2026-04-17,GB
u07-002606,user2606@mail.co.in,2026-05-23,US
u07-002607,user2607@example.com,2026-01-14,AU
u07-002608,user2608@corp.io,2026-09-20,US
u07-002609,user2609@mail.co.in,2026-03-11,US
u07-002610,user2610@uni.edu,2026-07-19,SG
u07-002611,user2611@mail.co.in,2026-02-25,IN
u07-002612,user2612@uni.edu,2026-02-25,GB
u07-002613,user2613@corp.io,2026-08-12,US
u07-002614,user2614@corp.io,2026-07-19,AU
u07-002615,user2615@corp.io,2026-04-18,DE
u07-002616,user2616@example.com,2026-08-21,US
u07-002617,user2617@corp.io,2026-07-11,SG
u07-002618,user2618@example.com,2026-02-27,IN
u07-002619,user2619@corp.io,2026-07-27,DE
u07-002620,user2620@mail.co.in,2026-07-16,IN
u07-002621,user2621@mail.co.in,2026-02-18,US
u07-002622,user2622@corp.io,2026-07-16,AU
u07-002623,user2623@example.com,2026-05-20,SG
u07-002624,user2624@example.com,2026-06-24,GB
u07-002625,user2625@mail.co.in,2026-03-17,DE
u07-002626,user2626@uni.edu,2026-02-16,DE
u07-002627,user2627@corp.io,2026-09-13,GB
u07-002628,user2628@mail.co.in,2026-03-23,US
u07-002629,user2629@mail.co.in,2026-05-18,IN
u07-002630,user2630@corp.io,2026-02-18,IN
u07-002631,user2631@mail.co.in,2026-08-25,AU
u07-002632,user2632@mail.co.in,2026-09-26,DE
u07-002633,user2633@example.com,2026-05-14,SG
u07-002634,user2634@corp.io,2026-08-25,GB
u07-002635,user2635@corp.io,2026-03-11,IN
u07-002636,user2636@mail.co.in,2026-01-18,IN
u07-002637,user2637@mail.co.in,2026-01-21,SG
u07-002638,user2638@example.com,2026-06-15,US
u07-002639,user2639@mail.co.in,2026-04-11,SG
u07-002640,user2640@corp.io,2026-01-25,DE
u07-002641,user2641@example.com,2026-09-27,SG
u07-002642,user2642@example.com,2026-04-28,US
u07-002643,user2643@mail.co.in,2026-01-22,US
u07-002644,user2644@mail.co.in,2026-05-10,AU
u07-002645,user2645@example.com,2026-05-14,AU
u07-002646,user2646@example.com,2026-06-17,IN
u07-002647,user2647@example.com,2026-07-25,DE
u07-002648,user2648@uni.edu,2026-02-28,DE
u07-002649,user2649@uni.edu,2026-03-25,US
u07-002650,user2650@uni.edu,2026-07-28,DE
u07-002651,user2651@corp.io,2026-02-10,IN
u07-002652,user2652@uni.edu,2026-01-16,GB
u07-002653,user2653@uni.edu,2026-04-13,DE
u07-002654,user2654@uni.edu,2026-09-15,SG
u07-002655,user2655@mail.co.in,2026-03-11,US
u07-002656,user2656@uni.edu,2026-03-13,AU
u07-002657,user2657@mail.co.in,2026-02-24,SG
u07-002658,user2658@corp.io,2026-04-11,SG
u07-002659,user2659@uni.edu,2026-03-24,DE
u07-002660,user2660@corp.io,2026-09-17,AU
u07-002661,user2661@mail.co.in,2026-05-17,DE
u07-002662,user2662@uni.edu,2026-08-19,SG
u07-002663,user2663@corp.io,2026-01-16,SG
u07-002664,user2664@corp.io,2026-07-23,US
u07-002665,user2665@corp.io,2026-04-27,DE
u07-002666,user2666@uni.edu,2026-03-19,DE
u07-002667,user2667@mail.co.in,2026-01-23,IN
u07-002668,user2668@example.com,2026-01-11,DE
u07-002669,user2669@mail.co.in,2026-02-11,US
u07-002670,user2670@corp.io,2026-03-19,AU
u07-002671,user2671@uni.edu,2026-05-24,DE
u07-002672,user2672@uni.edu,2026-09-23,SG
u07-002673,user2673@mail.co.in,2026-05-19,US
u07-002674,user2674@corp.io,2026-07-26,DE
u07-002675,user2675@corp.io,2026-04-28,AU
u07-002676,user2676@corp.io,2026-09-20,DE
u07-002677,user2677@example.com,2026-01-11,US
u07-002678,user2678@mail.co.in,2026-09-22,US
u07-002679,user2679@mail.co.in,2026-08-10,GB
u07-002680,user2680@corp.io,2026-02-27,GB
u07-002681,user2681@corp.io,2026-06-28,DE
u07-002682,user2682@corp.io,2026-08-18,GB
u07-002683,user2683@mail.co.in,2026-02-10,AU
u07-002684,user2684@uni.edu,2026-02-11,AU
u07-002685,user2685@uni.edu,2026-09-13,DE
u07-002686,user2686@corp.io,2026-07-26,DE
u07-002687,user2687@uni.edu,2026-05-15,DE
u07-002688,user2688@corp.io,2026-04-20,AU
u07-002689,user2689@mail.co.in,2026-09-19,IN
u07-002690,user2690@corp.io,2026-01-25,AU
u07-002691,user2691@corp.io,2026-09-13,IN
u07-002692,user2692@corp.io,2026-01-23,SG
u07-002693,user2693@example.com,2026-01-28,GB
u07-002694,user2694@mail.co.in,2026-07-16,IN
u07-002695,user2695@corp.io,2026-09-23,DE
u07-002696,user2696@mail.co.in,2026-08-11,IN
u07-002697,user2697@mail.co.in,2026-05-22,SG
u07-002698,user2698@example.com,2026-06-18,GB
u07-002699,user2699@example.com,2026-03-16,US
u07-002700,user2700@uni.edu,2026-09-15,GB
u07-002701,user2701@corp.io,2026-09-25,IN
u07-002702,user2702@example.com,2026-06-17,AU
u07-002703,user2703@example.com,2026-08-22,IN
u07-002704,user2704@uni.edu,2026-03-14,IN
u07-002705,user2705@mail.co.in,2026-01-16,IN
u07-002706,user2706@mail.co.in,2026-07-21,US
u07-002707,user2707@example.com,2026-08-28,AU
u07-002708,user2708@mail.co.in,2026-04-20,US
u07-002709,user2709@example.com,2026-09-27,GB
u07-002710,user2710@example.com,2026-07-27,SG
u07-002711,user2711@example.com,2026-09-13,SG
u07-002712,user2712@corp.io,2026-08-20,IN
u07-002713,user2713@example.com,2026-07-27,US
u07-002714,user2714@corp.io,2026-03-11,US
u07-002715,user2715@mail.co.in,2026-06-14,DE
u07-002716,user2716@uni.edu,2026-04-26,IN
u07-002717,user2717@mail.co.in,2026-02-14,GB
u07-002718,user2718@example.com,2026-06-17,DE
u07-002719,user2719@corp.io,2026-01-20,GB
u07-002720,user2720@uni.edu,2026-08-22,IN
u07-002721,user2721@example.com,2026-07-22,DE
u07-002722,user2722@uni.edu,2026-08-21,AU
u07-002723,user2723@example.com,2026-07-25,AU
u07-002724,user2724@mail.co.in,2026-01-24,US
u07-002725,user2725@mail.co.in,2026-08-15,IN
u07-002726,user2726@uni.edu,2026-03-10,SG
u07-002727,user2727@example.com,2026-07-12,IN
u07-002728,user2728@uni.edu,2026-02-19,GB
u07-002729,user2729@example.com,2026-08-25,IN
u07-002730,user2730@mail.co.in,2026-05-26,IN
u07-002731,user2731@uni.edu,2026-09-19,DE
u07-002732,user2732@example.com,2026-01-19,US
u07-002733,user2733@mail.co.in,2026-09-16,US
u07-002734,user2734@uni.edu,2026-07-15,GB
u07-002735,user2735@corp.io,2026-02-18,IN
u07-002736,user2736@example.com,2026-03-19,AU
u07-002737,user2737@corp.io,2026-01-16,US
u07-002738,user2738@uni.edu,2026-04-26,IN
u07-002739,user2739@corp.io,2026-01-18,AU
u07-002740,user2740@uni.edu,2026-07-25,US
u07-002741,user2741@corp.io,2026-03-16,GB
u07-002742,user2742@corp.io,2026-04-19,GB
u07-002743,user2743@corp.io,2026-06-10,AU
u07-002744,user2744@mail.co.in,2026-09-11,SG
u07-002745,user2745@uni.edu,2026-08-25,AU
u07-002746,user2746@uni.edu,2026-08-27,AU
u07-002747,user2747@example.com,2026-01-22,DE
u07-002748,user2748@corp.io,2026-03-23,SG
u07-002749,user2749@uni.edu,2026-02-11,SG
u07-002750,user2750@mail.co.in,2026-04-27,SG
u07-002751,user2751@uni.edu,2026-05-21,US
u07-002752,user2752@example.com,2026-01-16,GB
u07-002753,user2753@uni.edu,2026-06-16,US
u07-002754,user2754@example.com,2026-03-23,GB
u07-002755,user2755@corp.io,2026-01-17,DE
u07-002756,user2756@corp.io,2026-08-25,DE
u07-002757,user2757@corp.io,2026-06-10,GB
u07-002758,user2758@corp.io,2026-02-17,GB
u07-002759,user2759@mail.co.in,2026-08-27,US
u07-002760,user2760@mail.co.in,2026-05-15,DE
u07-002761,user2761@corp.io,2026-05-16,GB
u07-002762,user2762@corp.io,2026-08-12,SG
u07-002763,user2763@example.com,2026-09-13,SG
u07-002764,user2764@mail.co.in,2026-07-24,AU
u07-002765,user2765@corp.io,2026-01-27,IN
u07-002766,user2766@example.com,2026-04-12,US
u07-002767,user2767@uni.edu,2026-02-27,IN
u07-002768,user2768@corp.io,2026-03-16,SG
u07-002769,user2769@corp.io,2026-09-17,IN
u07-002770,user2770@mail.co.in,2026-02-20,IN
u07-002771,user2771@corp.io,2026-08-14,US
u07-002772,user2772@mail.co.in,2026-04-10,AU
u07-002773,user2773@mail.co.in,2026-08-12,SG
u07-002774,user2774@example.com,2026-08-12,US
u07-002775,user2775@corp.io,2026-03-14,AU
u07-002776,user2776@mail.co.in,2026-01-21,DE
u07-002777,user2777@uni.edu,2026-06-14,DE
u07-002778,user2778@corp.io,2026-04-26,GB
u07-002779,user2779@mail.co.in,2026-01-26,AU
u07-002780,user2780@mail.co.in,2026-05-27,AU
u07-002781,user2781@mail.co.in,2026-08-23,GB
u07-002782,user2782@example.com,2026-07-11,GB
u07-002783,user2783@corp.io,2026-03-11,DE
u07-002784,user2784@mail.co.in,2026-06-22,IN
u07-002785,user2785@uni.edu,2026-05-21,GB
u07-002786,user2786@example.com,2026-07-10,DE
u07-002787,user2787@uni.edu,2026-05-19,IN
u07-002788,user2788@corp.io,2026-08-16,SG
u07-002789,user2789@uni.edu,2026-09-14,AU
u07-002790,user2790@mail.co.in,2026-04-26,IN
u07-002791,user2791@uni.edu,2026-08-25,SG
u07-002792,user2792@example.com,2026-01-17,DE
u07-002793,user2793@uni.edu,2026-01-26,IN
u07-002794,user2794@mail.co.in,2026-07-16,GB
u07-002795,user2795@mail.co.in,2026-06-10,US
u07-002796,user2796@uni.edu,2026-08-17,GB
u07-002797,user2797@mail.co.in,2026-07-26,SG
u07-002798,user2798@corp.io,2026-04-23,IN
u07-002799,user2799@example.com,2026-05-23,SG
u07-002800,user2800@mail.co.in,2026-04-16,SG
u07-002801,user2801@example.com,2026-06-19,GB
u07-002802,user2802@uni.edu,2026-03-26,GB
u07-002803,user2803@mail.co.in,2026-07-13,DE
u07-002804,user2804@mail.co.in,2026-01-22,AU
u07-002805,user2805@mail.co.in,2026-06-22,IN
u07-002806,user2806@corp.io,2026-02-28,DE
u07-002807,user2807@uni.edu,2026-09-22,DE
u07-002808,user2808@example.com,2026-02-10,DE
u07-002809,user2809@uni.edu,2026-03-28,US
u07-002810,user2810@uni.edu,2026-05-23,DE
u07-002811,user2811@uni.edu,2026-02-15,DE
u07-002812,user2812@corp.io,2026-03-12,AU
u07-002813,user2813@example.com,2026-07-19,SG
u07-002814,user2814@uni.edu,2026-08-20,DE
u07-002815,user2815@example.com,2026-09-23,DE
u07-002816,user2816@corp.io,2026-02-19,GB
u07-002817,user2817@mail.co.in,2026-06-18,AU
u07-002818,user2818@mail.co.in,2026-08-19,GB
u07-002819,user2819@example.com,2026-08-12,SG
u07-002820,user2820@mail.co.in,2026-01-23,GB
u07-002821,user2821@mail.co.in,2026-02-10,US
u07-002822,user2822@example.com,2026-09-28,DE
u07-002823,user2823@uni.edu,2026-05-14,US
u07-002824,user2824@mail.co.in,2026-07-28,AU
u07-002825,user2825@example.com,2026-04-16,DE
u07-002826,user2826@uni.edu,2026-04-13,AU
u07-002827,user2827@uni.edu,2026-09-11,GB
u07-002828,user2828@uni.edu,2026-07-26,GB
u07-002829,user2829@corp.io,2026-01-17,AU
u07-002830,user2830@mail.co.in,2026-04-10,DE
u07-002831,user2831@uni.edu,2026-01-21,DE
u07-002832,user2832@uni.edu,2026-04-16,DE
u07-002833,user2833@mail.co.in,2026-06-26,IN
u07-002834,user2834@example.com,2026-01-26,DE
u07-002835,user2835@uni.edu,2026-05-26,SG
u07-002836,user2836@corp.io,2026-04-11,US
u07-002837,user2837@uni.edu,2026-08-27,AU
u07-002838,user2838@example.com,2026-05-13,GB
u07-002839,user2839@mail.co.in,2026-02-16,US
u07-002840,user2840@example.com,2026-02-13,IN
u07-002841,user2841@example.com,2026-02-12,IN
u07-002842,user2842@example.com,2026-05-16,US
u07-002843,user2843@corp.io,2026-08-17,US
u07-002844,user2844@mail.co.in,2026-08-24,DE
u07-002845,user2845@example.com,2026-02-20,GB
u07-002846,user2846@uni.edu,2026-04-13,IN
u07-002847,user2847@uni.edu,2026-02-22,GB
u07-002848,user2848@example.com,2026-05-11,US
u07-002849,user2849@corp.io,2026-03-15,SG
u07-002850,user2850@corp.io,2026-07-21,US
u07-002851,user2851@example.com,2026-08-23,AU
u07-002852,user2852@corp.io,2026-07-13,IN
u07-002853,user2853@corp.io,2026-08-27,IN
u07-002854,user2854@corp.io,2026-04-13,IN
u07-002855,user2855@corp.io,2026-02-10,SG
u07-002856,user2856@mail.co.in,2026-02-17,US
u07-002857,user2857@uni.edu,2026-01-28,SG
u07-002858,user2858@uni.edu,2026-08-20,IN
u07-002859,user2859@corp.io,2026-07-26,DE
u07-002860,user2860@corp.io,2026-05-21,SG
u07-002861,user2861@uni.edu,2026-02-23,AU
u07-002862,user2862@example.com,2026-05-16,GB
u07-002863,user2863@corp.io,2026-07-10,IN
u07-002864,user2864@example.com,2026-04-12,US
u07-002865,user2865@example.com,2026-06-18,SG
u07-002866,user2866@mail.co.in,2026-03-13,DE
u07-002867,user2867@example.com,2026-03-22,AU
u07-002868,user2868@corp.io,2026-09-10,DE
u07-002869,user2869@corp.io,2026-06-20,US
u07-002870,user2870@example.com,2026-02-26,GB
u07-002871,user2871@uni.edu,2026-05-15,IN
u07-002872,user2872@mail.co.in,2026-05-26,DE
u07-002873,user2873@example.com,2026-02-10,US
u07-002874,user2874@mail.co.in,2026-08-11,DE
u07-002875,user2875@mail.co.in,2026-04-18,US
u07-002876,user2876@corp.io,2026-01-20,DE
u07-002877,user2877@example.com,2026-02-12,US
u07-002878,user2878@example.com,2026-02-25,AU
u07-002879,user2879@mail.co.in,2026-01-10,AU
u07-002880,user2880@corp.io,2026-01-13,SG
u07-002881,user2881@example.com,2026-08-22,DE
u07-002882,user2882@example.com,2026-05-22,IN
u07-002883,user2883@mail.co.in,2026-09-22,DE
u07-002884,user2884@corp.io,2026-08-18,DE
u07-002885,user2885@mail.co.in,2026-05-25,US
u07-002886,user2886@uni.edu,2026-07-15,US
u07-002887,user2887@example.com,2026-01-23,IN
u07-002888,user2888@mail.co.in,2026-09-26,DE
u07-002889,user2889@example.com,2026-04-23,DE
u07-002890,user2890@example.com,2026-05-11,GB
u07-002891,user2891@uni.edu,2026-07-15,US
u07-002892,user2892@mail.co.in,2026-03-18,GB
u07-002893,user2893@mail.co.in,2026-07-27,IN
u07-002894,user2894@mail.co.in,2026-02-12,IN
u07-002895,user2895@mail.co.in,2026-04-20,AU
u07-002896,user2896@corp.io,2026-06-14,DE
u07-002897,user2897@corp.io,2026-07-20,US
u07-002898,user2898@corp.io,2026-08-26,US
u07-002899,user2899@uni.edu,2026-05-23,SG
u07-002900,user2900@mail.co.in,2026-09-10,IN
u07-002901,user2901@uni.edu,2026-03-28,AU
u07-002902,user2902@uni.edu,2026-01-16,AU
u07-002903,user2903@example.com,2026-02-17,AU
u07-002904,user2904@example.com,2026-08-17,US
u07-002905,user2905@uni.edu,2026-05-25,AU
u07-002906,user2906@example.com,2026-05-28,GB
u07-002907,user2907@example.com,2026-04-21,AU
u07-002908,user2908@mail.co.in,2026-03-14,IN
u07-002909,user2909@mail.co.in,2026-01-11,DE
u07-002910,user2910@example.com,2026-02-17,AU
u07-002911,user2911@mail.co.in,2026-05-26,DE
u07-002912,user2912@mail.co.in,2026-04-26,SG
u07-002913,user2913@example.com,2026-02-16,SG
u07-002914,user2914@corp.io,2026-08-10,US
u07-002915,user2915@example.com,2026-04-27,DE
u07-002916,user2916@corp.io,2026-09-12,SG
u07-002917,user2917@uni.edu,2026-05-14,SG
u07-002918,user2918@example.com,2026-08-21,US
u07-002919,user2919@example.com,2026-01-28,AU
u07-002920,user2920@mail.co.in,2026-05-25,IN
u07-002921,user2921@example.com,2026-05-20,DE
u07-002922,user2922@uni.edu,2026-08-25,SG
u07-002923,user2923@uni.edu,2026-05-12,SG
u07-002924,user2924@uni.edu,2026-05-27,GB
u07-002925,user2925@uni.edu,2026-07-23,SG
u07-002926,user2926@corp.io,2026-09-20,AU
u07-002927,user2927@corp.io,2026-06-14,IN
u07-002928,user2928@example.com,2026-06-15,AU
u07-002929,user2929@example.com,2026-08-16,IN
u07-002930,user2930@uni.edu,2026-09-27,GB
u07-002931,user2931@mail.co.in,2026-07-23,GB
u07-002932,user2932@mail.co.in,2026-09-25,DE
u07-002933,user2933@example.com,2026-02-28,AU
u07-002934,user2934@corp.io,2026-01-17,GB
u07-002935,user2935@mail.co.in,2026-08-25,US
u07-002936,user2936@mail.co.in,2026-09-27,SG
u07-002937,user2937@mail.co.in,2026-02-18,SG
u07-002938,user2938@mail.co.in,2026-08-17,AU
u07-002939,user2939@mail.co.in,2026-08-24,GB
u07-002940,user2940@mail.co.in,2026-08-15,IN
u07-002941,user2941@mail.co.in,2026-04-25,DE
u07-002942,user2942@corp.io,2026-05-13,GB
u07-002943,user2943@example.com,2026-06-16,GB
u07-002944,user2944@uni.edu,2026-08-21,US
u07-002945,user2945@example.com,2026-01-19,US
u07-002946,user2946@uni.edu,2026-02-20,AU
u07-002947,user2947@mail.co.in,2026-08-26,AU
u07-002948,user2948@corp.io,2026-05-22,AU
u07-002949,user2949@uni.edu,2026-02-19,SG
u07-002950,user2950@example.com,2026-03-27,DE
u07-002951,user2951@corp.io,2026-04-22,US
u07-002952,user2952@corp.io,2026-07-20,US
u07-002953,user2953@mail.co.in,2026-08-23,AU
u07-002954,user2954@corp.io,2026-08-18,DE
u07-002955,user2955@uni.edu,2026-08-10,US
u07-002956,user2956@uni.edu,2026-03-11,GB
u07-002957,user2957@mail.co.in,2026-03-14,AU
u07-002958,user2958@mail.co.in,2026-07-23,GB
u07-002959,user2959@corp.io,2026-04-28,AU
u07-002960,user2960@corp.io,2026-03-14,IN
u07-002961,user2961@mail.co.in,2026-06-24,US
u07-002962,user2962@corp.io,2026-06-24,DE
u07-002963,user2963@uni.edu,2026-05-16,AU
u07-002964,user2964@uni.edu,2026-03-12,AU
u07-002965,user2965@uni.edu,2026-05-14,GB
u07-002966,user2966@mail.co.in,2026-02-15,US
u07-002967,user2967@corp.io,2026-05-23,SG
u07-002968,user2968@corp.io,2026-02-10,US
u07-002969,user2969@uni.edu,2026-01-15,GB
u07-002970,user2970@example.com,2026-07-25,US
u07-002971,user2971@mail.co.in,2026-08-18,GB
u07-002972,user2972@uni.edu,2026-09-13,SG
u07-002973,user2973@uni.edu,2026-09-17,SG
u07-002974,user2974@corp.io,2026-04-11,IN
u07-002975,user2975@uni.edu,2026-09-21,IN
u07-002976,user2976@corp.io,2026-06-23,AU
u07-002977,user2977@example.com,2026-06-15,SG
u07-002978,user2978@mail.co.in,2026-01-18,DE
u07-002979,user2979@corp.io,2026-01-23,US
u07-002980,user2980@corp.io,2026-03-17,SG
u07-002981,user2981@mail.co.in,2026-02-25,US
u07-002982,user2982@mail.co.in,2026-09-27,GB
u07-002983,user2983@example.com,2026-03-27,SG
u07-002984,user2984@corp.io,2026-03-28,SG
u07-002985,user2985@corp.io,2026-06-14,IN
u07-002986,user2986@uni.edu,2026-02-16,DE
u07-002987,user2987@mail.co.in,2026-09-20,IN
u07-002988,user2988@uni.edu,2026-01-28,AU
u07-002989,user2989@example.com,2026-03-13,US
u07-002990,user2990@uni.edu,2026-01-26,US
u07-002991,user2991@mail.co.in,2026-03-23,DE
u07-002992,user2992@corp.io,2026-01-21,DE
u07-002993,user2993@corp.io,2026-09-19,SG
u07-002994,user2994@mail.co.in,2026-01-22,IN
u07-002995,user2995@uni.edu,2026-05-24,AU
u07-002996,user2996@mail.co.in,2026-07-21,US
u07-002997,user2997@mail.co.in,2026-08-25,DE
u07-002998,user2998@mail.co.in,2026-04-12,IN
u07-002999,user2999@mail.co.in,2026-03-21,DE
u07-003000,user3000@uni.edu,2026-02-22,US
u07-003001,user3001@uni.edu,2026-05-19,SG
u07-003002,user3002@mail.co.in,2026-04-27,DE
u07-003003,user3003@uni.edu,2026-01-13,US
u07-003004,user3004@mail.co.in,2026-04-23,AU
u07-003005,user3005@mail.co.in,2026-08-24,US
u07-003006,user3006@mail.co.in,2026-02-10,IN
u07-003007,user3007@corp.io,2026-04-22,SG
u07-003008,user3008@corp.io,2026-02-12,SG
u07-003009,user3009@corp.io,2026-04-28,US
u07-003010,user3010@uni.edu,2026-09-13,SG
u07-003011,user3011@corp.io,2026-03-28,IN
u07-003012,user3012@corp.io,2026-09-20,IN
u07-003013,user3013@example.com,2026-01-19,GB
u07-003014,user3014@example.com,2026-02-20,AU
u07-003015,user3015@example.com,2026-01-13,SG
u07-003016,user3016@corp.io,2026-09-19,SG
u07-003017,user3017@uni.edu,2026-01-28,US
u07-003018,user3018@mail.co.in,2026-07-24,IN
u07-003019,user3019@mail.co.in,2026-02-24,US
u07-003020,user3020@corp.io,2026-09-10,IN
u07-003021,user3021@corp.io,2026-06-15,IN
u07-003022,user3022@uni.edu,2026-08-10,IN
u07-003023,user3023@mail.co.in,2026-05-20,GB
u07-003024,user3024@example.com,2026-08-12,SG
u07-003025,user3025@corp.io,2026-06-26,US
u07-003026,user3026@example.com,2026-05-22,US
u07-003027,user3027@example.com,2026-07-20,DE
u07-003028,user3028@mail.co.in,2026-07-20,IN
u07-003029,user3029@example.com,2026-06-20,SG
u07-003030,user3030@mail.co.in,2026-06-22,GB
u07-003031,user3031@example.com,2026-03-25,SG
u07-003032,user3032@uni.edu,2026-08-23,AU
u07-003033,user3033@uni.edu,2026-09-15,GB
u07-003034,user3034@corp.io,2026-05-10,AU
u07-003035,user3035@example.com,2026-05-14,US
u07-003036,user3036@uni.edu,2026-01-25,US
u07-003037,user3037@example.com,2026-05-16,SG
u07-003038,user3038@corp.io,2026-03-14,AU
u07-003039,user3039@corp.io,2026-09-10,AU
u07-003040,user3040@example.com,2026-09-13,SG
u07-003041,user3041@example.com,2026-09-26,GB
u07-003042,user3042@corp.io,2026-08-25,IN
u07-003043,user3043@mail.co.in,2026-07-17,IN
u07-003044,user3044@uni.edu,2026-05-28,GB
u07-003045,user3045@uni.edu,2026-09-19,US
u07-003046,user3046@example.com,2026-09-14,AU
u07-003047,user3047@example.com,2026-06-12,US
u07-003048,user3048@uni.edu,2026-02-18,SG
u07-003049,user3049@uni.edu,2026-04-27,US
u07-003050,user3050@corp.io,2026-02-25,SG
u07-003051,user3051@mail.co.in,2026-04-20,DE
u07-003052,user3052@uni.edu,2026-09-11,AU
u07-003053,user3053@corp.io,2026-04-28,DE
u07-003054,user3054@example.com,2026-05-18,SG
u07-003055,user3055@mail.co.in,2026-03-24,SG
u07-003056,user3056@corp.io,2026-03-22,AU
u07-003057,user3057@example.com,2026-07-24,US
u07-003058,user3058@example.com,2026-04-26,SG
u07-003059,user3059@mail.co.in,2026-08-24,DE
u07-003060,user3060@corp.io,2026-05-27,IN
u07-003061,user3061@uni.edu,2026-03-15,SG
u07-003062,user3062@uni.edu,2026-04-17,DE
u07-003063,user3063@mail.co.in,2026-04-12,GB
u07-003064,user3064@example.com,2026-08-21,SG
u07-003065,user3065@mail.co.in,2026-09-16,GB
u07-003066,user3066@corp.io,2026-05-27,GB
u07-003067,user3067@corp.io,2026-05-20,DE
u07-003068,user3068@example.com,2026-09-12,IN
u07-003069,user3069@example.com,2026-04-15,DE
u07-003070,user3070@example.com,2026-03-21,AU
u07-003071,user3071@example.com,2026-07-18,SG
u07-003072,user3072@corp.io,2026-02-14,US
u07-003073,user3073@corp.io,2026-01-26,AU
u07-003074,user3074@mail.co.in,2026-07-14,SG
u07-003075,user3075@example.com,2026-03-13,DE
u07-003076,user3076@uni.edu,2026-09-18,DE
u07-003077,user3077@corp.io,2026-09-16,DE
u07-003078,user3078@corp.io,2026-01-14,AU
u07-003079,user3079@uni.edu,2026-02-17,AU
u07-003080,user3080@example.com,2026-09-26,US
u07-003081,user3081@uni.edu,2026-09-13,GB
u07-003082,user3082@example.com,2026-01-28,DE
u07-003083,user3083@corp.io,2026-08-10,SG
u07-003084,user3084@corp.io,2026-02-16,SG
u07-003085,user3085@example.com,2026-03-18,IN
u07-003086,user3086@corp.io,2026-03-26,DE
u07-003087,user3087@mail.co.in,2026-09-27,IN
u07-003088,user3088@example.com,2026-02-17,SG
u07-003089,user3089@corp.io,2026-01-12,IN
u07-003090,user3090@example.com,2026-06-28,GB
u07-003091,user3091@example.com,2026-03-12,GB
u07-003092,user3092@uni.edu,2026-03-18,DE
u07-003093,user3093@mail.co.in,2026-06-16,GB
u07-003094,user3094@example.com,2026-09-22,IN
u07-003095,user3095@uni.edu,2026-04-11,US
u07-003096,user3096@mail.co.in,2026-07-10,AU
u07-003097,user3097@uni.edu,2026-02-27,AU
u07-003098,user3098@uni.edu,2026-09-11,US
u07-003099,user3099@example.com,2026-07-28,US
u07-003100,user3100@mail.co.in,2026-09-17,GB
u07-003101,user3101@uni.edu,2026-07-26,IN
u07-003102,user3102@uni.edu,2026-02-11,US
u07-003103,user3103@mail.co.in,2026-03-11,DE
u07-003104,user3104@example.com,2026-01-20,DE
u07-003105,user3105@mail.co.in,2026-02-19,IN
u07-003106,user3106@example.com,2026-03-16,SG
u07-003107,user3107@uni.edu,2026-05-17,DE
u07-003108,user3108@example.com,2026-05-16,GB
u07-003109,user3109@mail.co.in,2026-06-19,IN
u07-003110,user3110@corp.io,2026-03-12,GB
u07-003111,user3111@corp.io,2026-09-26,US
u07-003112,user3112@mail.co.in,2026-09-25,DE
u07-003113,user3113@example.com,2026-02-21,IN
u07-003114,user3114@mail.co.in,2026-06-26,DE
u07-003115,user3115@mail.co.in,2026-05-14,US
u07-003116,user3116@corp.io,2026-04-23,DE
u07-003117,user3117@corp.io,2026-08-17,SG
u07-003118,user3118@example.com,2026-07-20,IN
u07-003119,user3119@uni.edu,2026-05-12,AU
u07-003120,user3120@example.com,2026-06-14,GB
u07-003121,user3121@corp.io,2026-06-10,US
u07-003122,user3122@example.com,2026-04-25,AU
u07-003123,user3123@uni.edu,2026-09-26,IN
u07-003124,user3124@mail.co.in,2026-04-26,IN
u07-003125,user3125@example.com,2026-06-14,DE
u07-003126,user3126@corp.io,2026-08-10,DE
u07-003127,user3127@mail.co.in,2026-08-18,US
u07-003128,user3128@corp.io,2026-03-11,AU
u07-003129,user3129@example.com,2026-03-19,DE
u07-003130,user3130@corp.io,2026-01-21,AU
u07-003131,user3131@uni.edu,2026-07-17,SG
u07-003132,user3132@uni.edu,2026-01-23,IN
u07-003133,user3133@uni.edu,2026-05-21,AU
u07-003134,user3134@corp.io,2026-05-26,AU
u07-003135,user3135@uni.edu,2026-03-25,US
u07-003136,user3136@mail.co.in,2026-04-21,US
u07-003137,user3137@uni.edu,2026-02-13,SG
u07-003138,user3138@mail.co.in,2026-06-21,SG
u07-003139,user3139@example.com,2026-08-26,SG
u07-003140,user3140@uni.edu,2026-03-20,SG
u07-003141,user3141@uni.edu,2026-02-17,GB
u07-003142,user3142@uni.edu,2026-01-11,SG
u07-003143,user3143@uni.edu,2026-05-25,DE
u07-003144,user3144@corp.io,2026-09-17,SG
u07-003145,user3145@uni.edu,2026-01-20,DE
u07-003146,user3146@corp.io,2026-03-13,GB
u07-003147,user3147@corp.io,2026-06-27,IN
u07-003148,user3148@mail.co.in,2026-01-13,US
u07-003149,user3149@uni.edu,2026-06-12,SG
u07-003150,user3150@mail.co.in,2026-06-23,DE
u07-003151,user3151@corp.io,2026-02-12,AU
u07-003152,user3152@uni.edu,2026-09-25,DE
u07-003153,user3153@corp.io,2026-08-28,US
u07-003154,user3154@uni.edu,2026-03-20,GB
u07-003155,user3155@uni.edu,2026-09-11,AU
u07-003156,user3156@corp.io,2026-08-13,GB
u07-003157,user3157@example.com,2026-03-10,GB
u07-003158,user3158@corp.io,2026-09-24,AU
u07-003159,user3159@mail.co.in,2026-03-12,DE
u07-003160,user3160@mail.co.in,2026-06-24,IN
u07-003161,user3161@example.com,2026-02-13,AU
u07-003162,user3162@mail.co.in,2026-05-27,IN
u07-003163,user3163@corp.io,2026-09-10,GB
u07-003164,user3164@example.com,2026-04-13,GB
u07-003165,user3165@mail.co.in,2026-09-25,US
u07-003166,user3166@example.com,2026-08-12,SG
u07-003167,user3167@mail.co.in,2026-08-28,IN
u07-003168,user3168@corp.io,2026-01-12,AU
u07-003169,user3169@mail.co.in,2026-02-22,US
u07-003170,user3170@mail.co.in,2026-04-21,AU
u07-003171,user3171@example.com,2026-09-22,SG
u07-003172,user3172@corp.io,2026-01-21,DE
u07-003173,user3173@uni.edu,2026-08-10,DE
u07-003174,user3174@uni.edu,2026-06-25,SG
u07-003175,user3175@example.com,2026-06-18,AU
u07-003176,user3176@uni.edu,2026-06-26,DE
u07-003177,user3177@example.com,2026-07-28,DE
u07-003178,user3178@corp.io,2026-07-14,DE
u07-003179,user3179@mail.co.in,2026-07-16,IN
u07-003180,user3180@mail.co.in,2026-08-12,DE
u07-003181,user3181@uni.edu,2026-05-12,US
u07-003182,user3182@example.com,2026-07-14,AU
u07-003183,user3183@corp.io,2026-04-18,DE
u07-003184,user3184@example.com,2026-05-15,IN
u07-003185,user3185@mail.co.in,2026-07-10,AU
u07-003186,user3186@corp.io,2026-05-22,DE
u07-003187,user3187@uni.edu,2026-07-13,US
u07-003188,user3188@mail.co.in,2026-04-14,US
u07-003189,user3189@uni.edu,2026-01-25,IN
u07-003190,user3190@uni.edu,2026-06-28,GB
u07-003191,user3191@uni.edu,2026-08-23,SG
u07-003192,user3192@example.com,2026-03-23,IN
u07-003193,user3193@uni.edu,2026-03-13,US
u07-003194,user3194@mail.co.in,2026-09-15,DE
u07-003195,user3195@corp.io,2026-07-15,SG
u07-003196,user3196@example.com,2026-03-26,SG
u07-003197,user3197@example.com,2026-01-20,SG
u07-003198,user3198@corp.io,2026-05-19,US
u07-003199,user3199@uni.edu,2026-07-18,DE
u07-003200,user3200@example.com,2026-05-15,DE
u07-003201,user3201@example.com,2026-03-15,GB
u07-003202,user3202@example.com,2026-04-22,IN
u07-003203,user3203@corp.io,2026-07-14,IN
u07-003204,user3204@corp.io,2026-04-21,DE
u07-003205,user3205@uni.edu,2026-03-19,SG
u07-003206,user3206@example.com,2026-09-11,DE
u07-003207,user3207@corp.io,2026-03-17,IN
u07-003208,user3208@corp.io,2026-08-15,IN
u07-003209,user3209@uni.edu,2026-07-26,SG
u07-003210,user3210@corp.io,2026-08-25,IN
u07-003211,user3211@corp.io,2026-01-23,SG
u07-003212,user3212@example.com,2026-07-12,SG
u07-003213,user3213@uni.edu,2026-06-16,DE
u07-003214,user3214@corp.io,2026-08-22,GB
u07-003215,user3215@example.com,2026-09-11,SG
u07-003216,user3216@mail.co.in,2026-06-27,AU
u07-003217,user3217@example.com,2026-01-14,IN
u07-003218,user3218@corp.io,2026-08-18,US
u07-003219,user3219@mail.co.in,2026-03-26,AU
u07-003220,user3220@example.com,2026-08-28,GB
u07-003221,user3221@example.com,2026-04-10,SG
u07-003222,user3222@example.com,2026-04-14,DE
u07-003223,user3223@mail.co.in,2026-03-13,GB
u07-003224,user3224@uni.edu,2026-04-20,US
u07-003225,user3225@mail.co.in,2026-05-15,DE
u07-003226,user3226@example.com,2026-01-23,AU
u07-003227,user3227@mail.co.in,2026-08-26,IN
u07-003228,user3228@example.com,2026-04-12,DE
u07-003229,user3229@corp.io,2026-02-20,US
u07-003230,user3230@corp.io,2026-04-15,DE
u07-003231,user3231@uni.edu,2026-01-15,GB
u07-003232,user3232@corp.io,2026-01-17,DE
u07-003233,user3233@example.com,2026-07-17,AU
u07-003234,user3234@example.com,2026-07-27,DE
u07-003235,user3235@uni.edu,2026-03-10,AU
u07-003236,user3236@mail.co.in,2026-07-19,US
u07-003237,user3237@example.com,2026-03-12,DE
u07-003238,user3238@corp.io,2026-07-23,DE
u07-003239,user3239@corp.io,2026-08-22,GB
u07-003240,user3240@uni.edu,2026-09-23,IN
u07-003241,user3241@mail.co.in,2026-05-22,DE
u07-003242,user3242@uni.edu,2026-01-20,SG
u07-003243,user3243@corp.io,2026-08-22,DE
u07-003244,user3244@uni.edu,2026-07-13,GB
u07-003245,user3245@example.com,2026-09-20,AU
u07-003246,user3246@uni.edu,2026-05-17,SG
u07-003247,user3247@mail.co.in,2026-01-27,IN
u07-003248,user3248@uni.edu,2026-09-23,DE
u07-003249,user3249@example.com,2026-05-16,DE
u07-003250,user3250@uni.edu,2026-04-27,AU
u07-003251,user3251@mail.co.in,2026-07-12,AU
u07-003252,user3252@example.com,2026-08-12,DE
u07-003253,user3253@mail.co.in,2026-08-14,US
u07-003254,user3254@uni.edu,2026-07-12,IN
u07-003255,user3255@uni.edu,2026-06-22,US
u07-003256,user3256@mail.co.in,2026-01-17,AU
u07-003257,user3257@mail.co.in,2026-09-24,SG
u07-003258,user3258@uni.edu,2026-08-28,US
u07-003259,user3259@corp.io,2026-06-10,US
u07-003260,user3260@example.com,2026-04-26,US
u07-003261,user3261@example.com,2026-05-25,GB
u07-003262,user3262@corp.io,2026-01-10,SG
u07-003263,user3263@corp.io,2026-09-12,IN
u07-003264,user3264@corp.io,2026-09-23,IN
u07-003265,user3265@mail.co.in,2026-08-19,SG
u07-003266,user3266@corp.io,2026-09-25,IN
u07-003267,user3267@corp.io,2026-07-17,US
u07-003268,user3268@mail.co.in,2026-09-17,SG
u07-003269,user3269@uni.edu,2026-08-26,DE
u07-003270,user3270@example.com,2026-05-21,IN
u07-003271,user3271@example.com,2026-05-18,IN
u07-003272,user3272@corp.io,2026-04-10,DE
u07-003273,user3273@corp.io,2026-02-23,SG
u07-003274,user3274@uni.edu,2026-05-19,DE
u07-003275,user3275@uni.edu,2026-03-14,AU
u07-003276,user3276@example.com,2026-08-18,IN
u07-003277,user3277@corp.io,2026-03-22,DE
u07-003278,user3278@mail.co.in,2026-04-14,GB
u07-003279,user3279@mail.co.in,2026-03-11,SG
u07-003280,user3280@uni.edu,2026-02-13,US
u07-003281,user3281@corp.io,2026-06-26,US
u07-003282,user3282@corp.io,2026-08-11,IN
u07-003283,user3283@example.com,2026-06-14,IN
u07-003284,user3284@corp.io,2026-07-15,DE
u07-003285,user3285@mail.co.in,2026-05-15,GB
u07-003286,user3286@mail.co.in,2026-09-11,IN
u07-003287,user3287@uni.edu,2026-05-25,DE
u07-003288,user3288@mail.co.in,2026-05-20,AU
u07-003289,user3289@corp.io,2026-01-22,GB
u07-003290,user3290@mail.co.in,2026-01-15,AU
u07-003291,user3291@mail.co.in,2026-03-21,DE
u07-003292,user3292@example.com,2026-02-24,IN
u07-003293,user3293@corp.io,2026-05-10,US
u07-003294,user3294@example.com,2026-03-26,IN
u07-003295,user3295@corp.io,2026-08-25,US
u07-003296,user3296@example.com,2026-04-20,GB
u07-003297,user3297@mail.co.in,2026-08-27,GB
u07-003298,user3298@mail.co.in,2026-04-19,US
u07-003299,user3299@example.com,2026-02-24,IN
u07-003300,user3300@corp.io,2026-07-24,GB
u07-003301,user3301@example.com,2026-01-16,DE
u07-003302,user3302@mail.co.in,2026-09-28,GB
u07-003303,user3303@corp.io,2026-07-10,SG
u07-003304,user3304@corp.io,2026-06-27,GB
u07-003305,user3305@corp.io,2026-06-27,GB
u07-003306,user3306@mail.co.in,2026-07-28,IN
u07-003307,user3307@example.com,2026-07-23,GB
u07-003308,user3308@example.com,2026-05-26,GB
u07-003309,user3309@mail.co.in,2026-02-20,US
u07-003310,user3310@mail.co.in,2026-06-19,DE
u07-003311,user3311@mail.co.in,2026-01-27,IN
u07-003312,user3312@mail.co.in,2026-04-25,GB
u07-003313,user3313@mail.co.in,2026-09-20,SG
u07-003314,user3314@mail.co.in,2026-02-14,GB
u07-003315,user3315@mail.co.in,2026-05-24,GB
u07-003316,user3316@example.com,2026-02-13,SG
u07-003317,user3317@mail.co.in,2026-03-16,IN
u07-003318,user3318@corp.io,2026-08-26,AU
u07-003319,user3319@corp.io,2026-08-13,US
u07-003320,user3320@mail.co.in,2026-01-12,DE
u07-003321,user3321@example.com,2026-07-21,DE
u07-003322,user3322@corp.io,2026-06-15,SG
u07-003323,user3323@corp.io,2026-06-19,GB
u07-003324,user3324@mail.co.in,2026-05-16,AU
u07-003325,user3325@uni.edu,2026-03-23,US
u07-003326,user3326@corp.io,2026-03-17,DE
u07-003327,user3327@example.com,2026-07-15,SG
u07-003328,user3328@uni.edu,2026-03-15,US
u07-003329,user3329@mail.co.in,2026-07-19,DE
u07-003330,user3330@mail.co.in,2026-06-25,GB
u07-003331,user3331@mail.co.in,2026-05-14,GB
u07-003332,user3332@uni.edu,2026-08-26,DE
u07-003333,user3333@mail.co.in,2026-02-15,AU
u07-003334,user3334@mail.co.in,2026-07-18,GB
u07-003335,user3335@example.com,2026-02-12,IN
u07-003336,user3336@mail.co.in,2026-04-14,SG
u07-003337,user3337@mail.co.in,2026-05-22,DE
u07-003338,user3338@example.com,2026-05-13,AU
u07-003339,user3339@mail.co.in,2026-03-26,DE
u07-003340,user3340@uni.edu,2026-05-26,DE
u07-003341,user3341@mail.co.in,2026-03-27,GB
u07-003342,user3342@uni.edu,2026-03-11,SG
u07-003343,user3343@uni.edu,2026-02-13,SG
u07-003344,user3344@corp.io,2026-09-14,US
u07-003345,user3345@corp.io,2026-08-13,IN
u07-003346,user3346@example.com,2026-01-20,US
u07-003347,user3347@example.com,2026-01-22,GB
u07-003348,user3348@corp.io,2026-09-24,SG
u07-003349,user3349@example.com,2026-03-26,DE
u07-003350,user3350@example.com,2026-01-16,SG
u07-003351,user3351@corp.io,2026-05-19,AU
u07-003352,user3352@example.com,2026-06-10,AU
u07-003353,user3353@example.com,2026-03-19,IN
u07-003354,user3354@corp.io,2026-09-21,GB
u07-003355,user3355@example.com,2026-08-16,DE
u07-003356,user3356@mail.co.in,2026-02-25,AU
u07-003357,user3357@corp.io,2026-08-17,DE
u07-003358,user3358@mail.co.in,2026-09-26,AU
u07-003359,user3359@example.com,2026-06-22,SG
u07-003360,user3360@uni.edu,2026-06-21,US
u07-003361,user3361@mail.co.in,2026-04-17,GB
u07-003362,user3362@mail.co.in,2026-09-18,AU
u07-003363,user3363@example.com,2026-09-20,US
u07-003364,user3364@corp.io,2026-07-22,DE
u07-003365,user3365@mail.co.in,2026-03-21,IN
u07-003366,user3366@mail.co.in,2026-04-10,GB
u07-003367,user3367@corp.io,2026-07-27,GB
u07-003368,user3368@mail.co.in,2026-03-18,IN
u07-003369,user3369@mail.co.in,2026-09-12,SG
u07-003370,user3370@example.com,2026-03-19,IN
u07-003371,user3371@corp.io,2026-04-27,DE
u07-003372,user3372@uni.edu,2026-05-22,IN
u07-003373,user3373@corp.io,2026-07-26,DE
u07-003374,user3374@uni.edu,2026-05-20,AU
u07-003375,user3375@example.com,2026-07-26,AU
u07-003376,user3376@mail.co.in,2026-06-25,DE
u07-003377,user3377@corp.io,2026-07-18,DE
u07-003378,user3378@mail.co.in,2026-09-18,GB
u07-003379,user3379@uni.edu,2026-03-18,SG
u07-003380,user3380@uni.edu,2026-01-21,US
u07-003381,user3381@example.com,2026-07-20,GB
u07-003382,user3382@mail.co.in,2026-02-16,SG
u07-003383,user3383@uni.edu,2026-04-12,GB
u07-003384,user3384@uni.edu,2026-05-25,DE
u07-003385,user3385@uni.edu,2026-08-24,AU
u07-003386,user3386@example.com,2026-08-14,DE
u07-003387,user3387@example.com,2026-07-21,SG
u07-003388,user3388@mail.co.in,2026-03-18,DE
u07-003389,user3389@mail.co.in,2026-04-13,US
u07-003390,user3390@example.com,2026-07-12,DE
u07-003391,user3391@mail.co.in,2026-08-14,DE
u07-003392,user3392@corp.io,2026-05-27,DE
u07-003393,user3393@uni.edu,2026-07-26,AU
u07-003394,user3394@mail.co.in,2026-06-28,GB
u07-003395,user3395@mail.co.in,2026-08-15,GB
u07-003396,user3396@corp.io,2026-01-13,IN
u07-003397,user3397@mail.co.in,2026-04-26,DE
u07-003398,user3398@uni.edu,2026-04-20,AU
u07-003399,user3399@uni.edu,2026-03-12,IN
u07-003400,user3400@mail.co.in,2026-08-21,GB
u07-003401,user3401@mail.co.in,2026-01-24,US
u07-003402,user3402@uni.edu,2026-08-27,GB
u07-003403,user3403@example.com,2026-08-22,GB
u07-003404,user3404@mail.co.in,2026-02-27,US
u07-003405,user3405@example.com,2026-03-24,US
u07-003406,user3406@corp.io,2026-01-15,SG
u07-003407,user3407@example.com,2026-09-18,SG
u07-003408,user3408@corp.io,2026-05-26,SG
u07-003409,user3409@mail.co.in,2026-03-27,AU
u07-003410,user3410@mail.co.in,2026-01-14,US
u07-003411,user3411@mail.co.in,2026-07-16,DE
u07-003412,user3412@corp.io,2026-09-15,SG
u07-003413,user3413@example.com,2026-09-15,US
u07-003414,user3414@mail.co.in,2026-04-14,DE
u07-003415,user3415@corp.io,2026-09-12,US
u07-003416,user3416@uni.edu,2026-06-15,SG
u07-003417,user3417@uni.edu,2026-02-19,SG
u07-003418,user3418@mail.co.in,2026-03-11,AU
u07-003419,user3419@uni.edu,2026-08-11,US
u07-003420,user3420@corp.io,2026-09-16,GB
u07-003421,user3421@corp.io,2026-06-15,GB
u07-003422,user3422@uni.edu,2026-05-19,US
u07-003423,user3423@mail.co.in,2026-04-21,US
u07-003424,user3424@corp.io,2026-02-14,IN
u07-003425,user3425@corp.io,2026-07-10,GB
u07-003426,user3426@example.com,2026-03-13,DE
u07-003427,user3427@uni.edu,2026-07-21,AU
u07-003428,user3428@mail.co.in,2026-05-13,GB
u07-003429,user3429@mail.co.in,2026-09-23,US
u07-003430,user3430@uni.edu,2026-03-16,AU
u07-003431,user3431@corp.io,2026-09-28,GB
u07-003432,user3432@example.com,2026-09-15,DE
u07-003433,user3433@mail.co.in,2026-06-17,US
u07-003434,user3434@uni.edu,2026-02-22,AU
u07-003435,user3435@uni.edu,2026-08-12,DE
u07-003436,user3436@uni.edu,2026-06-21,AU
u07-003437,user3437@corp.io,2026-06-20,US
u07-003438,user3438@uni.edu,2026-07-22,SG
u07-003439,user3439@uni.edu,2026-07-17,IN
u07-003440,user3440@uni.edu,2026-05-10,AU
u07-003441,user3441@example.com,2026-08-12,US
u07-003442,user3442@uni.edu,2026-07-13,SG
u07-003443,user3443@corp.io,2026-01-22,US
u07-003444,user3444@corp.io,2026-07-13,DE
u07-003445,user3445@corp.io,2026-02-13,DE
u07-003446,user3446@example.com,2026-05-21,US
u07-003447,user3447@corp.io,2026-04-23,GB
u07-003448,user3448@uni.edu,2026-04-22,US
u07-003449,user3449@mail.co.in,2026-08-27,DE
u07-003450,user3450@mail.co.in,2026-09-15,US
u07-003451,user3451@example.com,2026-09-16,SG
u07-003452,user3452@corp.io,2026-02-15,IN
u07-003453,user3453@uni.edu,2026-01-14,GB
u07-003454,user3454@uni.edu,2026-04-16,GB
u07-003455,user3455@corp.io,2026-07-18,DE
u07-003456,user3456@mail.co.in,2026-02-12,GB
u07-003457,user3457@corp.io,2026-06-10,IN
u07-003458,user3458@mail.co.in,2026-05-28,IN
u07-003459,user3459@mail.co.in,2026-07-21,DE
u07-003460,user3460@mail.co.in,2026-09-14,IN
u07-003461,user3461@mail.co.in,2026-02-26,SG
u07-003462,user3462@example.com,2026-05-17,GB
u07-003463,user3463@uni.edu,2026-05-27,GB
u07-003464,user3464@mail.co.in,2026-02-27,GB
u07-003465,user3465@uni.edu,2026-06-19,DE
u07-003466,user3466@uni.edu,2026-01-13,DE
u07-003467,user3467@mail.co.in,2026-02-26,GB
u07-003468,user3468@corp.io,2026-03-16,DE
u07-003469,user3469@uni.edu,2026-06-18,IN
u07-003470,user3470@example.com,2026-04-10,IN
u07-003471,user3471@mail.co.in,2026-04-20,GB
u07-003472,user3472@example.com,2026-05-19,IN
u07-003473,user3473@uni.edu,2026-02-12,GB
u07-003474,user3474@uni.edu,2026-08-25,GB
u07-003475,user3475@corp.io,2026-02-20,US
u07-003476,user3476@example.com,2026-04-17,DE
u07-003477,user3477@example.com,2026-06-28,US
u07-003478,user3478@mail.co.in,2026-08-25,SG
u07-003479,user3479@mail.co.in,2026-08-24,SG
u07-003480,user3480@corp.io,2026-06-19,AU
u07-003481,user3481@mail.co.in,2026-01-25,IN
u07-003482,user3482@example.com,2026-09-18,AU
u07-003483,user3483@uni.edu,2026-09-23,IN
u07-003484,user3484@uni.edu,2026-02-17,SG
u07-003485,user3485@uni.edu,2026-02-13,GB
u07-003486,user3486@mail.co.in,2026-02-17,IN
u07-003487,user3487@example.com,2026-04-25,DE
u07-003488,user3488@corp.io,2026-07-13,SG
u07-003489,user3489@example.com,2026-08-17,DE
u07-003490,user3490@corp.io,2026-09-17,AU
u07-003491,user3491@uni.edu,2026-02-23,DE
u07-003492,user3492@mail.co.in,2026-01-14,DE
u07-003493,user3493@corp.io,2026-03-28,AU
u07-003494,user3494@mail.co.in,2026-06-19,DE
u07-003495,user3495@corp.io,2026-05-22,GB
u07-003496,user3496@mail.co.in,2026-01-12,US
u07-003497,user3497@corp.io,2026-05-22,GB
u07-003498,user3498@uni.edu,2026-05-11,DE
u07-003499,user3499@mail.co.in,2026-09-11,IN
u07-003500,user3500@corp.io,2026-01-12,US
u07-003501,user3501@uni.edu,2026-05-28,AU
u07-003502,user3502@uni.edu,2026-08-13,AU
u07-003503,user3503@mail.co.in,2026-08-12,AU
u07-003504,user3504@uni.edu,2026-05-23,SG
u07-003505,user3505@corp.io,2026-09-13,DE
u07-003506,user3506@mail.co.in,2026-06-16,US
u07-003507,user3507@corp.io,2026-05-24,GB
u07-003508,user3508@uni.edu,2026-06-24,AU
u07-003509,user3509@mail.co.in,2026-01-12,US
u07-003510,user3510@mail.co.in,2026-09-10,US
u07-003511,user3511@uni.edu,2026-03-27,GB
u07-003512,user3512@uni.edu,2026-03-28,IN
u07-003513,user3513@corp.io,2026-04-17,IN
u07-003514,user3514@corp.io,2026-05-11,IN
u07-003515,user3515@corp.io,2026-01-14,DE
u07-003516,user3516@corp.io,2026-08-16,IN
u07-003517,user3517@mail.co.in,2026-01-11,US
u07-003518,user3518@example.com,2026-01-28,GB
u07-003519,user3519@example.com,2026-02-22,DE
u07-003520,user3520@mail.co.in,2026-08-13,GB
u07-003521,user3521@uni.edu,2026-04-27,DE
u07-003522,user3522@mail.co.in,2026-05-22,GB
u07-003523,user3523@mail.co.in,2026-06-11,GB
u07-003524,user3524@uni.edu,2026-06-26,GB
u07-003525,user3525@example.com,2026-09-23,US
u07-003526,user3526@uni.edu,2026-05-23,US
u07-003527,user3527@uni.edu,2026-09-11,DE
u07-003528,user3528@example.com,2026-06-17,AU
u07-003529,user3529@example.com,2026-01-18,AU
u07-003530,user3530@uni.edu,2026-02-12,AU
u07-003531,user3531@corp.io,2026-07-11,GB
u07-003532,user3532@mail.co.in,2026-03-25,GB
u07-003533,user3533@example.com,2026-09-15,US
u07-003534,user3534@mail.co.in,2026-05-12,DE
u07-003535,user3535@corp.io,2026-08-16,SG
u07-003536,user3536@example.com,2026-01-14,SG
u07-003537,user3537@uni.edu,2026-03-23,IN
u07-003538,user3538@example.com,2026-02-18,DE
u07-003539,user3539@corp.io,2026-06-27,IN
u07-003540,user3540@example.com,2026-02-10,IN
u07-003541,user3541@uni.edu,2026-08-23,US
u07-003542,user3542@corp.io,2026-05-17,AU
u07-003543,user3543@mail.co.in,2026-09-26,AU
u07-003544,user3544@uni.edu,2026-02-21,AU
u07-003545,user3545@mail.co.in,2026-03-13,IN
u07-003546,user3546@corp.io,2026-02-28,IN
u07-003547,user3547@corp.io,2026-01-21,SG
u07-003548,user3548@corp.io,2026-05-14,GB
u07-003549,user3549@uni.edu,2026-03-23,US
u07-003550,user3550@corp.io,2026-06-23,SG
u07-003551,user3551@example.com,2026-03-20,US
u07-003552,user3552@corp.io,2026-04-18,US
u07-003553,user3553@corp.io,2026-06-14,AU
u07-003554,user3554@corp.io,2026-06-18,GB
u07-003555,user3555@mail.co.in,2026-07-16,DE
u07-003556,user3556@mail.co.in,2026-01-21,GB
u07-003557,user3557@example.com,2026-03-16,AU
u07-003558,user3558@mail.co.in,2026-05-23,GB
u07-003559,user3559@uni.edu,2026-04-28,AU
u07-003560,user3560@corp.io,2026-03-24,SG
u07-003561,user3561@uni.edu,2026-08-13,GB
u07-003562,user3562@uni.edu,2026-04-19,SG
u07-003563,user3563@mail.co.in,2026-01-13,US
u07-003564,user3564@corp.io,2026-04-28,US
u07-003565,user3565@mail.co.in,2026-02-20,DE
u07-003566,user3566@uni.edu,2026-07-24,DE
u07-003567,user3567@corp.io,2026-06-24,GB
u07-003568,user3568@uni.edu,2026-05-13,DE
u07-003569,user3569@example.com,2026-01-13,DE
u07-003570,user3570@uni.edu,2026-07-28,AU
u07-003571,user3571@mail.co.in,2026-01-25,AU
u07-003572,user3572@example.com,2026-06-28,IN
u07-003573,user3573@mail.co.in,2026-04-25,GB
u07-003574,user3574@uni.edu,2026-03-12,SG
u07-003575,user3575@corp.io,2026-02-27,GB
u07-003576,user3576@example.com,2026-03-21,GB
u07-003577,user3577@mail.co.in,2026-01-11,IN
u07-003578,user3578@corp.io,2026-07-10,US
u07-003579,user3579@mail.co.in,2026-03-16,AU
u07-003580,user3580@corp.io,2026-04-23,AU
u07-003581,user3581@mail.co.in,2026-07-18,GB
u07-003582,user3582@mail.co.in,2026-03-27,US
u07-003583,user3583@uni.edu,2026-08-17,AU
u07-003584,user3584@example.com,2026-07-18,IN
u07-003585,user3585@uni.edu,2026-01-21,SG
u07-003586,user3586@corp.io,2026-07-19,DE
u07-003587,user3587@uni.edu,2026-07-23,AU
u07-003588,user3588@corp.io,2026-01-10,AU
u07-003589,user3589@corp.io,2026-04-22,GB
u07-003590,user3590@uni.edu,2026-02-18,SG
u07-003591,user3591@example.com,2026-07-19,AU
u07-003592,user3592@uni.edu,2026-02-27,SG
u07-003593,user3593@example.com,2026-02-28,IN
u07-003594,user3594@example.com,2026-02-15,AU
u07-003595,user3595@example.com,2026-01-23,US
u07-003596,user3596@corp.io,2026-09-19,DE
u07-003597,user3597@uni.edu,2026-04-19,SG
u07-003598,user3598@corp.io,2026-03-28,AU
u07-003599,user3599@example.com,2026-02-24,DE
u07-003600,user3600@corp.io,2026-02-16,US
u07-003601,user3601@mail.co.in,2026-05-28,SG
u07-003602,user3602@mail.co.in,2026-09-20,US
u07-003603,user3603@example.com,2026-09-12,AU
u07-003604,user3604@uni.edu,2026-07-10,SG
u07-003605,user3605@mail.co.in,2026-08-24,GB
u07-003606,user3606@example.com,2026-08-23,IN
u07-003607,user3607@example.com,2026-02-16,DE
u07-003608,user3608@corp.io,2026-09-26,US
u07-003609,user3609@example.com,2026-09-24,IN
u07-003610,user3610@example.com,2026-01-14,IN
u07-003611,user3611@uni.edu,2026-02-10,IN
u07-003612,user3612@mail.co.in,2026-04-20,US
u07-003613,user3613@mail.co.in,2026-07-22,US
u07-003614,user3614@example.com,2026-08-15,SG
u07-003615,user3615@example.com,2026-09-28,DE
u07-003616,user3616@mail.co.in,2026-07-16,IN
u07-003617,user3617@uni.edu,2026-06-24,IN
u07-003618,user3618@corp.io,2026-06-23,SG
u07-003619,user3619@uni.edu,2026-06-22,IN
u07-003620,user3620@corp.io,2026-07-18,DE
u07-003621,user3621@mail.co.in,2026-08-10,AU
u07-003622,user3622@uni.edu,2026-06-28,AU
u07-003623,user3623@mail.co.in,2026-05-11,US
u07-003624,user3624@uni.edu,2026-04-26,GB
u07-003625,user3625@uni.edu,2026-04-15,IN
u07-003626,user3626@mail.co.in,2026-08-13,GB
u07-003627,user3627@mail.co.in,2026-07-11,US
u07-003628,user3628@example.com,2026-05-14,DE
u07-003629,user3629@example.com,2026-05-22,US
u07-003630,user3630@corp.io,2026-07-21,GB
u07-003631,user3631@uni.edu,2026-01-15,US
u07-003632,user3632@uni.edu,2026-04-14,AU
u07-003633,user3633@example.com,2026-07-10,US
u07-003634,user3634@mail.co.in,2026-02-13,SG
u07-003635,user3635@corp.io,2026-08-15,US
u07-003636,user3636@example.com,2026-05-12,US
u07-003637,user3637@mail.co.in,2026-06-13,US
u07-003638,user3638@mail.co.in,2026-08-23,DE
u07-003639,user3639@mail.co.in,2026-03-19,DE
u07-003640,user3640@corp.io,2026-08-22,US
u07-003641,user3641@corp.io,2026-05-14,GB
u07-003642,user3642@uni.edu,2026-04-25,GB
u07-003643,user3643@mail.co.in,2026-06-28,AU
u07-003644,user3644@corp.io,2026-03-24,AU
u07-003645,user3645@example.com,2026-03-23,SG
u07-003646,user3646@corp.io,2026-08-27,GB
u07-003647,user3647@corp.io,2026-09-25,US
u07-003648,user3648@example.com,2026-06-11,US
u07-003649,user3649@corp.io,2026-01-28,AU
u07-003650,user3650@example.com,2026-02-10,AU
u07-003651,user3651@uni.edu,2026-08-21,AU
u07-003652,user3652@corp.io,2026-03-19,DE
u07-003653,user3653@uni.edu,2026-09-25,AU
u07-003654,user3654@corp.io,2026-06-24,US
u07-003655,user3655@uni.edu,2026-03-21,IN
u07-003656,user3656@mail.co.in.,2026-06-14,AU
u07-003657,user3657@example.com,2026-07-24,AU
u07-003658,user3658@example.com,2026-06-12,GB
u07-003659,user3659@corp.io,2026-08-12,AU
u07-003660,user3660@example.com,2026-02-27,GB
u07-003661,user3661@mail.co.in,2026-06-23,IN
u07-003662,user3662@example.com,2026-05-16,DE
u07-003663,user3663@corp.io,2026-06-17,IN
u07-003664,user3664@uni.edu,2026-04-17,GB
u07-003665,user3665@corp.io,2026-01-28,DE
u07-003666,user3666@mail.co.in,2026-02-10,AU
u07-003667,user3667@example.com,2026-09-12,DE
u07-003668,user3668@uni.edu,2026-06-12,US
u07-003669,user3669@uni.edu,2026-04-20,GB
u07-003670,user3670@uni.edu,2026-02-11,AU
u07-003671,user3671@mail.co.in,2026-09-24,DE
u07-003672,user3672@mail.co.in,2026-03-24,DE
u07-003673,user3673@uni.edu,2026-02-24,DE
u07-003674,user3674@mail.co.in,2026-05-25,DE
u07-003675,user3675@corp.io,2026-05-16,GB
u07-003676,user3676@example.com,2026-04-11,GB
u07-003677,user3677@uni.edu,2026-07-11,DE
u07-003678,user3678@corp.io,2026-07-17,AU
u07-003679,user3679@example.com,2026-09-24,DE
u07-003680,user3680@example.com,2026-03-25,GB
u07-003681,user3681@example.com,2026-01-27,SG
u07-003682,user3682@corp.io,2026-02-16,GB
u07-003683,user3683@example.com,2026-05-14,US
u07-003684,user3684@mail.co.in,2026-04-18,DE
u07-003685,user3685@mail.co.in,2026-03-21,AU
u07-003686,user3686@corp.io,2026-03-14,IN
u07-003687,user3687@example.com,2026-04-28,SG
u07-003688,user3688@example.com,2026-09-10,DE
u07-003689,user3689@mail.co.in,2026-02-13,IN
u07-003690,user3690@mail.co.in,2026-03-11,GB
u07-003691,user3691@mail.co.in,2026-06-13,US
u07-003692,user3692@example.com,2026-02-25,SG
u07-003693,user3693@uni.edu,2026-04-21,AU
u07-003694,user3694@corp.io,2026-05-16,AU
u07-003695,user3695@mail.co.in,2026-06-20,SG
u07-003696,user3696@example.com,2026-07-25,IN
u07-003697,user3697@mail.co.in,2026-01-10,GB
u07-003698,user3698@corp.io,2026-08-12,AU
u07-003699,user3699@example.com,2026-06-19,AU
u07-003700,user3700@example.com,2026-06-16,US
u07-003701,user3701@mail.co.in,2026-01-12,IN
u07-003702,user3702@corp.io,2026-06-26,GB
u07-003703,user3703@uni.edu,2026-09-16,DE
u07-003704,user3704@mail.co.in,2026-05-19,US
u07-003705,user3705@mail.co.in,2026-03-28,DE
u07-003706,user3706@corp.io,2026-02-27,IN
u07-003707,user3707@mail.co.in,2026-08-21,AU
u07-003708,user3708@example.com,2026-06-25,AU
u07-003709,user3709@corp.io,2026-04-13,GB
u07-003710,user3710@corp.io,2026-09-14,GB
u07-003711,user3711@uni.edu,2026-01-13,IN
u07-003712,user3712@uni.edu,2026-04-24,IN
u07-003713,user3713@example.com,2026-09-22,SG
u07-003714,user3714@example.com,2026-06-12,DE
u07-003715,user3715@corp.io,2026-04-22,AU
u07-003716,user3716@corp.io,2026-05-12,IN
u07-003717,user3717@corp.io,2026-06-14,GB
u07-003718,user3718@example.com,2026-08-24,DE
u07-003719,user3719@corp.io,2026-04-21,AU
u07-003720,user3720@uni.edu,2026-03-21,US
u07-003721,user3721@corp.io,2026-01-11,GB
u07-003722,user3722@mail.co.in,2026-01-12,GB
u07-003723,user3723@uni.edu,2026-06-11,US
u07-003724,user3724@example.com,2026-08-18,DE
u07-003725,user3725@mail.co.in,2026-07-26,SG
u07-003726,user3726@mail.co.in,2026-04-18,AU
u07-003727,user3727@corp.io,2026-06-18,IN
u07-003728,user3728@corp.io,2026-01-21,US
u07-003729,user3729@example.com,2026-02-23,AU
u07-003730,user3730@example.com,2026-08-16,US
u07-003731,user3731@example.com,2026-04-16,IN
u07-003732,user3732@uni.edu,2026-08-20,IN
u07-003733,user3733@corp.io,2026-08-11,US
u07-003734,user3734@corp.io,2026-01-19,DE
u07-003735,user3735@uni.edu,2026-07-13,US
u07-003736,user3736@example.com,2026-04-10,DE
u07-003737,user3737@mail.co.in,2026-05-27,DE
u07-003738,user3738@uni.edu,2026-03-15,US
u07-003739,user3739@mail.co.in,2026-03-20,IN
u07-003740,user3740@uni.edu,2026-03-12,AU
u07-003741,user3741@example.com,2026-03-21,SG
u07-003742,user3742@example.com,2026-04-17,AU
u07-003743,user3743@example.com,2026-07-10,US
u07-003744,user3744@mail.co.in,2026-06-24,AU
u07-003745,user3745@corp.io,2026-03-20,IN
u07-003746,user3746@uni.edu,2026-05-12,DE
u07-003747,user3747@corp.io,2026-04-15,DE
u07-003748,user3748@uni.edu,2026-07-26,AU
u07-003749,user3749@mail.co.in,2026-03-11,DE
u07-003750,user3750@mail.co.in,2026-01-20,AU
u07-003751,user3751@example.com,2026-06-17,AU
u07-003752,user3752@corp.io,2026-06-10,SG
u07-003753,user3753@corp.io,2026-02-11,US
u07-003754,user3754@example.com,2026-02-15,DE
u07-003755,user3755@mail.co.in,2026-06-27,AU
u07-003756,user3756@example.com,2026-05-20,AU
u07-003757,user3757@mail.co.in,2026-09-16,US
u07-003758,user3758@mail.co.in,2026-08-25,GB
u07-003759,user3759@example.com,2026-02-21,GB
u07-003760,user3760@uni.edu,2026-08-21,DE
u07-003761,user3761@mail.co.in,2026-01-17,US
u07-003762,user3762@uni.edu,2026-04-15,SG
u07-003763,user3763@mail.co.in,2026-05-28,US
u07-003764,user3764@corp.io,2026-06-27,IN
u07-003765,user3765@mail.co.in,2026-02-26,AU
u07-003766,user3766@example.com,2026-03-25,US
u07-003767,user3767@uni.edu,2026-08-28,GB
u07-003768,user3768@uni.edu,2026-04-19,US
u07-003769,user3769@uni.edu,2026-06-22,GB
u07-003770,user3770@mail.co.in,2026-03-13,SG
u07-003771,user3771@corp.io,2026-05-12,GB
u07-003772,user3772@corp.io,2026-05-28,AU
u07-003773,user3773@corp.io,2026-01-20,AU
u07-003774,user3774@mail.co.in,2026-03-15,AU
u07-003775,user3775@uni.edu,2026-03-20,AU
u07-003776,user3776@mail.co.in,2026-07-11,IN
u07-003777,user3777@uni.edu,2026-09-14,SG
u07-003778,user3778@uni.edu,2026-06-10,GB
u07-003779,user3779@corp.io,2026-09-28,AU
u07-003780,user3780@corp.io,2026-04-22,US
u07-003781,user3781@corp.io,2026-02-23,SG
u07-003782,user3782@example.com,2026-07-12,SG
u07-003783,user3783@example.com,2026-06-23,SG
u07-003784,user3784@mail.co.in,2026-09-15,AU
u07-003785,user3785@corp.io,2026-08-10,US
u07-003786,user3786@uni.edu,2026-07-16,SG
u07-003787,user3787@uni.edu,2026-03-14,SG
u07-003788,user3788@uni.edu,2026-09-25,IN
u07-003789,user3789@mail.co.in,2026-06-20,AU
u07-003790,user3790@uni.edu,2026-01-23,GB
u07-003791,user3791@example.com,2026-07-28,US
u07-003792,user3792@mail.co.in,2026-09-22,DE
u07-003793,user3793@corp.io,2026-06-15,GB
u07-003794,user3794@mail.co.in,2026-09-24,DE
u07-003795,user3795@example.com,2026-05-27,SG
u07-003796,user3796@corp.io,2026-04-23,DE
u07-003797,user3797@example.com,2026-05-13,SG
u07-003798,user3798@mail.co.in,2026-07-10,DE
u07-003799,user3799@uni.edu,2026-01-15,SG
u07-003800,user3800@corp.io,2026-03-28,AU
u07-003801,user3801@example.com,2026-04-25,GB
u07-003802,user3802@uni.edu,2026-01-16,GB
u07-003803,user3803@corp.io,2026-09-12,SG
u07-003804,user3804@mail.co.in,2026-04-10,US
u07-003805,user3805@example.com,2026-02-19,AU
u07-003806,user3806@corp.io,2026-07-10,US
u07-003807,user3807@mail.co.in,2026-03-26,IN
u07-003808,user3808@mail.co.in,2026-02-18,SG
u07-003809,user3809@mail.co.in,2026-01-11,AU
u07-003810,user3810@example.com,2026-06-24,US
u07-003811,user3811@example.com,2026-02-16,SG
u07-003812,user3812@mail.co.in,2026-07-15,SG
u07-003813,user3813@corp.io,2026-04-19,DE
u07-003814,user3814@corp.io,2026-03-23,AU
u07-003815,user3815@uni.edu,2026-09-21,GB
u07-003816,user3816@corp.io,2026-01-25,AU
u07-003817,user3817@example.com,2026-06-21,DE
u07-003818,user3818@corp.io,2026-06-26,US
u07-003819,user3819@corp.io,2026-09-16,AU
u07-003820,user3820@corp.io,2026-04-18,US
u07-003821,user3821@uni.edu,2026-04-20,DE
u07-003822,user3822@mail.co.in,2026-08-25,DE
u07-003823,user3823@example.com,2026-08-14,DE
u07-003824,user3824@corp.io,2026-08-27,SG
u07-003825,user3825@mail.co.in,2026-01-26,DE
u07-003826,user3826@mail.co.in,2026-07-28,AU
u07-003827,user3827@uni.edu,2026-05-10,IN
u07-003828,user3828@corp.io,2026-02-22,DE
u07-003829,user3829@uni.edu,2026-01-24,SG
u07-003830,user3830@uni.edu,2026-07-17,DE
u07-003831,user3831@corp.io,2026-08-26,SG
u07-003832,user3832@corp.io,2026-03-23,IN
u07-003833,user3833@uni.edu,2026-03-12,DE
u07-003834,user3834@corp.io,2026-01-10,DE
u07-003835,user3835@example.com,2026-04-28,IN
u07-003836,user3836@corp.io,2026-05-13,SG
u07-003837,user3837@uni.edu,2026-06-13,IN
u07-003838,user3838@uni.edu,2026-03-18,AU
u07-003839,user3839@example.com,2026-03-27,AU
u07-003840,user3840@corp.io,2026-03-20,AU
u07-003841,user3841@uni.edu,2026-06-27,DE
u07-003842,user3842@corp.io,2026-02-24,IN
u07-003843,user3843@mail.co.in,2026-04-17,IN
u07-003844,user3844@example.com,2026-01-28,DE
u07-003845,user3845@corp.io,2026-03-12,IN
u07-003846,user3846@uni.edu,2026-01-22,AU
u07-003847,user3847@example.com,2026-03-16,GB
u07-003848,user3848@example.com,2026-02-26,US
u07-003849,user3849@corp.io,2026-06-10,US
u07-003850,user3850@uni.edu,2026-09-21,AU
u07-003851,user3851@corp.io,2026-04-15,US
u07-003852,user3852@mail.co.in,2026-07-13,US
u07-003853,user3853@mail.co.in,2026-07-18,US
u07-003854,user3854@example.com,2026-04-16,AU
u07-003855,user3855@mail.co.in,2026-07-20,IN
u07-003856,user3856@uni.edu,2026-01-22,US
u07-003857,user3857@corp.io,2026-03-21,US
u07-003858,user3858@uni.edu,2026-02-24,US
u07-003859,user3859@mail.co.in,2026-03-20,SG
u07-003860,user3860@example.com,2026-03-15,US
u07-003861,user3861@mail.co.in,2026-02-14,SG
u07-003862,user3862@example.com,2026-04-11,IN
u07-003863,user3863@uni.edu,2026-05-25,GB
u07-003864,user3864@example.com,2026-02-26,GB
u07-003865,user3865@corp.io,2026-08-25,AU
u07-003866,user3866@example.com,2026-03-16,GB
u07-003867,user3867@corp.io,2026-04-19,IN
u07-003868,user3868@mail.co.in,2026-04-15,SG
u07-003869,user3869@example.com,2026-09-11,IN
u07-003870,user3870@corp.io,2026-06-16,IN
u07-003871,user3871@uni.edu,2026-07-26,IN
u07-003872,user3872@mail.co.in,2026-06-24,AU
u07-003873,user3873@corp.io,2026-07-18,US
u07-003874,user3874@example.com,2026-09-28,AU
u07-003875,user3875@corp.io,2026-04-22,US
u07-003876,user3876@mail.co.in,2026-08-25,US
u07-003877,user3877@mail.co.in,2026-09-15,US
u07-003878,user3878@corp.io,2026-08-26,DE
u07-003879,user3879@uni.edu,2026-07-19,AU
u07-003880,user3880@example.com,2026-04-15,AU
u07-003881,user3881@example.com,2026-08-22,US
u07-003882,user3882@corp.io,2026-04-27,IN
u07-003883,user3883@uni.edu,2026-02-23,DE
u07-003884,user3884@uni.edu,2026-03-12,IN
u07-003885,user3885@corp.io,2026-07-15,DE
u07-003886,user3886@mail.co.in,2026-08-12,SG
u07-003887,user3887@mail.co.in,2026-04-27,SG
u07-003888,user3888@corp.io,2026-02-10,SG
u07-003889,user3889@uni.edu,2026-04-15,GB
u07-003890,user3890@mail.co.in,2026-02-14,GB
u07-003891,user3891@mail.co.in,2026-05-26,GB
u07-003892,user3892@uni.edu,2026-06-12,DE
u07-003893,user3893@corp.io,2026-04-23,AU
u07-003894,user3894@example.com,2026-06-27,IN
u07-003895,user3895@example.com,2026-08-23,US
u07-003896,user3896@corp.io,2026-01-17,IN
u07-003897,user3897@uni.edu,2026-04-26,IN
u07-003898,user3898@mail.co.in,2026-08-21,GB
u07-003899,user3899@mail.co.in,2026-07-23,SG
u07-003900,user3900@uni.edu,2026-06-11,SG
u07-003901,user3901@example.com,2026-09-20,IN
u07-003902,user3902@corp.io,2026-01-18,US
u07-003903,user3903@example.com,2026-06-25,DE
u07-003904,user3904@mail.co.in,2026-06-20,IN
u07-003905,user3905@mail.co.in,2026-04-28,SG
u07-003906,user3906@uni.edu,2026-08-22,DE
u07-003907,user3907@example.com,2026-03-14,AU
u07-003908,user3908@example.com,2026-06-24,AU
u07-003909,user3909@corp.io,2026-08-15,SG
u07-003910,user3910@mail.co.in,2026-01-17,SG
u07-003911,user3911@mail.co.in,2026-07-28,AU
u07-003912,user3912@corp.io,2026-09-17,IN
u07-003913,user3913@uni.edu,2026-08-20,GB
u07-003914,user3914@uni.edu,2026-05-15,US
u07-003915,user3915@mail.co.in,2026-09-23,IN
u07-003916,user3916@mail.co.in,2026-03-26,SG
u07-003917,user3917@uni.edu,2026-07-11,GB
u07-003918,user3918@example.com,2026-08-16,SG
u07-003919,user3919@corp.io,2026-02-13,IN
u07-003920,user3920@example.com,2026-01-17,IN
u07-003921,user3921@example.com,2026-08-21,GB
u07-003922,user3922@mail.co.in,2026-07-12,DE
u07-003923,user3923@uni.edu,2026-06-11,SG
u07-003924,user3924@uni.edu,2026-04-25,US
u07-003925,user3925@uni.edu,2026-05-13,AU
u07-003926,user3926@mail.co.in,2026-02-26,AU
u07-003927,user3927@mail.co.in,2026-04-13,AU
u07-003928,user3928@mail.co.in,2026-08-13,AU
u07-003929,user3929@corp.io,2026-01-15,US
u07-003930,user3930@uni.edu,2026-04-20,GB
u07-003931,user3931@mail.co.in,2026-02-25,SG
u07-003932,user3932@corp.io,2026-09-12,GB
u07-003933,user3933@uni.edu,2026-02-27,IN
u07-003934,user3934@example.com,2026-07-26,US
u07-003935,user3935@uni.edu,2026-07-21,SG
u07-003936,user3936@corp.io,2026-07-25,DE
u07-003937,user3937@corp.io,2026-03-23,SG
u07-003938,user3938@mail.co.in,2026-08-22,GB
u07-003939,user3939@mail.co.in,2026-09-14,AU
u07-003940,user3940@uni.edu,2026-01-16,US
u07-003941,user3941@mail.co.in,2026-01-15,AU
u07-003942,user3942@mail.co.in,2026-06-28,IN
u07-003943,user3943@uni.edu,2026-07-18,SG
u07-003944,user3944@corp.io,2026-02-21,AU
u07-003945,user3945@mail.co.in,2026-03-28,IN
u07-003946,user3946@mail.co.in,2026-01-18,US
u07-003947,user3947@corp.io,2026-01-21,AU
u07-003948,user3948@mail.co.in,2026-05-18,AU
u07-003949,user3949@corp.io,2026-04-14,US
u07-003950,user3950@example.com,2026-06-25,US
u07-003951,user3951@example.com,2026-01-26,SG
u07-003952,user3952@example.com,2026-05-10,IN
u07-003953,user3953@mail.co.in,2026-08-24,US
u07-003954,user3954@mail.co.in,2026-07-17,AU
u07-003955,user3955@corp.io,2026-05-11,SG
u07-003956,user3956@example.com,2026-09-17,IN
u07-003957,user3957@mail.co.in,2026-04-10,DE
u07-003958,user3958@example.com,2026-09-11,DE
u07-003959,user3959@mail.co.in,2026-04-22,DE
u07-003960,user3960@mail.co.in,2026-04-11,AU
u07-003961,user3961@example.com,2026-06-19,AU
u07-003962,user3962@mail.co.in,2026-02-27,US
u07-003963,user3963@example.com,2026-08-17,IN
u07-003964,user3964@example.com,2026-02-14,SG
u07-003965,user3965@uni.edu,2026-04-24,GB
u07-003966,user3966@example.com,2026-03-13,GB
u07-003967,user3967@corp.io,2026-05-26,DE
u07-003968,user3968@uni.edu,2026-08-14,IN
u07-003969,user3969@example.com,2026-05-16,IN
u07-003970,user3970@uni.edu,2026-01-22,DE
u07-003971,user3971@mail.co.in,2026-08-18,US
u07-003972,user3972@example.com,2026-08-19,IN
u07-003973,user3973@example.com,2026-04-10,US
u07-003974,user3974@corp.io,2026-06-14,GB
u07-003975,user3975@mail.co.in,2026-06-18,SG
u07-003976,user3976@uni.edu,2026-03-12,IN
u07-003977,user3977@example.com,2026-05-12,AU
u07-003978,user3978@example.com,2026-08-27,DE
u07-003979,user3979@corp.io,2026-04-25,AU
u07-003980,user3980@corp.io,2026-03-17,IN
u07-003981,user3981@example.com,2026-06-26,SG
u07-003982,user3982@corp.io,2026-03-27,SG
u07-003983,user3983@mail.co.in,2026-05-14,US
u07-003984,user3984@uni.edu,2026-06-12,IN
u07-003985,user3985@corp.io,2026-03-28,GB
u07-003986,user3986@corp.io,2026-07-15,IN
u07-003987,user3987@uni.edu,2026-08-28,AU
u07-003988,user3988@mail.co.in,2026-09-18,SG
u07-003989,user3989@mail.co.in,2026-02-22,SG
u07-003990,user3990@corp.io,2026-08-17,US
u07-003991,user3991@mail.co.in,2026-06-11,DE
u07-003992,user3992@uni.edu,2026-08-27,GB
u07-003993,user3993@uni.edu,2026-04-16,DE
u07-003994,user3994@example.com,2026-02-15,GB
u07-003995,user3995@corp.io,2026-06-24,GB
u07-003996,user3996@uni.edu,2026-05-24,AU
u07-003997,user3997@uni.edu,2026-08-24,DE
u07-003998,user3998@corp.io,2026-04-25,SG
u07-003999,user3999@example.com,2026-06-16,DE
u07-004000,user4000@corp.io,2026-02-27,SG
u07-004001,user4001@example.com,2026-05-26,DE
u07-004002,user4002@mail.co.in,2026-01-20,US
u07-004003,user4003@uni.edu,2026-04-16,AU
u07-004004,user4004@mail.co.in,2026-05-12,IN
u07-004005,user4005@corp.io,2026-09-24,US
u07-004006,user4006@mail.co.in,2026-09-15,GB
u07-004007,user4007@uni.edu,2026-08-20,US
u07-004008,user4008@mail.co.in,2026-01-26,DE
u07-004009,user4009@mail.co.in,2026-05-10,GB
u07-004010,user4010@mail.co.in,2026-07-14,DE
u07-004011,user4011@mail.co.in,2026-03-19,SG
u07-004012,user4012@corp.io,2026-01-16,IN
u07-004013,user4013@mail.co.in,2026-08-26,GB
u07-004014,user4014@mail.co.in,2026-01-21,IN
u07-004015,user4015@example.com,2026-07-19,DE
u07-004016,user4016@mail.co.in,2026-01-25,AU
u07-004017,user4017@example.com,2026-04-10,US
u07-004018,user4018@mail.co.in,2026-04-15,GB
u07-004019,user4019@uni.edu,2026-02-12,SG
u07-004020,user4020@example.com,2026-08-13,DE
u07-004021,user4021@uni.edu,2026-05-28,AU
u07-004022,user4022@example.com,2026-08-17,US
u07-004023,user4023@corp.io,2026-05-13,GB
u07-004024,user4024@example.com,2026-04-16,AU
u07-004025,user4025@example.com,2026-08-14,DE
u07-004026,user4026@uni.edu,2026-03-27,AU
u07-004027,user4027@example.com,2026-04-28,AU
u07-004028,user4028@uni.edu,2026-07-18,SG
u07-004029,user4029@mail.co.in,2026-03-27,IN
u07-004030,user4030@mail.co.in,2026-07-28,GB
u07-004031,user4031@corp.io,2026-03-18,SG
u07-004032,user4032@example.com,2026-07-18,SG
u07-004033,user4033@mail.co.in,2026-04-18,AU
u07-004034,user4034@uni.edu,2026-01-18,SG
u07-004035,user4035@corp.io,2026-07-13,GB
u07-004036,user4036@uni.edu,2026-05-16,SG
u07-004037,user4037@mail.co.in,2026-01-27,DE
u07-004038,user4038@mail.co.in,2026-01-27,SG
u07-004039,user4039@example.com,2026-02-13,SG
u07-004040,user4040@mail.co.in,2026-07-26,IN
u07-004041,user4041@mail.co.in,2026-06-23,US
u07-004042,user4042@corp.io,2026-09-15,US
u07-004043,user4043@mail.co.in,2026-04-27,IN
u07-004044,user4044@example.com,2026-09-11,IN
u07-004045,user4045@mail.co.in,2026-09-25,GB
u07-004046,user4046@mail.co.in,2026-08-12,AU
u07-004047,user4047@mail.co.in,2026-04-22,AU
u07-004048,user4048@uni.edu,2026-02-21,US
u07-004049,user4049@uni.edu,2026-06-17,GB
u07-004050,user4050@example.com,2026-06-13,DE
u07-004051,user4051@uni.edu,2026-07-22,GB
u07-004052,user4052@example.com,2026-02-26,US
u07-004053,user4053@uni.edu,2026-03-27,DE
u07-004054,user4054@corp.io,2026-09-17,GB
u07-004055,user4055@example.com,2026-06-25,SG
u07-004056,user4056@uni.edu,2026-05-24,DE
u07-004057,user4057@corp.io,2026-05-12,AU
u07-004058,user4058@corp.io,2026-05-12,US
u07-004059,user4059@uni.edu,2026-04-25,GB
u07-004060,user4060@mail.co.in,2026-01-15,IN
u07-004061,user4061@example.com,2026-04-14,SG
u07-004062,user4062@mail.co.in,2026-03-24,SG
u07-004063,user4063@uni.edu,2026-02-18,IN
u07-004064,user4064@mail.co.in,2026-07-26,AU
u07-004065,user4065@uni.edu,2026-08-10,DE
u07-004066,user4066@mail.co.in,2026-07-12,AU
u07-004067,user4067@mail.co.in,2026-04-23,SG
u07-004068,user4068@uni.edu,2026-09-17,IN
u07-004069,user4069@mail.co.in,2026-03-22,GB
u07-004070,user4070@corp.io,2026-05-23,SG
u07-004071,user4071@uni.edu,2026-04-25,US
u07-004072,user4072@example.com,2026-09-12,SG
u07-004073,user4073@example.com,2026-09-14,IN
u07-004074,user4074@example.com,2026-05-21,SG
u07-004075,user4075@mail.co.in,2026-05-13,AU
u07-004076,user4076@mail.co.in,2026-01-28,GB
u07-004077,user4077@corp.io,2026-07-27,AU
u07-004078,user4078@mail.co.in,2026-03-10,SG
u07-004079,user4079@mail.co.in,2026-06-21,SG
u07-004080,user4080@corp.io,2026-05-13,US
u07-004081,user4081@mail.co.in,2026-02-20,IN
u07-004082,user4082@corp.io,2026-08-27,IN
u07-004083,user4083@corp.io,2026-09-20,SG
u07-004084,user4084@mail.co.in,2026-02-16,AU
u07-004085,user4085@uni.edu,2026-04-20,US
u07-004086,user4086@corp.io,2026-01-22,SG
u07-004087,user4087@corp.io,2026-05-11,AU
u07-004088,user4088@corp.io,2026-09-23,DE
u07-004089,user4089@uni.edu,2026-05-12,AU
u07-004090,user4090@example.com,2026-07-23,DE
u07-004091,user4091@example.com,2026-02-16,GB
u07-004092,user4092@uni.edu,2026-04-25,DE
u07-004093,user4093@corp.io,2026-09-10,AU
u07-004094,user4094@mail.co.in,2026-06-14,IN
u07-004095,user4095@corp.io,2026-04-26,SG
u07-004096,user4096@mail.co.in,2026-04-20,AU
u07-004097,user4097@mail.co.in,2026-02-23,US
u07-004098,user4098@uni.edu,2026-03-25,AU
u07-004099,user4099@mail.co.in,2026-06-24,DE
u07-004100,user4100@corp.io,2026-04-18,IN
u07-004101,user4101@uni.edu,2026-04-15,DE
u07-004102,user4102@mail.co.in,2026-09-11,AU
u07-004103,user4103@uni.edu,2026-08-19,AU
u07-004104,user4104@corp.io,2026-02-15,US
u07-004105,user4105@example.com,2026-06-15,DE
u07-004106,user4106@mail.co.in,2026-09-12,DE
u07-004107,user4107@mail.co.in,2026-02-23,AU
u07-004108,user4108@example.com,2026-02-22,US
u07-004109,user4109@example.com,2026-09-19,IN
u07-004110,user4110@mail.co.in,2026-07-10,SG
u07-004111,user4111@mail.co.in,2026-03-13,GB
u07-004112,user4112@uni.edu,2026-06-17,IN
u07-004113,user4113@example.com,2026-07-21,US
u07-004114,user4114@corp.io,2026-03-25,DE
u07-004115,user4115@uni.edu,2026-03-21,GB
u07-004116,user4116@uni.edu,2026-05-18,US
u07-004117,user4117@example.com,2026-07-28,SG
u07-004118,user4118@uni.edu,2026-05-11,GB
u07-004119,user4119@mail.co.in,2026-02-12,AU
u07-004120,user4120@mail.co.in,2026-08-18,GB
u07-004121,user4121@mail.co.in,2026-07-23,GB
u07-004122,user4122@example.com,2026-08-16,DE
u07-004123,user4123@uni.edu,2026-05-23,AU
u07-004124,user4124@mail.co.in,2026-07-17,GB
u07-004125,user4125@uni.edu,2026-05-17,SG
u07-004126,user4126@corp.io,2026-06-12,GB
u07-004127,user4127@corp.io,2026-08-25,DE
u07-004128,user4128@corp.io,2026-02-18,IN
u07-004129,user4129@mail.co.in,2026-01-17,DE
u07-004130,user4130@mail.co.in,2026-01-15,US
u07-004131,user4131@uni.edu,2026-06-24,SG
u07-004132,user4132@uni.edu,2026-07-20,AU
u07-004133,user4133@mail.co.in,2026-06-20,US
u07-004134,user4134@corp.io,2026-01-10,US
u07-004135,user4135@mail.co.in,2026-01-19,IN
u07-004136,user4136@mail.co.in,2026-09-13,IN
u07-004137,user4137@uni.edu,2026-05-15,US
u07-004138,user4138@corp.io,2026-02-16,GB
u07-004139,user4139@mail.co.in,2026-07-26,US
u07-004140,user4140@corp.io,2026-03-26,IN
u07-004141,user4141@example.com,2026-06-10,SG
u07-004142,user4142@mail.co.in,2026-08-19,DE
u07-004143,user4143@uni.edu,2026-09-14,AU
u07-004144,user4144@mail.co.in,2026-01-26,SG
u07-004145,user4145@uni.edu,2026-06-25,US
u07-004146,user4146@example.com,2026-04-26,IN
u07-004147,user4147@mail.co.in,2026-01-18,AU
u07-004148,user4148@mail.co.in,2026-02-28,US
u07-004149,user4149@example.com,2026-06-10,GB
u07-004150,user4150@corp.io,2026-03-13,GB
u07-004151,user4151@mail.co.in,2026-03-23,US
u07-004152,user4152@mail.co.in,2026-02-21,GB
u07-004153,user4153@corp.io,2026-06-27,AU
u07-004154,user4154@uni.edu,2026-02-26,DE
u07-004155,user4155@corp.io,2026-09-15,US
u07-004156,user4156@mail.co.in,2026-01-15,DE
u07-004157,user4157@uni.edu,2026-08-22,US
u07-004158,user4158@mail.co.in,2026-02-20,DE
u07-004159,user4159@uni.edu,2026-01-10,AU
u07-004160,user4160@corp.io,2026-07-21,SG
u07-004161,user4161@example.com,2026-04-24,IN
u07-004162,user4162@mail.co.in,2026-03-12,IN
u07-004163,user4163@uni.edu,2026-05-28,US
u07-004164,user4164@corp.io,2026-09-13,US
u07-004165,user4165@example.com,2026-07-25,SG
u07-004166,user4166@mail.co.in,2026-04-13,US
u07-004167,user4167@corp.io,2026-07-28,AU
u07-004168,user4168@corp.io,2026-04-28,DE
u07-004169,user4169@example.com,2026-08-20,AU
u07-004170,user4170@corp.io,2026-09-24,IN
u07-004171,user4171@uni.edu,2026-02-12,GB
u07-004172,user4172@uni.edu,2026-07-23,US
u07-004173,user4173@example.com,2026-05-12,IN
u07-004174,user4174@mail.co.in,2026-02-19,AU
u07-004175,user4175@example.com,2026-08-28,GB
u07-004176,user4176@example.com,2026-04-25,US
u07-004177,user4177@example.com,2026-02-22,GB
u07-004178,user4178@corp.io,2026-07-23,SG
u07-004179,user4179@corp.io,2026-09-22,IN
u07-004180,user4180@mail.co.in,2026-03-22,SG
u07-004181,user4181@example.com,2026-04-24,GB
u07-004182,user4182@example.com,2026-04-11,SG
u07-004183,user4183@uni.edu,2026-09-13,SG
u07-004184,user4184@uni.edu,2026-04-24,AU
u07-004185,user4185@uni.edu,2026-04-10,SG
u07-004186,user4186@mail.co.in,2026-02-10,SG
u07-004187,user4187@corp.io,2026-01-15,AU
u07-004188,user4188@mail.co.in,2026-04-16,IN
u07-004189,user4189@uni.edu,2026-03-28,GB
u07-004190,user4190@mail.co.in,2026-06-28,SG
u07-004191,user4191@uni.edu,2026-04-20,SG
u07-004192,user4192@uni.edu,2026-06-24,GB
u07-004193,user4193@corp.io,2026-05-26,US
u07-004194,user4194@example.com,2026-07-18,IN
u07-004195,user4195@example.com,2026-08-12,SG
u07-004196,user4196@corp.io,2026-05-25,IN
u07-004197,user4197@example.com,2026-09-22,SG
u07-004198,user4198@example.com,2026-02-13,US
u07-004199,user4199@uni.edu,2026-05-15,AU
u07-004200,user4200@mail.co.in,2026-03-25,AU
u07-004201,user4201@uni.edu,2026-08-13,SG
u07-004202,user4202@example.com,2026-04-24,AU
u07-004203,user4203@mail.co.in,2026-06-16,IN
u07-004204,user4204@example.com,2026-01-12,SG
u07-004205,user4205@example.com,2026-09-14,SG
u07-004206,user4206@example.com,2026-02-22,IN
u07-004207,user4207@example.com,2026-08-28,GB
u07-004208,user4208@example.com,2026-02-11,IN
u07-004209,user4209@uni.edu,2026-07-10,US
u07-004210,user4210@example.com,2026-02-14,SG
u07-004211,user4211@mail.co.in,2026-07-12,SG
u07-004212,user4212@uni.edu,2026-05-19,IN
u07-004213,user4213@uni.edu,2026-09-22,DE
u07-004214,user4214@example.com,2026-05-23,AU
u07-004215,user4215@uni.edu,2026-03-13,GB
u07-004216,user4216@uni.edu,2026-06-14,SG
u07-004217,user4217@uni.edu,2026-03-25,US
u07-004218,user4218@uni.edu,2026-05-26,AU
u07-004219,user4219@example.com,2026-01-12,DE
u07-004220,user4220@mail.co.in,2026-08-23,US
u07-004221,user4221@corp.io,2026-02-19,US
u07-004222,user4222@uni.edu,2026-05-11,GB
u07-004223,user4223@example.com,2026-01-13,DE
u07-004224,user4224@corp.io,2026-08-14,IN
u07-004225,user4225@example.com,2026-02-21,IN
u07-004226,user4226@example.com,2026-03-16,IN
u07-004227,user4227@example.com,2026-09-24,AU
u07-004228,user4228@corp.io,2026-03-14,IN
u07-004229,user4229@mail.co.in,2026-05-19,US
u07-004230,user4230@corp.io,2026-04-18,GB
u07-004231,user4231@mail.co.in,2026-09-22,US
u07-004232,user4232@mail.co.in,2026-07-11,SG
u07-004233,user4233@corp.io,2026-06-12,GB
u07-004234,user4234@corp.io,2026-05-16,DE
u07-004235,user4235@corp.io,2026-05-18,AU
u07-004236,user4236@mail.co.in,2026-08-15,GB
u07-004237,user4237@corp.io,2026-04-17,GB
u07-004238,user4238@mail.co.in,2026-08-23,US
u07-004239,user4239@mail.co.in,2026-06-22,AU
u07-004240,user4240@mail.co.in,2026-04-22,DE
u07-004241,user4241@mail.co.in,2026-07-23,GB
u07-004242,user4242@mail.co.in,2026-05-18,US
u07-004243,user4243@example.com,2026-06-20,IN
u07-004244,user4244@example.com,2026-04-10,US
u07-004245,user4245@corp.io,2026-03-26,US
u07-004246,user4246@uni.edu,2026-03-25,GB
u07-004247,user4247@example.com,2026-04-13,US
u07-004248,user4248@uni.edu,2026-01-11,AU
u07-004249,user4249@mail.co.in,2026-05-20,AU
u07-004250,user4250@corp.io,2026-06-28,US
u07-004251,user4251@corp.io,2026-04-18,SG
u07-004252,user4252@uni.edu,2026-09-19,GB
u07-004253,user4253@uni.edu,2026-08-27,AU
u07-004254,user4254@mail.co.in,2026-07-19,AU
u07-004255,user4255@uni.edu,2026-01-25,AU
u07-004256,user4256@mail.co.in,2026-06-17,US
u07-004257,user4257@uni.edu,2026-01-21,DE
u07-004258,user4258@uni.edu,2026-03-10,US
u07-004259,user4259@uni.edu,2026-09-26,AU
u07-004260,user4260@mail.co.in,2026-05-21,IN
u07-004261,user4261@mail.co.in,2026-02-12,AU
u07-004262,user4262@example.com,2026-02-11,GB
u07-004263,user4263@corp.io,2026-04-22,GB
u07-004264,user4264@example.com,2026-02-25,IN
u07-004265,user4265@corp.io,,SG
u07-004266,user4266@example.com,2026-04-16,US
u07-004267,user4267@uni.edu,2026-03-20,GB
u07-004268,user4268@mail.co.in,2026-04-15,DE
u07-004269,user4269@example.com,2026-04-10,DE
u07-004270,user4270@corp.io,2026-01-10,US
u07-004271,user4271@uni.edu,2026-05-14,US
u07-004272,user4272@mail.co.in,2026-03-26,IN
u07-004273,user4273@example.com,2026-05-26,SG
u07-004274,user4274@example.com,2026-08-11,US
u07-004275,user4275@corp.io,2026-03-19,IN
u07-004276,user4276@uni.edu,2026-03-15,IN
u07-004277,user4277@uni.edu,2026-09-25,AU
u07-004278,user4278@mail.co.in,2026-01-25,AU
u07-004279,user4279@mail.co.in,2026-07-22,AU
u07-004280,user4280@corp.io,2026-03-28,AU
u07-004281,user4281@example.com,2026-05-16,US
u07-004282,user4282@uni.edu,2026-07-28,AU
u07-004283,user4283@example.com,2026-06-24,US
u07-004284,user4284@corp.io,2026-04-28,US
u07-004285,user4285@mail.co.in,2026-06-18,IN
u07-004286,user4286@uni.edu,2026-01-18,DE
u07-004287,user4287@mail.co.in,2026-02-12,DE
u07-004288,user4288@uni.edu,2026-05-26,AU
u07-004289,user4289@uni.edu,2026-05-12,IN
u07-004290,user4290@mail.co.in,2026-07-28,SG
u07-004291,user4291@example.com,2026-03-11,AU
u07-004292,user4292@example.com,2026-03-16,AU
u07-004293,user4293@corp.io,2026-02-24,AU
u07-004294,user4294@corp.io,2026-02-28,SG
u07-004295,user4295@corp.io,2026-09-19,IN
u07-004296,user4296@uni.edu,2026-04-23,IN
u07-004297,user4297@mail.co.in,2026-06-28,AU
u07-004298,user4298@corp.io,2026-06-24,DE
u07-004299,user4299@uni.edu,2026-06-18,DE
u07-004300,user4300@corp.io,2026-09-22,GB
u07-004301,user4301@example.com,2026-09-26,US
u07-004302,user4302@corp.io,2026-03-25,IN
u07-004303,user4303@uni.edu,2026-08-18,DE
u07-004304,user4304@mail.co.in,2026-07-18,AU
u07-004305,user4305@corp.io,2026-01-28,DE
u07-004306,user4306@uni.edu,2026-05-20,IN
u07-004307,user4307@example.com,2026-02-12,DE
u07-004308,user4308@uni.edu,2026-07-27,DE
u07-004309,user4309@uni.edu,2026-01-23,AU
u07-004310,user4310@corp.io,2026-08-19,GB
u07-004311,user4311@example.com,2026-06-18,SG
u07-004312,user4312@mail.co.in,2026-09-23,US
u07-004313,user4313@example.com,2026-05-23,US
u07-004314,user4314@corp.io,2026-09-15,AU
u07-004315,user4315@example.com,2026-03-11,IN
u07-004316,user4316@uni.edu,2026-07-15,SG
u07-004317,user4317@mail.co.in,2026-09-20,US
u07-004318,user4318@uni.edu,2026-07-12,DE
u07-004319,user4319@corp.io,2026-07-20,US
u07-004320,user4320@example.com,2026-03-14,DE
u07-004321,user4321@mail.co.in,2026-06-23,DE
u07-004322,user4322@example.com,2026-05-13,SG
u07-004323,user4323@mail.co.in,2026-09-13,SG
u07-004324,user4324@uni.edu,2026-03-12,DE
u07-004325,user4325@mail.co.in,2026-09-10,GB
u07-004326,user4326@mail.co.in,2026-07-19,DE
u07-004327,user4327@mail.co.in,2026-09-13,AU
u07-004328,user4328@example.com,2026-06-20,AU
u07-004329,user4329@example.com,2026-09-23,IN
u07-004330,user4330@example.com,2026-05-22,AU
u07-004331,user4331@example.com,2026-05-22,US
u07-004332,user4332@uni.edu,2026-04-25,SG
u07-004333,user4333@example.com,2026-01-28,DE
u07-004334,user4334@uni.edu,2026-05-19,SG
u07-004335,user4335@uni.edu,2026-05-22,DE
u07-004336,user4336@uni.edu,2026-07-10,GB
u07-004337,user4337@mail.co.in,2026-01-21,US
u07-004338,user4338@corp.io,2026-02-15,GB
u07-004339,user4339@uni.edu,2026-09-16,AU
u07-004340,user4340@uni.edu,2026-05-21,US
u07-004341,user4341@mail.co.in,2026-03-21,IN
u07-004342,user4342@uni.edu,2026-09-23,SG
u07-004343,user4343@mail.co.in,2026-05-27,DE
u07-004344,user4344@uni.edu,2026-05-28,DE
u07-004345,user4345@corp.io,2026-05-22,GB
u07-004346,user4346@uni.edu,2026-03-26,SG
u07-004347,user4347@example.com,2026-06-19,US
u07-004348,user4348@corp.io,2026-04-26,SG
u07-004349,user4349@example.com,2026-08-10,DE
u07-004350,user4350@corp.io,2026-02-24,AU
u07-004351,user4351@example.com,2026-02-18,IN
u07-004352,user4352@corp.io,2026-03-28,SG
u07-004353,user4353@example.com,2026-03-15,DE
u07-004354,user4354@mail.co.in,2026-07-23,IN
u07-004355,user4355@uni.edu,2026-08-19,IN
u07-004356,user4356@uni.edu,2026-01-16,GB
u07-004357,user4357@corp.io,2026-07-19,US
u07-004358,user4358@example.com,2026-08-14,AU
u07-004359,user4359@corp.io,2026-09-17,IN
u07-004360,user4360@mail.co.in,2026-01-17,AU
u07-004361,user4361@example.com,2026-03-21,IN
u07-004362,user4362@mail.co.in,2026-04-19,IN
u07-004363,user4363@uni.edu,2026-09-15,IN
u07-004364,user4364@uni.edu,2026-02-28,AU
u07-004365,user4365@example.com,2026-07-25,SG
u07-004366,user4366@uni.edu,2026-02-25,SG
u07-004367,user4367@mail.co.in,2026-02-22,SG
u07-004368,user4368@corp.io,2026-06-16,GB
u07-004369,user4369@corp.io,2026-09-14,SG
u07-004370,user4370@mail.co.in,2026-05-21,IN
u07-004371,user4371@uni.edu,2026-02-24,DE
u07-004372,user4372@mail.co.in,2026-06-24,GB
u07-004373,user4373@uni.edu,2026-04-18,IN
u07-004374,user4374@uni.edu,2026-02-14,IN
u07-004375,user4375@corp.io,2026-01-11,DE
u07-004376,user4376@corp.io,2026-04-28,US
u07-004377,user4377@corp.io,2026-06-20,AU
u07-004378,user4378@corp.io,2026-05-13,GB
u07-004379,user4379@mail.co.in,2026-09-27,SG
u07-004380,user4380@mail.co.in,2026-05-18,US
u07-004381,user4381@corp.io,2026-09-20,AU
u07-004382,user4382@example.com,2026-08-11,GB
u07-004383,user4383@uni.edu,2026-09-18,IN
u07-004384,user4384@example.com,2026-07-20,SG
u07-004385,user4385@example.com,2026-06-28,DE
u07-004386,user4386@example.com,2026-01-11,AU
u07-004387,user4387@example.com,2026-07-27,GB
u07-004388,user4388@corp.io,2026-09-25,US
u07-004389,user4389@mail.co.in,2026-03-17,DE
u07-004390,user4390@mail.co.in,2026-04-28,US
u07-004391,user4391@corp.io,2026-04-11,GB
u07-004392,user4392@corp.io,2026-03-22,DE
u07-004393,user4393@mail.co.in,2026-06-17,SG
u07-004394,user4394@corp.io,2026-05-14,SG
u07-004395,user4395@uni.edu,2026-09-14,IN
u07-004396,user4396@corp.io,2026-03-11,AU
u07-004397,user4397@corp.io,2026-09-21,SG
u07-004398,user4398@mail.co.in,2026-05-27,IN
u07-004399,user4399@example.com,2026-06-12,DE
u07-004400,user4400@example.com,2026-07-11,SG
u07-004401,user4401@mail.co.in,2026-09-24,GB
u07-004402,user4402@mail.co.in,2026-03-11,GB
u07-004403,user4403@example.com,2026-07-11,DE
u07-004404,user4404@corp.io,2026-01-25,GB
u07-004405,user4405@example.com,2026-02-20,SG
u07-004406,user4406@uni.edu,2026-03-16,SG
u07-004407,user4407@uni.edu,2026-04-11,DE
u07-004408,user4408@uni.edu,2026-03-17,SG
u07-004409,user4409@uni.edu,2026-02-22,DE
u07-004410,user4410@example.com,2026-09-20,DE
u07-004411,user4411@example.com,2026-01-22,GB
u07-004412,user4412@corp.io,2026-08-12,IN
u07-004413,user4413@uni.edu,2026-05-18,SG
u07-004414,user4414@corp.io,2026-02-25,SG
u07-004415,user4415@example.com,2026-06-13,GB
u07-004416,user4416@mail.co.in,2026-02-25,AU
u07-004417,user4417@corp.io,2026-07-27,US
u07-004418,user4418@corp.io,2026-03-21,GB
u07-004419,user4419@corp.io,2026-08-25,GB
u07-004420,user4420@example.com,2026-04-12,GB
u07-004421,user4421@corp.io,2026-04-22,US
u07-004422,user4422@mail.co.in,2026-08-10,AU
u07-004423,user4423@mail.co.in,2026-02-17,DE
u07-004424,user4424@corp.io,2026-02-21,GB
u07-004425,user4425@corp.io,2026-06-19,SG
u07-004426,user4426@uni.edu,2026-06-20,IN
u07-004427,user4427@corp.io,2026-05-13,SG
u07-004428,user4428@example.com,2026-06-22,GB
u07-004429,user4429@example.com,2026-07-25,DE
u07-004430,user4430@uni.edu,2026-01-27,GB
u07-004431,user4431@corp.io,2026-07-17,US
u07-004432,user4432@example.com,2026-01-10,IN
u07-004433,user4433@mail.co.in,2026-01-10,US
u07-004434,user4434@corp.io,2026-07-15,SG
u07-004435,user4435@example.com,2026-02-10,GB
u07-004436,user4436@corp.io,2026-02-13,IN
u07-004437,user4437@uni.edu,2026-01-28,GB
u07-004438,user4438@mail.co.in,2026-09-16,US
u07-004439,user4439@corp.io,2026-09-14,IN
u07-004440,user4440@example.com,2026-09-17,GB
u07-004441,user4441@example.com,2026-03-25,GB
u07-004442,user4442@uni.edu,2026-02-17,IN
u07-004443,user4443@example.com,2026-01-27,SG
u07-004444,user4444@uni.edu,2026-07-10,GB
u07-004445,user4445@uni.edu,2026-09-20,DE
u07-004446,user4446@example.com,2026-02-15,SG
u07-004447,user4447@corp.io,2026-08-10,US
u07-004448,user4448@uni.edu,2026-04-20,GB
u07-004449,user4449@example.com,2026-03-10,US
u07-004450,user4450@example.com,2026-08-12,US
u07-004451,user4451@example.com,2026-04-11,IN
u07-004452,user4452@mail.co.in,2026-06-25,DE
u07-004453,user4453@corp.io,2026-03-16,AU
u07-004454,user4454@corp.io,2026-07-13,DE
u07-004455,user4455@example.com,2026-01-25,AU
u07-004456,user4456@uni.edu,2026-06-24,AU
u07-004457,user4457@corp.io,2026-06-25,IN
u07-004458,user4458@example.com,2026-07-28,GB
u07-004459,user4459@mail.co.in,2026-03-12,DE
u07-004460,user4460@uni.edu,2026-06-11,SG
u07-004461,user4461@example.com,2026-05-20,US
u07-004462,user4462@uni.edu,2026-03-20,AU
u07-004463,user4463@mail.co.in,2026-09-14,GB
u07-004464,user4464@corp.io,2026-05-18,GB
u07-004465,user4465@uni.edu,2026-02-26,SG
u07-004466,user4466@example.com,2026-07-16,IN
u07-004467,user4467@uni.edu,2026-07-20,DE
u07-004468,user4468@corp.io,2026-08-18,SG
u07-004469,user4469@example.com,2026-07-24,GB
u07-004470,user4470@corp.io,2026-06-16,AU
u07-004471,user4471@corp.io,2026-05-15,DE
u07-004472,user4472@uni.edu,2026-04-15,IN
u07-004473,user4473@mail.co.in,2026-04-11,DE
u07-004474,user4474@corp.io,2026-06-12,SG
u07-004475,user4475@corp.io,2026-02-26,SG
u07-004476,user4476@uni.edu,2026-06-20,DE
u07-004477,user4477@corp.io,2026-08-12,AU
u07-004478,user4478@uni.edu,2026-03-22,DE
u07-004479,user4479@example.com,2026-05-14,DE
u07-004480,user4480@corp.io,2026-04-20,SG
u07-004481,user4481@example.com,2026-03-18,DE
u07-004482,user4482@mail.co.in,2026-03-21,DE
u07-004483,user4483@uni.edu,2026-07-20,GB
u07-004484,user4484@example.com,2026-09-12,SG
u07-004485,user4485@example.com,2026-03-25,US
u07-004486,user4486@example.com,2026-05-17,AU
u07-004487,user4487@example.com,2026-01-23,IN
u07-004488,user4488@corp.io,2026-08-19,GB
u07-004489,user4489@corp.io,2026-08-25,GB
u07-004490,user4490@example.com,2026-07-16,DE
u07-004491,user4491@example.com,2026-09-22,IN
u07-004492,user4492@uni.edu,2026-03-18,GB
u07-004493,user4493@uni.edu,2026-01-21,AU
u07-004494,user4494@mail.co.in,2026-08-13,SG
u07-004495,user4495@uni.edu,2026-06-16,AU
u07-004496,user4496@corp.io,2026-04-18,SG
u07-004497,user4497@uni.edu,2026-01-12,US
u07-004498,user4498@example.com,2026-02-22,AU
u07-004499,user4499@uni.edu,2026-08-22,US
u07-004500,user4500@corp.io,2026-07-13,IN
u07-004501,user4501@corp.io,2026-09-25,IN
u07-004502,user4502@example.com,2026-04-15,US
u07-004503,user4503@example.com,2026-01-27,IN
u07-004504,user4504@corp.io,2026-07-26,AU
u07-004505,user4505@example.com,2026-01-24,DE
u07-004506,user4506@uni.edu,2026-07-17,AU
u07-004507,user4507@example.com,2026-06-27,GB
u07-004508,user4508@mail.co.in,2026-03-24,US
u07-004509,user4509@example.com,2026-09-10,SG
u07-004510,user4510@uni.edu,2026-08-26,DE
u07-004511,user4511@corp.io,2026-07-23,IN
u07-004512,user4512@corp.io,2026-04-13,IN
u07-004513,user4513@uni.edu,2026-06-18,DE
u07-004514,user4514@example.com,2026-04-10,AU
u07-004515,user4515@mail.co.in,2026-08-18,SG
u07-004516,user4516@mail.co.in,2026-07-21,IN
u07-004517,user4517@corp.io,2026-09-11,DE
u07-004518,user4518@uni.edu,2026-02-24,GB
u07-004519,user4519@corp.io,2026-04-28,IN
u07-004520,user4520@uni.edu,2026-06-12,IN
u07-004521,user4521@uni.edu,2026-04-22,SG
u07-004522,user4522@mail.co.in,2026-07-22,IN
u07-004523,user4523@example.com,2026-06-12,IN
u07-004524,user4524@uni.edu,2026-08-16,GB
u07-004525,user4525@mail.co.in,2026-05-22,DE
u07-004526,user4526@example.com,2026-07-24,AU
u07-004527,user4527@uni.edu,2026-04-12,AU
u07-004528,user4528@corp.io,2026-05-17,SG
u07-004529,user4529@example.com,2026-07-19,DE
u07-004530,user4530@example.com,2026-04-24,DE
u07-004531,user4531@corp.io,2026-08-22,DE
u07-004532,user4532@corp.io,2026-08-14,AU
u07-004533,user4533@example.com,2026-08-19,DE
u07-004534,user4534@example.com,2026-07-27,SG
u07-004535,user4535@example.com,2026-09-24,DE
u07-004536,user4536@example.com,2026-03-24,IN
u07-004537,user4537@example.com,2026-08-12,IN
u07-004538,user4538@example.com,2026-09-15,AU
u07-004539,user4539@mail.co.in,2026-03-17,US
u07-004540,user4540@mail.co.in,2026-07-25,GB
u07-004541,user4541@uni.edu,2026-06-18,AU
u07-004542,user4542@example.com,2026-04-14,IN
u07-004543,user4543@corp.io,2026-09-18,DE
u07-004544,user4544@corp.io,2026-04-26,US
u07-004545,user4545@uni.edu,2026-01-12,AU
u07-004546,user4546@mail.co.in,2026-02-25,DE
u07-004547,user4547@example.com,2026-07-19,IN
u07-004548,user4548@uni.edu,2026-01-12,SG
u07-004549,user4549@mail.co.in,2026-03-26,DE
u07-004550,user4550@mail.co.in,2026-04-13,SG
u07-004551,user4551@mail.co.in,2026-07-28,AU
u07-004552,user4552@mail.co.in,2026-09-27,AU
u07-004553,user4553@corp.io,2026-07-23,GB
u07-004554,user4554@example.com,2026-05-15,GB
u07-004555,user4555@corp.io,2026-03-23,AU
u07-004556,user4556@corp.io,2026-03-13,GB
u07-004557,user4557@corp.io,2026-01-18,GB
u07-004558,user4558@example.com,2026-02-13,DE
u07-004559,user4559@example.com,2026-09-13,IN
u07-004560,user4560@mail.co.in,2026-09-12,GB
u07-004561,user4561@example.com,2026-08-26,GB
u07-004562,user4562@mail.co.in,2026-07-20,US
u07-004563,user4563@example.com,2026-07-16,DE
u07-004564,user4564@uni.edu,2026-04-17,US
u07-004565,user4565@mail.co.in,2026-02-25,IN
u07-004566,user4566@example.com,2026-07-28,GB
u07-004567,user4567@example.com,2026-09-17,US
u07-004568,user4568@mail.co.in,2026-09-10,US
u07-004569,user4569@uni.edu,2026-03-27,AU
u07-004570,user4570@corp.io,2026-01-13,SG
u07-004571,user4571@uni..edu,2026-07-12,SG
u07-004572,user4572@uni.edu,2026-07-18,SG
u07-004573,user4573@mail.co.in,2026-04-17,AU
u07-004574,user4574@example.com,2026-02-16,IN
u07-004575,user4575@corp.io,2026-05-14,GB
u07-004576,user4576@mail.co.in,2026-06-15,DE
u07-004577,user4577@uni.edu,2026-08-21,AU
u07-004578,user4578@corp.io,2026-09-27,DE
u07-004579,user4579@example.com,2026-02-26,GB
u07-004580,user4580@example.com,2026-09-12,GB
u07-004581,user4581@corp.io,2026-02-14,IN
u07-004582,user4582@uni.edu,2026-05-20,DE
u07-004583,user4583@uni.edu,2026-06-15,IN
u07-004584,user4584@corp.io,2026-05-18,AU
u07-004585,user4585@corp.io,2026-07-10,DE
u07-004586,user4586@corp.io,2026-05-25,DE
u07-004587,user4587@uni.edu,2026-07-14,DE
u07-004588,user4588@corp.io,2026-09-25,DE
u07-004589,user4589@mail.co.in,2026-02-28,AU
u07-004590,user4590@example.com,2026-07-19,DE
u07-004591,user4591@uni.edu,2026-06-13,DE
u07-004592,user4592@example.com,2026-01-21,AU
u07-004593,user4593@example.com,2026-02-17,DE
u07-004594,user4594@mail.co.in,2026-02-23,GB
u07-004595,user4595@corp.io,2026-04-26,AU
u07-004596,user4596@uni.edu,2026-05-19,AU
u07-004597,user4597@corp.io,2026-08-22,IN
u07-004598,user4598@corp.io,2026-02-15,GB
u07-004599,user4599@uni.edu,2026-08-16,GB
u07-004600,user4600@mail.co.in,2026-03-11,AU
u07-004601,user4601@mail.co.in,2026-02-20,GB
u07-004602,user4602@uni.edu,2026-07-13,US
u07-004603,user4603@uni.edu,2026-02-25,IN
u07-004604,user4604@uni.edu,2026-03-18,DE
u07-004605,user4605@example.com,2026-07-22,GB
u07-004606,user4606@corp.io,2026-09-27,GB
u07-004607,user4607@uni.edu,2026-05-15,SG
u07-004608,user4608@example.com,2026-05-22,SG
u07-004609,user4609@mail.co.in,2026-07-18,DE
u07-004610,user4610@mail.co.in,2026-02-26,IN
u07-004611,user4611@example.com,2026-06-20,IN
u07-004612,user4612@uni.edu,2026-01-16,US
u07-004613,user4613@uni.edu,2026-04-12,DE
u07-004614,user4614@uni.edu,2026-09-16,AU
u07-004615,user4615@uni.edu,2026-06-20,GB
u07-004616,user4616@example.com,2026-08-27,DE
u07-004617,user4617@example.com,2026-02-13,IN
u07-004618,user4618@uni.edu,2026-06-18,AU
u07-004619,user4619@mail.co.in,2026-07-19,SG
u07-004620,user4620@corp.io,2026-08-18,GB
u07-004621,user4621@corp.io,2026-08-27,DE
u07-004622,user4622@example.com,2026-06-10,IN
u07-004623,user4623@corp.io,2026-03-22,IN
u07-004624,user4624@mail.co.in,2026-08-18,DE
u07-004625,user4625@example.com,2026-08-13,AU
u07-004626,user4626@mail.co.in,2026-08-27,SG
u07-004627,user4627@mail.co.in,2026-01-11,AU
u07-004628,user4628@example.com,2026-01-26,SG
u07-004629,user4629@corp.io,2026-04-11,GB
u07-004630,user4630@example.com,2026-04-26,GB
u07-004631,user4631@example.com,2026-05-28,SG
u07-004632,user4632@example.com,2026-07-18,DE
u07-004633,user4633@corp.io,2026-04-26,SG
u07-004634,user4634@corp.io,2026-09-12,DE
u07-004635,user4635@example.com,2026-05-22,US
u07-004636,user4636@uni.edu,2026-07-10,IN
u07-004637,user4637@uni.edu,2026-06-15,SG
u07-004638,user4638@mail.co.in,2026-06-25,US
u07-004639,user4639@mail.co.in,2026-06-12,IN
u07-004640,user4640@uni.edu,2026-01-16,SG
u07-004641,user4641@example.com,2026-03-12,DE
u07-004642,user4642@uni.edu,2026-07-23,SG
u07-004643,user4643@mail.co.in,2026-06-11,AU
u07-004644,user4644@corp.io,2026-03-13,AU
u07-004645,user4645@uni.edu,2026-01-25,IN
u07-004646,user4646@uni.edu,2026-09-22,IN
u07-004647,user4647@example.com,2026-04-28,SG
u07-004648,user4648@example.com,2026-03-20,AU
u07-004649,user4649@corp.io,2026-01-16,GB
u07-004650,user4650@uni.edu,2026-05-25,SG
u07-004651,user4651@example.com,2026-07-28,GB
u07-004652,user4652@uni.edu,2026-07-27,US
u07-004653,user4653@example.com,2026-02-24,AU
u07-004654,user4654@uni.edu,2026-06-20,DE
u07-004655,user4655@mail.co.in,2026-07-18,GB
u07-004656,user4656@corp.io,2026-04-12,US
u07-004657,user4657@uni.edu,2026-06-16,US
u07-004658,user4658@example.com,2026-01-23,IN
u07-004659,user4659@uni.edu,2026-08-20,US
u07-004660,user4660@example.com,2026-03-12,AU
u07-004661,user4661@mail.co.in,2026-09-19,AU
u07-004662,user4662@example.com,2026-03-20,AU
u07-004663,user4663@uni.edu,2026-03-21,DE
u07-004664,user4664@uni.edu,2026-09-10,IN
u07-004665,user4665@corp.io,2026-04-19,DE
u07-004666,user4666@example.com,2026-03-17,GB
u07-004667,user4667@example.com,2026-03-25,DE
u07-004668,user4668@corp.io,2026-06-11,GB
u07-004669,user4669@example.com,2026-03-21,AU
u07-004670,user4670@uni.edu,2026-03-16,DE
u07-004671,user4671@mail.co.in,2026-09-25,SG
u07-004672,user4672@uni.edu,2026-01-25,GB
u07-004673,user4673@uni.edu,2026-03-25,US
u07-004674,user4674@mail.co.in,2026-08-14,GB
u07-004675,user4675@uni.edu,2026-04-28,IN
u07-004676,user4676@corp.io,2026-07-17,DE
u07-004677,user4677@uni.edu,2026-05-24,AU
u07-004678,user4678@corp.io,2026-08-14,IN
u07-004679,user4679@uni.edu,2026-03-16,SG
u07-004680,user4680@corp.io,2026-03-22,SG
u07-004681,user4681@uni.edu,2026-04-27,GB
u07-004682,user4682@mail.co.in,2026-09-28,IN
u07-004683,user4683@corp.io,2026-08-25,DE
u07-004684,user4684@uni.edu,2026-07-20,DE
u07-004685,user4685@example.com,2026-04-13,IN
u07-004686,user4686@mail.co.in,2026-03-23,GB
u07-004687,user4687@uni.edu,2026-07-18,GB
u07-004688,user4688@corp.io,2026-06-11,DE
u07-004689,user4689@example.com,2026-02-20,US
u07-004690,user4690@uni.edu,2026-03-21,GB
u07-004691,user4691@mail.co.in,2026-07-16,AU
u07-004692,user4692@uni.edu,2026-04-28,DE
u07-004693,user4693@example.com,2026-06-19,SG
u07-004694,user4694@corp.io,2026-05-12,GB
u07-004695,user4695@uni.edu,2026-09-26,US
u07-004696,user4696@example.com,2026-07-27,AU
u07-004697,user4697@uni.edu,2026-07-18,AU
u07-004698,user4698@mail.co.in,2026-07-22,AU
u07-004699,user4699@example.com,2026-07-14,US
u07-004700,user4700@mail.co.in,2026-09-11,DE
u07-004701,user4701@uni.edu,2026-01-21,AU
u07-004702,user4702@example.com,2026-02-23,SG
u07-004703,user4703@corp.io,2026-05-23,AU
u07-004704,user4704@uni.edu,2026-08-11,AU
u07-004705,user4705@uni.edu,2026-04-28,SG
u07-004706,user4706@mail.co.in,2026-08-11,US
u07-004707,user4707@mail.co.in,2026-09-15,SG
u07-004708,user4708@corp.io,2026-05-16,SG
u07-004709,user4709@mail.co.in,2026-08-15,DE
u07-004710,user4710@mail.co.in,2026-02-28,US
u07-004711,user4711@corp.io,2026-01-27,AU
u07-004712,user4712@mail.co.in,2026-02-14,SG
u07-004713,user4713@mail.co.in,2026-09-26,IN
u07-004714,user4714@corp.io,2026-07-17,IN
u07-004715,user4715@example.com,2026-08-22,SG
u07-004716,user4716@mail.co.in,2026-04-24,GB
u07-004717,user4717@corp.io,2026-06-11,DE
u07-004718,user4718@corp.io,2026-06-21,US
u07-004719,user4719@example.com,2026-05-18,SG
u07-004720,user4720@example.com,2026-08-21,AU
u07-004721,user4721@example.com,2026-06-28,IN
u07-004722,user4722@uni.edu,2026-03-25,IN
u07-004723,user4723@example.com,2026-09-10,SG
u07-004724,user4724@corp.io,2026-02-28,US
u07-004725,user4725@uni.edu,2026-05-13,IN
u07-004726,user4726@mail.co.in,2026-01-28,US
u07-004727,user4727@uni.edu,2026-03-13,GB
u07-004728,user4728@uni.edu,2026-08-18,SG
u07-004729,user4729@uni.edu,2026-02-21,DE
u07-004730,user4730@uni.edu,2026-05-11,DE
u07-004731,user4731@uni.edu,2026-07-27,SG
u07-004732,user4732@example.com,2026-03-14,GB
u07-004733,user4733@mail.co.in,2026-08-16,GB
u07-004734,user4734@example.com,2026-08-28,DE
u07-004735,user4735@uni.edu,2026-04-14,IN
u07-004736,user4736@example.com,2026-02-11,GB
u07-004737,user4737@example.com,2026-07-12,DE
u07-004738,user4738@corp.io,2026-01-13,DE
u07-004739,user4739@mail..co.in,2026-05-11,GB
u07-004740,user4740@mail.co.in,2026-09-14,AU
u07-004741,user4741@uni.edu,2026-02-12,US
u07-004742,user4742@example.com,2026-03-25,IN
u07-004743,user4743@corp.io,2026-03-10,AU
u07-004744,user4744@mail.co.in,2026-02-14,AU
u07-004745,user4745@corp.io,2026-08-17,IN
u07-004746,user4746@uni.edu,2026-08-24,DE
u07-004747,user4747@mail.co.in,2026-06-28,SG
u07-004748,user4748@corp.io,2026-02-14,SG
u07-004749,user4749@example.com,2026-01-10,IN
u07-004750,user4750@mail.co.in,2026-03-15,IN
u07-004751,user4751@uni.edu,2026-08-25,GB
u07-004752,user4752@example.com,2026-03-16,IN
u07-004753,user4753@mail.co.in,2026-03-16,AU
u07-004754,user4754@mail.co.in,2026-01-16,IN
u07-004755,user4755@mail.co.in,2026-04-26,US
u07-004756,user4756@mail.co.in,2026-09-17,US
u07-004757,user4757@uni.edu,2026-09-25,DE
u07-004758,user4758@example.com,2026-05-17,AU
u07-004759,user4759@example.com,2026-01-11,US
u07-004760,user4760@uni.edu,2026-08-13,SG
u07-004761,user4761@mail.co.in,2026-05-28,IN
u07-004762,user4762@uni.edu,2026-06-15,GB
u07-004763,user4763@example.com,2026-07-25,AU
u07-004764,user4764@corp.io,2026-04-19,GB
u07-004765,user4765@uni.edu,2026-09-15,IN
u07-004766,user4766@corp.io,2026-08-13,US
u07-004767,user4767@mail.co.in,2026-06-10,DE
u07-004768,user4768@uni.edu,2026-08-13,AU
u07-004769,user4769@uni.edu,2026-06-12,SG
u07-004770,user4770@uni.edu,2026-04-10,DE
u07-004771,user4771@mail.co.in,2026-03-15,AU
u07-004772,user4772@corp.io,2026-08-26,SG
u07-004773,user4773@example.com,2026-07-28,AU
u07-004774,user4774@uni.edu,2026-07-19,DE
u07-004775,user4775@example.com,2026-09-24,GB
u07-004776,user4776@corp.io,2026-04-20,US
u07-004777,user4777@corp.io,2026-06-20,GB
u07-004778,user4778@mail.co.in,2026-03-21,SG
u07-004779,user4779@example.com,2026-04-16,GB
u07-004780,user4780@mail.co.in,2026-05-12,AU
u07-004781,user4781@mail.co.in,2026-03-27,IN
u07-004782,user4782@corp.io,2026-06-13,DE
u07-004783,user4783@example.com,2026-05-27,DE
u07-004784,user4784@uni.edu,2026-09-26,IN
u07-004785,user4785@example.com,2026-03-11,IN
u07-004786,user4786@corp.io,2026-03-23,AU
u07-004787,user4787@example.com,2026-01-16,SG
u07-004788,user4788@example.com,2026-04-25,US
u07-004789,user4789@mail.co.in,2026-02-14,AU
u07-004790,user4790@example.com,2026-02-27,AU
u07-004791,user4791@example.com,2026-01-22,DE
u07-004792,user4792@uni.edu,2026-01-11,US
u07-004793,user4793@uni.edu,2026-07-10,GB
u07-004794,user4794@uni.edu,2026-05-25,SG
u07-004795,user4795@example.com,2026-05-25,SG
u07-004796,user4796@example.com,2026-09-23,GB
u07-004797,user4797@corp.io,2026-04-18,SG
u07-004798,user4798@example.com,2026-06-23,GB
u07-004799,user4799@mail.co.in,2026-05-18,SG
u07-004800,user4800@corp.io,2026-08-24,DE
u07-004801,user4801@mail.co.in,2026-03-28,GB
u07-004802,user4802@uni.edu,2026-08-10,US
u07-004803,user4803@mail.co.in,2026-04-13,US
u07-004804,user4804@uni.edu,2026-02-27,SG
u07-004805,user4805@mail.co.in,2026-07-12,GB
u07-004806,user4806@uni.edu,2026-04-28,GB
u07-004807,user4807@example.com,2026-05-18,GB
u07-004808,user4808@uni.edu,2026-08-21,US
u07-004809,user4809@mail.co.in,2026-06-20,GB
u07-004810,user4810@example.com,2026-05-12,AU
u07-004811,user4811@uni.edu,2026-05-27,IN
u07-004812,user4812@uni.edu,2026-03-12,SG
u07-004813,user4813@mail.co.in,2026-01-22,DE
u07-004814,user4814@uni.edu,2026-05-13,DE
u07-004815,user4815@mail.co.in,2026-05-23,GB
u07-004816,user4816@mail.co.in,2026-01-14,IN
u07-004817,user4817@uni.edu,2026-06-16,DE
u07-004818,user4818@uni.edu,2026-05-22,AU
u07-004819,user4819@mail.co.in,2026-05-21,SG
u07-004820,user4820@corp.io,2026-03-12,US
u07-004821,user4821@example.com,2026-08-22,DE
u07-004822,user4822@corp.io,2026-05-22,SG
u07-004823,user4823@example.com,2026-05-27,GB
u07-004824,user4824@corp.io,2026-05-10,US
u07-004825,user4825@uni.edu,2026-01-12,DE
u07-004826,user4826@corp.io,2026-03-14,GB
u07-004827,user4827@corp.io,2026-09-23,US
u07-004828,user4828@mail.co.in,2026-09-19,AU
u07-004829,user4829@example.com,2026-01-27,IN
u07-004830,user4830@uni.edu,2026-01-22,DE
u07-004831,user4831@corp.io,2026-04-24,US
u07-004832,user4832@mail.co.in,2026-02-25,US
u07-004833,user4833@corp.io,2026-08-20,US
u07-004834,user4834@mail.co.in,2026-09-21,US
u07-004835,user4835@uni.edu,2026-03-20,DE
u07-004836,user4836@uni.edu,2026-04-16,SG
u07-004837,user4837@corp.io,2026-07-24,DE
u07-004838,user4838@uni.edu,2026-05-10,AU
u07-004839,user4839@corp.io,2026-02-23,IN
u07-004840,user4840@mail.co.in,2026-01-11,GB
u07-004841,user4841@example.com,2026-02-17,IN
u07-004842,user4842@corp.io,2026-03-18,GB
u07-004843,user4843@mail.co.in,2026-08-24,IN
u07-004844,user4844@uni.edu,2026-09-10,AU
u07-004845,user4845@mail.co.in,2026-05-10,DE
u07-004846,user4846@corp.io,2026-09-16,AU
u07-004847,user4847@example.com,2026-06-21,AU
u07-004848,user4848@uni.edu,2026-06-26,DE
u07-004849,user4849@uni.edu,2026-09-24,DE
u07-004850,user4850@corp.io,2026-09-25,AU
u07-004851,user4851@corp.io,2026-05-17,GB
u07-004852,user4852@corp.io,2026-02-17,AU
u07-004853,user4853@example.com,2026-01-25,US
u07-004854,user4854@corp.io,2026-01-19,US
u07-004855,user4855@example.com,2026-02-13,AU
u07-004856,user4856@mail.co.in,2026-06-10,GB
u07-004857,user4857@mail.co.in,2026-05-17,GB
u07-004858,user4858@corp.io,2026-04-10,AU
u07-004859,user4859@mail.co.in,2026-05-23,US
u07-004860,user4860@example.com,2026-09-14,US
u07-004861,user4861@uni.edu,2026-01-12,SG
u07-004862,user4862@uni.edu,2026-02-17,GB
u07-004863,user4863@example.com,2026-08-19,US
u07-004864,user4864@corp.io.,2026-02-19,AU
u07-004865,user4865@corp.io,2026-07-17,US
u07-004866,user4866@corp.io,2026-05-28,DE
u07-004867,user4867@mail.co.in,2026-03-10,US
u07-004868,user4868@mail.co.in,2026-06-13,GB
u07-004869,user4869@uni.edu,2026-09-14,SG
u07-004870,user4870@uni.edu,2026-02-12,IN
u07-004871,user4871@mail.co.in,2026-07-25,SG
u07-004872,user4872@example.com,2026-04-24,US
u07-004873,user4873@corp.io,2026-01-14,AU
u07-004874,user4874@uni.edu,2026-03-12,IN
u07-004875,user4875@example.com,2026-06-12,AU
u07-004876,user4876@uni.edu,2026-06-25,IN
u07-004877,user4877@uni.edu,2026-08-13,SG
u07-004878,user4878@example.com,2026-08-21,SG
u07-004879,user4879@mail.co.in,2026-09-22,SG
u07-004880,user4880@mail.co.in,2026-01-21,DE
u07-004881,user4881@example.com,2026-06-15,US
u07-004882,user4882@uni.edu,2026-09-21,SG
u07-004883,user4883@example.com,2026-06-24,GB
u07-004884,user4884@uni.edu,2026-05-19,AU
u07-004885,user4885@example.com,2026-01-27,US
u07-004886,user4886@uni.edu,2026-06-21,IN
u07-004887,user4887@uni.edu,2026-02-15,AU
u07-004888,user4888@corp.io,2026-05-19,GB
u07-004889,user4889@mail.co.in,2026-07-18,IN
u07-004890,user4890@example.com,2026-09-10,US
u07-004891,user4891@uni.edu,2026-08-19,DE
u07-004892,user4892@uni.edu,2026-06-20,DE
u07-004893,user4893@corp.io,2026-06-18,GB
u07-004894,user4894@mail.co.in,2026-08-27,DE
u07-004895,user4895@corp.io,2026-06-18,GB
u07-004896,user4896@corp.io,2026-07-17,GB
u07-004897,user4897@corp.io,2026-01-27,GB
u07-004898,user4898@example.com,2026-04-14,IN
u07-004899,user4899@mail.co.in,2026-06-26,SG
u07-004900,user4900@mail.co.in,2026-06-14,IN
u07-004901,user4901@example.com,2026-06-25,US
u07-004902,user4902@uni.edu,2026-08-14,DE
u07-004903,user4903@corp.io,2026-09-17,DE
u07-004904,user4904@mail.co.in,2026-08-18,US
u07-004905,user4905@example.com,2026-07-16,US
u07-004906,user4906@corp.io,2026-04-13,US
u07-004907,user4907@corp.io,2026-05-18,SG
u07-004908,user4908@example.com,2026-03-22,DE
u07-004909,user4909@uni.edu,2026-09-26,SG
u07-004910,user4910@uni.edu,2026-08-27,IN
u07-004911,user4911@example.com,2026-09-15,GB
u07-004912,user4912@uni.edu,2026-03-15,US
u07-004913,user4913@corp.io,2026-03-23,GB
u07-004914,user4914@corp.io,2026-08-26,DE
u07-004915,user4915@uni.edu,2026-05-14,GB
u07-004916,user4916@corp.io,2026-06-26,IN
u07-004917,user4917@corp.io,2026-02-16,AU
u07-004918,user4918@mail.co.in,2026-02-14,US
u07-004919,user4919@mail.co.in,2026-08-18,AU
u07-004920,user4920@corp.io,2026-07-28,AU
u07-004921,user4921@corp.io,2026-08-22,IN
u07-004922,user4922@mail.co.in,2026-08-15,DE
u07-004923,user4923@example.com,2026-07-22,AU
u07-004924,user4924@uni.edu,2026-09-16,IN
u07-004925,user4925@corp.io,2026-02-24,SG
u07-004926,user4926@uni.edu,2026-04-11,GB
u07-004927,user4927@example.com,2026-06-19,AU
u07-004928,user4928@corp.io,2026-09-21,GB
u07-004929,user4929@uni.edu,2026-03-22,SG
u07-004930,user4930@example.com,2026-01-13,GB
u07-004931,user4931@mail.co.in,2026-03-10,AU
u07-004932,user4932@uni.edu,2026-09-18,IN
u07-004933,user4933@uni.edu,2026-02-28,GB
u07-004934,user4934@mail.co.in,2026-06-10,DE
u07-004935,user4935@uni.edu,2026-07-23,GB
u07-004936,user4936@uni.edu,2026-01-11,GB
u07-004937,user4937@example.com,2026-09-11,IN
u07-004938,user4938@corp.io,2026-08-28,GB
u07-004939,user4939@mail.co.in,2026-03-14,AU
u07-004940,user4940@example.com,2026-06-13,GB
u07-004941,user4941@mail.co.in,2026-01-19,GB
u07-004942,user4942@uni.edu,2026-05-26,SG
u07-004943,user4943@mail.co.in,2026-08-12,GB
u07-004944,user4944@example.com,2026-06-21,DE
u07-004945,user4945@mail.co.in,2026-02-10,DE
u07-004946,user4946@corp.io,2026-06-19,AU
u07-004947,user4947@mail.co.in,2026-02-12,SG
u07-004948,user4948@example.com,2026-06-26,IN
u07-004949,user4949@mail.co.in,2026-06-24,GB
u07-004950,user4950@uni.edu,2026-05-18,GB
u07-004951,user4951@uni.edu,2026-05-19,IN
u07-004952,user4952@uni.edu,2026-05-27,US
u07-004953,user4953@uni.edu,2026-03-17,GB
u07-004954,user4954@uni.edu,2026-05-13,US
u07-004955,user4955@uni.edu,2026-03-18,DE
u07-004956,user4956@corp.io,2026-06-14,IN
u07-004957,user4957@corp.io,2026-02-25,DE
u07-004958,user4958@uni.edu,2026-06-22,GB
u07-004959,user4959@mail.co.in,2026-08-10,GB
u07-004960,user4960@example.com,2026-07-14,DE
u07-004961,user4961@uni.edu,2026-02-12,SG
u07-004962,user4962@example.com,2026-06-12,IN
u07-004963,user4963@uni.edu,2026-01-18,IN
u07-004964,user4964@example.com,2026-01-23,SG
u07-004965,user4965@mail.co.in,2026-04-21,AU
u07-004966,user4966@mail.co.in,2026-05-19,AU
u07-004967,user4967@example.com,2026-09-15,SG
u07-004968,user4968@corp.io,2026-06-13,IN
u07-004969,user4969@corp.io,2026-01-11,SG
u07-004970,user4970@uni.edu,2026-04-10,US
u07-004971,user4971@uni.edu,2026-04-25,GB
u07-004972,user4972@example.com,2026-09-28,US
u07-004973,user4973@uni.edu,2026-09-23,AU
u07-004974,user4974@uni.edu,2026-01-17,SG
u07-004975,user4975@example.com,2026-07-11,US
u07-004976,user4976@uni.edu,2026-01-16,US
u07-004977,user4977@example.com,2026-03-24,AU
u07-004978,user4978@corp.io,2026-02-27,IN
u07-004979,user4979@mail.co.in,2026-06-21,SG
u07-004980,user4980@example.com,2026-09-28,US
u07-004981,user4981@mail.co.in,2026-05-23,DE
u07-004982,user4982@mail.co.in,2026-06-17,US
u07-004983,user4983@example.com,2026-05-21,IN
u07-004984,user4984@uni.edu,2026-02-23,SG
u07-004985,user4985@mail.co.in,2026-04-15,US
u07-004986,user4986@mail.co.in,2026-09-23,DE
u07-004987,user4987@corp.io,2026-03-18,SG
u07-004988,user4988@example.com,2026-07-20,AU
u07-004989,user4989@mail.co.in,2026-06-28,DE
u07-004990,user4990@mail.co.in,2026-07-27,SG
u07-004991,user4991@example.com,2026-01-18,US
u07-004992,user4992@corp.io,2026-02-21,IN
u07-004993,user4993@mail.co.in,2026-09-24,US
u07-004994,user4994@mail.co.in,2026-07-22,DE
u07-004995,user4995@mail.co.in,2026-05-13,SG
u07-004996,user4996@example.com,2026-02-14,GB
u07-004997,user4997@uni.edu,2026-05-13,SG
u07-004998,user4998@corp.io,2026-07-27,DE
u07-004999,user4999@example.com,2026-01-24,SG
