user_id,email,signup_date,country
u05-000000,user0@mail.co.in,2026-01-28,IN
u05-000001,user1@uni.edu,2026-01-20,DE
u05-000002,user2@example.com,2026-05-17,IN
u05-000003,user3@uni.edu,2026-02-25,US
u05-000004,user4@corp.io,2026-06-27,IN
u05-000005,user5@uni.edu,2026-05-18,DE
u05-000006,user6@corp.io,2026-08-24,GB
u05-000007,user7@uni.edu,2026-02-10,GB
u05-000008,user8@corp.io,2026-05-27,GB
u05-000009,user9@mail.co.in,2026-08-27,AU
u05-000010,user10@mail.co.in,2026-01-26,IN
u05-000011,user11@corp.io,2026-01-11,US
u05-000012,user12@mail.co.in,2026-08-12,US
u05-000013,user13@corp.io,2026-08-16,GB
u05-000014,user14@mail.co.in,2026-04-15,GB
u05-000015,user15@corp.io,2026-08-21,DE
u05-000016,user16@example.com,2026-07-23,SG
u05-000017,user17@mail.co.in,2026-02-24,GB
u05-000018,user18@uni.edu,2026-04-26,US
u05-000019,user19@corp.io,2026-04-28,SG
u05-000020,user20@corp.io,2026-04-21,AU
u05-000021,user21@example.com,2026-07-18,IN
u05-000022,user22@uni.edu,2026-01-11,IN
u05-000023,user23@mail.co.in,2026-08-22,IN
u05-000024,user24@mail.co.in,2026-08-21,DE
u05-000025,user25@uni.edu,2026-08-15,AU
u05-000026,user26@uni.edu,2026-09-27,US
u05-000027,user27@example.com,2026-09-14,US
u05-000028,user28@example.com,2026-06-18,IN
u05-000029,user29@example.com,2026-05-24,AU
u05-000030,user30@mail.co.in,2026-02-14,GB
u05-000031,user31@corp.io,2026-07-20,DE
u05-000032,user32@mail.co.in,2026-07-23,SG
u05-000033,user33@uni.edu,2026-02-16,AU
u05-000034,user34@mail.co.in,2026-07-19,IN
u05-000035,user35@example.com,2026-07-12,DE
u05-000036,user36@example.com,2026-06-25,GB
u05-000037,user37@corp.io,2026-06-26,AU
u05-000038,user38@uni.edu,2026-02-19,AU
u05-000039,user39@example.com,2026-02-25,IN
u05-000040,user40@corp.io,2026-06-28,SG
u05-000041,user41@mail.co.in,2026-06-28,GB
u05-000042,user42@corp.io,2026-09-16,US
u05-000043,user43@corp.io,2026-03-27,GB
u05-000044,user44@corp.io,2026-08-20,US
u05-000045,user45@example.com,2026-07-22,GB
u05-000046,user46@mail.co.in,2026-02-24,US
u05-000047,user47@corp.io,2026-09-24,DE
u05-000048,user48@mail.co.in,2026-04-17,IN
u05-000049,user49@mail.co.in,2026-06-25,DE
u05-000050,user50@corp.io,2026-06-16,AU
u05-000051,user51@example.com,2026-05-17,DE
u05-000052,user52@corp.io,2026-02-13,IN
u05-000053,user53@mail.co.in,2026-09-17,SG
u05-000054,user54@example.com,2026-01-14,SG
u05-000055,user55@mail.co.in,2026-05-23,DE
u05-000056,user56@mail.co.in,2026-06-25,AU
u05-000057,user57@example.com,2026-01-13,US
u05-000058,user58@mail.co.in,2026-01-23,IN
u05-000059,user59@example.com,2026-09-10,US
u05-000060,user60@uni.edu,2026-08-28,AU
u05-000061,user61@mail.co.in,2026-02-11,SG
u05-000062,user62@uni.edu,2026-07-23,DE
u05-000063,user63@corp.io,2026-05-24,US
u05-000064,user64@mail.co.in,2026-05-18,IN
u05-000065,user65@uni.edu,2026-01-25,IN
u05-000066,user66@corp.io,2026-06-18,SG
u05-000067,user67@corp.io,2026-07-12,DE
u05-000068,user68@mail.co.in,2026-02-25,SG
u05-000069,user69@uni.edu,2026-09-26,AU
u05-000070,user70@uni.edu,2026-06-23,AU
u05-000071,user71@uni.edu,2026-04-23,DE
u05-000072,user72@uni.edu,2026-02-13,US
u05-000073,user73@mail.co.in,2026-06-23,IN
u05-000074,user74@uni.edu,2026-04-16,US
u05-000075,user75@mail.co.in,2026-02-23,DE
u05-000076,user76@corp.io,2026-04-23,GB
u05-000077,user77@mail.co.in,2026-06-12,AU
u05-000078,user78@example.com,2026-06-28,IN
u05-000079,user79@mail.co.in,2026-03-13,US
u05-000080,user80@example.com,2026-07-20,GB
u05-000081,user81@example.com,2026-03-28,US
u05-000082,user82@uni.edu,2026-04-24,DE
u05-000083,user83@mail.co.in,2026-07-22,GB
u05-000084,user84@mail.co.in,2026-02-14,US
u05-000085,user85@corp.io,2026-04-21,GB
u05-000086,user86@example.com,2026-04-28,SG
u05-000087,user87@example.com,2026-08-26,DE
u05-000088,user88@mail.co.in,2026-09-28,AU
u05-000089,user89@uni.edu,2026-07-12,GB
u05-000090,user90@corp.io,2026-06-18,AU
u05-000091,user91@corp.io,2026-08-22,SG
u05-000092,user92@corp.io,2026-01-12,DE
u05-000093,user93@mail.co.in,2026-04-12,US
u05-000094,user94@corp.io,2026-09-23,US
u05-000095,user95@mail.co.in,2026-09-18,AU
u05-000096,user96@corp.io,2026-02-19,IN
u05-000097,user97@corp.io,2026-02-11,SG
u05-000098,user98@mail.co.in,2026-03-24,AU
u05-000099,user99@uni.edu,2026-01-20,IN
u05-000100,user100@corp.io,2026-02-22,GB
u05-000101,user101@corp.io,2026-01-20,DE
u05-000102,user102@uni.edu,2026-01-12,US
u05-000103,user103@example.com,2026-09-27,SG
u05-000104,user104@mail.co.in,2026-08-26,DE
u05-000105,user105@uni.edu,2026-07-12,SG
u05-000106,user106@example.com,2026-07-10,SG
u05-000107,user107@example.com,2026-05-26,SG
u05-000108,user108@corp.io,2026-03-15,SG
u05-000109,user109@uni.edu,2026-01-27,GB
u05-000110,user110@example.com,2026-01-12,AU
u05-000111,user111@example.com,2026-08-12,AU
u05-000112,user112@uni.edu,2026-02-26,AU
u05-000113,user113@uni.edu,2026-01-23,US
u05-000114,user114@uni.edu,2026-08-20,SG
u05-000115,user115@corp.io,2026-09-26,GB
u05-000116,user116@corp.io,2026-04-15,SG
u05-000117,user117@corp.io,2026-01-12,DE
u05-000118,user118@uni.edu,2026-05-28,AU
u05-000119,user119@example.com,2026-08-17,SG
u05-000120,user120@corp.io,2026-02-23,AU
u05-000121,user121@uni.edu,2026-06-17,IN
u05-000122,user122@mail.co.in,2026-02-21,SG
u05-000123,user123@uni.edu,2026-04-27,US
u05-000124,user124@uni.edu,2026-08-22,GB
u05-000125,user125@corp.io,2026-09-28,DE
u05-000126,user126@mail.co.in,2026-07-13,GB
u05-000127,user127@example.com,2026-02-16,AU
u05-000128,user128@example.com,2026-07-25,AU
u05-000129,user129@example.com,2026-08-16,SG
u05-000130,user130@mail.co.in,2026-07-27,DE
u05-000131,user131@corp.io,2026-03-19,AU
u05-000132,user132@mail.co.in,2026-08-13,GB
u05-000133,user133@corp.io,2026-02-22,US
u05-000134,user134@uni.edu,2026-05-16,DE
u05-000135,user135@example.com,2026-02-26,US
u05-000136,user136@uni.edu,2026-08-27,IN
u05-000137,user137@example.com,2026-09-16,US
u05-000138,user138@example.com,2026-05-14,IN
u05-000139,user139@corp.io,2026-08-11,AU
u05-000140,user140@mail.co.in,2026-03-26,DE
u05-000141,user141@example.com,2026-04-28,US
u05-000142,user142@mail.co.in,2026-08-27,SG
u05-000143,user143@mail.co.in,2026-01-15,IN
u05-000144,user144@example.com,2026-05-18,US
u05-000145,user145@example.com,2026-05-22,IN
u05-000146,user146@corp.io,2026-06-11,US
u05-000147,user147@corp.io,2026-01-21,GB
u05-000148,user148@corp.io,2026-06-13,US
u05-000149,user149@corp.io,2026-05-26,US
u05-000150,user150@uni.edu,2026-08-28,GB
u05-000151,user151@uni.edu,2026-09-24,US
u05-000152,user152@uni.edu,2026-04-28,IN
u05-000153,user153@uni.edu,2026-06-18,GB
u05-000154,user154@uni.edu,2026-06-20,IN
u05-000155,user155@corp.io,2026-03-10,AU
u05-000156,user156@example.com,2026-05-14,IN
u05-000157,user157@uni.edu,2026-01-10,GB
u05-000158,user158@corp.io,2026-03-27,US
u05-000159,user159@uni.edu,2026-08-18,GB
u05-000160,user160@example.com,2026-05-14,AU
u05-000161,user161@mail.co.in,2026-03-16,AU
u05-000162,user162@uni.edu,2026-06-11,DE
u05-000163,user163@corp.io,2026-04-28,SG
u05-000164,user164@corp.io,2026-08-15,IN
u05-000165,user165@uni.edu,2026-06-10,US
u05-000166,user166@mail.co.in,2026-08-10,IN
u05-000167,user167@uni.edu,2026-03-16,US
u05-000168,user168@example.com,2026-09-14,DE
u05-000169,user169@example.com,2026-03-24,IN
u05-000170,user170@mail.co.in,2026-05-21,GB
u05-000171,user171@uni.edu,2026-02-10,SG
u05-000172,user172@mail.co.in,2026-03-10,AU
u05-000173,user173@mail.co.in,2026-08-23,DE
u05-000174,user174@corp.io,2026-01-24,GB
u05-000175,user175@mail.co.in,2026-06-13,US
u05-000176,user176@corp.io,2026-09-26,SG
u05-000177,user177@corp.io,2026-03-26,DE
u05-000178,user178@corp.io,2026-02-13,IN
u05-000179,user179@mail.co.in,2026-02-13,US
u05-000180,user180@corp.io,2026-02-13,DE
u05-000181,user181@mail.co.in,2026-07-21,IN
u05-000182,user182@example.com,2026-09-21,DE
u05-000183,user183@mail.co.in,2026-06-25,IN
u05-000184,user184@corp.io,2026-05-28,GB
u05-000185,user185@uni.edu,2026-02-23,GB
u05-000186,user186@example.com,2026-05-13,DE
u05-000187,user187@corp.io,2026-07-28,IN
u05-000188,user188@mail.co.in,2026-03-16,AU
u05-000189,user189@uni.edu,2026-07-21,DE
u05-000190,user190@mail.co.in,2026-07-28,GB
u05-000191,user191@example.com,2026-01-20,GB
u05-000192,user192@uni.edu,2026-01-15,AU
u05-000193,user193@example.com,2026-08-27,DE
u05-000194,user194@example.com,2026-02-18,IN
u05-000195,user195@mail.co.in,2026-04-25,US
u05-000196,user196@corp.io,2026-02-15,DE
u05-000197,user197@example.com,2026-07-26,AU
u05-000198,user198@uni.edu,2026-09-19,SG
u05-000199,user199@example.com,2026-01-10,AU
u05-000200,user200@uni.edu,2026-04-24,US
u05-000201,user201@mail.co.in,2026-07-21,GB
u05-000202,user202@example.com,2026-01-21,IN
u05-000203,user203@corp.io,2026-01-28,SG
u05-000204,user204@corp.io,2026-01-19,GB
u05-000205,user205@example.com,2026-09-13,SG
u05-000206,user206@uni.edu,2026-09-28,SG
u05-000207,user207@corp.io,2026-04-18,US
u05-000208,user208@example.com,2026-01-24,AU
u05-000209,user209@mail.co.in,2026-05-15,US
u05-000210,user210@example.com,2026-05-15,DE
u05-000211,user211@example.com,2026-02-20,IN
u05-000212,user212@corp.io,2026-07-12,DE
u05-000213,user213@uni.edu,2026-02-26,DE
u05-000214,user214@corp.io,2026-01-16,IN
u05-000215,user215@example.com,2026-07-27,DE
u05-000216,user216@corp.io,2026-06-19,AU
u05-000217,user217@mail.co.in,2026-06-23,US
u05-000218,user218@corp.io,2026-09-18,AU
u05-000219,user219@example.com,2026-03-17,DE
u05-000220,user220@corp.io,2026-02-16,US
u05-000221,user221@uni.edu,2026-05-15,US
u05-000222,user222@uni.edu,2026-06-16,IN
u05-000223,user223@corp.io,2026-09-27,SG
u05-000224,user224@uni.edu,2026-07-20,IN
u05-000225,user225@mail.co.in,2026-05-19,SG
u05-000226,user226@example.com,2026-02-26,US
u05-000227,user227@example.com,2026-02-13,US
u05-000228,user228@corp.io,2026-02-15,IN
u05-000229,user229@uni.edu,2026-09-21,US
u05-000230,user230@uni.edu,2026-03-22,AU
u05-000231,user231@mail.co.in,2026-09-12,AU
u05-000232,user232@uni.edu,2026-03-11,IN
u05-000233,user233@uni.edu,2026-09-12,GB
u05-000234,user234@corp.io,2026-06-21,IN
u05-000235,user235@example.com,2026-05-19,SG
u05-000236,user236@mail.co.in,2026-04-27,US
u05-000237,user237@mail.co.in,2026-02-15,AU
u05-000238,user238@example.com,2026-03-18,IN
u05-000239,user239@uni.edu,2026-06-24,IN
u05-000240,user240@mail.co.in,2026-08-18,DE
u05-000241,user241@uni.edu,2026-02-24,SG
u05-000242,user242@mail.co.in,2026-06-16,AU
u05-000243,user243@example.com,2026-02-12,SG
u05-000244,user244@example.com,2026-08-11,SG
u05-000245,user245@mail.co.in,2026-09-13,IN
u05-000246,user246@example.com,2026-03-28,AU
u05-000247,user247@example.com,2026-04-13,US
u05-000248,user248@corp.io,2026-09-15,DE
u05-000249,user249@example.com,2026-04-16,GB
u05-000250,user250@example.com,2026-09-26,AU
u05-000251,user251@example.com,2026-08-28,US
u05-000252,user252@corp.io,2026-05-16,AU
u05-000253,user253@corp.io,2026-01-28,AU
u05-000254,user254@corp.io,2026-09-17,US
u05-000255,user255@mail.co.in,2026-09-19,US
u05-000256,user256@corp.io,2026-02-21,GB
u05-000257,user257@uni.edu,2026-02-10,DE
u05-000258,user258@example.com,2026-05-23,GB
u05-000259,user259@uni.edu,2026-02-18,US
u05-000260,user260@mail.co.in,2026-09-10,GB
u05-000261,user261@example.com,2026-03-27,DE
u05-000262,user262@mail.co.in,2026-03-11,DE
u05-000263,user263@corp.io,2026-03-24,AU
u05-000264,user264@mail.co.in,2026-08-14,DE
u05-000265,user265@uni.edu,2026-04-22,DE
u05-000266,user266@mail.co.in,2026-04-20,US
u05-000267,user267@corp.io,2026-02-23,US
u05-000268,user268@mail.co.in,2026-08-21,AU
u05-000269,user269@uni.edu,2026-05-17,IN
u05-000270,user270@corp.io,2026-09-12,GB
u05-000271,user271@corp.io,2026-01-19,IN
u05-000272,user272@corp.io,2026-01-11,US
u05-000273,user273@uni.edu,2026-01-22,US
u05-000274,user274@corp.io,2026-08-26,DE
u05-000275,user275@uni.edu,2026-06-22,DE
u05-000276,user276@corp.io,2026-03-23,IN
u05-000277,user277@example.com,2026-04-21,GB
u05-000278,user278@example.com,2026-03-19,US
u05-000279,user279@corp.io,2026-09-15,IN
u05-000280,user280@uni.edu,2026-06-15,DE
u05-000281,user281@uni.edu,2026-09-28,DE
u05-000282,user282@example.com,2026-08-26,IN
u05-000283,user283@uni.edu,2026-01-21,SG
u05-000284,user284@uni.edu,2026-09-21,IN
u05-000285,user285@mail.co.in,2026-03-16,DE
u05-000286,user286@uni.edu,2026-03-22,SG
u05-000287,user287@uni.edu,2026-07-10,IN
u05-000288,user288@example.com,2026-01-27,DE
u05-000289,user289@corp.io,2026-06-13,US
u05-000290,user290@corp.io,2026-01-18,DE
u05-000291,user291@mail.co.in,2026-04-25,DE
u05-000292,user292@corp.io,2026-04-11,DE
u05-000293,user293@corp.io,2026-03-12,SG
u05-000294,user294@example.com,2026-01-23,DE
u05-000295,user295@uni.edu,2026-08-16,IN
u05-000296,user296@uni.edu,2026-08-14,AU
u05-000297,user297@mail.co.in,2026-09-26,AU
u05-000298,user298@uni.edu,2026-02-17,IN
u05-000299,user299@uni.edu,2026-09-13,AU
u05-000300,user300@uni.edu,2026-02-15,IN
u05-000301,user301@example.com,2026-08-19,US
u05-000302,user302@mail.co.in,2026-08-12,IN
u05-000303,user303@mail.co.in,2026-05-16,US
u05-000304,user304@corp.io,2026-08-14,DE
u05-000305,user305@corp.io,2026-04-26,GB
u05-000306,user306@example.com,2026-01-21,DE
u05-000307,user307@mail.co.in,2026-04-14,DE
u05-000308,user308@example.com,2026-02-18,SG
u05-000309,user309@example.com,2026-01-19,US
u05-000310,user310@corp.io,2026-05-21,AU
u05-000311,user311@corp.io,2026-08-25,GB
u05-000312,user312@example.com,2026-09-24,IN
u05-000313,user313@uni.edu,2026-03-27,SG
u05-000314,user314@mail.co.in,2026-06-23,DE
u05-000315,user315@uni.edu,2026-01-27,IN
u05-000316,user316@corp.io,2026-06-28,IN
u05-000317,user317@corp.io,2026-05-13,GB
u05-000318,user318@example.com,2026-06-23,DE
u05-000319,user319@corp.io,2026-07-18,GB
u05-000320,user320@mail.co.in,2026-09-19,GB
u05-000321,user321@corp.io,2026-03-27,IN
u05-000322,user322@corp.io,2026-03-17,SG
u05-000323,user323@corp.io,2026-08-20,US
u05-000324,user324@example.com,2026-04-12,IN
u05-000325,user325@uni.edu,2026-04-10,DE
u05-000326,user326@uni.edu,2026-09-14,DE
u05-000327,user327@uni.edu,2026-02-22,IN
u05-000328,user328@corp.io,2026-02-17,AU
u05-000329,user329@example.com,2026-02-15,SG
u05-000330,user330@mail.co.in,2026-07-11,DE
u05-000331,user331@mail.co.in,2026-06-17,IN
u05-000332,user332@corp.io,2026-01-23,IN
u05-000333,user333@mail.co.in,2026-02-20,SG
u05-000334,user334@mail.co.in,2026-01-12,GB
u05-000335,user335@mail.co.in,2026-01-28,AU
u05-000336,user336@example.com,2026-03-16,US
u05-000337,user337@mail.co.in,2026-07-25,DE
u05-000338,user338@example.com,2026-03-10,IN
u05-000339,user339@mail.co.in,2026-03-22,AU
u05-000340,user340@corp.io,2026-07-18,GB
u05-000341,user341@example.com,2026-04-12,GB
u05-000342,user342@mail.co.in,2026-02-26,SG
u05-000343,user343@corp.io,2026-09-26,US
u05-000344,user344@corp.io,2026-08-19,AU
u05-000345,user345@example.com,2026-05-27,AU
u05-000346,user346@corp.io,2026-06-20,AU
u05-000347,user347@example.com,2026-01-20,GB
u05-000348,user348@uni.edu,2026-04-27,GB
u05-000349,user349@mail.co.in,2026-07-10,US
u05-000350,user350@uni.edu,2026-02-20,AU
u05-000351,user351@uni.edu,2026-09-23,DE
u05-000352,user352@uni.edu,2026-05-12,SG
u05-000353,user353@corp.io,2026-05-24,IN
u05-000354,user354@example.com,2026-04-19,DE
u05-000355,user355@corp.io,2026-04-18,IN
u05-000356,user356@example.com,2026-04-25,IN
u05-000357,user357@mail.co.in,2026-01-15,SG
u05-000358,user358@uni.edu,2026-01-19,SG
u05-000359,user359@uni.edu,2026-08-13,AU
u05-000360,user360@corp.io,2026-04-24,IN
u05-000361,user361@corp.io,2026-01-25,US
u05-000362,user362@uni.edu,2026-02-20,US
u05-000363,user363@uni.edu,2026-03-16,GB
u05-000364,user364@corp.io,2026-04-13,GB
u05-000365,user365@uni.edu,2026-01-16,US
u05-000366,user366@corp.io,2026-05-11,IN
u05-000367,user367@example.com,2026-02-14,US
u05-000368,user368@mail.co.in,2026-08-14,SG
u05-000369,user369@mail.co.in,2026-09-22,SG
u05-000370,user370@mail.co.in,2026-01-11,GB
u05-000371,user371@mail.co.in,2026-07-19,US
u05-000372,user372@uni.edu,2026-09-14,US
u05-000373,user373@mail.co.in,2026-06-18,SG
u05-000374,user374@corp.io,2026-04-18,US
u05-000375,user375@corp.io,2026-03-14,US
u05-000376,user376@uni.edu,2026-02-26,US
u05-000377,user377@uni.edu,2026-03-14,AU
u05-000378,user378@corp.io,2026-08-12,IN
u05-000379,user379@example.com,2026-07-18,GB
u05-000380,user380@uni.edu,2026-05-14,IN
u05-000381,user381@mail.co.in,2026-04-11,AU
u05-000382,user382@mail.co.in,2026-01-11,DE
u05-000383,user383@uni.edu,2026-08-10,GB
u05-000384,user384@corp.io,2026-03-14,AU
u05-000385,user385@corp.io,2026-05-26,GB
u05-000386,user386@mail.co.in,2026-06-21,DE
u05-000387,user387@corp.io,2026-03-21,US
u05-000388,user388@example.com,2026-05-18,DE
u05-000389,user389@uni.edu,2026-07-10,US
u05-000390,user390@corp.io,2026-06-25,DE
u05-000391,user391@mail.co.in,2026-01-11,GB
u05-000392,user392@corp.io,2026-02-13,GB
u05-000393,user393@corp.io,2026-06-16,AU
u05-000394,user394@example.com,2026-05-22,DE
u05-000395,user395@example.com,2026-03-11,DE
u05-000396,user396@corp.io,2026-08-23,IN
u05-000397,user397@mail.co.in,2026-05-25,SG
u05-000398,user398@uni.edu,2026-03-11,DE
u05-000399,user399@uni.edu,2026-01-25,SG
u05-000400,user400@uni.edu,2026-09-18,US
u05-000401,user401@corp.io,2026-07-25,IN
u05-000402,user402@corp.io,2026-02-20,SG
u05-000403,user403@example.com,2026-04-25,GB
u05-000404,user404@mail.co.in,2026-04-20,US
u05-000405,user405@uni.edu,2026-09-25,GB
u05-000406,user406@corp.io,2026-03-13,DE
u05-000407,user407@uni.edu,2026-08-23,GB
u05-000408,user408@corp.io,2026-03-13,US
u05-000409,user409@corp.io,2026-07-10,DE
u05-000410,user410@corp.io,2026-03-27,IN
u05-000411,user411@uni.edu,2026-01-15,IN
u05-000412,user412@example.com,2026-01-14,SG
u05-000413,user413@example.com,2026-06-11,US
u05-000414,user414@example.com,2026-04-13,AU
u05-000415,user415@corp.io,2026-04-17,AU
u05-000416,user416@mail.co.in,2026-01-13,SG
u05-000417,user417@example.com,2026-06-22,SG
u05-000418,user418@example.com,2026-08-23,US
u05-000419,user419@mail.co.in,2026-07-17,SG
u05-000420,user420@uni.edu,2026-03-19,SG
u05-000421,user421@mail.co.in,2026-01-11,SG
u05-000422,user422@example.com,2026-08-23,US
u05-000423,user423@uni.edu,2026-06-25,AU
u05-000424,user424@uni.edu,2026-06-17,IN
u05-000425,user425@uni.edu,2026-09-23,GB
u05-000426,user426@corp.io,2026-06-26,GB
u05-000427,user427@uni.edu,2026-01-25,SG
u05-000428,user428@uni.edu,2026-01-17,DE
u05-000429,user429@example.com,2026-01-15,SG
u05-000430,user430@corp.io,2026-02-12,DE
u05-000431,user431@example.com,2026-02-21,US
u05-000432,user432@mail.co.in,2026-08-23,US
u05-000433,user433@corp.io,2026-03-16,IN
u05-000434,user434@example.com,2026-05-15,GB
u05-000435,user435@uni.edu,2026-07-24,DE
u05-000436,user436@mail.co.in,2026-09-16,AU
u05-000437,user437@corp.io,2026-09-21,DE
u05-000438,user438@corp.io,2026-07-27,DE
u05-000439,user439@corp.io,2026-06-20,DE
u05-000440,user440@mail.co.in,2026-05-26,DE
u05-000441,user441@uni.edu,2026-08-17,US
u05-000442,user442@mail.co.in,2026-07-10,SG
u05-000443,user443@mail.co.in,2026-04-16,AU
u05-000444,user444@uni.edu,2026-09-26,US
u05-000445,user445@uni.edu,2026-04-12,SG
u05-000446,user446@mail.co.in,2026-03-24,DE
u05-000447,user447@mail.co.in,2026-09-13,DE
u05-000448,user448@example.com,2026-08-24,AU
u05-000449,user449@corp.io,2026-08-14,GB
u05-000450,user450@mail.co.in,2026-07-20,IN
u05-000451,user451@mail.co.in,2026-06-22,DE
u05-000452,user452@example.com,2026-04-28,DE
u05-000453,user453@example.com,2026-08-23,AU
u05-000454,user454@uni.edu,2026-07-18,IN
u05-000455,user455@mail.co.in,2026-07-27,AU
u05-000456,user456@mail.co.in,2026-09-21,US
u05-000457,user457@corp.io,2026-04-20,IN
u05-000458,user458@example.com,2026-05-16,AU
u05-000459,user459@corp.io,2026-04-15,AU
u05-000460,user460@example.com,2026-01-12,IN
u05-000461,user461@uni.edu,2026-07-13,AU
u05-000462,user462@uni.edu,2026-02-10,DE
u05-000463,user463@mail.co.in,2026-02-14,IN
u05-000464,user464@mail.co.in,2026-05-20,GB
u05-000465,user465@uni.edu,2026-06-13,US
u05-000466,user466@example.com,2026-01-15,SG
u05-000467,user467@example.com,2026-02-10,SG
u05-000468,user468@example.com,2026-03-23,AU
u05-000469,user469@example.com,2026-01-26,AU
u05-000470,user470@uni.edu,2026-04-16,GB
u05-000471,user471@uni.edu,2026-04-11,US
u05-000472,user472@example.com,2026-06-28,AU
u05-000473,user473@uni.edu,2026-07-25,DE
u05-000474,user474@corp.io,2026-05-12,GB
u05-000475,user475@uni.edu,2026-04-21,GB
u05-000476,user476@example.com,2026-01-26,IN
u05-000477,user477@mail.co.in,2026-08-14,DE
u05-000478,user478@corp.io,2026-09-14,DE
u05-000479,user479@mail.co.in,2026-01-17,SG
u05-000480,user480@mail.co.in,2026-09-27,SG
u05-000481,user481@corp.io,2026-05-18,IN
u05-000482,user482@example.com,2026-08-25,GB
u05-000483,user483@uni.edu,2026-04-28,AU
u05-000484,user484@example.com,2026-05-16,US
u05-000485,user485@corp.io,2026-09-15,DE
u05-000486,user486@corp.io,2026-07-20,IN
u05-000487,user487@example.com,2026-02-17,AU
u05-000488,user488@corp.io,2026-07-18,AU
u05-000489,user489@uni.edu,2026-04-17,US
u05-000490,user490@mail.co.in,2026-03-18,US
u05-000491,user491@uni.edu,2026-04-21,SG
u05-000492,user492@mail.co.in,2026-04-12,SG
u05-000493,user493@example.com,2026-08-22,AU
u05-000494,user494@uni.edu,2026-01-25,US
u05-000495,user495@mail.co.in,2026-03-18,SG
u05-000496,user496@mail.co.in,2026-05-20,SG
u05-000497,user497@mail.co.in,2026-08-24,DE
u05-000498,user498@uni.edu,2026-06-26,DE
u05-000499,user499@mail.co.in,2026-08-23,SG
u05-000500,user500@example.com,2026-02-12,SG
u05-000501,user501@corp.io,2026-03-28,AU
u05-000502,user502@uni.edu,2026-07-13,DE
u05-000503,user503@mail.co.in,2026-07-21,SG
u05-000504,user504@uni.edu,2026-08-18,GB
u05-000505,user505@corp.io,2026-05-27,IN
u05-000506,user506@uni.edu,2026-06-21,GB
u05-000507,user507@example.com,2026-08-16,SG
u05-000508,user508@corp.io,2026-07-27,GB
u05-000509,user509@corp.io,2026-01-27,GB
u05-000510,user510@mail.co.in,2026-04-28,DE
u05-000511,user511@mail.co.in,2026-05-13,AU
u05-000512,user512@example.com,2026-05-22,US
u05-000513,user513@mail.co.in,2026-02-26,AU
u05-000514,user514@mail.co.in,2026-08-22,DE
u05-000515,user515@corp.io,2026-07-23,IN
u05-000516,user516@mail.co.in,2026-04-11,DE
u05-000517,user517@corp.io,2026-06-28,AU
u05-000518,user518@uni.edu,2026-03-19,GB
u05-000519,user519@corp.io,2026-08-17,SG
u05-000520,user520@uni.edu,2026-02-22,DE
u05-000521,user521@mail.co.in,2026-03-11,IN
u05-000522,user522@mail.co.in,2026-02-27,US
u05-000523,user523@example.com,2026-06-19,DE
u05-000524,user524@corp.io,2026-09-21,DE
u05-000525,user525@mail.co.in,2026-02-20,GB
u05-000526,user526@mail.co.in,2026-04-20,SG
u05-000527,user527@mail.co.in,2026-02-18,GB
u05-000528,user528@uni.edu,2026-04-14,AU
u05-000529,user529@corp.io,2026-09-13,DE
u05-000530,user530@example.com,2026-08-26,AU
u05-000531,user531@uni.edu,2026-07-19,US
u05-000532,user532@corp.io,2026-08-18,GB
u05-000533,user533@corp.io,2026-04-15,IN
u05-000534,user534@corp.io,2026-03-23,SG
u05-000535,user535@example.com,2026-01-23,AU
u05-000536,user536@uni.edu,2026-02-21,DE
u05-000537,user537@example.com,2026-09-12,SG
u05-000538,user538@example.com,2026-07-12,DE
u05-000539,user539@example.com,2026-06-16,SG
u05-000540,user540@corp.io,2026-02-13,US
u05-000541,user541@example.com,2026-05-16,DE
u05-000542,user542@mail.co.in,2026-01-21,SG
u05-000543,user543@uni.edu,2026-02-12,SG
u05-000544,user544@corp.io,2026-02-17,GB
u05-000545,user545@corp.io,2026-09-27,GB
u05-000546,user546@corp.io,2026-09-27,GB
u05-000547,user547@uni.edu,2026-08-12,US
u05-000548,user548@uni.edu,2026-02-28,SG
u05-000549,user549@mail.co.in,2026-01-24,GB
u05-000550,user550@mail.co.in,2026-09-18,SG
u05-000551,user551@example.com,2026-02-22,GB
u05-000552,user552@corp.io,2026-07-28,AU
u05-000553,user553@mail.co.in,2026-07-10,US
u05-000554,user554@corp.io,2026-04-10,US
u05-000555,user555@mail.co.in,2026-03-11,SG
u05-000556,user556@mail.co.in,2026-07-27,DE
u05-000557,user557@corp.io,2026-01-22,DE
u05-000558,user558@uni.edu,2026-06-28,AU
u05-000559,user559@mail.co.in,2026-04-21,DE
u05-000560,user560@example.com,2026-04-17,GB
u05-000561,user561@uni.edu,2026-04-24,US
u05-000562,user562@example.com,2026-06-11,GB
u05-000563,user563@uni.edu,2026-08-16,AU
u05-000564,user564@mail.co.in,2026-01-20,US
u05-000565,user565@mail.co.in,2026-07-21,US
u05-000566,user566@example.com,2026-09-28,US
u05-000567,user567@mail.co.in,2026-08-24,GB
u05-000568,user568@uni.edu,2026-03-24,DE
u05-000569,user569@uni.edu,2026-07-21,DE
u05-000570,user570@uni.edu,2026-03-21,SG
u05-000571,user571@mail.co.in,2026-02-10,US
u05-000572,user572@uni.edu,2026-06-24,IN
u05-000573,user573@uni.edu,2026-04-26,IN
u05-000574,user574@uni.edu,2026-01-12,SG
u05-000575,user575@uni.edu,2026-01-24,GB
u05-000576,user576@example.com,2026-02-25,IN
u05-000577,user577@mail.co.in,2026-06-25,SG
u05-000578,user578@uni.edu,2026-04-25,GB
u05-000579,user579@corp.io,2026-08-19,AU
u05-000580,user580@uni.edu,2026-03-14,SG
u05-000581,user581@mail.co.in,2026-07-19,IN
u05-000582,user582@corp.io,2026-09-24,SG
u05-000583,user583@corp.io,2026-06-20,DE
u05-000584,user584@uni.edu,2026-06-22,US
u05-000585,user585@uni.edu,2026-04-10,DE
u05-000586,user586@mail.co.in,2026-08-21,SG
u05-000587,user587@mail.co.in,2026-03-27,SG
u05-000588,user588@corp.io,2026-07-17,GB
u05-000589,user589@uni.edu,2026-07-23,AU
u05-000590,user590@mail.co.in,2026-05-14,AU
u05-000591,user591@uni.edu,2026-07-28,IN
u05-000592,user592@example.com,2026-01-24,US
u05-000593,user593@example.com,2026-03-24,AU
u05-000594,user594@corp.io,2026-06-20,DE
u05-000595,user595@example.com,2026-02-24,US
u05-000596,user596@corp.io,2026-06-22,DE
u05-000597,user597@example.com,2026-01-28,SG
u05-000598,user598@example.com,2026-08-22,DE
u05-000599,user599@example.com,2026-06-27,IN
u05-000600,user600@mail.co.in,2026-02-10,IN
u05-000601,user601@example.com,2026-01-19,IN
u05-000602,user602@uni.edu,2026-07-25,AU
u05-000603,user603@example.com,2026-09-24,AU
u05-000604,user604@corp.io,2026-03-10,IN
u05-000605,user605@corp.io,2026-08-24,DE
u05-000606,user606@uni.edu,2026-04-17,IN
u05-000607,user607@corp.io,2026-05-20,US
u05-000608,user608@corp.io,2026-07-25,AU
u05-000609,user609@example.com,2026-02-18,DE
u05-000610,user610@corp.io,2026-05-24,IN
u05-000611,user611@example.com,2026-06-21,US
u05-000612,user612@example.com,2026-09-22,GB
u05-000613,user613@mail.co.in,2026-03-23,IN
u05-000614,user614@example.com,2026-07-26,SG
u05-000615,user615@corp.io,2026-04-17,GB
u05-000616,user616@corp.io,2026-02-17,DE
u05-000617,user617@uni.edu,2026-06-18,AU
u05-000618,user618@mail.co.in,2026-07-23,IN
u05-000619,user619@mail.co.in,2026-08-11,US
u05-000620,user620@uni.edu,2026-01-13,US
u05-000621,user621@uni.edu,2026-06-27,US
u05-000622,user622@example.com,2026-03-21,GB
u05-000623,user623@uni.edu,2026-04-10,GB
u05-000624,user624@example.com,2026-01-10,GB
u05-000625,user625@corp.io,2026-08-11,DE
u05-000626,user626@example.com,2026-06-10,DE
u05-000627,user627@uni.edu,2026-02-18,US
u05-000628,user628@uni.edu,2026-04-17,IN
u05-000629,user629@uni.edu,2026-06-14,IN
u05-000630,user630@example.com,2026-09-11,AU
u05-000631,user631@mail.co.in,2026-09-15,US
u05-000632,user632@mail.co.in,2026-06-28,SG
u05-000633,user633@uni.edu,2026-01-11,US
u05-000634,user634@corp.io,2026-05-16,IN
u05-000635,user635@mail.co.in,2026-05-19,SG
u05-000636,user636@example.com,2026-03-16,IN
u05-000637,user637@example.com,2026-06-13,SG
u05-000638,user638@corp.io,2026-07-24,DE
u05-000639,user639@uni.edu,2026-06-16,DE
u05-000640,user640@corp.io,2026-06-14,US
u05-000641,user641@uni.edu,2026-03-20,DE
u05-000642,user642@example.com,2026-04-25,US
u05-000643,user643@uni.edu,2026-07-24,DE
u05-000644,user644@uni.edu,2026-09-18,US
u05-000645,user645@corp.io,2026-08-17,AU
u05-000646,user646@mail.co.in,2026-06-28,US
u05-000647,user647@uni.edu,2026-04-22,AU
u05-000648,user648@corp.io,2026-04-23,SG
u05-000649,user649@example.com,2026-08-20,IN
u05-000650,user650@mail.co.in,2026-05-16,IN
u05-000651,user651@uni.edu,2026-04-26,DE
u05-000652,user652@mail.co.in,2026-04-11,GB
u05-000653,user653@mail.co.in,2026-06-28,GB
u05-000654,user654@uni.edu,2026-09-25,SG
u05-000655,user655@mail.co.in,2026-08-24,IN
u05-000656,user656@corp.io,2026-01-17,IN
u05-000657,user657@corp.io,2026-07-12,AU
u05-000658,user658@corp.io,2026-01-26,DE
u05-000659,user659@corp.io,2026-08-19,IN
u05-000660,user660@example.com,2026-07-26,SG
u05-000661,user661@uni.edu,2026-06-10,IN
u05-000662,user662@corp.io,2026-07-20,AU
u05-000663,user663@example.com,2026-03-10,DE
u05-000664,user664@corp.io,2026-01-15,DE
u05-000665,user665@uni.edu,2026-08-19,SG
u05-000666,user666@uni.edu,2026-03-18,IN
u05-000667,user667@example.com,2026-01-23,GB
u05-000668,user668@uni.edu,2026-07-19,US
u05-000669,user669@example.com,2026-08-18,SG
u05-000670,user670@corp.io,2026-03-19,US
u05-000671,user671@uni.edu,2026-04-27,SG
u05-000672,user672@mail.co.in,2026-01-22,DE
u05-000673,user673@uni.edu,2026-02-17,GB
u05-000674,user674@example.com,2026-06-22,US
u05-000675,user675@uni.edu,2026-08-18,SG
u05-000676,user676@uni.edu,2026-01-12,AU
u05-000677,user677@mail.co.in,2026-05-22,IN
u05-000678,user678@example.com,2026-03-23,US
u05-000679,user679@corp.io,2026-03-25,GB
u05-000680,user680@uni.edu,2026-05-20,AU
u05-000681,user681@example.com,2026-06-14,GB
u05-000682,user682@uni.edu,2026-09-25,US
u05-000683,user683@corp.io,2026-09-17,IN
u05-000684,user684@mail.co.in,2026-03-21,IN
u05-000685,user685@uni.edu,2026-01-26,IN
u05-000686,user686@example.com,2026-03-25,IN
u05-000687,user687@example.com,2026-05-25,IN
u05-000688,user688@example.com,2026-09-22,IN
u05-000689,user689@mail.co.in,2026-08-13,AU
u05-000690,user690@example.com,2026-03-26,DE
u05-000691,user691@mail.co.in,2026-09-24,US
u05-000692,user692@corp.io,2026-06-18,IN
u05-000693,user693@corp.io,2026-05-24,AU
u05-000694,user694@example.com,2026-07-26,US
u05-000695,user695@mail.co.in,2026-09-22,SG
u05-000696,user696@mail.co.in,2026-05-23,GB
u05-000697,user697@mail.co.in,2026-01-21,DE
u05-000698,user698@uni.edu,2026-03-25,US
u05-000699,user699@uni.edu,2026-09-15,DE
u05-000700,user700@uni.edu,2026-09-23,SG
u05-000701,user701@uni.edu,2026-09-24,IN
u05-000702,user702@mail.co.in,2026-09-26,US
u05-000703,user703@mail.co.in,2026-04-21,GB
u05-000704,user704@mail.co.in,2026-09-10,AU
u05-000705,user705@uni.edu,2026-03-24,SG
u05-000706,user706@corp.io,2026-08-16,US
u05-000707,user707@example.com,2026-09-23,US
u05-000708,user708@uni.edu,2026-07-25,AU
u05-000709,user709@corp.io,2026-02-12,AU
u05-000710,user710@corp.io,2026-06-21,DE
u05-000711,user711@uni.edu,2026-02-16,IN
u05-000712,user712@corp.io,2026-07-25,DE
u05-000713,user713@mail.co.in,2026-06-14,DE
u05-000714,user714@corp.io,2026-07-23,DE
u05-000715,user715@mail.co.in,2026-08-25,IN
u05-000716,user716@corp.io,2026-04-19,AU
u05-000717,user717@example.com,2026-02-11,IN
u05-000718,user718@uni.edu,2026-01-14,DE
u05-000719,user719@uni.edu,2026-09-23,DE
u05-000720,user720@example.com,2026-05-24,US
u05-000721,user721@uni.edu,2026-09-10,US
u05-000722,user722@example.com,2026-02-12,DE
u05-000723,user723@example.com,2026-06-10,GB
u05-000724,user724@corp.io,2026-04-10,DE
u05-000725,user725@example.com,2026-09-12,US
u05-000726,user726@corp.io,2026-02-27,SG
u05-000727,user727@mail.co.in,2026-09-25,IN
u05-000728,user728@mail.co.in,2026-03-12,AU
u05-000729,user729@mail.co.in,2026-05-10,AU
u05-000730,user730@example.com,2026-09-20,DE
u05-000731,user731@uni.edu,2026-05-22,GB
u05-000732,user732@corp.io,2026-09-17,IN
u05-000733,user733@example.com,2026-06-24,US
u05-000734,user734@corp.io,2026-01-27,GB
u05-000735,user735@example.com,2026-05-18,DE
u05-000736,user736@example.com,2026-01-23,AU
u05-000737,user737@mail.co.in,2026-04-26,IN
u05-000738,user738@example.com,2026-05-21,IN
u05-000739,user739@corp.io,2026-07-25,SG
u05-000740,user740@mail.co.in,2026-08-21,SG
u05-000741,user741@mail.co.in,2026-03-18,US
u05-000742,user742@uni.edu,2026-07-18,IN
u05-000743,user743@mail.co.in,2026-07-14,SG
u05-000744,user744@uni.edu,2026-04-27,US
u05-000745,user745@example.com,2026-02-20,IN
u05-000746,user746@mail.co.in,2026-01-28,US
u05-000747,user747@mail.co.in,2026-04-21,IN
u05-000748,user748@example.com,2026-05-10,GB
u05-000749,user749@uni.edu,2026-07-22,DE
u05-000750,user750@corp.io,2026-05-21,DE
u05-000751,user751@mail.co.in,2026-08-10,US
u05-000752,user752@example.com,2026-08-23,IN
u05-000753,user753@corp.io,2026-08-27,GB
u05-000754,user754@example.com,2026-07-12,SG
u05-000755,user755@corp.io,2026-03-10,AU
u05-000756,user756@mail.co.in,2026-04-22,GB
u05-000757,user757@uni.edu,2026-03-13,GB
u05-000758,user758@uni.edu,2026-01-28,US
u05-000759,user759@mail.co.in,2026-07-18,US
u05-000760,user760@corp.io,2026-02-20,GB
u05-000761,user761@uni.edu,2026-01-28,US
u05-000762,user762@uni.edu,2026-06-28,US
u05-000763,user763@mail.co.in,2026-04-24,GB
u05-000764,user764@mail.co.in,2026-02-19,US
u05-000765,user765@mail.co.in,2026-05-17,SG
u05-000766,user766@uni.edu,2026-07-16,DE
u05-000767,user767@example.com,2026-04-21,DE
u05-000768,user768@corp.io,2026-03-28,DE
u05-000769,user769@corp.io,2026-05-14,AU
u05-000770,user770@uni.edu,2026-04-13,DE
u05-000771,user771@uni.edu,2026-09-10,DE
u05-000772,user772@mail.co.in,2026-02-17,SG
u05-000773,user773@example.com,2026-01-23,AU
u05-000774,user774@example.com,2026-05-23,IN
u05-000775,user775@corp.io,2026-03-25,GB
u05-000776,user776@mail.co.in,2026-06-11,SG
u05-000777,user777@corp.io,2026-07-28,US
u05-000778,user778@mail.co.in,2026-06-20,GB
u05-000779,user779@mail.co.in,2026-06-15,AU
u05-000780,user780@uni.edu,2026-06-22,IN
u05-000781,user781@example.com,2026-03-14,DE
u05-000782,user782@uni.edu,2026-09-16,IN
u05-000783,user783@corp.io,2026-06-11,IN
u05-000784,user784@corp.io,2026-04-19,GB
u05-000785,user785@example.com,2026-03-28,DE
u05-000786,user786@corp.io,2026-09-14,GB
u05-000787,user787@uni.edu,2026-09-19,AU
u05-000788,user788@corp.io,2026-01-17,GB
u05-000789,user789@uni.edu,2026-09-16,SG
u05-000790,user790@mail.co.in,2026-03-23,AU
u05-000791,user791@corp.io,2026-02-19,AU
u05-000792,user792@mail.co.in,2026-06-20,GB
u05-000793,user793@corp.io,2026-06-21,SG
u05-000794,user794@example.com,2026-04-14,GB
u05-000795,user795@corp.io,2026-06-13,SG
u05-000796,user796@corp.io,2026-02-19,US
u05-000797,user797@example.com,2026-06-23,GB
u05-000798,user798@example.com,2026-07-25,IN
u05-000799,user799@mail.co.in,2026-01-16,US
u05-000800,user800@mail.co.in,2026-01-24,DE
u05-000801,user801@corp.io,2026-04-25,SG
u05-000802,user802@mail.co.in,2026-08-23,DE
u05-000803,user803@uni.edu,2026-04-20,US
u05-000804,user804@corp.io,2026-06-11,AU
u05-000805,user805@corp.io,2026-02-27,IN
u05-000806,user806@mail.co.in,2026-08-16,GB
u05-000807,user807@example.com,2026-07-27,GB
u05-000808,user808@corp.io,2026-01-21,SG
u05-000809,user809@mail.co.in,2026-08-28,GB
u05-000810,user810@uni.edu,2026-08-10,SG
u05-000811,user811@mail.co.in,2026-02-23,DE
u05-000812,user812@corp.io,2026-06-26,DE
u05-000813,user813@uni.edu,2026-03-27,US
u05-000814,user814@corp.io,2026-02-11,AU
u05-000815,user815@uni.edu,2026-05-15,SG
u05-000816,user816@mail.co.in,2026-05-28,GB
u05-000817,user817@corp.io,2026-09-21,US
u05-000818,user818@example.com,2026-07-15,DE
u05-000819,user819@example.com,2026-02-26,IN
u05-000820,user820@uni.edu,2026-03-20,IN
u05-000821,user821@uni.edu,2026-06-10,SG
u05-000822,user822@corp.io,2026-03-19,IN
u05-000823,user823@mail.co.in,2026-01-17,SG
u05-000824,user824@corp.io,2026-05-16,GB
u05-000825,user825@uni.edu,2026-01-10,DE
u05-000826,user826@mail.co.in,2026-02-26,DE
u05-000827,user827@uni.edu,2026-09-15,US
u05-000828,user828@corp.io,2026-05-18,SG
u05-000829,user829@example.com,2026-05-17,IN
u05-000830,user830@example.com,2026-07-10,DE
u05-000831,user831@corp.io,2026-01-28,AU
u05-000832,user832@uni.edu,2026-03-28,SG
u05-000833,user833@corp.io,2026-09-20,SG
u05-000834,user834@example.com,2026-08-12,GB
u05-000835,user835@corp.io,2026-02-15,AU
u05-000836,user836@corp.io,2026-06-18,IN
u05-000837,user837@uni.edu,2026-04-23,AU
u05-000838,user838@example.com,2026-05-22,AU
u05-000839,user839@uni.edu,2026-09-25,AU
u05-000840,user840@mail.co.in,2026-03-17,GB
u05-000841,user841@mail.co.in,2026-08-25,AU
u05-000842,user842@uni.edu,2026-05-11,AU
u05-000843,user843@corp.io,2026-06-25,SG
u05-000844,user844@uni.edu,2026-06-27,US
u05-000845,user845@mail.co.in,2026-03-16,DE
u05-000846,user846@mail.co.in,2026-09-25,GB
u05-000847,user847@mail.co.in,2026-09-23,AU
u05-000848,user848@example.com,2026-02-23,AU
u05-000849,user849@uni.edu,2026-07-14,AU
u05-000850,user850@corp.io,2026-06-27,IN
u05-000851,user851@uni.edu,2026-03-22,AU
u05-000852,user852@corp.io,2026-03-11,DE
u05-000853,user853@example.com,2026-08-22,AU
u05-000854,user854@uni.edu,2026-03-28,GB
u05-000855,user855@corp.io,2026-03-25,AU
u05-000856,user856@mail.co.in,2026-06-22,AU
u05-000857,user857@corp.io,2026-07-27,AU
u05-000858,user858@corp.io,2026-05-18,SG
u05-000859,user859@mail.co.in,2026-09-19,AU
u05-000860,user860@example.com,2026-04-22,US
u05-000861,user861@uni.edu,2026-05-27,DE
u05-000862,user862@corp.io,2026-07-21,AU
u05-000863,user863@corp.io,2026-01-25,DE
u05-000864,user864@corp.io,2026-05-20,IN
u05-000865,user865@uni.edu,2026-05-20,SG
u05-000866,user866@example.com,2026-03-24,US
u05-000867,user867@mail.co.in,2026-08-14,IN
u05-000868,user868@corp.io,2026-06-14,GB
u05-000869,user869@example.com,2026-04-21,US
u05-000870,user870@mail.co.in,2026-09-18,SG
u05-000871,user871@corp.io,2026-02-20,GB
u05-000872,user872@example.com,2026-06-14,US
u05-000873,user873@example.com,2026-01-18,US
u05-000874,user874@corp.io,2026-05-23,IN
u05-000875,user875@example.com,2026-03-22,DE
u05-000876,user876@mail.co.in,2026-02-24,IN
u05-000877,user877@mail.co.in,2026-09-21,GB
u05-000878,user878@example.com,2026-03-22,SG
u05-000879,user879@corp.io,2026-06-23,AU
u05-000880,user880@corp.io,2026-09-15,IN
u05-000881,user881@example.com,2026-03-12,IN
u05-000882,user882@corp.io,2026-06-14,AU
u05-000883,user883@example.com,2026-06-11,US
u05-000884,user884@uni.edu,2026-04-10,GB
u05-000885,user885@example.com,2026-06-11,AU
u05-000886,user886@example.com,2026-06-27,GB
u05-000887,user887@example.com,2026-02-26,DE
u05-000888,user888@mail.co.in,2026-06-28,AU
u05-000889,user889@example.com,2026-07-24,US
u05-000890,user890@example.com,2026-05-13,GB
u05-000891,user891@uni.edu,2026-04-20,US
u05-000892,user892@mail.co.in,2026-06-24,SG
u05-000893,user893@mail.co.in,2026-08-15,GB
u05-000894,user894@uni.edu,2026-01-12,US
u05-000895,user895@uni.edu,2026-07-24,IN
u05-000896,user896@mail.co.in,2026-09-13,IN
u05-000897,user897@mail.co.in,2026-02-10,SG
u05-000898,user898@example.com,2026-06-15,SG
u05-000899,user899@corp.io,2026-05-26,DE
u05-000900,user900@uni.edu,2026-05-27,AU
u05-000901,user901@mail.co.in,2026-09-27,DE
u05-000902,user902@mail.co.in,2026-08-21,DE
u05-000903,user903@uni.edu,2026-07-17,SG
u05-000904,user904@mail.co.in,2026-05-24,US
u05-000905,user905@mail.co.in,2026-03-25,GB
u05-000906,user906@mail.co.in,2026-08-12,US
u05-000907,user907@mail.co.in,2026-02-22,SG
u05-000908,user908@example.com,2026-06-22,US
u05-000909,user909@mail.co.in,2026-06-25,GB
u05-000910,user910@mail.co.in,2026-06-14,IN
u05-000911,user911@example.com,2026-06-16,DE
u05-000912,user912@uni.edu,2026-02-24,IN
u05-000913,user913@uni.edu,2026-09-13,AU
u05-000914,user914@uni.edu,2026-08-18,US
u05-000915,user915@mail.co.in,2026-02-22,AU
u05-000916,user916@corp.io,2026-01-21,DE
u05-000917,user917@corp.io,2026-09-21,AU
u05-000918,user918@example.com,2026-01-27,GB
u05-000919,user919@corp.io,2026-08-11,GB
u05-000920,user920@uni.edu,2026-04-13,US
u05-000921,user921@uni.edu,2026-08-21,SG
u05-000922,user922@mail.co.in,2026-06-13,AU
u05-000923,user923@uni.edu,2026-04-10,GB
u05-000924,user924@corp.io,2026-01-10,IN
u05-000925,user925@uni.edu,2026-05-26,GB
u05-000926,user926@example.com,2026-04-11,IN
u05-000927,user927@corp.io,2026-04-20,AU
u05-000928,user928@corp.io,2026-02-14,DE
u05-000929,user929@mail.co.in,2026-08-24,AU
u05-000930,user930@mail.co.in,2026-05-14,US
u05-000931,user931@example.com,2026-07-14,US
u05-000932,user932@example.com,2026-08-19,US
u05-000933,user933@mail.co.in,2026-05-10,GB
u05-000934,user934@mail.co.in,2026-01-26,US
u05-000935,user935@example.com,2026-06-22,US
u05-000936,user936@corp.io,2026-01-21,US
u05-000937,user937@corp.io,2026-06-21,DE
u05-000938,user938@example.com,2026-04-23,AU
u05-000939,user939@mail.co.in,2026-02-23,IN
u05-000940,user940@uni.edu,2026-06-19,SG
u05-000941,user941@corp.io,2026-03-12,US
u05-000942,user942@mail.co.in,2026-08-24,SG
u05-000943,user943@corp.io,2026-01-16,AU
u05-000944,user944@mail.co.in,2026-02-20,DE
u05-000945,user945@example.com,2026-05-11,DE
u05-000946,user946@corp.io,2026-03-17,DE
u05-000947,user947@corp.io,2026-09-13,SG
u05-000948,user948@corp.io,2026-01-26,AU
u05-000949,user949@corp.io,2026-09-14,DE
u05-000950,user950@mail.co.in,2026-07-19,DE
u05-000951,user951@mail.co.in,2026-03-10,AU
u05-000952,user952@example.com,2026-07-14,GB
u05-000953,user953@example.com,2026-01-19,IN
u05-000954,user954@uni.edu,2026-07-21,AU
u05-000955,user955@uni.edu,2026-05-25,SG
u05-000956,user956@example.com,2026-07-26,IN
u05-000957,user957@corp.io,2026-05-12,DE
u05-000958,user958@example.com,2026-01-12,SG
u05-000959,user959@corp.io,2026-04-27,IN
u05-000960,user960@corp.io,2026-09-12,IN
u05-000961,user961@uni.edu,2026-01-24,IN
u05-000962,user962@corp.io,2026-03-10,DE
u05-000963,user963@mail.co.in,2026-03-25,AU
u05-000964,user964@example.com,2026-09-10,GB
u05-000965,user965@uni.edu,2026-08-20,US
u05-000966,user966@mail.co.in,2026-09-11,GB
u05-000967,user967@corp.io,2026-01-21,GB
u05-000968,user968@corp.io,2026-06-11,US
u05-000969,user969@uni.edu,2026-03-22,GB
u05-000970,user970@mail.co.in,2026-05-19,US
u05-000971,user971@uni.edu,2026-06-14,US
u05-000972,user972@example.com,2026-06-22,DE
u05-000973,user973@uni.edu,2026-07-17,GB
u05-000974,user974@example.com,2026-02-17,US
u05-000975,user975@mail.co.in,2026-06-16,GB
u05-000976,user976@mail.co.in,2026-07-24,DE
u05-000977,user977@uni.edu,2026-01-14,GB
u05-000978,user978@corp.io,2026-08-17,DE
u05-000979,user979@uni.edu,2026-06-13,DE
u05-000980,user980@uni.edu,2026-01-26,US
u05-000981,user981@mail.co.in,2026-08-19,SG
u05-000982,user982@example.com,2026-05-21,IN
u05-000983,user983@example.com,2026-07-12,AU
u05-000984,user984@example.com,2026-09-10,DE
u05-000985,user985@uni.edu,2026-07-24,GB
u05-000986,user986@uni.edu,2026-01-17,IN
u05-000987,user987@example.com,2026-06-26,SG
u05-000988,user988@uni.edu,2026-09-18,US
u05-000989,user989@mail.co.in,2026-03-11,GB
u05-000990,user990@mail.co.in,2026-08-19,US
u05-000991,user991@uni.edu,2026-05-28,US
u05-000992,user992@example.com,2026-08-13,AU
u05-000993,user993@corp.io,2026-03-12,SG
u05-000994,user994@corp.io,2026-03-19,DE
u05-000995,user995@mail.co.in,2026-05-12,GB
u05-000996,user996@uni.edu,2026-09-21,GB
u05-000997,user997@example.com,2026-05-11,US
u05-000998,user998@uni.edu,2026-06-19,AU
u05-000999,user999@mail.co.in,2026-05-11,SG
u05-001000,user1000@mail.co.in,2026-01-19,DE
u05-001001,user1001@mail.co.in,2026-05-10,AU
u05-001002,user1002@example.com,2026-09-20,SG
u05-001003,user1003@uni.edu,2026-09-20,DE
u05-001004,user1004@mail..co.in,2026-09-14,SG
u05-001005,user1005@mail.co.in,2026-01-21,AU
u05-001006,user1006@corp.io,2026-05-16,AU
u05-001007,user1007@example.com,2026-06-15,US
u05-001008,user1008@uni.edu,2026-06-15,GB
u05-001009,user1009@uni.edu,2026-05-17,GB
u05-001010,user1010@example.com,2026-05-27,DE
u05-001011,user1011@example.com,2026-08-11,AU
u05-001012,user1012@corp.io,2026-09-14,IN
u05-001013,user1013@corp.io,2026-02-19,DE
u05-001014,user1014@mail.co.in,2026-03-16,GB
u05-001015,user1015@mail.co.in,2026-04-22,US
u05-001016,user1016@example.com,2026-08-25,AU
u05-001017,user1017@uni.edu,2026-01-15,US
u05-001018,user1018@mail.co.in,2026-09-25,AU
u05-001019,user1019@uni.edu,2026-01-21,DE
u05-001020,user1020@uni.edu,2026-01-14,IN
u05-001021,user1021@uni.edu,2026-06-16,AU
u05-001022,user1022@mail.co.in,2026-03-24,IN
u05-001023,user1023@example.com,2026-06-28,US
u05-001024,user1024@example.com,2026-04-12,IN
u05-001025,user1025@corp.io,2026-05-20,IN
u05-001026,user1026@uni.edu,2026-08-10,IN
u05-001027,user1027@example.com,2026-09-14,SG
u05-001028,user1028@uni.edu,2026-08-16,DE
u05-001029,user1029@example.com,2026-02-18,AU
u05-001030,user1030@mail.co.in,2026-01-24,US
u05-001031,user1031@corp.io,2026-09-16,AU
u05-001032,user1032@corp.io,2026-01-12,US
u05-001033,user1033@uni.edu,2026-01-24,US
u05-001034,user1034@corp.io,2026-06-18,SG
u05-001035,user1035@uni.edu,2026-04-12,AU
u05-001036,user1036@uni.edu,2026-03-19,US
u05-001037,user1037@corp.io,2026-01-13,AU
u05-001038,user1038@mail.co.in,2026-08-15,IN
u05-001039,user1039@uni.edu,2026-04-15,AU
u05-001040,user1040@mail.co.in,2026-05-21,IN
u05-001041,user1041@example.com,2026-09-28,DE
u05-001042,user1042@example.com,2026-06-28,SG
u05-001043,user1043@mail.co.in,2026-01-12,SG
u05-001044,user1044@mail.co.in,2026-04-23,AU
u05-001045,user1045@mail.co.in,2026-06-17,AU
u05-001046,user1046@mail.co.in,2026-06-28,DE
u05-001047,user1047@uni.edu,2026-05-19,AU
u05-001048,user1048@mail.co.in,2026-05-11,AU
u05-001049,user1049@corp.io,2026-06-18,US
u05-001050,user1050@corp.io,2026-09-14,DE
u05-001051,user1051@example.com,2026-09-19,AU
u05-001052,user1052@corp.io,2026-06-19,SG
u05-001053,user1053@mail.co.in,2026-04-15,DE
u05-001054,user1054@mail.co.in,2026-06-12,SG
u05-001055,user1055@mail.co.in,2026-01-10,DE
u05-001056,user1056@uni.edu,2026-08-21,DE
u05-001057,user1057@mail.co.in,2026-03-28,AU
u05-001058,user1058@mail.co.in,2026-04-23,US
u05-001059,user1059@mail.co.in,2026-07-13,SG
u05-001060,user1060@uni.edu,2026-08-18,GB
u05-001061,user1061@mail.co.in,2026-07-10,DE
u05-001062,user1062@example.com,2026-05-19,SG
u05-001063,user1063@mail.co.in,2026-08-26,GB
u05-001064,user1064@example.com,2026-02-28,GB
u05-001065,user1065@corp.io,2026-01-26,AU
u05-001066,user1066@mail.co.in,2026-08-19,SG
u05-001067,user1067@mail.co.in,2026-01-25,AU
u05-001068,user1068@example.com,2026-09-25,AU
u05-001069,user1069@mail.co.in,2026-03-10,AU
u05-001070,user1070@uni.edu,2026-04-27,DE
u05-001071,user1071@mail.co.in,2026-05-26,US
u05-001072,user1072@example.com,2026-07-10,GB
u05-001073,user1073@uni.edu,2026-02-28,US
u05-001074,user1074@corp.io,2026-08-27,GB
u05-001075,user1075@example.com,2026-02-10,DE
u05-001076,user1076@mail.co.in,2026-05-11,SG
u05-001077,user1077@mail.co.in,2026-08-23,US
u05-001078,user1078@example.com,2026-02-12,DE
u05-001079,user1079@example.com,2026-05-23,US
u05-001080,user1080@uni.edu,2026-05-26,AU
u05-001081,user1081@uni.edu,2026-06-25,US
u05-001082,user1082@corp.io,2026-01-15,US
u05-001083,user1083@mail.co.in,2026-09-11,AU
u05-001084,user1084@example.com,2026-07-22,US
u05-001085,user1085@uni.edu,2026-01-25,IN
u05-001086,user1086@mail.co.in,2026-01-19,IN
u05-001087,user1087@corp.io,2026-08-13,DE
u05-001088,user1088@mail.co.in,2026-05-27,US
u05-001089,user1089@corp.io,2026-06-23,IN
u05-001090,user1090@example.com,2026-06-12,US
u05-001091,user1091@corp.io,2026-03-12,DE
u05-001092,user1092@example.com,2026-09-12,DE
u05-001093,user1093@uni.edu,2026-01-11,DE
u05-001094,user1094@corp.io,2026-06-24,AU
u05-001095,user1095@example.com,2026-02-15,SG
u05-001096,user1096@corp.io,2026-01-12,US
u05-001097,user1097@corp.io,2026-01-22,IN
u05-001098,user1098@example.com,2026-05-27,DE
u05-001099,user1099@uni.edu,2026-02-15,SG
u05-001100,user1100@example.com,2026-07-22,GB
u05-001101,user1101@uni.edu,2026-08-17,AU
u05-001102,user1102@corp.io,2026-05-18,AU
u05-001103,user1103@mail.co.in,2026-08-18,AU
u05-001104,user1104@mail.co.in,2026-05-12,GB
u05-001105,user1105@example.com,2026-06-16,GB
u05-001106,user1106@uni.edu,2026-09-21,SG
u05-001107,user1107@uni.edu,2026-09-28,DE
u05-001108,user1108@mail.co.in,2026-07-10,IN
u05-001109,user1109@corp.io,2026-03-15,US
u05-001110,user1110@uni.edu,2026-08-26,SG
u05-001111,user1111@uni.edu,2026-06-13,IN
u05-001112,user1112@example.com,2026-02-18,GB
u05-001113,user1113@corp.io,2026-04-18,DE
u05-001114,user1114@corp.io,2026-09-23,GB
u05-001115,user1115@mail.co.in,2026-09-21,SG
u05-001116,user1116@uni.edu,2026-08-17,IN
u05-001117,user1117@mail.co.in,2026-01-18,GB
u05-001118,user1118@mail.co.in,2026-02-10,IN
u05-001119,user1119@corp.io,2026-02-17,GB
u05-001120,user1120@mail.co.in,2026-08-21,US
u05-001121,user1121@mail.co.in,2026-01-28,US
u05-001122,user1122@corp.io,2026-03-25,IN
u05-001123,user1123@example.com,2026-05-23,GB
u05-001124,user1124@mail.co.in,2026-09-17,US
u05-001125,user1125@uni.edu,2026-02-22,DE
u05-001126,user1126@example.com,2026-05-10,AU
u05-001127,user1127@example.com,2026-01-11,US
u05-001128,user1128@mail.co.in,2026-07-27,DE
u05-001129,user1129@mail.co.in,2026-09-25,DE
u05-001130,user1130@uni.edu,2026-01-11,DE
u05-001131,user1131@uni.edu,2026-02-15,IN
u05-001132,user1132@corp.io,2026-09-24,IN
u05-001133,user1133@example.com,2026-02-25,SG
u05-001134,user1134@corp.io,2026-01-22,DE
u05-001135,user1135@example.com,2026-02-15,DE
u05-001136,user1136@uni.edu,2026-03-12,AU
u05-001137,user1137@corp.io,2026-03-11,AU
u05-001138,user1138@corp.io,2026-04-15,IN
u05-001139,user1139@example.com,2026-05-11,AU
u05-001140,user1140@corp.io,2026-02-25,DE
u05-001141,user1141@example.com,2026-07-24,US
u05-001142,user1142@uni.edu,2026-06-27,DE
u05-001143,user1143@uni.edu,2026-05-20,GB
u05-001144,user1144@mail.co.in,2026-01-15,GB
u05-001145,user1145@example.com,2026-05-25,DE
u05-001146,user1146@corp.io,2026-09-11,SG
u05-001147,user1147@example.com,2026-06-11,AU
u05-001148,user1148@uni.edu,2026-04-18,DE
u05-001149,user1149@corp.io,2026-01-10,IN
u05-001150,user1150@uni.edu,2026-08-11,IN
u05-001151,user1151@mail.co.in,2026-09-13,GB
u05-001152,user1152@uni.edu,2026-01-24,US
u05-001153,user1153@uni.edu,2026-03-19,GB
u05-001154,user1154@uni.edu,2026-08-13,AU
u05-001155,user1155@uni.edu,2026-09-27,AU
u05-001156,user1156@uni.edu,2026-02-18,IN
u05-001157,user1157@example.com,2026-06-19,US
u05-001158,user1158@corp.io,2026-09-10,SG
u05-001159,user1159@mail.co.in,2026-07-21,SG
u05-001160,user1160@corp.io,2026-06-23,IN
u05-001161,user1161@uni.edu,2026-01-17,IN
u05-001162,user1162@example.com,2026-02-16,US
u05-001163,user1163@corp.io,2026-06-24,US
u05-001164,user1164@mail.co.in,2026-06-15,SG
u05-001165,user1165@uni.edu,2026-05-14,DE
u05-001166,user1166@mail.co.in,2026-05-14,AU
u05-001167,user1167@example.com,2026-03-24,US
u05-001168,user1168@example.com,2026-03-15,GB
u05-001169,user1169@uni.edu,2026-02-15,GB
u05-001170,user1170@uni.edu,2026-06-14,AU
u05-001171,user1171@example.com,2026-07-17,AU
u05-001172,user1172@uni.edu,2026-08-20,GB
u05-001173,user1173@example.com,2026-04-18,GB
u05-001174,user1174@corp.io,2026-04-22,IN
u05-001175,user1175@mail.co.in,2026-09-17,DE
u05-001176,user1176@corp.io,2026-07-13,GB
u05-001177,user1177@mail.co.in,2026-04-20,IN
u05-001178,user1178@mail.co.in,2026-02-17,SG
u05-001179,user1179@corp.io,2026-08-11,DE
u05-001180,user1180@mail.co.in,2026-03-23,US
u05-001181,user1181@corp.io,2026-08-27,US
u05-001182,user1182@uni.edu,2026-05-12,SG
u05-001183,user1183@uni.edu,2026-08-11,US
u05-001184,user1184@uni.edu,2026-07-28,US
u05-001185,user1185@example.com,2026-05-25,AU
u05-001186,user1186@mail.co.in,2026-03-27,AU
u05-001187,user1187@corp.io,2026-07-28,GB
u05-001188,user1188@corp.io,2026-07-25,IN
u05-001189,user1189@uni.edu,2026-02-13,US
u05-001190,user1190@example.com,2026-07-18,SG
u05-001191,user1191@uni.edu,2026-05-28,AU
u05-001192,user1192@example.com,2026-04-24,SG
u05-001193,user1193@uni.edu,2026-01-21,IN
u05-001194,user1194@mail.co.in,2026-07-27,AU
u05-001195,user1195@example.com,2026-01-21,SG
u05-001196,user1196@example.com,2026-01-15,IN
u05-001197,user1197@example.com,2026-08-27,DE
u05-001198,user1198@uni.edu,2026-05-23,DE
u05-001199,user1199@example.com,2026-01-15,AU
u05-001200,user1200@corp.io,2026-08-24,DE
u05-001201,user1201@corp.io,2026-09-17,AU
u05-001202,user1202@corp.io,2026-03-20,GB
u05-001203,user1203@corp.io,2026-07-17,DE
u05-001204,user1204@uni.edu,2026-06-10,DE
u05-001205,user1205@example.com,2026-05-23,GB
u05-001206,user1206@corp.io,2026-07-15,SG
u05-001207,user1207@mail.co.in,2026-05-26,AU
u05-001208,user1208@uni.edu,2026-07-19,AU
u05-001209,user1209@uni.edu,2026-05-17,GB
u05-001210,user1210@uni.edu,2026-06-25,AU
u05-001211,user1211@uni.edu,2026-06-19,SG
u05-001212,user1212@corp.io,2026-07-12,US
u05-001213,user1213@corp.io,2026-03-19,AU
u05-001214,user1214@mail.co.in,2026-05-10,IN
u05-001215,user1215@mail.co.in,2026-03-26,GB
u05-001216,user1216@mail.co.in,2026-06-27,DE
u05-001217,user1217@mail.co.in,2026-07-20,GB
u05-001218,user1218@corp.io,2026-02-22,AU
u05-001219,user1219@uni.edu,2026-07-17,IN
u05-001220,user1220@mail.co.in,2026-08-17,US
u05-001221,user1221@uni.edu,2026-02-19,IN
u05-001222,user1222@example.com,2026-07-24,AU
u05-001223,user1223@example.com,2026-05-18,DE
u05-001224,user1224@corp.io,2026-09-27,GB
u05-001225,user1225@corp.io,2026-02-16,GB
u05-001226,user1226@example.com,2026-09-20,IN
u05-001227,user1227@example.com,2026-05-11,US
u05-001228,user1228@example.com,2026-08-22,IN
u05-001229,user1229@mail.co.in,2026-07-16,SG
u05-001230,user1230@uni.edu,2026-04-27,DE
u05-001231,user1231@corp.io,2026-03-27,IN
u05-001232,user1232@example.com,2026-02-23,SG
u05-001233,user1233@mail.co.in,2026-09-16,US
u05-001234,user1234@mail.co.in,2026-02-22,AU
u05-001235,user1235@mail.co.in,2026-06-14,GB
u05-001236,user1236@uni.edu,2026-04-24,SG
u05-001237,user1237@uni.edu,2026-08-10,GB
u05-001238,user1238@uni.edu,2026-08-21,GB
u05-001239,user1239@corp.io,2026-06-24,SG
u05-001240,user1240@corp.io,2026-04-17,SG
u05-001241,user1241@example.com,2026-01-28,GB
u05-001242,user1242@example.com,2026-09-26,AU
u05-001243,user1243@corp.io,2026-09-16,DE
u05-001244,user1244@corp.io,2026-06-15,SG
u05-001245,user1245@corp.io,2026-02-22,DE
u05-001246,user1246@uni.edu,2026-01-12,IN
u05-001247,user1247@example.com,2026-02-18,SG
u05-001248,user1248@corp.io,2026-03-11,IN
u05-001249,user1249@corp.io,2026-03-10,GB
u05-001250,user1250@example.com,2026-07-19,AU
u05-001251,user1251@corp.io,2026-04-11,DE
u05-001252,user1252@mail.co.in,2026-02-10,DE
u05-001253,user1253@mail.co.in,2026-08-17,GB
u05-001254,user1254@example.com,2026-04-26,SG
u05-001255,user1255@corp.io,2026-02-23,AU
u05-001256,user1256@mail.co.in,2026-04-19,IN
u05-001257,user1257@uni.edu,2026-07-21,AU
u05-001258,user1258@mail.co.in,2026-06-22,GB
u05-001259,user1259@corp.io,2026-05-14,US
u05-001260,user1260@uni.edu,2026-09-15,SG
u05-001261,user1261@uni.edu,2026-01-24,US
u05-001262,user1262@mail.co.in,2026-06-11,SG
u05-001263,user1263@uni.edu,2026-01-27,SG
u05-001264,user1264@uni.edu,2026-04-15,IN
u05-001265,user1265@corp.io,2026-08-25,GB
u05-001266,user1266@corp.io,2026-02-16,GB
u05-001267,user1267@mail.co.in,2026-07-20,DE
u05-001268,user1268@uni.edu,2026-04-10,AU
u05-001269,user1269@corp.io,2026-04-28,US
u05-001270,user1270@corp.io,2026-07-13,US
u05-001271,user1271@uni.edu,2026-07-19,GB
u05-001272,user1272@mail.co.in,2026-07-19,GB
u05-001273,user1273@mail.co.in,2026-07-26,US
u05-001274,user1274@example.com,2026-05-18,GB
u05-001275,user1275@example.com,2026-02-14,SG
u05-001276,user1276@example.com,2026-08-12,GB
u05-001277,user1277@example.com,2026-01-25,GB
u05-001278,user1278@mail.co.in,2026-07-24,AU
u05-001279,user1279@uni.edu,2026-04-13,DE
u05-001280,user1280@corp.io,2026-04-24,GB
u05-001281,user1281@corp.io,2026-04-18,US
u05-001282,user1282@example.com,2026-06-23,SG
u05-001283,user1283@uni.edu,2026-04-14,AU
u05-001284,user1284@uni.edu,2026-05-10,GB
u05-001285,user1285@corp.io,2026-09-20,GB
u05-001286,user1286@example.com,2026-05-19,DE
u05-001287,user1287@uni.edu,2026-08-11,DE
u05-001288,user1288@uni.edu,2026-07-17,DE
u05-001289,user1289@uni.edu,2026-05-21,US
u05-001290,user1290@uni.edu,2026-05-23,AU
u05-001291,user1291@corp.io,2026-02-28,DE
u05-001292,user1292@uni.edu,2026-05-24,DE
u05-001293,user1293@mail.co.in,2026-03-14,SG
u05-001294,user1294@uni.edu,2026-08-11,US
u05-001295,user1295@uni.edu,2026-06-28,DE
u05-001296,user1296@example.com,2026-04-20,IN
u05-001297,user1297@example.com,2026-03-21,AU
u05-001298,user1298@example.com,2026-09-20,SG
u05-001299,user1299@uni.edu,2026-09-14,GB
u05-001300,user1300@uni.edu,2026-09-14,DE
u05-001301,user1301@mail.co.in,2026-04-20,AU
u05-001302,user1302@example.com,2026-07-25,SG
u05-001303,user1303@uni.edu,2026-05-22,SG
u05-001304,user1304@mail.co.in,2026-07-11,GB
u05-001305,user1305@uni.edu,2026-09-10,GB
u05-001306,user1306@example.com,2026-08-25,AU
u05-001307,user1307@mail.co.in,2026-03-28,US
u05-001308,user1308@example.com,2026-06-10,GB
u05-001309,user1309@example.com,2026-03-27,GB
u05-001310,user1310@mail.co.in,2026-06-21,SG
u05-001311,user1311@uni.edu,2026-01-15,SG
u05-001312,user1312@example.com,2026-05-11,SG
u05-001313,user1313@corp.io,2026-02-14,GB
u05-001314,user1314@uni.edu,2026-06-14,IN
u05-001315,user1315@example.com,2026-02-19,US
u05-001316,user1316@corp.io,2026-01-11,SG
u05-001317,user1317@uni.edu,2026-02-16,AU
u05-001318,user1318@uni.edu,2026-08-10,DE
u05-001319,user1319@mail.co.in,2026-04-16,AU
u05-001320,user1320@mail.co.in,2026-05-14,SG
u05-001321,user1321@mail.co.in,2026-03-13,SG
u05-001322,user1322@example.com,2026-02-27,DE
u05-001323,user1323@mail.co.in,2026-09-19,AU
u05-001324,user1324@uni.edu,2026-03-16,DE
u05-001325,user1325@mail.co.in,2026-03-20,GB
u05-001326,user1326@example.com,2026-04-21,IN
u05-001327,user1327@corp.io,2026-05-17,DE
u05-001328,user1328@corp.io,2026-02-11,IN
u05-001329,user1329@corp.io,2026-02-15,AU
u05-001330,user1330@example.com,2026-04-25,AU
u05-001331,user1331@mail.co.in,2026-05-24,AU
u05-001332,user1332@example.com,2026-08-28,IN
u05-001333,user1333@mail.co.in,2026-08-21,US
u05-001334,user1334@mail.co.in,2026-05-27,DE
u05-001335,user1335@corp.io,2026-02-18,US
u05-001336,user1336@corp.io,2026-04-14,AU
u05-001337,user1337@uni.edu,2026-03-21,GB
u05-001338,user1338@corp.io,2026-04-21,DE
u05-001339,user1339@example.com,2026-09-16,DE
u05-001340,user1340@corp.io,2026-04-13,IN
u05-001341,user1341@corp.io,2026-09-12,IN
u05-001342,user1342@example.com,2026-03-27,GB
u05-001343,user1343@example.com,2026-09-26,DE
u05-001344,user1344@example.com,2026-03-28,IN
u05-001345,user1345@example.com,2026-09-23,US
u05-001346,user1346@mail.co.in,2026-08-22,DE
u05-001347,user1347@uni.edu,2026-05-15,AU
u05-001348,user1348@uni.edu,2026-01-13,SG
u05-001349,user1349@example.com,2026-01-19,DE
u05-001350,user1350@uni.edu,2026-08-17,SG
u05-001351,user1351@uni.edu,2026-04-24,GB
u05-001352,user1352@example.com,2026-06-10,US
u05-001353,user1353@mail.co.in,2026-03-16,IN
u05-001354,user1354@example.com,2026-08-21,DE
u05-001355,user1355@uni.edu,2026-05-19,US
u05-001356,user1356@example.com,2026-05-27,GB
u05-001357,user1357@uni.edu,2026-08-25,SG
u05-001358,user1358@corp.io,2026-09-21,DE
u05-001359,user1359@corp.io,2026-05-10,GB
u05-001360,user1360@corp.io,2026-07-15,GB
u05-001361,user1361@example.com,2026-03-26,DE
u05-001362,user1362@example.com,2026-02-21,GB
u05-001363,user1363@example.com,2026-01-11,IN
u05-001364,user1364@mail.co.in,2026-05-17,DE
u05-001365,user1365@corp.io,2026-09-24,DE
u05-001366,user1366@corp.io,2026-05-27,AU
u05-001367,user1367@mail.co.in,2026-03-13,GB
u05-001368,user1368@corp.io,2026-01-11,SG
u05-001369,user1369@corp.io,2026-06-10,IN
u05-001370,user1370@corp.io,2026-07-10,DE
u05-001371,user1371@example.com,2026-09-22,US
u05-001372,user1372@example.com,2026-05-11,US
u05-001373,user1373@example.com,2026-01-28,IN
u05-001374,user1374@uni.edu,2026-04-27,AU
u05-001375,user1375@uni.edu,2026-02-27,IN
u05-001376,user1376@example.com,2026-06-24,SG
u05-001377,user1377@corp.io,2026-04-17,SG
u05-001378,user1378@corp.io,2026-04-21,AU
u05-001379,user1379@corp.io,2026-02-24,US
u05-001380,user1380@example.com,2026-07-12,SG
u05-001381,user1381@uni.edu,2026-04-16,SG
u05-001382,user1382@uni.edu,2026-09-25,US
u05-001383,user1383@mail.co.in,2026-08-18,US
u05-001384,user1384@corp.io,2026-01-13,GB
u05-001385,user1385@example.com,2026-05-21,IN
u05-001386,user1386@uni.edu,2026-01-22,GB
u05-001387,user1387@uni.edu,2026-08-17,GB
u05-001388,user1388@example.com,2026-03-19,GB
u05-001389,user1389@uni.edu,2026-02-17,AU
u05-001390,user1390@example.com,2026-03-19,GB
u05-001391,user1391@corp.io,2026-02-13,GB
u05-001392,user1392@example.com,2026-04-22,IN
u05-001393,user1393@example.com,2026-03-20,IN
u05-001394,user1394@uni.edu,2026-04-15,AU
u05-001395,user1395@mail.co.in,2026-02-25,DE
u05-001396,user1396@example.com,2026-03-12,GB
u05-001397,user1397@uni.edu,2026-06-11,GB
u05-001398,user1398@uni.edu,2026-02-20,US
u05-001399,user1399@uni.edu,2026-07-23,GB
u05-001400,user1400@example.com,2026-02-10,IN
u05-001401,user1401@uni.edu,2026-05-20,AU
u05-001402,user1402@corp.io,2026-01-13,GB
u05-001403,user1403@example.com,2026-02-18,DE
u05-001404,user1404@corp.io,2026-04-11,AU
u05-001405,user1405@example.com,2026-09-16,IN
u05-001406,user1406@example.com,2026-08-10,SG
u05-001407,user1407@uni.edu,2026-09-13,DE
u05-001408,user1408@example.com,2026-05-23,SG
u05-001409,user1409@uni.edu,2026-02-25,DE
u05-001410,user1410@uni.edu,2026-02-20,IN
u05-001411,user1411@corp.io,2026-02-18,SG
u05-001412,user1412@corp.io,2026-03-15,IN
u05-001413,user1413@uni.edu,2026-06-15,AU
u05-001414,user1414@uni.edu,2026-09-26,GB
u05-001415,user1415@mail.co.in,2026-07-25,GB
u05-001416,user1416@example.com,2026-08-11,DE
u05-001417,user1417@example.com,2026-02-13,DE
u05-001418,user1418@example.com,2026-04-11,AU
u05-001419,user1419@corp.io,2026-03-26,IN
u05-001420,user1420@uni.edu,2026-06-26,AU
u05-001421,user1421@mail.co.in,2026-07-16,SG
u05-001422,user1422@mail.co.in,2026-04-28,GB
u05-001423,user1423@uni.edu,2026-07-20,DE
u05-001424,user1424@uni.edu,2026-01-22,SG
u05-001425,user1425@corp.io,2026-06-24,GB
u05-001426,user1426@example.com,2026-04-22,DE
u05-001427,user1427@example.com,2026-07-17,DE
u05-001428,user1428@mail.co.in,2026-04-27,SG
u05-001429,user1429@corp.io,2026-01-19,DE
u05-001430,user1430@example.com,2026-09-12,DE
u05-001431,user1431@mail.co.in,2026-03-25,SG
u05-001432,user1432@uni.edu,2026-09-21,GB
u05-001433,user1433@mail.co.in,2026-07-20,GB
u05-001434,user1434@corp.io,2026-05-15,GB
u05-001435,user1435@mail.co.in,2026-04-17,SG
u05-001436,user1436@mail.co.in,2026-04-23,GB
u05-001437,user1437@mail.co.in,2026-04-17,SG
u05-001438,user1438@uni.edu,2026-03-12,US
u05-001439,user1439@corp.io,2026-08-25,SG
u05-001440,user1440@corp.io,2026-05-19,DE
u05-001441,user1441@mail.co.in,2026-02-14,AU
u05-001442,user1442@example.com,2026-02-18,DE
u05-001443,user1443@uni.edu,2026-09-12,AU
u05-001444,user1444@example.com,2026-08-13,DE
u05-001445,user1445@uni.edu,2026-08-20,DE
u05-001446,user1446@corp.io,2026-01-15,US
u05-001447,user1447@corp.io,2026-05-27,IN
u05-001448,user1448@example.com,2026-08-14,DE
u05-001449,user1449@uni.edu,2026-01-26,AU
u05-001450,user1450@uni.edu,2026-07-17,DE
u05-001451,user1451@uni.edu,2026-08-17,AU
u05-001452,user1452@uni.edu,2026-04-28,DE
u05-001453,user1453@example.com,2026-09-11,GB
u05-001454,user1454@example.com,2026-01-14,IN
u05-001455,user1455@mail.co.in,2026-03-22,SG
u05-001456,user1456@mail.co.in,2026-09-27,US
u05-001457,user1457@corp.io,2026-04-10,GB
u05-001458,user1458@mail.co.in,2026-08-25,GB
u05-001459,user1459@uni.edu,2026-09-23,AU
u05-001460,user1460@uni.edu,2026-06-19,DE
u05-001461,user1461@corp.io,2026-05-13,DE
u05-001462,user1462@uni.edu,2026-03-16,AU
u05-001463,user1463@uni.edu,2026-06-13,SG
u05-001464,user1464@corp.io,2026-09-22,SG
u05-001465,user1465@example.com.,2026-08-27,DE
u05-001466,user1466@example.com,2026-09-23,SG
u05-001467,user1467@mail.co.in,2026-04-13,US
u05-001468,user1468@mail.co.in,2026-04-16,US
u05-001469,user1469@example.com,2026-03-20,IN
u05-001470,user1470@example.com,2026-01-27,SG
u05-001471,user1471@uni.edu,2026-03-15,IN
u05-001472,user1472@uni.edu,2026-09-24,DE
u05-001473,user1473@corp.io,2026-07-12,IN
u05-001474,user1474@corp.io,2026-04-21,AU
u05-001475,user1475@example.com,2026-08-15,US
u05-001476,user1476@mail.co.in,2026-08-16,SG
u05-001477,user1477@example.com,2026-03-20,IN
u05-001478,user1478@mail.co.in,2026-03-25,AU
u05-001479,user1479@corp.io,2026-05-11,SG
u05-001480,user1480@corp.io,2026-09-21,US
u05-001481,user1481@corp.io,2026-02-10,US
u05-001482,user1482@example.com,2026-06-27,IN
u05-001483,user1483@example.com,2026-07-27,DE
u05-001484,user1484@corp.io,2026-05-28,US
u05-001485,user1485@example.com,2026-07-20,SG
u05-001486,user1486@example.com,2026-08-12,US
u05-001487,user1487@uni.edu,2026-07-24,US
u05-001488,user1488@uni.edu,2026-02-11,SG
u05-001489,user1489@uni.edu,2026-09-18,AU
u05-001490,user1490@example.com,2026-06-24,DE
u05-001491,user1491@example.com,2026-02-21,DE
u05-001492,user1492@example.com,2026-08-23,DE
u05-001493,user1493@example.com,2026-01-21,SG
u05-001494,user1494@uni.edu,2026-02-18,US
u05-001495,user1495@uni.edu,2026-06-25,GB
u05-001496,user1496@uni.edu,2026-06-22,SG
u05-001497,user1497@mail.co.in,2026-04-22,IN
u05-001498,user1498@mail.co.in,2026-04-11,US
u05-001499,user1499@corp.io,2026-07-12,IN
u05-001500,user1500@uni.edu,2026-06-12,DE
u05-001501,user1501@uni.edu,2026-01-15,DE
u05-001502,user1502@example.com,2026-09-11,DE
u05-001503,user1503@corp.io,2026-07-27,US
u05-001504,user1504@example.com,2026-06-14,SG
u05-001505,user1505@corp.io,2026-07-24,US
u05-001506,user1506@corp.io,2026-07-26,GB
u05-001507,user1507@example.com,2026-05-25,IN
u05-001508,user1508@example.com,2026-06-17,GB
u05-001509,user1509@mail.co.in,2026-04-15,DE
u05-001510,user1510@uni.edu,2026-09-13,US
u05-001511,user1511@uni.edu,2026-07-18,SG
u05-001512,user1512@corp.io,2026-03-16,AU
u05-001513,user1513@example.com,2026-08-28,IN
u05-001514,user1514@mail.co.in,2026-03-15,AU
u05-001515,user1515@example.com,2026-05-18,GB
u05-001516,user1516@corp.io,2026-04-12,IN
u05-001517,user1517@uni.edu,2026-06-15,US
u05-001518,user1518@uni.edu,2026-05-25,US
u05-001519,user1519@example.com,2026-02-23,GB
u05-001520,user1520@corp.io,2026-09-22,IN
u05-001521,user1521@uni.edu,2026-02-10,AU
u05-001522,user1522@uni.edu,2026-06-15,IN
u05-001523,user1523@uni.edu,2026-05-11,US
u05-001524,user1524@uni.edu,2026-07-16,AU
u05-001525,user1525@example.com,2026-06-27,DE
u05-001526,user1526@example.com,2026-04-18,SG
u05-001527,user1527@uni.edu,2026-06-18,GB
u05-001528,user1528@corp.io,2026-05-11,AU
u05-001529,user1529@mail.co.in,2026-09-24,SG
u05-001530,user1530@corp.io,2026-08-23,AU
u05-001531,user1531@corp.io,2026-02-20,IN
u05-001532,user1532@example.com,2026-01-26,US
u05-001533,user1533@uni.edu,2026-03-12,DE
u05-001534,user1534@corp.io,2026-03-10,IN
u05-001535,user1535@corp.io,2026-06-21,AU
u05-001536,user1536@mail.co.in,2026-04-23,AU
u05-001537,user1537@example.com,2026-09-16,AU
u05-001538,user1538@uni.edu,2026-01-17,IN
u05-001539,user1539@mail.co.in,2026-04-27,SG
u05-001540,user1540@corp.io,2026-05-20,DE
u05-001541,user1541@mail.co.in,2026-07-21,GB
u05-001542,user1542@corp.io,2026-05-22,AU
u05-001543,user1543@mail.co.in,2026-04-28,SG
u05-001544,user1544@example.com,2026-01-17,GB
u05-001545,user1545@mail.co.in,2026-06-21,AU
u05-001546,user1546@mail.co.in,2026-06-15,IN
u05-001547,user1547@mail.co.in,2026-08-14,GB
u05-001548,user1548@corp.io,2026-03-14,US
u05-001549,user1549@uni.edu,2026-04-12,US
u05-001550,user1550@corp.io,2026-06-27,IN
u05-001551,user1551@uni.edu,2026-06-25,SG
u05-001552,user1552@corp.io,2026-07-25,SG
u05-001553,user1553@uni.edu,2026-07-25,SG
u05-001554,user1554@corp.io,2026-01-26,AU
u05-001555,user1555@corp.io,2026-04-15,GB
u05-001556,user1556@mail.co.in,2026-05-15,SG
u05-001557,user1557@example.com,2026-09-25,DE
u05-001558,user1558@corp.io,2026-02-11,SG
u05-001559,user1559@example.com,2026-06-10,AU
u05-001560,user1560@mail.co.in,2026-05-10,DE
u05-001561,user1561@corp.io,2026-09-18,GB
u05-001562,user1562@corp.io,2026-05-27,IN
u05-001563,user1563@corp.io,2026-07-25,DE
u05-001564,user1564@example.com,2026-09-15,AU
u05-001565,user1565@example.com,2026-03-13,IN
u05-001566,user1566@example.com,2026-07-23,DE
u05-001567,user1567@corp.io,2026-05-28,IN
u05-001568,user1568@example.com,2026-02-16,IN
u05-001569,user1569@corp.io,2026-02-11,IN
u05-001570,user1570@mail.co.in,2026-06-16,IN
u05-001571,user1571@example.com,2026-03-24,GB
u05-001572,user1572@example.com,2026-02-28,DE
u05-001573,user1573@uni.edu,2026-07-23,GB
u05-001574,user1574@uni.edu,2026-05-17,IN
u05-001575,user1575@example.com,2026-07-28,DE
u05-001576,user1576@corp.io,2026-06-28,DE
u05-001577,user1577@corp.io,2026-08-19,GB
u05-001578,user1578@example.com,2026-01-16,SG
u05-001579,user1579@corp.io,2026-07-14,US
u05-001580,user1580@mail.co.in,2026-06-24,SG
u05-001581,user1581@uni.edu,2026-04-17,AU
u05-001582,user1582@corp.io,2026-06-19,GB
u05-001583,user1583@mail.co.in,2026-03-14,GB
u05-001584,user1584@corp.io,2026-08-11,GB
u05-001585,user1585@uni.edu,2026-04-16,SG
u05-001586,user1586@mail.co.in,2026-09-14,IN
u05-001587,user1587@mail.co.in,2026-01-23,US
u05-001588,user1588@uni.edu,2026-04-17,IN
u05-001589,user1589@example.com,2026-01-16,DE
u05-001590,user1590@uni.edu,2026-08-17,GB
u05-001591,user1591@uni.edu,2026-05-18,AU
u05-001592,user1592@uni.edu,2026-05-10,DE
u05-001593,user1593@corp.io,2026-08-18,DE
u05-001594,user1594@corp.io,2026-07-10,US
u05-001595,user1595@uni.edu,2026-01-14,SG
u05-001596,user1596@uni.edu,2026-07-20,GB
u05-001597,user1597@uni.edu,2026-03-26,DE
u05-001598,user1598@mail.co.in,2026-02-25,IN
u05-001599,user1599@corp.io,2026-08-22,DE
u05-001600,user1600@uni.edu,2026-08-18,DE
u05-001601,user1601@example.com,2026-05-22,IN
u05-001602,user1602@example.com,2026-09-11,SG
u05-001603,user1603@example.com,2026-01-17,GB
u05-001604,user1604@corp.io,2026-03-20,IN
u05-001605,user1605@mail.co.in,2026-05-16,GB
u05-001606,user1606@mail.co.in,2026-07-17,AU
u05-001607,user1607@corp.io,2026-03-19,AU
u05-001608,user1608@example.com,2026-06-23,AU
u05-001609,user1609@example.com,2026-02-22,AU
u05-001610,user1610@mail.co.in,2026-05-11,IN
u05-001611,user1611@uni.edu,2026-05-18,AU
u05-001612,user1612@example.com,2026-08-21,SG
u05-001613,user1613@example.com,2026-03-21,DE
u05-001614,user1614@mail.co.in,2026-02-12,GB
u05-001615,user1615@example.com,2026-01-18,AU
u05-001616,user1616@corp.io,2026-05-19,DE
u05-001617,user1617@uni.edu,2026-01-16,IN
u05-001618,user1618@mail.co.in,2026-06-18,DE
u05-001619,user1619@example.com,2026-07-15,US
u05-001620,user1620@uni.edu,2026-04-21,IN
u05-001621,user1621@mail.co.in,2026-02-14,SG
u05-001622,user1622@uni.edu,2026-04-24,US
u05-001623,user1623@uni.edu,2026-02-19,AU
u05-001624,user1624@corp.io,2026-04-26,US
u05-001625,user1625@mail.co.in,2026-08-12,IN
u05-001626,user1626@corp.io,2026-05-23,DE
u05-001627,user1627@uni.edu,2026-08-28,AU
u05-001628,user1628@uni.edu,2026-02-12,AU
u05-001629,user1629@uni.edu,2026-06-12,US
u05-001630,user1630@corp.io,2026-05-16,SG
u05-001631,user1631@corp.io,2026-03-24,IN
u05-001632,user1632@example.com,2026-01-22,IN
u05-001633,user1633@example.com,2026-06-24,GB
u05-001634,user1634@example.com,2026-01-12,AU
u05-001635,user1635@mail.co.in,2026-09-22,IN
u05-001636,user1636@corp.io,2026-03-15,DE
u05-001637,user1637@example.com,2026-04-23,DE
u05-001638,user1638@example.com,2026-03-22,AU
u05-001639,user1639@mail.co.in,2026-01-11,US
u05-001640,user1640@example.com,2026-06-17,SG
u05-001641,user1641@uni.edu,2026-08-26,AU
u05-001642,user1642@corp.io,2026-06-17,DE
u05-001643,user1643@example.com,2026-02-20,GB
u05-001644,user1644@mail.co.in,2026-05-19,DE
u05-001645,user1645@corp.io,2026-09-16,SG
u05-001646,user1646@uni.edu,2026-02-15,SG
u05-001647,user1647@mail.co.in,2026-09-21,US
u05-001648,user1648@example.com,2026-02-17,US
u05-001649,user1649@uni.edu,2026-04-17,IN
u05-001650,user1650@uni.edu,2026-08-13,DE
u05-001651,user1651@mail.co.in,2026-03-15,US
u05-001652,user1652@uni.edu,2026-03-26,SG
u05-001653,user1653@corp.io,2026-05-17,GB
u05-001654,user1654@uni.edu,2026-06-28,IN
u05-001655,user1655@example.com,2026-07-17,SG
u05-001656,user1656@uni.edu,2026-01-14,DE
u05-001657,user1657@mail.co.in,2026-05-19,IN
u05-001658,user1658@example.com,2026-01-27,SG
u05-001659,user1659@mail.co.in,2026-03-10,DE
u05-001660,user1660@example.com,2026-02-16,AU
u05-001661,user1661@mail.co.in,2026-09-24,DE
u05-001662,user1662@uni.edu,2026-05-28,US
u05-001663,user1663@example.com,2026-03-21,SG
u05-001664,user1664@corp.io,2026-04-27,DE
u05-001665,user1665@corp.io,2026-09-23,IN
u05-001666,user1666@example.com,2026-09-19,AU
u05-001667,user1667@mail.co.in,2026-05-13,DE
u05-001668,user1668@mail.co.in,2026-02-19,US
u05-001669,user1669@mail.co.in,2026-07-19,US
u05-001670,user1670@uni.edu,2026-05-24,AU
u05-001671,user1671@example.com,2026-06-18,IN
u05-001672,user1672@example.com,2026-01-18,AU
u05-001673,user1673@example.com,2026-06-11,AU
u05-001674,user1674@uni.edu,2026-03-14,IN
u05-001675,user1675@corp.io,2026-06-24,IN
u05-001676,user1676@uni.edu,2026-07-23,IN
u05-001677,user1677@example.com,2026-06-15,IN
u05-001678,user1678@uni.edu,2026-01-28,US
u05-001679,user1679@mail.co.in,2026-04-15,GB
u05-001680,user1680@uni.edu,2026-05-16,US
u05-001681,user1681@uni.edu,2026-03-15,AU
u05-001682,user1682@example.com,2026-01-25,IN
u05-001683,user1683@uni.edu,2026-04-27,US
u05-001684,user1684@example.com,2026-08-22,DE
u05-001685,user1685@example.com,2026-09-23,DE
u05-001686,user1686@example.com,2026-06-20,IN
u05-001687,user1687@uni.edu,2026-08-26,US
u05-001688,user1688@uni.edu,2026-09-18,US
u05-001689,user1689@corp.io,2026-02-14,US
u05-001690,user1690@example.com,2026-08-21,GB
u05-001691,user1691@mail.co.in,2026-07-13,SG
u05-001692,user1692@mail.co.in,2026-01-22,GB
u05-001693,user1693@example.com,2026-03-28,DE
u05-001694,user1694@mail.co.in,2026-02-21,US
u05-001695,user1695@mail.co.in,2026-01-27,GB
u05-001696,user1696@corp.io,2026-04-12,DE
u05-001697,user1697@corp.io,2026-09-24,SG
u05-001698,user1698@corp.io,2026-06-13,US
u05-001699,user1699@corp.io,2026-01-25,DE
u05-001700,user1700@example.com,2026-03-21,SG
u05-001701,user1701@example.com,2026-02-16,IN
u05-001702,user1702@uni.edu,2026-05-24,IN
u05-001703,user1703@uni.edu,2026-09-16,IN
u05-001704,user1704@uni.edu,2026-09-24,AU
u05-001705,user1705@mail.co.in,2026-08-12,DE
u05-001706,user1706@corp.io,2026-06-22,IN
u05-001707,user1707@example.com,2026-01-20,GB
u05-001708,user1708@uni.edu,2026-04-23,SG
u05-001709,user1709@mail.co.in,2026-03-28,SG
u05-001710,user1710@mail.co.in,2026-05-11,GB
u05-001711,user1711@mail.co.in,2026-01-27,DE
u05-001712,user1712@uni.edu,2026-02-16,US
u05-001713,user1713@example.com,2026-04-26,IN
u05-001714,user1714@corp.io,2026-05-20,DE
u05-001715,user1715@uni.edu,2026-04-14,DE
u05-001716,user1716@corp.io,2026-04-28,SG
u05-001717,user1717@example.com,2026-09-18,IN
u05-001718,user1718@uni.edu,2026-04-21,GB
u05-001719,user1719@example.com,2026-02-14,SG
u05-001720,user1720@example.com,2026-04-16,IN
u05-001721,user1721@corp.io,2026-01-23,SG
u05-001722,user1722@corp.io,2026-02-22,SG
u05-001723,user1723@example.com,2026-04-21,DE
u05-001724,user1724@mail.co.in,2026-02-21,IN
u05-001725,user1725@corp.io,2026-05-11,SG
u05-001726,user1726@mail.co.in,2026-09-19,US
u05-001727,user1727@uni.edu,2026-05-14,SG
u05-001728,user1728@uni.edu,2026-01-21,US
u05-001729,user1729@example.com,2026-04-14,SG
u05-001730,user1730@example.com,2026-01-19,GB
u05-001731,user1731@corp.io,2026-08-22,US
u05-001732,user1732@uni.edu,2026-05-18,GB
u05-001733,user1733@mail.co.in,2026-09-19,US
u05-001734,user1734@uni.edu,2026-09-26,AU
u05-001735,user1735@mail.co.in,2026-06-12,AU
u05-001736,user1736@example.com,2026-06-14,DE
u05-001737,user1737@corp.io,2026-06-25,DE
u05-001738,user1738@corp.io,2026-03-13,AU
u05-001739,user1739@example.com,2026-01-12,DE
u05-001740,user1740@corp.io,2026-08-14,GB
u05-001741,user1741@mail.co.in,2026-05-26,GB
u05-001742,user1742@uni.edu,2026-08-21,GB
u05-001743,user1743@example.com,2026-04-28,AU
u05-001744,user1744@mail.co.in,2026-05-19,US
u05-001745,user1745@corp.io,2026-07-14,IN
u05-001746,user1746@mail.co.in,2026-02-12,SG
u05-001747,user1747@mail.co.in,2026-06-14,US
u05-001748,user1748@uni.edu,2026-06-28,SG
u05-001749,user1749@example.com,2026-06-26,US
u05-001750,user1750@corp.io,2026-09-17,US
u05-001751,user1751@uni.edu,2026-07-16,IN
u05-001752,user1752@example.com,2026-07-15,DE
u05-001753,user1753@uni.edu,2026-03-27,AU
u05-001754,user1754@example.com,2026-08-24,DE
u05-001755,user1755@uni.edu,2026-06-18,SG
u05-001756,user1756@corp.io,2026-03-12,SG
u05-001757,user1757@corp.io,2026-01-11,IN
u05-001758,user1758@uni.edu,2026-04-22,GB
u05-001759,user1759@mail.co.in,2026-05-22,US
u05-001760,user1760@corp.io,2026-09-12,AU
u05-001761,user1761@mail.co.in,2026-09-28,AU
u05-001762,user1762@corp.io,2026-09-20,DE
u05-001763,user1763@corp.io,2026-08-19,US
u05-001764,user1764@corp.io,2026-07-25,DE
u05-001765,user1765@corp.io,2026-02-23,AU
u05-001766,user1766@example.com,2026-03-18,IN
u05-001767,user1767@uni.edu,2026-04-28,DE
u05-001768,user1768@corp.io,2026-04-15,SG
u05-001769,user1769@corp.io,2026-04-24,IN
u05-001770,user1770@example.com,2026-07-23,SG
u05-001771,user1771@mail.co.in,2026-08-13,IN
u05-001772,user1772@example.com,2026-06-20,US
u05-001773,user1773@corp.io,2026-01-28,SG
u05-001774,user1774@example.com,2026-04-10,SG
u05-001775,user1775@corp.io,2026-02-11,GB
u05-001776,user1776@example.com,2026-07-22,GB
u05-001777,user1777@corp.io,2026-05-20,DE
u05-001778,user1778@mail.co.in,2026-05-11,DE
u05-001779,user1779@corp.io,2026-02-24,DE
u05-001780,user1780@mail.co.in,2026-03-25,IN
u05-001781,user1781@mail.co.in,2026-06-13,SG
u05-001782,user1782@corp.io,2026-09-14,SG
u05-001783,user1783@example.com,2026-04-13,GB
u05-001784,user1784@uni.edu,2026-02-13,SG
u05-001785,user1785@corp.io,2026-03-11,IN
u05-001786,user1786@example.com,2026-07-21,IN
u05-001787,user1787@example.com,2026-05-12,SG
u05-001788,user1788@corp.io,2026-02-17,SG
u05-001789,user1789@uni.edu,2026-06-27,DE
u05-001790,user1790@example.com,2026-02-22,AU
u05-001791,user1791@example.com,2026-08-16,SG
u05-001792,user1792@corp.io,2026-07-14,US
u05-001793,user1793@uni.edu,2026-07-23,AU
u05-001794,user1794@mail.co.in,2026-08-20,DE
u05-001795,user1795@example.com,2026-07-20,AU
u05-001796,user1796@mail.co.in,2026-09-14,GB
u05-001797,user1797@corp.io,2026-09-27,US
u05-001798,user1798@example.com,2026-05-14,US
u05-001799,user1799@mail.co.in,2026-05-28,SG
u05-001800,user1800@uni.edu,2026-09-18,GB
u05-001801,user1801@uni.edu,2026-04-20,SG
u05-001802,user1802@uni.edu,2026-05-14,IN
u05-001803,user1803@mail.co.in,2026-06-18,DE
u05-001804,user1804@mail.co.in,2026-04-12,GB
u05-001805,user1805@example.com,2026-07-14,IN
u05-001806,user1806@example.com,2026-04-21,AU
u05-001807,user1807@uni.edu,2026-05-15,GB
u05-001808,user1808@example.com,2026-08-26,SG
u05-001809,user1809@example.com,2026-01-23,AU
u05-001810,user1810@corp.io,2026-03-16,US
u05-001811,user1811@corp.io,2026-08-20,GB
u05-001812,user1812@corp.io,2026-03-18,AU
u05-001813,user1813@uni.edu,2026-04-20,AU
u05-001814,user1814@mail.co.in,2026-05-12,IN
u05-001815,user1815@uni.edu,2026-01-18,AU
u05-001816,user1816@corp.io,2026-08-17,US
u05-001817,user1817@uni.edu,2026-06-14,US
u05-001818,user1818@example.com,2026-05-18,SG
u05-001819,user1819@mail.co.in,2026-03-15,IN
u05-001820,user1820@corp.io,2026-01-13,SG
u05-001821,user1821@uni.edu,2026-06-28,US
u05-001822,user1822@uni.edu,2026-09-18,GB
u05-001823,user1823@uni.edu,2026-01-28,SG
u05-001824,user1824@example.com,2026-04-28,GB
u05-001825,user1825@example.com,2026-06-15,SG
u05-001826,user1826@example.com,2026-05-16,AU
u05-001827,user1827@example.com,2026-07-20,SG
u05-001828,user1828@mail.co.in,2026-09-11,IN
u05-001829,user1829@example.com,2026-07-11,AU
u05-001830,user1830@corp.io,2026-08-24,US
u05-001831,user1831@mail.co.in,2026-07-13,AU
u05-001832,user1832@mail.co.in,2026-04-22,DE
u05-001833,user1833@uni.edu,2026-09-26,AU
u05-001834,user1834@mail.co.in,2026-07-12,IN
u05-001835,user1835@example.com,2026-02-12,GB
u05-001836,user1836@uni.edu,2026-04-28,AU
u05-001837,user1837@mail.co.in,2026-02-28,GB
u05-001838,user1838@uni.edu,2026-07-16,GB
u05-001839,user1839@uni.edu,2026-08-18,GB
u05-001840,user1840@example.com,2026-06-23,DE
u05-001841,user1841@uni.edu,2026-02-18,SG
u05-001842,user1842@mail.co.in,2026-04-27,US
u05-001843,user1843@corp.io,2026-02-13,AU
u05-001844,user1844@corp.io,2026-09-18,GB
u05-001845,user1845@mail.co.in,2026-07-19,SG
u05-001846,user1846@mail.co.in,2026-04-23,DE
u05-001847,user1847@corp.io,2026-07-20,SG
u05-001848,user1848@example.com,2026-05-26,DE
u05-001849,user1849@mail.co.in,2026-02-11,GB
u05-001850,user1850@uni.edu,2026-08-13,IN
u05-001851,user1851@example.com,2026-08-16,SG
u05-001852,user1852@uni.edu,2026-01-17,US
u05-001853,user1853@uni.edu,2026-05-16,IN
u05-001854,user1854@uni.edu,2026-05-14,SG
u05-001855,user1855@uni.edu,2026-05-27,SG
u05-001856,user1856@mail.co.in,2026-07-17,DE
u05-001857,user1857@uni.edu,2026-01-28,SG
u05-001858,user1858@uni.edu,2026-02-19,US
u05-001859,user1859@example.com,2026-07-24,SG
u05-001860,user1860@uni.edu,2026-07-12,DE
u05-001861,user1861@uni.edu,2026-09-27,IN
u05-001862,user1862@mail.co.in,2026-01-18,SG
u05-001863,user1863@corp.io,2026-04-13,US
u05-001864,user1864@uni.edu,2026-07-26,DE
u05-001865,user1865@uni.edu,2026-01-19,GB
u05-001866,user1866@example.com,2026-01-11,SG
u05-001867,user1867@corp.io,2026-06-12,GB
u05-001868,user1868@example.com,2026-09-16,DE
u05-001869,user1869@uni.edu,2026-08-17,GB
u05-001870,user1870@mail.co.in,2026-05-27,AU
u05-001871,user1871@uni.edu,2026-01-17,IN
u05-001872,user1872@uni.edu,2026-08-17,SG
u05-001873,user1873@corp.io,2026-01-27,GB
u05-001874,user1874@corp.io,2026-03-24,GB
u05-001875,user1875@corp.io,2026-07-16,IN
u05-001876,user1876@uni.edu,2026-05-22,DE
u05-001877,user1877@corp.io,2026-05-21,AU
u05-001878,user1878@mail.co.in,2026-05-20,AU
u05-001879,user1879@example.com,2026-02-10,US
u05-001880,user1880@example.com,2026-05-17,US
u05-001881,user1881@corp.io,2026-08-14,DE
u05-001882,user1882@example.com,2026-08-10,US
u05-001883,user1883@uni.edu,2026-08-13,IN
u05-001884,user1884@corp.io,2026-06-15,AU
u05-001885,user1885@uni.edu,2026-02-19,IN
u05-001886,user1886@corp.io,2026-02-19,IN
u05-001887,user1887@mail.co.in,2026-08-28,AU
u05-001888,user1888@uni.edu,2026-04-17,DE
u05-001889,user1889@uni.edu,2026-07-26,SG
u05-001890,user1890@corp.io,2026-09-20,DE
u05-001891,user1891@mail.co.in,2026-05-21,AU
u05-001892,user1892@uni.edu,2026-05-26,DE
u05-001893,user1893@corp.io,2026-02-22,GB
u05-001894,user1894@mail.co.in,2026-05-27,IN
u05-001895,user1895@example.com,2026-02-14,GB
u05-001896,user1896@corp.io,2026-03-25,DE
u05-001897,user1897@example.com,2026-04-13,DE
u05-001898,user1898@mail.co.in,2026-03-11,AU
u05-001899,user1899@corp.io,2026-03-14,GB
u05-001900,user1900@corp.io,2026-08-18,DE
u05-001901,user1901@corp.io,2026-07-23,US
u05-001902,user1902@uni.edu,2026-05-19,DE
u05-001903,user1903@mail.co.in,2026-02-18,IN
u05-001904,user1904@corp.io,2026-03-20,DE
u05-001905,user1905@corp.io,2026-04-17,SG
u05-001906,user1906@mail.co.in,2026-04-10,AU
u05-001907,user1907@uni.edu,2026-09-11,AU
u05-001908,user1908@corp.io,2026-03-10,AU
u05-001909,user1909@example.com,2026-04-18,US
u05-001910,user1910@example.com,2026-07-16,DE
u05-001911,user1911@corp.io,2026-06-12,IN
u05-001912,user1912@example.com,2026-08-20,GB
u05-001913,user1913@uni.edu,2026-09-11,SG
u05-001914,user1914@example.com,2026-09-15,US
u05-001915,user1915@example.com,2026-03-17,SG
u05-001916,user1916@uni.edu,2026-01-27,DE
u05-001917,user1917@example.com,2026-03-21,DE
u05-001918,user1918@example.com,2026-01-26,IN
u05-001919,user1919@example.com,2026-07-27,DE
u05-001920,user1920@mail.co.in,2026-05-19,AU
u05-001921,user1921@mail.co.in,2026-02-28,US
u05-001922,user1922@mail.co.in,2026-01-28,AU
u05-001923,user1923@corp.io,2026-05-17,GB
u05-001924,user1924@mail.co.in,2026-04-17,SG
u05-001925,user1925@example.com,2026-03-25,DE
u05-001926,user1926@mail.co.in,2026-01-13,SG
u05-001927,user1927@mail.co.in,2026-07-19,AU
u05-001928,user1928@mail.co.in,2026-02-11,GB
u05-001929,user1929@uni.edu,2026-09-17,IN
u05-001930,user1930@corp.io,2026-04-19,DE
u05-001931,user1931@example.com,2026-07-28,DE
u05-001932,user1932@example.com,2026-08-28,IN
u05-001933,user1933@uni.edu,2026-05-27,GB
u05-001934,user1934@example.com,2026-09-11,IN
u05-001935,user1935@example.com,2026-09-25,IN
u05-001936,user1936@uni.edu,2026-04-14,SG
u05-001937,user1937@mail.co.in,2026-02-21,SG
u05-001938,user1938@uni.edu,2026-09-19,AU
u05-001939,user1939@corp.io,2026-09-16,DE
u05-001940,user1940@example.com,2026-03-27,IN
u05-001941,user1941@mail.co.in,2026-07-11,IN
u05-001942,user1942@example.com,2026-05-16,US
u05-001943,user1943@mail.co.in,2026-07-21,SG
u05-001944,user1944@mail.co.in,2026-03-13,SG
u05-001945,user1945@example.com,2026-01-25,US
u05-001946,user1946@mail.co.in,2026-07-24,GB
u05-001947,user1947@example.com,2026-05-24,US
u05-001948,user1948@mail.co.in,2026-03-27,US
u05-001949,user1949@example.com,2026-09-23,IN
u05-001950,user1950@corp.io,2026-02-10,DE
u05-001951,user1951@mail.co.in,2026-08-25,US
u05-001952,user1952@mail.co.in,2026-07-12,US
u05-001953,user1953@mail.co.in,2026-06-14,IN
u05-001954,user1954@example.com,2026-01-18,IN
u05-001955,user1955@mail.co.in,2026-02-26,AU
u05-001956,user1956@uni.edu,2026-06-26,US
u05-001957,user1957@uni.edu,2026-08-16,SG
u05-001958,user1958@corp.io,2026-05-23,US
u05-001959,user1959@uni.edu,2026-08-11,IN
u05-001960,user1960@corp.io,2026-08-16,US
u05-001961,user1961@corp.io,2026-09-27,AU
u05-001962,user1962@uni.edu,2026-03-19,DE
u05-001963,user1963@corp.io,2026-05-28,US
u05-001964,user1964@uni.edu,2026-05-13,DE
u05-001965,user1965@mail.co.in,2026-06-20,IN
u05-001966,user1966@example.com,2026-06-26,AU
u05-001967,user1967@mail.co.in,2026-07-15,SG
u05-001968,user1968@corp.io,2026-03-21,SG
u05-001969,user1969@example.com,2026-05-20,AU
u05-001970,user1970@mail.co.in,2026-01-14,IN
u05-001971,user1971@uni.edu,2026-01-11,US
u05-001972,user1972@mail.co.in,2026-05-26,DE
u05-001973,user1973@example.com,2026-08-21,DE
u05-001974,user1974@corp.io,2026-09-20,AU
u05-001975,user1975@corp.io,2026-01-23,DE
u05-001976,user1976@uni.edu,2026-06-20,DE
u05-001977,user1977@mail.co.in,2026-04-14,US
u05-001978,user1978@example.com,2026-01-19,US
u05-001979,user1979@mail.co.in,2026-09-10,DE
u05-001980,user1980@example.com,2026-03-19,SG
u05-001981,user1981@example.com,2026-06-13,SG
u05-001982,user1982@uni.edu,2026-05-12,SG
u05-001983,user1983@corp.io,2026-05-10,IN
u05-001984,user1984@uni.edu,2026-01-12,SG
u05-001985,user1985@corp.io,2026-01-18,DE
u05-001986,user1986@mail.co.in,2026-04-25,AU
u05-001987,user1987@mail.co.in,2026-02-16,AU
u05-001988,user1988@example.com,2026-07-16,IN
u05-001989,user1989@mail.co.in,2026-02-11,DE
u05-001990,user1990@uni.edu,2026-05-25,IN
u05-001991,user1991@corp.io,2026-08-17,SG
u05-001992,user1992@example.com,2026-09-17,DE
u05-001993,user1993@example.com,2026-06-27,IN
u05-001994,user1994@mail.co.in,2026-09-19,SG
u05-001995,user1995@corp.io,2026-02-26,IN
u05-001996,user1996@example.com,2026-07-20,DE
u05-001997,user1997@mail.co.in,2026-06-21,GB
u05-001998,user1998@corp.io,2026-04-17,GB
u05-001999,user1999@mail.co.in,2026-07-23,AU
u05-002000,user2000@mail.co.in,2026-05-25,GB
u05-002001,user2001@corp.io,2026-09-21,SG
u05-002002,user2002@uni.edu,2026-07-19,SG
u05-002003,user2003@uni.edu,2026-06-17,US
u05-002004,user2004@corp.io,2026-04-17,IN
u05-002005,user2005@corp.io,2026-07-10,IN
u05-002006,user2006@uni.edu,2026-01-15,DE
u05-002007,user2007@example.com,2026-02-20,US
u05-002008,user2008@corp.io,2026-01-10,DE
u05-002009,user2009@example.com,2026-05-26,AU
u05-002010,user2010@example.com,2026-04-23,DE
u05-002011,user2011@mail.co.in,2026-07-19,IN
u05-002012,user2012@example.com,2026-07-28,AU
u05-002013,user2013@example.com,2026-06-26,IN
u05-002014,user2014@example.com,2026-02-23,IN
u05-002015,user2015@example.com,2026-05-14,US
u05-002016,user2016@mail.co.in,2026-05-21,DE
u05-002017,user2017@example.com,2026-04-20,IN
u05-002018,user2018@uni.edu,2026-05-14,IN
u05-002019,user2019@uni.edu,2026-04-11,IN
u05-002020,user2020@mail.co.in,2026-03-22,GB
u05-002021,user2021@uni.edu,2026-08-13,SG
u05-002022,user2022@mail.co.in,2026-01-15,SG
u05-002023,user2023@uni.edu,2026-05-17,DE
u05-002024,user2024@uni.edu,2026-05-27,GB
u05-002025,user2025@example.com,2026-03-21,AU
u05-002026,user2026@example.com,2026-09-10,SG
u05-002027,user2027@corp.io,2026-09-28,AU
u05-002028,user2028@corp.io,2026-03-26,GB
u05-002029,user2029@example.com,2026-08-22,DE
u05-002030,user2030@corp.io,2026-01-25,SG
u05-002031,user2031@uni.edu,2026-09-13,GB
u05-002032,user2032@example.com,2026-09-26,US
u05-002033,user2033@example.com,2026-09-12,GB
u05-002034,user2034@mail.co.in,2026-07-15,GB
u05-002035,user2035@uni.edu,2026-02-18,AU
u05-002036,user2036@uni.edu,2026-07-15,IN
u05-002037,user2037@example.com,2026-09-22,US
u05-002038,user2038@mail.co.in,2026-08-25,AU
u05-002039,user2039@uni.edu,2026-08-17,DE
u05-002040,user2040@corp.io,2026-04-15,DE
u05-002041,user2041@mail.co.in,2026-04-23,GB
u05-002042,user2042@uni.edu,2026-05-28,US
u05-002043,user2043@mail.co.in,2026-06-12,IN
u05-002044,user2044@uni.edu,2026-09-12,DE
u05-002045,user2045@corp.io,2026-04-12,GB
u05-002046,user2046@mail.co.in,2026-08-18,DE
u05-002047,user2047@example.com,2026-03-28,US
u05-002048,user2048@mail.co.in,2026-03-11,DE
u05-002049,user2049@mail.co.in,2026-07-15,GB
u05-002050,user2050@corp.io,2026-09-14,AU
u05-002051,user2051@corp.io,2026-01-23,US
u05-002052,user2052@example.com,2026-04-24,GB
u05-002053,user2053@uni.edu,2026-09-27,IN
u05-002054,user2054@uni.edu,2026-04-23,DE
u05-002055,user2055@uni.edu,2026-05-19,SG
u05-002056,user2056@corp.io,2026-01-17,GB
u05-002057,user2057@uni.edu,2026-09-11,GB
u05-002058,user2058@example.com,2026-09-28,US
u05-002059,user2059@corp.io,2026-05-19,GB
u05-002060,user2060@uni.edu,2026-08-11,DE
u05-002061,user2061@example.com,2026-07-16,GB
u05-002062,user2062@corp.io,2026-02-14,GB
u05-002063,user2063@example.com,2026-04-22,AU
u05-002064,user2064@mail.co.in,2026-08-14,GB
u05-002065,user2065@corp.io,2026-04-24,DE
u05-002066,user2066@uni.edu,2026-04-14,AU
u05-002067,user2067@corp.io,2026-09-20,GB
u05-002068,user2068@uni.edu,2026-03-24,GB
u05-002069,user2069@uni.edu,2026-09-27,AU
u05-002070,user2070@example.com,2026-09-24,GB
u05-002071,user2071@example.com,2026-03-25,US
u05-002072,user2072@uni.edu,2026-08-25,DE
u05-002073,user2073@corp.io,2026-05-11,IN
u05-002074,user2074@mail.co.in,2026-02-20,AU
u05-002075,user2075@example.com,2026-02-28,DE
u05-002076,user2076@mail.co.in,2026-05-27,DE
u05-002077,user2077@corp.io,2026-01-16,AU
u05-002078,user2078@uni.edu,2026-05-11,US
u05-002079,user2079@corp.io,2026-06-13,GB
u05-002080,user2080@corp.io,2026-08-15,US
u05-002081,user2081@uni.edu,2026-05-14,SG
u05-002082,user2082@example.com,2026-06-17,DE
u05-002083,user2083@corp.io,2026-04-20,DE
u05-002084,user2084@corp.io,2026-06-26,AU
u05-002085,user2085@uni.edu,2026-09-10,GB
u05-002086,user2086@mail.co.in,2026-04-17,US
u05-002087,user2087@corp.io,2026-03-18,GB
u05-002088,user2088@corp.io,2026-04-11,AU
u05-002089,user2089@corp.io,2026-01-12,DE
u05-002090,user2090@corp.io,2026-03-28,AU
u05-002091,user2091@mail.co.in,2026-03-16,AU
u05-002092,user2092@mail.co.in,2026-01-12,DE
u05-002093,user2093@corp.io,2026-09-16,GB
u05-002094,user2094@corp.io,2026-06-16,SG
u05-002095,user2095@uni.edu,2026-08-15,SG
u05-002096,user2096@uni.edu,2026-03-10,SG
u05-002097,user2097@corp.io,2026-02-16,IN
u05-002098,user2098@uni.edu,2026-02-13,AU
u05-002099,user2099@corp.io,2026-05-10,SG
u05-002100,user2100@example.com,2026-08-28,DE
u05-002101,user2101@mail.co.in,2026-04-16,IN
u05-002102,user2102@mail.co.in,2026-03-26,US
u05-002103,user2103@corp.io,2026-06-23,GB
u05-002104,user2104@example.com,2026-02-22,US
u05-002105,user2105@corp.io,2026-02-18,DE
u05-002106,user2106@mail.co.in,2026-09-27,SG
u05-002107,user2107@uni.edu,2026-01-18,AU
u05-002108,user2108@example.com,2026-05-14,DE
u05-002109,user2109@corp.io,2026-06-24,GB
u05-002110,user2110@mail.co.in,2026-08-16,AU
u05-002111,user2111@corp.io,2026-08-25,AU
u05-002112,user2112@example.com,2026-02-12,IN
u05-002113,user2113@uni.edu,2026-02-11,DE
u05-002114,user2114@mail.co.in,2026-04-14,US
u05-002115,user2115@example.com,2026-04-16,SG
u05-002116,user2116@corp.io,2026-05-25,IN
u05-002117,user2117@example.com,2026-09-20,GB
u05-002118,user2118@example.com,2026-03-14,SG
u05-002119,user2119@corp.io,2026-08-19,SG
u05-002120,user2120@mail.co.in,2026-06-11,AU
u05-002121,user2121@mail.co.in,2026-08-15,IN
u05-002122,user2122@uni.edu,2026-07-10,SG
u05-002123,user2123@example.com,2026-03-20,US
u05-002124,user2124@mail.co.in,2026-04-16,AU
u05-002125,user2125@example.com,2026-09-20,SG
u05-002126,user2126@mail.co.in,2026-04-22,DE
u05-002127,user2127@uni.edu,2026-02-12,SG
u05-002128,user2128@example.com,2026-09-18,DE
u05-002129,user2129@corp.io,2026-06-19,AU
u05-002130,user2130@example.com,2026-01-27,US
u05-002131,user2131@mail.co.in,2026-04-28,US
u05-002132,user2132@uni.edu,2026-02-25,GB
u05-002133,user2133@example.com,2026-02-21,US
u05-002134,user2134@uni.edu,2026-05-14,GB
u05-002135,user2135@corp.io,2026-05-11,IN
u05-002136,user2136@example.com,2026-03-19,SG
u05-002137,user2137@mail.co.in,2026-04-22,US
u05-002138,user2138@uni.edu,2026-03-19,IN
u05-002139,user2139@mail.co.in,2026-09-21,SG
u05-002140,user2140@example.com,2026-09-27,IN
u05-002141,user2141@corp.io,2026-07-15,AU
u05-002142,user2142@mail.co.in,2026-03-20,GB
u05-002143,user2143@mail.co.in,2026-06-12,US
u05-002144,user2144@corp.io,2026-08-26,IN
u05-002145,user2145@uni.edu,2026-05-13,GB
u05-002146,user2146@mail.co.in,2026-02-27,DE
u05-002147,user2147@mail.co.in,2026-06-17,US
u05-002148,user2148@uni.edu,2026-05-10,GB
u05-002149,user2149@example.com,2026-02-14,IN
u05-002150,user2150@example.com,2026-05-28,IN
u05-002151,user2151@corp.io,2026-02-17,SG
u05-002152,user2152@uni.edu,2026-05-18,SG
u05-002153,user2153@uni.edu,2026-06-20,IN
u05-002154,user2154@mail.co.in,2026-03-26,IN
u05-002155,user2155@mail.co.in,2026-04-10,DE
u05-002156,user2156@mail.co.in,2026-03-15,AU
u05-002157,user2157@uni.edu,2026-06-19,SG
u05-002158,user2158@corp.io,2026-09-13,AU
u05-002159,user2159@uni.edu,2026-04-28,DE
u05-002160,user2160@mail.co.in,2026-03-28,US
u05-002161,user2161@example.com,2026-02-13,GB
u05-002162,user2162@uni.edu,2026-04-11,SG
u05-002163,user2163@uni.edu,2026-03-28,US
u05-002164,user2164@uni.edu,2026-03-13,SG
u05-002165,user2165@uni.edu,2026-09-20,GB
u05-002166,user2166@uni.edu,2026-06-10,DE
u05-002167,user2167@uni.edu,2026-01-21,AU
u05-002168,user2168@mail.co.in,2026-01-21,US
u05-002169,user2169@mail.co.in,2026-09-10,AU
u05-002170,user2170@mail.co.in,2026-03-11,US
u05-002171,user2171@mail.co.in,2026-04-20,GB
u05-002172,user2172@corp.io,2026-04-16,US
u05-002173,user2173@mail.co.in,2026-01-18,GB
u05-002174,user2174@mail.co.in,2026-07-17,AU
u05-002175,user2175@corp.io,2026-01-14,SG
u05-002176,user2176@example.com,2026-09-17,US
u05-002177,user2177@corp.io,2026-09-20,DE
u05-002178,user2178@corp.io,2026-06-24,SG
u05-002179,user2179@corp.io,2026-02-10,SG
u05-002180,user2180@uni.edu,2026-01-11,IN
u05-002181,user2181@corp.io,2026-08-28,IN
u05-002182,user2182@mail.co.in,2026-07-19,IN
u05-002183,user2183@example.com,2026-07-26,SG
u05-002184,user2184@mail.co.in,2026-04-23,AU
u05-002185,user2185@corp.io,2026-04-27,IN
u05-002186,user2186@corp.io,2026-09-27,SG
u05-002187,user2187@uni.edu,2026-08-14,AU
u05-002188,user2188@example.com,2026-07-27,GB
u05-002189,user2189@mail.co.in,2026-02-17,US
u05-002190,user2190@corp.io,2026-03-21,IN
u05-002191,user2191@mail.co.in,2026-05-13,DE
u05-002192,user2192@corp.io,2026-02-21,IN
u05-002193,user2193@corp.io,2026-03-15,SG
u05-002194,user2194@mail.co.in,2026-09-20,AU
u05-002195,user2195@example.com,2026-03-17,US
u05-002196,user2196@mail.co.in,2026-03-14,IN
u05-002197,user2197@uni.edu,2026-05-25,GB
u05-002198,user2198@example.com,2026-05-21,AU
u05-002199,user2199@mail.co.in,2026-05-25,AU
u05-002200,user2200@corp.io,2026-04-23,GB
u05-002201,user2201@example.com,2026-08-12,SG
u05-002202,user2202@example.com,2026-02-10,GB
u05-002203,user2203@corp.io,2026-02-15,SG
u05-002204,user2204@mail.co.in,2026-01-20,AU
u05-002205,user2205@example.com,2026-09-19,SG
u05-002206,user2206@uni.edu,2026-03-22,IN
u05-002207,user2207@corp.io,2026-04-12,IN
u05-002208,user2208@uni.edu,2026-03-14,SG
u05-002209,user2209@uni.edu,2026-02-26,IN
u05-002210,user2210@uni.edu,2026-06-28,AU
u05-002211,user2211@corp.io,2026-07-13,US
u05-002212,user2212@mail.co.in,2026-04-15,DE
u05-002213,user2213@example.com,2026-08-10,GB
u05-002214,user2214@uni.edu,2026-06-14,DE
u05-002215,user2215@corp.io,2026-07-27,AU
u05-002216,user2216@mail.co.in,2026-02-12,GB
u05-002217,user2217@uni.edu,2026-09-16,AU
u05-002218,user2218@mail.co.in,2026-04-11,SG
u05-002219,user2219@corp.io,2026-01-10,US
u05-002220,user2220@corp.io,2026-07-17,US
u05-002221,user2221@mail.co.in,2026-01-26,IN
u05-002222,user2222@corp.io,2026-04-27,SG
u05-002223,user2223@mail.co.in,2026-04-14,IN
u05-002224,user2224@uni.edu,2026-02-22,DE
u05-002225,user2225@uni.edu,2026-05-25,US
u05-002226,user2226@example.com,2026-06-22,GB
u05-002227,user2227@mail.co.in,2026-07-18,GB
u05-002228,user2228@mail.co.in,2026-04-16,IN
u05-002229,user2229@example.com,2026-02-12,IN
u05-002230,user2230@corp.io,2026-02-28,DE
u05-002231,user2231@mail.co.in,2026-03-11,US
u05-002232,user2232@example.com,2026-03-16,AU
u05-002233,user2233@mail.co.in,2026-09-12,AU
u05-002234,user2234@uni.edu,2026-05-28,SG
u05-002235,user2235@example.com,2026-01-22,GB
u05-002236,user2236@mail.co.in,2026-06-18,US
u05-002237,user2237@uni.edu,2026-09-17,US
u05-002238,user2238@example.com,2026-06-11,DE
u05-002239,user2239@uni.edu,2026-05-11,AU
u05-002240,user2240@corp.io,2026-04-17,DE
u05-002241,user2241@example.com,2026-09-26,US
u05-002242,user2242@mail.co.in,2026-03-10,AU
u05-002243,user2243@example.com,2026-06-14,IN
u05-002244,user2244@example.com,2026-05-26,US
u05-002245,user2245@corp.io,2026-09-25,SG
u05-002246,user2246@example.com,2026-02-16,GB
u05-002247,user2247@example.com,2026-03-23,DE
u05-002248,user2248@example.com,2026-04-24,SG
u05-002249,user2249@uni.edu,2026-02-11,SG
u05-002250,user2250@uni.edu,2026-07-23,GB
u05-002251,user2251@mail.co.in,2026-01-14,DE
u05-002252,user2252@example.com,2026-07-10,SG
u05-002253,user2253@corp.io,2026-04-22,DE
u05-002254,user2254@corp.io,2026-01-10,DE
u05-002255,user2255@corp.io,2026-03-12,GB
u05-002256,user2256@uni.edu,2026-04-11,IN
u05-002257,user2257@example.com,2026-04-22,SG
u05-002258,user2258@uni.edu,2026-03-20,DE
u05-002259,user2259@uni.edu,2026-01-11,US
u05-002260,user2260@mail.co.in,2026-08-26,DE
u05-002261,user2261@example.com,2026-06-11,US
u05-002262,user2262@corp.io,2026-06-28,US
u05-002263,user2263@uni.edu,2026-03-20,SG
u05-002264,user2264@uni.edu,2026-09-10,SG
u05-002265,user2265@example.com,2026-05-25,US
u05-002266,user2266@uni.edu,2026-05-25,GB
u05-002267,user2267@example.com,2026-04-12,AU
u05-002268,user2268@example.com,2026-09-14,US
u05-002269,user2269@mail.co.in,2026-06-16,DE
u05-002270,user2270@uni.edu,2026-08-25,DE
u05-002271,user2271@uni.edu,2026-05-11,GB
u05-002272,user2272@mail.co.in,2026-07-13,SG
u05-002273,user2273@example.com,2026-03-26,IN
u05-002274,user2274@uni.edu,2026-05-22,IN
u05-002275,user2275@uni.edu,2026-05-15,IN
u05-002276,user2276@corp.io,2026-04-11,GB
u05-002277,user2277@corp.io,2026-05-10,US
u05-002278,user2278@corp.io,2026-03-22,GB
u05-002279,user2279@mail.co.in,2026-04-26,US
u05-002280,user2280@corp.io,2026-04-13,DE
u05-002281,user2281@corp.io,2026-09-23,AU
u05-002282,user2282@corp.io,2026-09-19,GB
u05-002283,user2283@corp.io,2026-03-18,AU
u05-002284,user2284@mail.co.in,2026-02-28,IN
u05-002285,user2285@mail.co.in,2026-09-28,IN
u05-002286,user2286@uni.edu,2026-08-27,AU
u05-002287,user2287@uni.edu,2026-04-26,AU
u05-002288,user2288@uni.edu,2026-01-20,DE
u05-002289,user2289@uni.edu,2026-06-20,US
u05-002290,user2290@corp.io,2026-08-24,SG
u05-002291,user2291@uni.edu,2026-06-15,IN
u05-002292,user2292@example.com,2026-08-19,IN
u05-002293,user2293@uni.edu,2026-08-21,SG
u05-002294,user2294@corp.io,2026-09-27,IN
u05-002295,user2295@example.com,2026-02-22,AU
u05-002296,user2296@example.com,2026-05-14,GB
u05-002297,user2297@example.com,2026-01-28,AU
u05-002298,user2298@example.com,2026-07-20,DE
u05-002299,user2299@example.com,2026-03-24,DE
u05-002300,user2300@corp.io,2026-01-26,US
u05-002301,user2301@corp.io,2026-04-10,DE
u05-002302,user2302@example.com,2026-05-16,SG
u05-002303,user2303@uni.edu,2026-04-19,IN
u05-002304,user2304@uni.edu,2026-05-23,DE
u05-002305,user2305@mail.co.in,2026-05-18,AU
u05-002306,user2306@uni.edu,2026-04-19,IN
u05-002307,user2307@corp.io,2026-03-17,AU
u05-002308,user2308@uni.edu,2026-05-21,SG
u05-002309,user2309@example.com,2026-07-26,IN
u05-002310,user2310@example.com,2026-04-10,US
u05-002311,user2311@uni.edu,2026-04-10,IN
u05-002312,user2312@corp.io,2026-02-11,US
u05-002313,user2313@example.com,2026-08-27,GB
u05-002314,user2314@example.com,2026-09-15,SG
u05-002315,user2315@mail.co.in,2026-09-23,GB
u05-002316,user2316@uni.edu,2026-09-22,AU
u05-002317,user2317@corp.io,2026-07-13,SG
u05-002318,user2318@mail.co.in,2026-03-16,US
u05-002319,user2319@example.com,2026-05-20,IN
u05-002320,user2320@corp.io,2026-06-13,AU
u05-002321,user2321@example.com,2026-06-28,GB
u05-002322,user2322@example.com,2026-08-17,AU
u05-002323,user2323@uni.edu,2026-07-24,GB
u05-002324,user2324@example.com,2026-06-15,US
u05-002325,user2325@mail.co.in,2026-09-16,IN
u05-002326,user2326@uni.edu,2026-07-22,IN
u05-002327,user2327@example.com,2026-06-27,AU
u05-002328,user2328@uni.edu,2026-03-23,IN
u05-002329,user2329@example.com,2026-02-28,GB
u05-002330,user2330@uni.edu,2026-03-18,IN
u05-002331,user2331@corp.io,2026-08-27,SG
u05-002332,user2332@uni.edu,2026-03-17,US
u05-002333,user2333@example.com,2026-09-19,GB
u05-002334,user2334@uni.edu,2026-03-25,SG
u05-002335,user2335@corp.io,2026-05-16,DE
u05-002336,user2336@uni.edu,2026-01-11,GB
u05-002337,user2337@uni.edu,2026-05-16,US
u05-002338,user2338@uni.edu,2026-02-28,US
u05-002339,user2339@uni.edu,2026-03-25,GB
u05-002340,user2340@example.com,2026-05-21,IN
u05-002341,user2341@example.com,2026-09-11,GB
u05-002342,user2342@mail.co.in,2026-04-17,IN
u05-002343,user2343@example.com,2026-05-21,US
u05-002344,user2344@mail.co.in,2026-06-16,DE
u05-002345,user2345@corp.io,2026-07-17,US
u05-002346,user2346@corp.io,2026-01-20,DE
u05-002347,user2347@example.com,2026-05-15,IN
u05-002348,user2348@mail.co.in,2026-09-11,US
u05-002349,user2349@corp.io,2026-05-28,SG
u05-002350,user2350@uni.edu,2026-07-10,DE
u05-002351,user2351@corp.io,2026-01-18,DE
u05-002352,user2352@corp.io,2026-06-14,DE
u05-002353,user2353@mail.co.in,2026-04-26,AU
u05-002354,user2354@mail.co.in,2026-02-16,GB
u05-002355,user2355@mail.co.in,2026-06-15,US
u05-002356,user2356@corp.io,2026-01-25,SG
u05-002357,user2357@corp.io,2026-07-26,AU
u05-002358,user2358@example.com,2026-07-16,DE
u05-002359,user2359@corp.io,2026-06-21,DE
u05-002360,user2360@mail.co.in,2026-09-14,AU
u05-002361,user2361@uni.edu,2026-05-24,SG
u05-002362,user2362@example.com,2026-02-10,AU
u05-002363,user2363@example.com,2026-08-21,US
u05-002364,user2364@mail.co.in,2026-06-18,IN
u05-002365,user2365@uni.edu,2026-06-22,US
u05-002366,user2366@corp.io,2026-05-25,SG
u05-002367,user2367@uni.edu,2026-04-25,US
u05-002368,user2368@mail.co.in,2026-06-16,GB
u05-002369,user2369@example.com,2026-03-23,DE
u05-002370,user2370@example.com,2026-01-12,AU
u05-002371,user2371@uni.edu,2026-09-21,AU
u05-002372,user2372@example.com,2026-03-13,SG
u05-002373,user2373@example.com,2026-05-10,AU
u05-002374,user2374@mail.co.in,2026-06-10,SG
u05-002375,user2375@example.com,2026-09-27,IN
u05-002376,user2376@mail.co.in,2026-05-28,SG
u05-002377,user2377@corp.io,2026-08-16,US
u05-002378,user2378@mail.co.in,2026-07-25,GB
u05-002379,user2379@mail.co.in,2026-02-17,AU
u05-002380,user2380@mail.co.in,2026-04-23,GB
u05-002381,user2381@corp.io,2026-04-14,US
u05-002382,user2382@mail.co.in,2026-04-22,US
u05-002383,user2383@mail.co.in,2026-08-11,GB
u05-002384,user2384@uni.edu,2026-03-22,US
u05-002385,user2385@mail.co.in,2026-08-19,DE
u05-002386,user2386@example.com,2026-05-18,GB
u05-002387,user2387@mail.co.in,2026-08-14,DE
u05-002388,user2388@mail.co.in,2026-03-23,GB
u05-002389,user2389@example.com,2026-07-14,SG
u05-002390,user2390@uni.edu,2026-09-21,AU
u05-002391,user2391@corp.io,2026-04-13,SG
u05-002392,user2392@uni.edu,2026-06-19,SG
u05-002393,user2393@uni.edu,2026-05-13,DE
u05-002394,user2394@example.com,2026-02-26,GB
u05-002395,user2395@mail.co.in,2026-06-12,SG
u05-002396,user2396@mail.co.in,2026-05-14,IN
u05-002397,user2397@mail.co.in,2026-08-28,IN
u05-002398,user2398@mail.co.in,2026-09-15,AU
u05-002399,user2399@uni.edu,2026-02-16,SG
u05-002400,user2400@corp.io,2026-01-14,AU
u05-002401,user2401@example.com,2026-04-11,US
u05-002402,user2402@example.com,2026-07-27,DE
u05-002403,user2403@mail.co.in,2026-09-20,AU
u05-002404,user2404@mail.co.in,2026-06-15,US
u05-002405,user2405@corp.io,2026-02-18,DE
u05-002406,user2406@example.com,2026-05-17,AU
u05-002407,user2407@uni.edu,2026-04-17,DE
u05-002408,user2408@uni.edu,2026-08-26,AU
u05-002409,user2409@example.com,2026-06-17,IN
u05-002410,user2410@example.com,2026-09-10,IN
u05-002411,user2411@uni.edu,2026-02-25,DE
u05-002412,user2412@corp.io,2026-07-16,AU
u05-002413,user2413@corp.io,2026-08-26,DE
u05-002414,user2414@mail.co.in,2026-05-27,IN
u05-002415,user2415@corp.io,2026-02-19,DE
u05-002416,user2416@corp.io,2026-03-27,AU
u05-002417,user2417@example.com,2026-08-25,SG
u05-002418,user2418@mail.co.in,2026-03-16,SG
u05-002419,user2419@uni.edu,2026-08-26,GB
u05-002420,user2420@uni.edu,2026-01-19,DE
u05-002421,user2421@mail.co.in,2026-06-12,AU
u05-002422,user2422@corp.io,2026-03-25,SG
u05-002423,user2423@uni.edu,2026-03-18,SG
u05-002424,user2424@corp.io,2026-01-22,US
u05-002425,user2425@corp.io,2026-05-28,SG
u05-002426,user2426@mail.co.in,2026-03-27,US
u05-002427,user2427@corp.io,2026-06-17,SG
u05-002428,user2428@corp.io,2026-07-25,AU
u05-002429,user2429@example.com,2026-07-27,GB
u05-002430,user2430@example.com,2026-03-28,GB
u05-002431,user2431@corp.io,2026-07-12,US
u05-002432,user2432@corp.io,2026-08-27,IN
u05-002433,user2433@mail.co.in,2026-09-27,SG
u05-002434,user2434@corp.io,2026-08-23,US
u05-002435,user2435@corp.io,2026-08-18,US
u05-002436,user2436@mail.co.in,2026-05-11,DE
u05-002437,user2437@mail.co.in,2026-07-23,GB
u05-002438,user2438@corp.io,2026-05-27,AU
u05-002439,user2439@corp.io,2026-01-10,IN
u05-002440,user2440@corp.io,2026-08-13,AU
u05-002441,user2441@uni.edu,2026-06-18,US
u05-002442,user2442@mail.co.in,2026-02-19,SG
u05-002443,user2443@corp.io,2026-06-25,US
u05-002444,user2444@uni.edu,2026-03-18,DE
u05-002445,user2445@uni.edu,2026-09-27,SG
u05-002446,user2446@example.com,2026-06-27,DE
u05-002447,user2447@corp.io,2026-06-17,IN
u05-002448,user2448@example.com,2026-04-23,GB
u05-002449,user2449@corp.io,2026-08-13,AU
u05-002450,user2450@uni.edu,2026-05-18,GB
u05-002451,user2451@corp.io,2026-06-16,AU
u05-002452,user2452@example.com,2026-04-21,US
u05-002453,user2453@uni.edu,2026-03-22,AU
u05-002454,user2454@example.com,2026-09-16,SG
u05-002455,user2455@example.com,2026-06-19,IN
u05-002456,user2456@example.com,2026-08-12,DE
u05-002457,user2457@corp.io,2026-06-16,US
u05-002458,user2458@example.com,2026-07-10,AU
u05-002459,user2459@uni.edu,2026-08-27,DE
u05-002460,user2460@corp.io,2026-06-24,AU
u05-002461,user2461@uni.edu,2026-07-21,
u05-002462,user2462@corp.io,2026-01-11,SG
u05-002463,user2463@example.com,2026-06-16,AU
u05-002464,user2464@example.com,2026-02-11,IN
u05-002465,user2465@corp.io,2026-03-14,US
u05-002466,user2466@mail.co.in,2026-06-10,US
u05-002467,user2467@mail.co.in,2026-07-23,SG
u05-002468,user2468@corp.io,2026-09-15,SG
u05-002469,user2469@mail.co.in,2026-01-10,SG
u05-002470,user2470@example.com,2026-03-16,IN
u05-002471,user2471@mail.co.in,2026-04-10,SG
u05-002472,user2472@mail.co.in,2026-04-11,DE
u05-002473,user2473@uni.edu,2026-05-20,DE
u05-002474,user2474@example.com,2026-01-19,SG
u05-002475,user2475@mail.co.in,2026-04-23,GB
u05-002476,user2476@example.com,2026-01-21,US
u05-002477,user2477@mail.co.in,2026-08-17,GB
u05-002478,user2478@corp.io,2026-02-15,AU
u05-002479,user2479@example.com,2026-08-17,DE
u05-002480,user2480@corp.io,2026-04-26,GB
u05-002481,user2481@mail.co.in,2026-02-19,DE
u05-002482,user2482@example.com,2026-08-24,GB
u05-002483,user2483@uni.edu,2026-02-19,DE
u05-002484,user2484@uni.edu,2026-07-24,AU
u05-002485,user2485@example.com,2026-06-17,AU
u05-002486,user2486@example.com,2026-06-21,US
u05-002487,user2487@mail.co.in,2026-01-17,DE
u05-002488,user2488@example.com,2026-01-18,IN
u05-002489,user2489@mail.co.in,2026-08-24,US
u05-002490,user2490@mail.co.in,2026-08-28,IN
u05-002491,user2491@mail.co.in,2026-07-26,DE
u05-002492,user2492@example.com,2026-04-16,US
u05-002493,user2493@example.com,2026-04-27,SG
u05-002494,user2494@example.com,2026-01-19,DE
u05-002495,user2495@corp.io,2026-01-11,IN
u05-002496,user2496@corp.io,2026-05-27,GB
u05-002497,user2497@mail.co.in,2026-07-14,GB
u05-002498,user2498@mail.co.in,2026-07-16,SG
u05-002499,user2499@corp.io,2026-08-23,US
u05-002500,user2500@mail.co.in,2026-05-15,US
u05-002501,user2501@mail.co.in,2026-02-16,US
u05-002502,user2502@uni.edu,2026-09-11,IN
u05-002503,user2503@mail.co.in,2026-08-11,DE
u05-002504,user2504@uni.edu,2026-04-11,US
u05-002505,user2505@corp.io,2026-05-13,IN
u05-002506,user2506@mail.co.in,2026-01-21,SG
u05-002507,user2507@corp.io,2026-04-15,SG
u05-002508,user2508@mail.co.in,2026-05-20,US
u05-002509,user2509@example.com,2026-09-13,IN
u05-002510,user2510@mail.co.in,2026-04-18,SG
u05-002511,user2511@example.com,2026-04-17,US
u05-002512,user2512@uni.edu,2026-02-17,GB
u05-002513,user2513@uni.edu,2026-07-26,SG
u05-002514,user2514@example.com,2026-03-18,AU
u05-002515,user2515@example.com,2026-04-24,GB
u05-002516,user2516@mail.co.in,2026-09-27,AU
u05-002517,user2517@example.com,2026-08-10,SG
u05-002518,user2518@example.com,2026-05-18,GB
u05-002519,user2519@corp.io,2026-06-27,US
u05-002520,user2520@corp.io,2026-09-23,US
u05-002521,user2521@example.com,2026-02-26,DE
u05-002522,user2522@mail.co.in,2026-09-24,DE
u05-002523,user2523@mail.co.in,2026-09-15,DE
u05-002524,user2524@uni.edu,2026-03-13,GB
u05-002525,user2525@mail.co.in,2026-05-23,GB
u05-002526,user2526@corp.io,2026-07-23,SG
u05-002527,user2527@example.com,2026-07-25,GB
u05-002528,user2528@corp.io,2026-05-27,US
u05-002529,user2529@mail.co.in,2026-05-21,AU
u05-002530,user2530@mail.co.in,2026-06-13,AU
u05-002531,user2531@example.com,2026-03-18,AU
u05-002532,user2532@mail.co.in,2026-04-10,GB
u05-002533,user2533@corp.io,2026-03-16,GB
u05-002534,user2534@corp.io,2026-05-19,SG
u05-002535,user2535@mail.co.in,2026-06-18,AU
u05-002536,user2536@corp.io,2026-01-12,US
u05-002537,user2537@uni.edu,2026-07-11,AU
u05-002538,user2538@example.com,2026-07-13,SG
u05-002539,user2539@uni.edu,2026-05-25,IN
u05-002540,user2540@example.com,2026-08-20,SG
u05-002541,user2541@corp.io,2026-09-21,DE
u05-002542,user2542@mail.co.in,2026-07-23,SG
u05-002543,user2543@mail.co.in,2026-01-13,SG
u05-002544,user2544@uni.edu,2026-02-12,US
u05-002545,user2545@uni.edu,2026-05-23,SG
u05-002546,user2546@corp.io,2026-05-15,GB
u05-002547,user2547@uni.edu,2026-06-10,US
u05-002548,user2548@corp.io,2026-06-15,GB
u05-002549,user2549@example.com,2026-05-11,IN
u05-002550,user2550@uni.edu,2026-07-25,US
u05-002551,user2551@example.com,2026-05-28,IN
u05-002552,user2552@corp.io,2026-06-23,IN
u05-002553,user2553@mail.co.in,2026-07-22,DE
u05-002554,user2554@uni.edu,2026-07-21,DE
u05-002555,user2555@mail.co.in,2026-09-18,GB
u05-002556,user2556@corp.io,2026-08-18,AU
u05-002557,user2557@mail.co.in,2026-03-15,SG
u05-002558,user2558@mail.co.in,2026-08-26,IN
u05-002559,user2559@uni.edu,2026-06-25,DE
u05-002560,user2560@mail.co.in,2026-06-11,DE
u05-002561,user2561@mail.co.in,2026-05-11,US
u05-002562,user2562@corp.io,2026-02-13,SG
u05-002563,user2563@example.com,2026-08-17,GB
u05-002564,user2564@uni.edu,2026-04-19,DE
u05-002565,user2565@uni.edu,2026-01-21,IN
u05-002566,user2566@uni.edu,2026-06-28,SG
u05-002567,user2567@mail.co.in,2026-09-28,IN
u05-002568,user2568@uni.edu,2026-09-10,US
u05-002569,user2569@mail.co.in,2026-05-28,GB
u05-002570,user2570@corp.io,2026-07-11,US
u05-002571,user2571@mail.co.in,2026-08-22,AU
u05-002572,user2572@uni.edu,2026-05-16,SG
u05-002573,user2573@corp.io,2026-09-17,IN
u05-002574,user2574@uni.edu,2026-06-28,AU
u05-002575,user2575@mail.co.in,2026-09-20,SG
u05-002576,user2576@example.com,2026-03-24,US
u05-002577,user2577@uni.edu,2026-02-16,AU
u05-002578,user2578@example.com,2026-02-16,IN
u05-002579,user2579@uni.edu,2026-04-26,GB
u05-002580,user2580@uni.edu,2026-09-23,US
u05-002581,user2581@corp.io,2026-01-26,DE
u05-002582,user2582@mail.co.in,2026-04-18,IN
u05-002583,user2583@mail.co.in,2026-06-10,DE
u05-002584,user2584@mail.co.in,2026-08-26,IN
u05-002585,user2585@example.com,2026-07-20,AU
u05-002586,user2586@example.com,2026-06-11,GB
u05-002587,user2587@mail.co.in,2026-08-28,SG
u05-002588,user2588@uni.edu,2026-08-27,DE
u05-002589,user2589@mail.co.in,2026-02-21,GB
u05-002590,user2590@uni.edu,2026-04-19,US
u05-002591,user2591@example.com,2026-05-28,GB
u05-002592,user2592@mail.co.in,2026-05-13,US
u05-002593,user2593@example.com,2026-09-26,IN
u05-002594,user2594@uni.edu,2026-01-22,GB
u05-002595,user2595@example.com,2026-05-19,DE
u05-002596,user2596@example.com,2026-06-23,SG
u05-002597,user2597@example.com,2026-03-28,IN
u05-002598,user2598@uni.edu,2026-03-24,SG
u05-002599,user2599@uni.edu,2026-06-15,US
u05-002600,user2600@uni.edu,2026-07-15,SG
u05-002601,user2601@uni.edu,2026-01-10,DE
u05-002602,user2602@mail.co.in,2026-02-13,GB
u05-002603,user2603@mail.co.in,2026-01-12,US
u05-002604,user2604@example.com,2026-01-22,IN
u05-002605,user2605@example.com,2026-02-24,US
u05-002606,user2606@example.com,2026-07-17,IN
u05-002607,user2607@corp.io,2026-05-13,SG
u05-002608,user2608@uni.edu,2026-04-26,US
u05-002609,user2609@uni.edu,2026-05-18,US
u05-002610,user2610@mail.co.in,2026-08-24,GB
u05-002611,user2611@uni.edu,2026-09-11,SG
u05-002612,user2612@mail.co.in,2026-08-28,SG
u05-002613,user2613@example.com,2026-01-18,IN
u05-002614,user2614@corp.io,2026-07-20,SG
u05-002615,user2615@corp.io,2026-09-14,AU
u05-002616,user2616@corp.io,2026-01-22,AU
u05-002617,user2617@mail.co.in,2026-04-24,US
u05-002618,user2618@corp.io,2026-03-12,AU
u05-002619,user2619@mail.co.in,2026-05-22,US
u05-002620,user2620@uni.edu,2026-02-11,SG
u05-002621,user2621@corp.io,2026-05-12,GB
u05-002622,user2622@example.com,2026-03-26,US
u05-002623,user2623@mail.co.in,2026-07-15,SG
u05-002624,user2624@example.com,2026-06-23,GB
u05-002625,user2625@uni.edu,2026-08-15,SG
u05-002626,user2626@uni.edu,2026-07-19,IN
u05-002627,user2627@example.com,2026-08-12,SG
u05-002628,user2628@example.com,2026-05-24,GB
u05-002629,user2629@uni.edu,2026-04-24,IN
u05-002630,user2630@corp.io,2026-04-19,IN
u05-002631,user2631@corp.io,2026-08-20,DE
u05-002632,user2632@example.com,2026-01-18,IN
u05-002633,user2633@uni.edu,2026-03-26,DE
u05-002634,user2634@example.com,2026-09-26,SG
u05-002635,user2635@corp.io,2026-02-28,IN
u05-002636,user2636@example.com,2026-08-25,AU
u05-002637,user2637@example.com,2026-01-14,SG
u05-002638,user2638@corp.io,2026-05-21,DE
u05-002639,user2639@mail.co.in,2026-01-17,SG
u05-002640,user2640@corp.io,2026-04-20,GB
u05-002641,user2641@uni.edu,2026-09-17,DE
u05-002642,user2642@uni.edu,2026-06-26,US
u05-002643,user2643@example.com,2026-04-20,SG
u05-002644,user2644@corp.io,2026-02-14,IN
u05-002645,user2645@example.com,2026-06-28,DE
u05-002646,user2646@uni.edu,2026-09-15,GB
u05-002647,user2647@uni.edu,2026-06-17,US
u05-002648,user2648@mail.co.in,2026-04-27,GB
u05-002649,user2649@uni.edu,2026-08-21,US
u05-002650,user2650@uni.edu,2026-08-22,DE
u05-002651,user2651@example.com,2026-06-21,SG
u05-002652,user2652@mail.co.in,2026-06-12,IN
u05-002653,user2653@example..com,2026-04-24,GB
u05-002654,user2654@example.com,2026-07-26,IN
u05-002655,user2655@uni.edu,2026-02-23,SG
u05-002656,user2656@corp.io,2026-02-18,US
u05-002657,user2657@mail.co.in,2026-04-14,US
u05-002658,user2658@mail.co.in,2026-04-24,IN
u05-002659,user2659@example.com,2026-01-14,SG
u05-002660,user2660@uni.edu,2026-03-22,SG
u05-002661,user2661@example.com,2026-02-28,US
u05-002662,user2662@corp.io,2026-03-17,AU
u05-002663,user2663@corp.io,2026-02-25,SG
u05-002664,user2664@uni.edu,2026-01-17,IN
u05-002665,user2665@corp.io,2026-06-10,US
u05-002666,user2666@corp.io,2026-02-28,SG
u05-002667,user2667@example.com,2026-06-16,GB
u05-002668,user2668@corp.io,2026-08-11,DE
u05-002669,user2669@example.com,2026-03-24,GB
u05-002670,user2670@example.com,2026-03-21,DE
u05-002671,user2671@uni.edu,2026-08-22,DE
u05-002672,user2672@example.com,2026-06-16,GB
u05-002673,user2673@corp.io,2026-01-10,GB
u05-002674,user2674@example.com,2026-03-18,IN
u05-002675,user2675@example.com,2026-07-22,GB
u05-002676,user2676@uni.edu,2026-03-28,SG
u05-002677,user2677@mail.co.in,2026-08-23,GB
u05-002678,user2678@example.com,2026-09-10,US
u05-002679,user2679@example.com,2026-09-15,AU
u05-002680,user2680@example.com,2026-07-26,SG
u05-002681,user2681@mail.co.in,2026-01-18,US
u05-002682,user2682@mail.co.in,2026-05-19,IN
u05-002683,user2683@example.com,2026-09-15,SG
u05-002684,user2684@corp.io,2026-07-21,DE
u05-002685,user2685@corp.io,2026-04-12,SG
u05-002686,user2686@uni.edu,2026-03-14,IN
u05-002687,user2687@corp.io,2026-03-17,IN
u05-002688,user2688@corp.io,2026-05-11,SG
u05-002689,user2689@example.com,2026-08-23,GB
u05-002690,user2690@corp.io,2026-07-23,IN
u05-002691,user2691@mail.co.in,2026-03-19,US
u05-002692,user2692@mail.co.in,2026-07-17,SG
u05-002693,user2693@uni.edu,2026-02-23,SG
u05-002694,user2694@uni.edu,2026-09-27,US
u05-002695,user2695@mail.co.in,2026-04-23,AU
u05-002696,user2696@mail.co.in,2026-07-28,DE
u05-002697,user2697@example.com,2026-08-11,DE
u05-002698,user2698@corp.io,2026-03-12,SG
u05-002699,user2699@corp.io,2026-07-23,DE
u05-002700,user2700@uni.edu,2026-09-18,GB
u05-002701,user2701@example.com,2026-07-10,GB
u05-002702,user2702@corp.io,2026-07-11,IN
u05-002703,user2703@mail.co.in,2026-07-22,DE
u05-002704,user2704@uni.edu,2026-02-19,DE
u05-002705,user2705@uni.edu,2026-02-12,US
u05-002706,user2706@uni.edu,2026-03-13,DE
u05-002707,user2707@example.com,2026-05-10,US
u05-002708,user2708@example.com,2026-08-17,SG
u05-002709,user2709@uni.edu,2026-09-20,DE
u05-002710,user2710@mail.co.in,2026-04-25,SG
u05-002711,user2711@uni.edu,2026-06-15,DE
u05-002712,user2712@corp.io,2026-01-10,GB
u05-002713,user2713@corp.io,2026-03-27,SG
u05-002714,user2714@mail.co.in,2026-05-19,DE
u05-002715,user2715@uni.edu,2026-01-28,SG
u05-002716,user2716@example.com,2026-08-14,DE
u05-002717,user2717@uni.edu,2026-01-15,AU
u05-002718,user2718@example.com,2026-08-18,IN
u05-002719,user2719@example.com,2026-04-15,AU
u05-002720,user2720@corp.io,2026-07-27,US
u05-002721,user2721@mail.co.in,2026-02-16,GB
u05-002722,user2722@mail.co.in,2026-04-25,AU
u05-002723,user2723@corp.io,2026-02-15,IN
u05-002724,user2724@example.com,2026-01-23,GB
u05-002725,user2725@example.com,2026-05-19,AU
u05-002726,user2726@uni.edu,2026-09-25,DE
u05-002727,user2727@uni.edu,2026-02-28,IN
u05-002728,user2728@uni.edu,2026-03-11,DE
u05-002729,user2729@uni.edu,2026-01-26,US
u05-002730,user2730@example.com,2026-08-24,DE
u05-002731,user2731@corp.io,2026-01-18,GB
u05-002732,user2732@corp.io,2026-03-10,DE
u05-002733,user2733@uni.edu,2026-04-11,AU
u05-002734,user2734@mail.co.in,2026-07-12,SG
u05-002735,user2735@corp.io,2026-06-27,IN
u05-002736,user2736@mail.co.in,2026-03-13,DE
u05-002737,user2737@uni.edu,2026-09-17,US
u05-002738,user2738@uni.edu,2026-09-23,US
u05-002739,user2739@uni.edu,2026-03-21,DE
u05-002740,user2740@corp.io,2026-08-11,US
u05-002741,user2741@corp.io,2026-05-19,AU
u05-002742,user2742@mail.co.in,2026-04-21,SG
u05-002743,user2743@example.com,2026-01-26,US
u05-002744,user2744@mail.co.in,2026-05-20,IN
u05-002745,user2745@corp.io,2026-08-18,AU
u05-002746,user2746@uni.edu,2026-02-24,SG
u05-002747,user2747@mail.co.in,2026-04-22,GB
u05-002748,user2748@corp.io,2026-02-16,SG
u05-002749,user2749@uni.edu,2026-05-28,DE
u05-002750,user2750@corp.io,2026-05-24,SG
u05-002751,user2751@corp.io,2026-07-20,GB
u05-002752,user2752@example.com,2026-05-17,SG
u05-002753,user2753@corp.io,2026-09-10,SG
u05-002754,user2754@example.com,2026-01-23,IN
u05-002755,user2755@mail.co.in,2026-09-28,DE
u05-002756,user2756@corp.io,2026-06-18,IN
u05-002757,user2757@example.com,2026-03-28,IN
u05-002758,user2758@uni.edu,2026-01-26,DE
u05-002759,user2759@example.com,2026-03-24,DE
u05-002760,user2760@corp.io,2026-06-22,AU
u05-002761,user2761@corp.io,2026-01-26,DE
u05-002762,user2762@example.com,2026-06-28,US
u05-002763,user2763@example.com,2026-09-10,GB
u05-002764,user2764@corp.io,2026-07-26,SG
u05-002765,user2765@corp.io,2026-08-12,AU
u05-002766,user2766@mail.co.in,2026-08-12,AU
u05-002767,user2767@uni.edu,2026-07-23,GB
u05-002768,user2768@corp.io,2026-08-14,SG
u05-002769,user2769@uni.edu,2026-01-11,US
u05-002770,user2770@uni.edu,2026-02-12,IN
u05-002771,user2771@mail.co.in,2026-07-17,US
u05-002772,user2772@example.com,2026-09-11,IN
u05-002773,user2773@example.com,2026-08-17,US
u05-002774,user2774@uni.edu,2026-05-12,US
u05-002775,user2775@example.com,2026-08-18,US
u05-002776,user2776@corp.io,2026-06-28,IN
u05-002777,user2777@uni.edu,2026-07-10,SG
u05-002778,user2778@mail.co.in,2026-04-19,IN
u05-002779,user2779@example.com,2026-08-28,SG
u05-002780,user2780@example.com,2026-09-15,US
u05-002781,user2781@example.com,2026-07-27,SG
u05-002782,user2782@corp.io,2026-05-21,AU
u05-002783,user2783@example.com,2026-09-23,AU
u05-002784,user2784@corp.io,2026-04-28,SG
u05-002785,user2785@example.com,2026-07-14,IN
u05-002786,user2786@corp.io,2026-07-28,DE
u05-002787,user2787@uni.edu,2026-06-24,AU
u05-002788,user2788@corp.io,2026-06-10,DE
u05-002789,user2789@uni.edu,2026-02-27,SG
u05-002790,user2790@corp.io,2026-03-20,IN
u05-002791,user2791@mail.co.in,2026-04-23,SG
u05-002792,user2792@corp.io,2026-05-20,GB
u05-002793,user2793@uni.edu,2026-05-21,DE
u05-002794,user2794@mail.co.in,2026-02-22,SG
u05-002795,user2795@example.com,2026-06-15,DE
u05-002796,user2796@mail.co.in,2026-07-12,GB
u05-002797,user2797@mail.co.in,2026-07-17,DE
u05-002798,user2798@uni.edu,2026-09-17,US
u05-002799,user2799@uni.edu,2026-04-27,IN
u05-002800,user2800@mail.co.in,2026-08-10,DE
u05-002801,user2801@example.com,2026-05-26,SG
u05-002802,user2802@example.com,2026-06-17,DE
u05-002803,user2803@example.com,2026-04-18,US
u05-002804,user2804@mail.co.in,2026-03-26,SG
u05-002805,user2805@mail.co.in,2026-01-15,GB
u05-002806,user2806@uni.edu,2026-05-18,IN
u05-002807,user2807@example.com,2026-04-19,GB
u05-002808,user2808@example.com,2026-02-28,IN
u05-002809,user2809@mail.co.in,2026-01-27,SG
u05-002810,user2810@example.com,2026-05-22,IN
u05-002811,user2811@mail.co.in,2026-03-23,GB
u05-002812,user2812@uni.edu,2026-06-17,SG
u05-002813,user2813@uni.edu,2026-01-22,AU
u05-002814,user2814@mail.co.in,2026-05-21,IN
u05-002815,user2815@uni.edu,2026-09-27,DE
u05-002816,user2816@corp.io,2026-09-23,DE
u05-002817,user2817@corp.io,2026-05-23,AU
u05-002818,user2818@corp.io,2026-01-26,IN
u05-002819,user2819@mail.co.in,2026-07-13,GB
u05-002820,user2820@corp.io,2026-08-23,IN
u05-002821,user2821@mail.co.in,2026-05-26,DE
u05-002822,user2822@mail.co.in,2026-01-16,IN
u05-002823,user2823@mail.co.in,2026-02-23,DE
u05-002824,user2824@example.com,2026-04-28,AU
u05-002825,user2825@mail.co.in,2026-05-28,US
u05-002826,user2826@mail.co.in,2026-01-25,US
u05-002827,user2827@corp.io,2026-07-12,DE
u05-002828,user2828@example.com,2026-02-24,SG
u05-002829,user2829@example.com,2026-06-25,GB
u05-002830,user2830@mail.co.in,2026-06-28,GB
u05-002831,user2831@mail.co.in,2026-04-13,GB
u05-002832,user2832@uni.edu,2026-01-17,US
u05-002833,user2833@corp.io,2026-02-25,DE
u05-002834,user2834@mail.co.in,2026-01-26,AU
u05-002835,user2835@mail.co.in,2026-04-21,SG
u05-002836,user2836@mail.co.in,2026-02-16,IN
u05-002837,user2837@example.com,2026-03-13,AU
u05-002838,user2838@mail.co.in,2026-08-27,IN
u05-002839,user2839@example.com,2026-04-12,SG
u05-002840,user2840@uni.edu,2026-08-25,SG
u05-002841,user2841@uni.edu,2026-06-22,IN
u05-002842,user2842@uni.edu,2026-08-19,SG
u05-002843,user2843@mail.co.in,2026-08-19,DE
u05-002844,user2844@example.com,2026-01-19,IN
u05-002845,user2845@uni.edu,2026-07-18,IN
u05-002846,user2846@uni.edu,2026-09-20,DE
u05-002847,user2847@example.com,2026-07-10,US
u05-002848,user2848@example.com,2026-05-24,US
u05-002849,user2849@corp.io,2026-05-15,US
u05-002850,user2850@corp.io,2026-04-24,US
u05-002851,user2851@corp.io,2026-05-16,AU
u05-002852,user2852@example.com,2026-05-12,DE
u05-002853,user2853@mail.co.in,2026-04-13,DE
u05-002854,user2854@example.com,2026-03-18,IN
u05-002855,user2855@uni.edu,2026-07-22,DE
u05-002856,user2856@corp.io,2026-09-11,AU
u05-002857,user2857@uni.edu,2026-04-10,US
u05-002858,user2858@mail.co.in,2026-07-26,SG
u05-002859,user2859@corp.io,2026-03-20,SG
u05-002860,user2860@uni.edu,2026-02-22,GB
u05-002861,user2861@example.com,2026-06-26,SG
u05-002862,user2862@example.com,2026-04-21,SG
u05-002863,user2863@mail.co.in,2026-02-13,IN
u05-002864,user2864@example.com,2026-04-24,SG
u05-002865,user2865@corp.io,2026-03-13,GB
u05-002866,user2866@example.com,2026-09-19,IN
u05-002867,user2867@uni.edu,2026-05-17,AU
u05-002868,user2868@corp.io,2026-01-12,IN
u05-002869,user2869@mail.co.in,2026-08-21,IN
u05-002870,user2870@corp.io,2026-04-26,DE
u05-002871,user2871@corp.io,2026-03-10,AU
u05-002872,user2872@corp.io,2026-08-15,GB
u05-002873,user2873@mail.co.in,2026-09-13,GB
u05-002874,user2874@mail.co.in,2026-08-15,SG
u05-002875,user2875@example.com,2026-02-10,IN
u05-002876,user2876@example.com,2026-03-11,US
u05-002877,user2877@example.com,2026-04-22,AU
u05-002878,user2878@example.com,2026-08-14,SG
u05-002879,user2879@example.com,2026-01-21,SG
u05-002880,user2880@mail.co.in,2026-06-22,DE
u05-002881,user2881@mail.co.in,2026-02-12,AU
u05-002882,user2882@example.com,2026-06-21,IN
u05-002883,user2883@uni.edu,2026-06-24,SG
u05-002884,user2884@corp.io,2026-05-10,AU
u05-002885,user2885@corp.io,2026-06-24,AU
u05-002886,user2886@uni.edu,2026-09-10,IN
u05-002887,user2887@corp.io,2026-03-27,SG
u05-002888,user2888@corp.io,2026-05-28,IN
u05-002889,user2889@corp.io,2026-09-18,GB
u05-002890,user2890@uni.edu,2026-09-27,DE
u05-002891,user2891@corp.io,2026-08-15,US
u05-002892,user2892@mail.co.in,2026-01-15,SG
u05-002893,user2893@mail.co.in,2026-03-28,SG
u05-002894,user2894@uni.edu,2026-01-22,AU
u05-002895,user2895@example.com,2026-04-13,GB
u05-002896,user2896@uni.edu,2026-07-17,IN
u05-002897,user2897@corp.io,2026-06-17,GB
u05-002898,user2898@mail.co.in,2026-09-21,US
u05-002899,user2899@mail.co.in,2026-05-17,DE
u05-002900,user2900@corp.io,2026-09-24,DE
u05-002901,user2901@corp.io,2026-08-15,US
u05-002902,user2902@example.com,2026-02-12,DE
u05-002903,user2903@uni.edu,2026-09-27,AU
u05-002904,user2904@example.com,2026-07-13,DE
u05-002905,user2905@mail.co.in,2026-09-12,IN
u05-002906,user2906@corp.io,2026-04-17,SG
u05-002907,user2907@example.com,2026-02-11,DE
u05-002908,user2908@example.com,2026-08-26,SG
u05-002909,user2909@corp.io,2026-07-14,DE
u05-002910,user2910@corp.io,2026-09-26,AU
u05-002911,user2911@corp.io,2026-03-15,AU
u05-002912,user2912@uni.edu,2026-07-11,AU
u05-002913,user2913@uni.edu,2026-02-11,IN
u05-002914,user2914@corp.io,2026-04-22,IN
u05-002915,user2915@corp.io,2026-01-23,IN
u05-002916,user2916@corp.io,2026-02-10,SG
u05-002917,user2917@mail.co.in,2026-01-10,AU
u05-002918,user2918@uni.edu,2026-06-24,GB
u05-002919,user2919@corp.io,2026-08-25,GB
u05-002920,user2920@uni.edu,2026-04-17,IN
u05-002921,user2921@example.com,2026-09-13,US
u05-002922,user2922@uni.edu,2026-02-18,US
u05-002923,user2923@uni.edu,2026-04-28,IN
u05-002924,user2924@example.com,2026-05-18,GB
u05-002925,user2925@uni.edu,2026-05-26,IN
u05-002926,user2926@example.com,2026-09-11,US
u05-002927,user2927@corp.io,2026-09-24,GB
u05-002928,user2928@corp.io.,2026-07-28,US
u05-002929,user2929@corp.io,2026-07-14,SG
u05-002930,user2930@example.com,2026-06-10,SG
u05-002931,user2931@uni.edu,2026-08-27,IN
u05-002932,user2932@example.com,2026-08-17,US
u05-002933,user2933@corp.io,2026-03-25,US
u05-002934,user2934@example.com,2026-05-26,AU
u05-002935,user2935@mail.co.in,2026-07-27,DE
u05-002936,user2936@corp.io,2026-03-12,GB
u05-002937,user2937@example.com,2026-06-20,DE
u05-002938,user2938@mail.co.in,2026-06-16,AU
u05-002939,user2939@corp.io,2026-05-15,SG
u05-002940,user2940@corp.io,2026-05-18,US
u05-002941,user2941@mail.co.in,2026-07-10,AU
u05-002942,user2942@uni.edu,2026-04-21,SG
u05-002943,user2943@example.com,2026-02-22,SG
u05-002944,user2944@uni.edu,2026-09-27,IN
u05-002945,user2945@mail.co.in,2026-01-24,DE
u05-002946,user2946@uni.edu,2026-04-18,IN
u05-002947,user2947@corp.io,2026-05-10,IN
u05-002948,user2948@mail.co.in,2026-01-12,DE
u05-002949,user2949@uni.edu,2026-04-25,GB
u05-002950,user2950@corp.io,2026-03-18,SG
u05-002951,user2951@example.com,2026-08-25,GB
u05-002952,user2952@example.com,2026-05-22,SG
u05-002953,user2953@uni.edu,2026-09-23,IN
u05-002954,user2954@mail.co.in,2026-06-23,IN
u05-002955,user2955@mail.co.in,2026-07-15,AU
u05-002956,user2956@mail.co.in,2026-04-14,AU
u05-002957,user2957@corp.io,2026-07-27,GB
u05-002958,user2958@mail.co.in,2026-05-14,US
u05-002959,user2959@example.com,2026-03-23,AU
u05-002960,user2960@example.com,2026-05-26,DE
u05-002961,user2961@uni.edu,2026-02-22,GB
u05-002962,user2962@example.com,2026-02-23,GB
u05-002963,user2963@uni.edu,2026-01-25,AU
u05-002964,user2964@uni.edu,2026-02-17,GB
u05-002965,user2965@corp.io,2026-06-16,SG
u05-002966,user2966@uni.edu,2026-06-27,GB
u05-002967,user2967@corp.io,2026-08-21,SG
u05-002968,user2968@example.com,2026-02-10,GB
u05-002969,user2969@uni.edu,2026-01-10,AU
u05-002970,user2970@mail.co.in,2026-06-12,SG
u05-002971,user2971@uni.edu,2026-02-22,GB
u05-002972,user2972@mail.co.in,2026-06-19,DE
u05-002973,user2973@mail.co.in,2026-06-26,IN
u05-002974,user2974@corp.io,2026-04-17,IN
u05-002975,user2975@mail.co.in,2026-03-26,GB
u05-002976,user2976@corp.io,2026-09-28,IN
u05-002977,user2977@example.com,2026-07-14,GB
u05-002978,user2978@mail.co.in,2026-03-27,SG
u05-002979,user2979@corp.io,2026-01-11,DE
u05-002980,user2980@uni.edu,2026-08-16,DE
u05-002981,user2981@example.com,2026-08-15,AU
u05-002982,user2982@mail.co.in,2026-06-25,SG
u05-002983,user2983@mail.co.in,2026-02-27,IN
u05-002984,user2984@uni.edu,2026-09-13,SG
u05-002985,user2985@example.com,2026-08-20,GB
u05-002986,user2986@uni.edu,2026-07-15,IN
u05-002987,user2987@mail.co.in,2026-08-23,AU
u05-002988,user2988@mail.co.in,2026-01-14,IN
u05-002989,user2989@uni.edu,2026-07-21,AU
u05-002990,user2990@uni.edu,2026-02-11,US
u05-002991,user2991@example.com,2026-01-12,SG
u05-002992,user2992@uni.edu,2026-07-13,GB
u05-002993,user2993@mail.co.in,2026-01-27,IN
u05-002994,user2994@mail.co.in,2026-06-20,GB
u05-002995,user2995@uni.edu,2026-05-11,IN
u05-002996,user2996@corp.io,2026-04-10,SG
u05-002997,user2997@corp.io,2026-04-17,US
u05-002998,user2998@example.com,2026-09-23,AU
u05-002999,user2999@corp.io,2026-06-17,AU
u05-003000,user3000@example.com,2026-08-14,GB
u05-003001,user3001@mail.co.in,2026-03-16,DE
u05-003002,user3002@example.com,2026-09-19,GB
u05-003003,user3003@uni.edu,2026-03-14,DE
u05-003004,user3004@corp.io,2026-08-14,IN
u05-003005,user3005@mail.co.in,2026-04-22,GB
u05-003006,user3006@example.com,2026-09-23,AU
u05-003007,user3007@example.com,2026-09-11,DE
u05-003008,user3008@corp.io,2026-09-12,GB
u05-003009,user3009@corp.io,2026-02-25,AU
u05-003010,user3010@corp.io,2026-09-28,IN
u05-003011,user3011@corp.io,2026-04-12,
u05-003012,user3012@example.com,2026-06-26,AU
u05-003013,user3013@corp.io,2026-07-18,GB
u05-003014,user3014@corp.io,2026-01-26,DE
u05-003015,user3015@corp.io,2026-01-27,IN
u05-003016,user3016@mail.co.in,2026-01-25,IN
u05-003017,user3017@example.com,2026-03-26,DE
u05-003018,user3018@uni.edu,2026-01-14,SG
u05-003019,user3019@corp.io,2026-09-18,GB
u05-003020,user3020@mail.co.in,2026-06-28,DE
u05-003021,user3021@uni.edu,2026-09-20,GB
u05-003022,user3022@example.com,2026-08-13,GB
u05-003023,user3023@corp.io,2026-08-26,US
u05-003024,user3024@corp.io,2026-03-23,IN
u05-003025,user3025@corp.io,2026-08-22,US
u05-003026,user3026@mail.co.in,2026-01-24,AU
u05-003027,user3027@example.com,2026-08-10,US
u05-003028,user3028@example.com,2026-04-26,IN
u05-003029,user3029@example.com,2026-08-17,US
u05-003030,user3030@example.com,2026-03-23,US
u05-003031,user3031@uni.edu,2026-05-11,IN
u05-003032,user3032@uni.edu,2026-05-17,GB
u05-003033,user3033@corp.io,2026-09-15,IN
u05-003034,user3034@mail.co.in,2026-05-10,US
u05-003035,user3035@corp.io,2026-09-17,DE
u05-003036,user3036@example.com,2026-01-21,US
u05-003037,user3037@uni.edu,2026-03-11,DE
u05-003038,user3038@mail.co.in,2026-04-26,AU
u05-003039,user3039@uni.edu,2026-01-12,US
u05-003040,user3040@mail.co.in,2026-08-23,GB
u05-003041,user3041@uni.edu,2026-05-22,GB
u05-003042,user3042@corp.io,2026-06-15,DE
u05-003043,user3043@uni.edu,2026-03-24,IN
u05-003044,user3044@mail.co.in,2026-07-17,GB
u05-003045,user3045@mail.co.in,2026-06-16,AU
u05-003046,user3046@corp.io,2026-09-28,GB
u05-003047,user3047@example.com,2026-07-10,DE
u05-003048,user3048@uni.edu,2026-04-25,IN
u05-003049,user3049@mail.co.in,2026-02-27,US
u05-003050,user3050@uni.edu,2026-08-14,AU
u05-003051,user3051@corp.io,2026-08-14,SG
u05-003052,user3052@example.com,2026-01-19,IN
u05-003053,user3053@mail.co.in,2026-02-21,AU
u05-003054,user3054@corp.io,2026-05-17,GB
u05-003055,user3055@mail.co.in,2026-03-16,SG
u05-003056,user3056@corp.io,2026-09-15,GB
u05-003057,user3057@example.com,2026-09-15,SG
u05-003058,user3058@uni.edu,2026-01-24,IN
u05-003059,user3059@corp.io,2026-03-25,AU
u05-003060,user3060@mail.co.in,2026-01-22,SG
u05-003061,user3061@uni.edu,2026-02-17,GB
u05-003062,user3062@mail.co.in,2026-08-16,AU
u05-003063,user3063@mail.co.in,2026-04-12,IN
u05-003064,user3064@mail.co.in,2026-05-22,GB
u05-003065,user3065@mail.co.in,2026-09-27,SG
u05-003066,user3066@corp.io,2026-05-27,SG
u05-003067,user3067@example.com,2026-02-27,IN
u05-003068,user3068@uni.edu,2026-06-17,AU
u05-003069,user3069@uni.edu,2026-04-15,US
u05-003070,user3070@uni.edu,2026-02-12,DE
u05-003071,user3071@mail.co.in,2026-05-28,AU
u05-003072,user3072@mail.co.in,2026-08-15,US
u05-003073,user3073@mail.co.in,2026-07-28,SG
u05-003074,user3074@example.com,2026-02-24,SG
u05-003075,user3075@mail.co.in,2026-01-24,IN
u05-003076,user3076@corp.io,2026-01-25,US
u05-003077,user3077@example.com,2026-01-26,US
u05-003078,user3078@uni.edu,2026-01-17,DE
u05-003079,user3079@corp.io,2026-04-13,US
u05-003080,user3080@example.com,2026-03-16,SG
u05-003081,user3081@uni.edu,2026-04-14,US
u05-003082,user3082@corp.io,2026-02-28,SG
u05-003083,user3083@corp.io,2026-09-22,GB
u05-003084,user3084@corp.io,2026-07-28,SG
u05-003085,user3085@example.com,2026-06-28,AU
u05-003086,user3086@corp.io,2026-07-25,IN
u05-003087,user3087@mail.co.in,2026-03-25,US
u05-003088,user3088@uni.edu,2026-03-25,DE
u05-003089,user3089@mail.co.in,2026-09-10,IN
u05-003090,user3090@uni.edu,2026-03-16,US
u05-003091,user3091@uni.edu,2026-03-22,DE
u05-003092,user3092@example.com,2026-05-13,US
u05-003093,user3093@example.com,2026-03-21,GB
u05-003094,user3094@mail.co.in,2026-01-17,GB
u05-003095,user3095@uni.edu,2026-02-28,DE
u05-003096,user3096@mail.co.in,2026-01-24,AU
u05-003097,user3097@corp.io,2026-01-25,GB
u05-003098,user3098@mail.co.in,2026-04-22,IN
u05-003099,user3099@mail.co.in,2026-01-22,IN
u05-003100,user3100@corp.io,2026-02-14,SG
u05-003101,user3101@mail.co.in,2026-04-27,US
u05-003102,user3102@corp.io,2026-02-14,DE
u05-003103,user3103@example.com,2026-09-28,DE
u05-003104,user3104@uni.edu,2026-07-11,SG
u05-003105,user3105@corp.io,2026-08-17,GB
u05-003106,user3106@corp.io,2026-06-14,IN
u05-003107,user3107@corp.io,2026-09-28,SG
u05-003108,user3108@mail.co.in,2026-07-26,SG
u05-003109,user3109@uni.edu,2026-07-17,US
u05-003110,user3110@corp.io,2026-01-27,IN
u05-003111,user3111@corp.io,2026-09-12,US
u05-003112,user3112@example.com,2026-04-19,US
u05-003113,user3113@example.com,2026-08-26,US
u05-003114,user3114@corp.io,2026-08-28,IN
u05-003115,user3115@mail.co.in,2026-08-23,DE
u05-003116,user3116@uni.edu,2026-08-10,DE
u05-003117,user3117@corp.io,2026-04-21,DE
u05-003118,user3118@example.com,2026-08-27,SG
u05-003119,user3119@uni.edu,2026-01-25,US
u05-003120,user3120@mail.co.in,2026-05-27,AU
u05-003121,user3121@example.com,2026-08-28,GB
u05-003122,user3122@example.com,2026-01-19,US
u05-003123,user3123@example.com,2026-03-20,US
u05-003124,user3124@example.com,2026-07-22,DE
u05-003125,user3125@uni.edu,2026-06-22,GB
u05-003126,user3126@uni.edu,2026-07-28,GB
u05-003127,user3127@mail.co.in,2026-03-16,SG
u05-003128,user3128@mail.co.in,2026-04-12,US
u05-003129,user3129@corp.io,2026-01-23,GB
u05-003130,user3130@corp.io,2026-01-15,IN
u05-003131,user3131@corp.io,2026-05-27,IN
u05-003132,user3132@mail.co.in,2026-08-24,SG
u05-003133,user3133@corp.io,2026-08-26,IN
u05-003134,user3134@mail.co.in,2026-01-21,GB
u05-003135,user3135@corp.io,2026-05-16,IN
u05-003136,user3136@uni.edu,2026-02-17,AU
u05-003137,user3137@example.com,2026-01-21,AU
u05-003138,user3138@uni.edu,2026-03-10,DE
u05-003139,user3139@mail.co.in,2026-08-15,US
u05-003140,user3140@uni.edu,2026-01-19,GB
u05-003141,user3141@uni.edu,2026-04-25,US
u05-003142,user3142@mail.co.in,2026-06-23,DE
u05-003143,user3143@mail.co.in,2026-06-19,US
u05-003144,user3144@example.com,2026-08-23,DE
u05-003145,user3145@mail.co.in,2026-03-25,IN
u05-003146,user3146@mail.co.in,2026-07-18,IN
u05-003147,user3147@corp.io,2026-01-21,IN
u05-003148,user3148@uni.edu,2026-02-26,AU
u05-003149,user3149@mail.co.in,2026-01-25,DE
u05-003150,user3150@corp.io,2026-01-22,SG
u05-003151,user3151@uni.edu,2026-07-18,GB
u05-003152,user3152@example.com,2026-03-20,IN
u05-003153,user3153@corp.io,2026-05-20,GB
u05-003154,user3154@mail.co.in,2026-04-23,DE
u05-003155,user3155@mail.co.in,2026-09-16,US
u05-003156,user3156@mail.co.in,2026-04-18,GB
u05-003157,user3157@uni.edu,2026-03-18,SG
u05-003158,user3158@uni.edu,2026-08-21,AU
u05-003159,user3159@mail.co.in,2026-05-20,SG
u05-003160,user3160@uni.edu,2026-01-25,AU
u05-003161,user3161@corp.io,2026-07-24,US
u05-003162,user3162@mail.co.in,2026-07-16,IN
u05-003163,user3163@corp.io,2026-05-10,SG
u05-003164,user3164@example.com,2026-07-18,DE
u05-003165,user3165@example.com,2026-03-15,IN
u05-003166,user3166@corp.io,2026-05-23,IN
u05-003167,user3167@mail.co.in,2026-07-13,GB
u05-003168,user3168@uni.edu,2026-06-12,IN
u05-003169,user3169@example.com,2026-02-13,DE
u05-003170,user3170@example.com,2026-04-17,IN
u05-003171,user3171@uni.edu,2026-07-14,SG
u05-003172,user3172@example.com,2026-02-25,AU
u05-003173,user3173@mail.co.in,2026-08-15,AU
u05-003174,user3174@example.com,2026-03-19,AU
u05-003175,user3175@corp.io,2026-07-14,DE
u05-003176,user3176@corp.io,2026-06-26,GB
u05-003177,user3177@example.com,2026-03-21,DE
u05-003178,user3178@example.com,2026-01-14,DE
u05-003179,user3179@example.com,2026-04-22,SG
u05-003180,user3180@example.com,2026-01-25,DE
u05-003181,user3181@uni.edu,2026-07-10,US
u05-003182,user3182@example.com,2026-07-25,AU
u05-003183,user3183@uni.edu,2026-09-28,GB
u05-003184,user3184@corp.io,2026-03-27,AU
u05-003185,user3185@example.com,2026-01-15,DE
u05-003186,user3186@mail.co.in,2026-05-11,IN
u05-003187,user3187@mail.co.in,2026-03-16,US
u05-003188,user3188@corp.io,2026-09-16,GB
u05-003189,user3189@mail.co.in,2026-04-11,GB
u05-003190,user3190@uni.edu,2026-02-28,DE
u05-003191,user3191@uni.edu,2026-05-15,AU
u05-003192,user3192@uni.edu,2026-07-12,GB
u05-003193,user3193@example.com,2026-06-13,DE
u05-003194,user3194@example.com,2026-08-28,US
u05-003195,user3195@uni.edu,2026-05-27,US
u05-003196,user3196@example.com,2026-04-12,IN
u05-003197,user3197@uni.edu,2026-03-21,IN
u05-003198,user3198@mail.co.in,2026-08-11,IN
u05-003199,user3199@mail.co.in,2026-01-26,GB
u05-003200,user3200@example.com,2026-03-18,GB
u05-003201,user3201@uni.edu,2026-06-12,AU
u05-003202,user3202@uni.edu,2026-09-10,AU
u05-003203,user3203@uni.edu,2026-09-23,DE
u05-003204,user3204@mail.co.in,2026-02-27,US
u05-003205,user3205@mail.co.in,2026-09-20,GB
u05-003206,user3206@mail.co.in,2026-07-25,IN
u05-003207,user3207@mail.co.in,2026-08-14,SG
u05-003208,user3208@example.com,2026-06-18,AU
u05-003209,user3209@example.com,2026-04-22,DE
u05-003210,user3210@example.com,2026-08-24,IN
u05-003211,user3211@example.com,2026-05-14,US
u05-003212,user3212@mail.co.in,2026-04-14,SG
u05-003213,user3213@uni.edu,2026-03-19,DE
u05-003214,user3214@mail.co.in,2026-04-12,DE
u05-003215,user3215@example.com,2026-09-13,AU
u05-003216,user3216@uni.edu,2026-09-14,US
u05-003217,user3217@mail.co.in,2026-02-26,US
u05-003218,user3218@corp.io,2026-07-10,DE
u05-003219,user3219@uni.edu,2026-05-10,IN
u05-003220,user3220@corp.io,2026-08-10,SG
u05-003221,user3221@example.com,2026-05-15,DE
u05-003222,user3222@corp.io,2026-05-12,SG
u05-003223,user3223@example.com,2026-07-26,IN
u05-003224,user3224@example.com,2026-05-17,AU
u05-003225,user3225@corp.io,2026-04-19,GB
u05-003226,user3226@corp.io,2026-02-10,SG
u05-003227,user3227@example.com,2026-09-22,US
u05-003228,user3228@example.com,2026-05-17,GB
u05-003229,user3229@example.com,2026-02-20,DE
u05-003230,user3230@example.com,2026-09-18,US
u05-003231,user3231@example.com,2026-05-15,IN
u05-003232,user3232@corp.io,2026-02-21,US
u05-003233,user3233@corp.io,2026-02-18,SG
u05-003234,user3234@mail.co.in,2026-06-20,GB
u05-003235,user3235@example.com,2026-07-23,SG
u05-003236,user3236@example.com,2026-02-25,DE
u05-003237,user3237@example.com,2026-04-24,DE
u05-003238,user3238@corp.io,2026-02-28,AU
u05-003239,user3239@example.com,2026-09-20,DE
u05-003240,user3240@uni.edu,2026-03-21,GB
u05-003241,user3241@example.com,2026-02-19,GB
u05-003242,user3242@example.com,2026-01-23,IN
u05-003243,user3243@mail.co.in,2026-01-16,IN
u05-003244,user3244@uni.edu,2026-08-11,DE
u05-003245,user3245@example.com,2026-02-10,SG
u05-003246,user3246@corp.io,2026-05-11,IN
u05-003247,user3247@mail.co.in,2026-05-18,SG
u05-003248,user3248@uni.edu,2026-08-13,US
u05-003249,user3249@corp.io,2026-09-10,AU
u05-003250,user3250@mail.co.in,2026-06-21,DE
u05-003251,user3251@corp.io,2026-05-15,GB
u05-003252,user3252@example.com,2026-04-13,SG
u05-003253,user3253@example.com,2026-08-23,AU
u05-003254,user3254@uni.edu,2026-06-26,AU
u05-003255,user3255@mail.co.in,2026-05-23,IN
u05-003256,user3256@corp.io,2026-06-17,IN
u05-003257,user3257@corp.io,2026-03-10,AU
u05-003258,user3258@corp.io,2026-09-19,GB
u05-003259,user3259@corp.io,2026-03-10,GB
u05-003260,user3260@mail.co.in,2026-07-21,US
u05-003261,user3261@uni.edu,2026-05-26,GB
u05-003262,user3262@example.com,2026-01-11,AU
u05-003263,user3263@example.com,2026-05-23,DE
u05-003264,user3264@mail.co.in,2026-03-15,US
u05-003265,user3265@uni.edu,2026-08-21,DE
u05-003266,user3266@mail.co.in,2026-08-22,US
u05-003267,user3267@mail.co.in,2026-05-27,DE
u05-003268,user3268@example.com,2026-07-11,GB
u05-003269,user3269.corp.io,2026-03-28,US
u05-003270,user3270@corp.io,2026-02-16,SG
u05-003271,user3271@corp.io,2026-04-18,IN
u05-003272,user3272@corp.io,2026-03-21,IN
u05-003273,user3273@mail.co.in,2026-01-22,DE
u05-003274,user3274@uni.edu,2026-06-11,DE
u05-003275,user3275@corp.io,2026-04-25,US
u05-003276,user3276@example.com,2026-07-22,AU
u05-003277,user3277@corp.io,2026-03-19,IN
u05-003278,user3278@uni.edu,2026-03-17,SG
u05-003279,user3279@mail.co.in,2026-07-27,US
u05-003280,user3280@mail.co.in,2026-01-28,GB
u05-003281,user3281@uni.edu,2026-03-14,US
u05-003282,user3282@corp.io,2026-08-22,SG
u05-003283,user3283@uni.edu,2026-02-25,DE
u05-003284,user3284@example.com,2026-04-19,GB
u05-003285,user3285@uni.edu,2026-04-20,GB
u05-003286,user3286@mail.co.in,2026-09-14,AU
u05-003287,user3287@corp.io,2026-06-16,US
u05-003288,user3288@example.com,2026-05-22,GB
u05-003289,user3289@mail.co.in,2026-09-26,AU
u05-003290,user3290@example.com,2026-04-10,GB
u05-003291,user3291@mail.co.in,2026-05-25,SG
u05-003292,user3292@mail.co.in,2026-04-27,AU
u05-003293,user3293@mail.co.in,2026-04-13,US
u05-003294,user3294@uni.edu,2026-04-23,AU
u05-003295,user3295@uni.edu,2026-07-25,DE
u05-003296,user3296@mail.co.in,2026-03-21,US
u05-003297,user3297@corp.io,2026-07-21,US
u05-003298,user3298@uni.edu,2026-04-23,IN
u05-003299,user3299@uni.edu,2026-03-23,DE
u05-003300,user3300@corp.io,2026-07-11,DE
u05-003301,user3301@uni.edu,2026-02-13,US
u05-003302,user3302@mail.co.in,2026-05-15,DE
u05-003303,user3303@uni.edu,2026-04-24,DE
u05-003304,user3304@uni.edu,2026-06-16,IN
u05-003305,user3305@uni.edu,2026-03-26,GB
u05-003306,user3306@mail.co.in,2026-01-27,DE
u05-003307,user3307@uni.edu,2026-05-25,US
u05-003308,user3308@corp.io,2026-03-15,GB
u05-003309,user3309@uni.edu,2026-03-22,GB
u05-003310,user3310@mail.co.in,2026-01-12,AU
u05-003311,user3311@mail.co.in,2026-04-28,IN
u05-003312,user3312@example.com,2026-05-13,US
u05-003313,user3313@mail.co.in,2026-04-12,IN
u05-003314,user3314@mail.co.in,2026-08-17,IN
u05-003315,user3315@example.com,2026-08-23,SG
u05-003316,user3316@corp.io,2026-06-17,IN
u05-003317,user3317@mail.co.in,2026-01-13,GB
u05-003318,user3318@mail.co.in,2026-07-25,GB
u05-003319,user3319@example.com,2026-03-20,SG
u05-003320,user3320@example.com,2026-07-12,DE
u05-003321,user3321@corp.io,2026-09-20,US
u05-003322,user3322@corp.io,2026-02-14,SG
u05-003323,user3323@example.com,2026-07-14,DE
u05-003324,user3324@uni.edu,2026-03-15,SG
u05-003325,user3325@example.com,2026-02-17,SG
u05-003326,user3326@mail.co.in,2026-01-18,IN
u05-003327,user3327@example.com,2026-06-22,GB
u05-003328,user3328@corp.io,2026-04-28,US
u05-003329,user3329@mail.co.in,2026-05-24,SG
u05-003330,user3330@mail.co.in,2026-04-12,AU
u05-003331,user3331@uni.edu,2026-01-24,SG
u05-003332,user3332@example.com,2026-08-14,IN
u05-003333,user3333@corp.io,2026-02-24,GB
u05-003334,user3334@corp.io,2026-08-13,IN
u05-003335,user3335@mail.co.in,2026-07-21,SG
u05-003336,user3336@uni.edu,2026-02-14,US
u05-003337,user3337@corp.io,2026-09-13,US
u05-003338,user3338@corp.io,2026-04-26,SG
u05-003339,user3339@example.com,2026-07-19,AU
u05-003340,user3340@uni.edu,2026-05-26,DE
u05-003341,user3341@example.com,2026-01-11,US
u05-003342,user3342@uni.edu,2026-04-22,AU
u05-003343,user3343@uni.edu,2026-07-10,US
u05-003344,user3344@example.com,2026-08-16,US
u05-003345,user3345@corp.io,2026-02-28,SG
u05-003346,user3346@corp.io,2026-03-28,SG
u05-003347,user3347@corp.io,2026-02-13,DE
u05-003348,user3348@uni.edu,2026-04-12,GB
u05-003349,user3349@example.com,2026-07-10,GB
u05-003350,user3350@uni.edu,2026-01-21,IN
u05-003351,user3351@mail.co.in,2026-03-13,SG
u05-003352,user3352@example.com,2026-06-16,DE
u05-003353,user3353@example.com,2026-08-21,IN
u05-003354,user3354@mail.co.in,2026-02-23,AU
u05-003355,user3355@example.com,2026-01-27,SG
u05-003356,user3356@uni.edu,2026-05-14,DE
u05-003357,user3357@corp.io,2026-01-22,AU
u05-003358,user3358@example.com,2026-03-13,SG
u05-003359,user3359@example.com,2026-07-10,AU
u05-003360,user3360@uni.edu,2026-05-24,US
u05-003361,user3361@mail.co.in,2026-01-16,AU
u05-003362,user3362@uni.edu,2026-01-14,IN
u05-003363,user3363.example.com,2026-07-28,DE
u05-003364,user3364@example.com,2026-02-21,IN
u05-003365,user3365@uni.edu,2026-08-10,IN
u05-003366,user3366@example.com,2026-08-28,IN
u05-003367,user3367@example.com,2026-04-21,GB
u05-003368,user3368@example.com,2026-06-12,AU
u05-003369,user3369@example.com,2026-05-10,SG
u05-003370,user3370@uni.edu,2026-09-21,DE
u05-003371,user3371@mail.co.in,2026-03-15,GB
u05-003372,user3372@example.com,2026-07-26,GB
u05-003373,user3373@mail.co.in,2026-08-20,AU
u05-003374,user3374@corp.io,2026-02-18,US
u05-003375,user3375@corp.io,2026-06-24,SG
u05-003376,user3376@mail.co.in,2026-09-12,AU
u05-003377,user3377@corp.io,2026-04-22,AU
u05-003378,user3378@corp.io,2026-08-27,GB
u05-003379,user3379@corp.io,2026-02-14,SG
u05-003380,user3380@uni.edu,2026-03-24,IN
u05-003381,user3381@mail.co.in,2026-06-12,SG
u05-003382,user3382@example.com,2026-04-22,IN
u05-003383,user3383@corp.io,2026-04-21,DE
u05-003384,user3384@example.com,2026-08-18,IN
u05-003385,user3385@example.com,2026-04-14,GB
u05-003386,user3386@uni.edu,2026-03-27,US
u05-003387,user3387@mail.co.in,2026-09-18,IN
u05-003388,user3388@corp.io,2026-09-24,GB
u05-003389,user3389@corp.io,2026-04-28,US
u05-003390,user3390@corp.io,2026-06-14,DE
u05-003391,user3391@mail.co.in,2026-08-10,SG
u05-003392,user3392@example.com,2026-02-21,DE
u05-003393,user3393@mail.co.in,2026-09-19,DE
u05-003394,user3394@mail.co.in,2026-07-25,US
u05-003395,user3395@mail.co.in,2026-02-17,SG
u05-003396,user3396@example.com,2026-03-16,US
u05-003397,user3397@mail.co.in,2026-07-10,AU
u05-003398,user3398@mail.co.in,2026-01-21,IN
u05-003399,user3399@uni.edu,2026-07-15,AU
u05-003400,user3400@uni.edu,2026-08-23,DE
u05-003401,user3401@example.com,2026-04-28,DE
u05-003402,user3402@example.com,2026-03-14,GB
u05-003403,user3403@mail.co.in,2026-04-27,GB
u05-003404,user3404@mail.co.in,2026-06-27,DE
u05-003405,user3405@mail.co.in,2026-06-21,GB
u05-003406,user3406@example.com,2026-08-26,US
u05-003407,user3407@example.com,2026-06-19,DE
u05-003408,user3408@corp.io,2026-02-25,DE
u05-003409,user3409@example.com,2026-09-19,US
u05-003410,user3410@mail.co.in,2026-05-13,IN
u05-003411,user3411@uni.edu,2026-08-21,AU
u05-003412,user3412@corp.io,2026-03-27,DE
u05-003413,user3413@mail.co.in,2026-07-28,IN
u05-003414,user3414@corp.io,2026-07-23,US
u05-003415,user3415@corp.io,2026-09-17,IN
u05-003416,user3416@example.com,2026-09-26,IN
u05-003417,user3417@example.com,2026-08-21,US
u05-003418,user3418@example.com,2026-09-12,US
u05-003419,user3419@corp.io,2026-09-10,SG
u05-003420,user3420@uni.edu,2026-09-21,GB
u05-003421,user3421@uni.edu,2026-01-11,US
u05-003422,user3422@example.com,2026-04-24,GB
u05-003423,user3423@corp.io,2026-06-24,IN
u05-003424,user3424@example.com,2026-05-15,US
u05-003425,user3425@example.com,2026-05-11,IN
u05-003426,user3426@corp.io,2026-05-19,US
u05-003427,user3427@example.com,2026-08-10,AU
u05-003428,user3428@uni.edu,2026-08-23,DE
u05-003429,user3429@mail.co.in,2026-01-24,DE
u05-003430,user3430@uni.edu,2026-06-23,GB
u05-003431,user3431@mail.co.in,2026-03-24,GB
u05-003432,user3432@example.com,2026-03-11,IN
u05-003433,user3433@mail.co.in,2026-02-27,GB
u05-003434,user3434@uni.edu,2026-06-10,IN
u05-003435,user3435@corp.io,2026-04-11,IN
u05-003436,user3436@uni.edu,2026-03-17,DE
u05-003437,user3437@example.com,2026-02-23,GB
u05-003438,user3438@uni.edu,2026-09-19,DE
u05-003439,user3439@uni.edu,2026-07-11,GB
u05-003440,user3440@uni.edu,2026-05-16,US
u05-003441,user3441@corp.io,2026-06-27,US
u05-003442,user3442@mail.co.in,2026-07-15,GB
u05-003443,user3443@uni.edu,2026-08-28,SG
u05-003444,user3444@example.com,2026-09-21,US
u05-003445,user3445@mail.co.in,2026-08-24,GB
u05-003446,user3446@example.com,2026-01-13,DE
u05-003447,user3447@example.com,2026-04-15,GB
u05-003448,user3448@corp.io,2026-04-25,IN
u05-003449,user3449@uni.edu,2026-04-17,SG
u05-003450,user3450@uni.edu,2026-05-19,DE
u05-003451,user3451@example.com,2026-05-20,DE
u05-003452,user3452@uni.edu,2026-05-25,DE
u05-003453,user3453@mail.co.in,2026-05-26,SG
u05-003454,user3454@uni.edu,2026-09-24,IN
u05-003455,user3455@mail.co.in,2026-03-12,SG
u05-003456,user3456@uni.edu,2026-02-14,DE
u05-003457,user3457@example.com,2026-04-12,SG
u05-003458,user3458@mail.co.in,2026-08-19,AU
u05-003459,user3459@corp.io,2026-07-13,US
u05-003460,user3460@mail.co.in,2026-06-23,GB
u05-003461,user3461@uni.edu,2026-03-21,SG
u05-003462,user3462@uni.edu,2026-03-28,US
u05-003463,user3463@mail.co.in,2026-04-26,IN
u05-003464,user3464@mail.co.in,2026-09-26,AU
u05-003465,user3465@example.com,2026-01-14,US
u05-003466,user3466@uni.edu,2026-02-25,IN
u05-003467,user3467@example.com,2026-06-25,DE
u05-003468,user3468@example.com,2026-05-19,SG
u05-003469,user3469@example.com,2026-02-22,US
u05-003470,user3470@corp.io,2026-08-22,US
u05-003471,user3471@example.com,2026-05-11,SG
u05-003472,user3472@mail.co.in,2026-04-14,US
u05-003473,user3473@uni.edu,2026-06-10,IN
u05-003474,user3474@uni.edu,2026-07-20,US
u05-003475,user3475@uni.edu,2026-09-23,DE
u05-003476,user3476@corp.io,2026-08-11,US
u05-003477,user3477@uni.edu,2026-07-26,SG
u05-003478,user3478@uni.edu,2026-01-17,US
u05-003479,user3479@corp.io,2026-06-10,AU
u05-003480,user3480@uni.edu,2026-03-18,GB
u05-003481,user3481@corp.io,2026-01-14,DE
u05-003482,user3482@example.com,2026-09-13,US
u05-003483,user3483@corp.io,2026-09-16,IN
u05-003484,user3484@uni.edu,2026-06-15,SG
u05-003485,user3485@corp.io,2026-01-20,IN
u05-003486,user3486@corp.io,2026-07-16,GB
u05-003487,user3487@mail.co.in,2026-09-10,SG
u05-003488,user3488@corp.io,2026-08-24,SG
u05-003489,user3489@corp.io,2026-01-14,AU
u05-003490,user3490@corp.io,2026-06-19,IN
u05-003491,user3491@uni.edu,2026-04-24,IN
u05-003492,user3492@mail.co.in,2026-03-20,IN
u05-003493,user3493@uni.edu,2026-01-15,GB
u05-003494,user3494@corp.io,2026-04-21,DE
u05-003495,user3495@corp.io,2026-02-17,US
u05-003496,user3496@example.com,2026-09-11,DE
u05-003497,user3497@mail.co.in,2026-06-26,US
u05-003498,user3498@mail.co.in,2026-07-10,GB
u05-003499,user3499@uni.edu,2026-09-25,US
u05-003500,user3500@mail.co.in,2026-05-19,AU
u05-003501,user3501@uni.edu,2026-04-21,DE
u05-003502,user3502@mail.co.in,2026-08-17,AU
u05-003503,user3503@corp.io,2026-08-28,DE
u05-003504,user3504@uni.edu,2026-06-20,US
u05-003505,user3505@uni.edu,2026-05-10,AU
u05-003506,user3506@example.com,2026-07-10,IN
u05-003507,user3507@corp.io,2026-04-11,US
u05-003508,user3508@mail.co.in,2026-06-28,AU
u05-003509,user3509@uni.edu,2026-05-24,US
u05-003510,user3510@example.com,2026-02-28,SG
u05-003511,user3511@corp.io,2026-09-21,DE
u05-003512,user3512@uni.edu,2026-02-20,DE
u05-003513,user3513@corp.io,2026-04-27,GB
u05-003514,user3514@mail.co.in,2026-07-13,SG
u05-003515,user3515@mail.co.in,2026-05-12,IN
u05-003516,user3516@example.com,2026-02-22,SG
u05-003517,user3517@uni.edu,2026-05-11,IN
u05-003518,user3518@example.com,2026-06-24,AU
u05-003519,user3519@uni.edu,2026-01-11,GB
u05-003520,user3520@corp.io,2026-07-25,IN
u05-003521,user3521@uni.edu,2026-05-16,IN
u05-003522,user3522@corp.io,2026-09-23,GB
u05-003523,user3523@example.com,2026-05-20,DE
u05-003524,user3524@uni.edu,2026-01-26,AU
u05-003525,user3525@mail.co.in,2026-05-16,IN
u05-003526,user3526@uni.edu,2026-08-20,GB
u05-003527,user3527@example.com,2026-08-13,DE
u05-003528,user3528@mail.co.in,2026-01-10,DE
u05-003529,user3529@example.com,2026-04-21,AU
u05-003530,user3530@mail.co.in,2026-01-16,AU
u05-003531,user3531@example.com,2026-07-23,IN
u05-003532,user3532@example.com,2026-08-21,DE
u05-003533,user3533@mail.co.in,2026-03-11,IN
u05-003534,user3534@corp.io,2026-01-24,US
u05-003535,user3535@example.com,2026-05-19,DE
u05-003536,user3536@example.com,2026-04-16,GB
u05-003537,user3537@corp.io,2026-05-22,US
u05-003538,user3538@example.com,2026-08-27,SG
u05-003539,user3539@mail.co.in,2026-07-27,AU
u05-003540,user3540@uni.edu,2026-06-23,AU
u05-003541,user3541@mail.co.in,2026-08-24,AU
u05-003542,user3542@example.com,2026-07-19,DE
u05-003543,user3543@example.com,2026-03-12,GB
u05-003544,user3544@corp.io,2026-07-14,SG
u05-003545,user3545@mail.co.in,2026-07-11,SG
u05-003546,user3546@mail.co.in,2026-02-23,SG
u05-003547,user3547@example.com,2026-07-11,SG
u05-003548,user3548@mail.co.in,2026-01-13,AU
u05-003549,user3549@mail.co.in,2026-05-20,US
u05-003550,user3550@mail.co.in,2026-06-25,SG
u05-003551,user3551@uni.edu,2026-04-16,AU
u05-003552,user3552@corp.io,2026-06-27,US
u05-003553,user3553@example.com,2026-06-15,GB
u05-003554,user3554@example.com,2026-02-12,SG
u05-003555,user3555@example.com,2026-03-20,AU
u05-003556,user3556@corp.io,2026-04-14,US
u05-003557,user3557@mail.co.in,2026-01-21,DE
u05-003558,user3558@mail.co.in,2026-08-28,SG
u05-003559,user3559@corp.io,2026-08-25,SG
u05-003560,user3560@example.com,2026-05-14,IN
u05-003561,user3561@corp.io,2026-09-11,US
u05-003562,user3562@corp.io,2026-02-26,GB
u05-003563,user3563@corp.io,2026-09-18,DE
u05-003564,user3564@uni.edu,2026-05-27,IN
u05-003565,user3565@uni.edu,2026-08-22,SG
u05-003566,user3566@mail.co.in,2026-01-23,DE
u05-003567,user3567@mail.co.in,2026-08-13,IN
u05-003568,user3568@mail.co.in,2026-05-12,US
u05-003569,user3569@example.com,2026-06-24,GB
u05-003570,user3570@uni.edu,2026-01-20,US
u05-003571,user3571@mail.co.in,2026-02-24,DE
u05-003572,user3572@example.com,2026-07-16,IN
u05-003573,user3573@example.com,2026-08-15,AU
u05-003574,user3574@mail.co.in,2026-07-21,GB
u05-003575,user3575@mail.co.in,2026-08-11,SG
u05-003576,user3576@example.com,2026-02-22,DE
u05-003577,user3577@uni.edu,2026-03-17,GB
u05-003578,user3578@corp.io,2026-01-22,US
u05-003579,user3579@uni.edu,2026-08-13,SG
u05-003580,user3580@uni.edu,2026-08-11,IN
u05-003581,user3581@corp.io,2026-04-14,SG
u05-003582,user3582@corp.io,2026-06-26,AU
u05-003583,user3583@mail.co.in,2026-06-13,SG
u05-003584,user3584@example.com,2026-05-16,SG
u05-003585,user3585@mail.co.in,2026-06-19,DE
u05-003586,user3586@corp.io,2026-01-17,US
u05-003587,user3587@example.com,2026-04-28,DE
u05-003588,user3588@uni.edu,2026-03-12,GB
u05-003589,user3589@example.com,2026-06-26,IN
u05-003590,user3590@example.com,2026-04-16,GB
u05-003591,user3591@example.com,2026-02-11,DE
u05-003592,user3592@corp.io,2026-04-10,SG
u05-003593,user3593@example.com,2026-06-10,AU
u05-003594,user3594@uni.edu,2026-05-20,IN
u05-003595,user3595@uni.edu,2026-07-18,AU
u05-003596,user3596@corp.io,2026-04-22,SG
u05-003597,user3597@example.com,2026-05-21,DE
u05-003598,user3598@uni.edu,2026-06-16,IN
u05-003599,user3599@mail.co.in,2026-02-27,DE
u05-003600,user3600@uni.edu,2026-03-14,US
u05-003601,user3601@example.com,2026-07-10,SG
u05-003602,user3602@corp.io,2026-07-10,AU
u05-003603,user3603@mail.co.in,2026-07-28,AU
u05-003604,user3604@uni.edu,2026-08-18,DE
u05-003605,user3605@uni.edu,2026-08-24,US
u05-003606,user3606@mail.co.in,2026-09-24,AU
u05-003607,user3607@mail.co.in,2026-02-14,DE
u05-003608,user3608@mail.co.in,2026-02-16,SG
u05-003609,user3609@corp.io,2026-02-19,SG
u05-003610,user3610@uni.edu,2026-04-13,SG
u05-003611,user3611@corp.io,2026-01-14,IN
u05-003612,user3612@example.com,2026-04-18,AU
u05-003613,user3613@mail.co.in,2026-09-22,DE
u05-003614,user3614@mail.co.in,2026-06-17,AU
u05-003615,user3615@mail.co.in,2026-01-18,AU
u05-003616,user3616@mail.co.in,2026-07-18,SG
u05-003617,user3617@uni.edu,2026-04-17,DE
u05-003618,user3618@corp.io,2026-09-18,SG
u05-003619,user3619@uni.edu,2026-05-18,IN
u05-003620,user3620@uni.edu,2026-04-24,US
u05-003621,user3621@mail.co.in,2026-03-14,SG
u05-003622,user3622@mail.co.in,2026-05-10,IN
u05-003623,user3623@mail.co.in,2026-03-13,DE
u05-003624,user3624@mail.co.in,2026-02-18,IN
u05-003625,user3625@mail.co.in,2026-06-23,IN
u05-003626,user3626@corp.io,2026-01-25,SG
u05-003627,user3627@uni.edu,2026-04-25,SG
u05-003628,user3628@example.com,2026-04-27,IN
u05-003629,user3629@mail.co.in,2026-02-26,GB
u05-003630,user3630@uni.edu,2026-04-12,IN
u05-003631,user3631@example.com,2026-09-17,US
u05-003632,user3632@corp.io,2026-06-27,DE
u05-003633,user3633@corp.io,2026-01-28,IN
u05-003634,user3634@mail.co.in,2026-03-22,SG
u05-003635,user3635@uni.edu,2026-04-18,SG
u05-003636,user3636@example.com,2026-02-10,US
u05-003637,user3637@example.com,2026-07-22,IN
u05-003638,user3638@corp.io,2026-08-27,GB
u05-003639,user3639@uni.edu,2026-04-23,AU
u05-003640,user3640@example.com,2026-04-12,AU
u05-003641,user3641@mail.co.in,2026-03-12,AU
u05-003642,user3642@corp.io,2026-09-27,AU
u05-003643,user3643@mail.co.in,2026-05-20,IN
u05-003644,user3644@mail.co.in,2026-09-15,DE
u05-003645,user3645@uni.edu,2026-07-14,SG
u05-003646,user3646@mail.co.in,2026-03-24,SG
u05-003647,user3647@corp.io,2026-09-19,SG
u05-003648,user3648@mail.co.in,2026-07-22,AU
u05-003649,user3649@example.com,2026-05-13,SG
u05-003650,user3650@corp.io,2026-07-18,US
u05-003651,user3651@corp.io,2026-08-26,DE
u05-003652,user3652@example.com,2026-01-18,SG
u05-003653,user3653@mail.co.in,2026-07-27,IN
u05-003654,user3654@uni.edu,2026-03-19,IN
u05-003655,user3655@example.com,2026-03-12,DE
u05-003656,user3656@uni.edu,2026-08-17,IN
u05-003657,user3657@example.com,2026-09-27,US
u05-003658,user3658@mail.co.in,2026-03-21,SG
u05-003659,user3659@example.com,2026-01-12,IN
u05-003660,user3660@example.com,2026-03-10,GB
u05-003661,user3661@corp.io,2026-04-20,AU
u05-003662,user3662@example.com,2026-04-25,GB
u05-003663,user3663@example.com,2026-09-19,DE
u05-003664,user3664@corp.io,2026-09-16,IN
u05-003665,user3665@mail.co.in,2026-04-10,US
u05-003666,user3666@corp.io,2026-09-19,DE
u05-003667,user3667@example.com,2026-09-14,GB
u05-003668,user3668@uni.edu,2026-01-19,SG
u05-003669,user3669@corp.io,2026-02-19,AU
u05-003670,user3670@corp.io,2026-07-21,DE
u05-003671,user3671@uni.edu,2026-06-24,DE
u05-003672,user3672@corp.io,2026-01-22,IN
u05-003673,user3673@uni.edu,2026-04-26,SG
u05-003674,user3674@example.com,2026-08-25,AU
u05-003675,user3675@mail.co.in,2026-08-12,IN
u05-003676,user3676@corp.io,2026-07-16,AU
u05-003677,user3677@example.com,2026-04-19,IN
u05-003678,user3678@mail.co.in,2026-01-21,SG
u05-003679,user3679@uni.edu,2026-04-12,GB
u05-003680,user3680@corp.io,2026-09-14,US
u05-003681,user3681@example.com,2026-06-18,DE
u05-003682,user3682@example.com,2026-02-19,US
u05-003683,user3683@corp.io,2026-06-21,US
u05-003684,user3684@uni.edu,2026-01-23,SG
u05-003685,user3685@corp.io,2026-09-24,GB
u05-003686,user3686@uni.edu,2026-07-18,SG
u05-003687,user3687@corp.io,2026-02-12,AU
u05-003688,user3688@uni.edu,2026-08-10,IN
u05-003689,user3689@corp.io,2026-06-21,AU
u05-003690,user3690@example.com,2026-08-21,AU
u05-003691,user3691@example.com,2026-05-19,IN
u05-003692,user3692@corp.io,2026-08-10,US
u05-003693,user3693@mail.co.in,2026-03-25,DE
u05-003694,user3694@corp.io,2026-09-21,AU
u05-003695,user3695@corp.io,2026-07-27,DE
u05-003696,user3696@example.com,2026-01-26,US
u05-003697,user3697@uni.edu,2026-04-14,DE
u05-003698,user3698@mail.co.in,2026-08-10,AU
u05-003699,user3699@uni.edu,2026-05-19,AU
u05-003700,user3700@mail.co.in,2026-05-28,DE
u05-003701,user3701@corp.io,2026-01-20,AU
u05-003702,user3702@mail.co.in,2026-09-23,SG
u05-003703,user3703@mail.co.in,2026-05-17,DE
u05-003704,user3704@mail.co.in,2026-03-19,AU
u05-003705,user3705@mail.co.in,2026-08-10,AU
u05-003706,user3706@corp.io,2026-04-21,AU
u05-003707,user3707@uni.edu,2026-05-13,SG
u05-003708,user3708@mail.co.in,2026-03-21,GB
u05-003709,user3709@corp.io,2026-06-19,US
u05-003710,user3710@example.com,2026-04-19,DE
u05-003711,user3711@corp.io,2026-07-11,IN
u05-003712,user3712@mail.co.in,2026-02-17,US
u05-003713,user3713@example.com,2026-06-26,AU
u05-003714,user3714@mail.co.in,2026-02-14,AU
u05-003715,user3715@mail.co.in,2026-05-16,SG
u05-003716,user3716@uni.edu,2026-05-27,US
u05-003717,user3717@example.com,2026-01-22,IN
u05-003718,user3718@corp.io,2026-06-10,US
u05-003719,user3719@uni.edu,2026-03-12,IN
u05-003720,user3720@corp.io,2026-07-11,IN
u05-003721,user3721@corp.io,2026-01-10,GB
u05-003722,user3722@example.com,2026-04-15,US
u05-003723,user3723@uni.edu,2026-09-21,DE
u05-003724,user3724@mail.co.in,2026-04-19,SG
u05-003725,user3725@example.com,2026-03-21,IN
u05-003726,user3726@example.com,2026-09-18,GB
u05-003727,user3727@uni.edu,2026-09-23,AU
u05-003728,user3728@corp.io,2026-06-22,AU
u05-003729,user3729@uni.edu,2026-01-28,AU
u05-003730,user3730@mail.co.in,2026-07-23,DE
u05-003731,user3731@uni.edu,2026-08-20,IN
u05-003732,user3732@uni.edu,2026-09-16,DE
u05-003733,user3733@example.com,2026-03-14,DE
u05-003734,user3734@mail.co.in,2026-08-20,US
u05-003735,user3735@example.com,2026-03-15,AU
u05-003736,user3736@mail.co.in,2026-02-20,DE
u05-003737,user3737@mail.co.in,2026-03-26,SG
u05-003738,user3738@uni.edu,2026-04-21,US
u05-003739,user3739@mail.co.in,2026-03-16,SG
u05-003740,user3740@uni.edu,2026-03-24,DE
u05-003741,user3741@uni.edu,2026-05-27,AU
u05-003742,user3742@corp.io,2026-08-11,AU
u05-003743,user3743@mail.co.in,2026-04-20,US
u05-003744,user3744@corp.io,2026-07-21,AU
u05-003745,user3745@mail.co.in,2026-08-10,IN
u05-003746,user3746@corp.io,2026-08-14,IN
u05-003747,user3747@corp.io,2026-07-12,GB
u05-003748,user3748@uni.edu,2026-05-19,SG
u05-003749,user3749@corp.io,2026-04-26,DE
u05-003750,user3750@example.com,2026-07-13,GB
u05-003751,user3751@uni.edu,2026-02-13,DE
u05-003752,user3752@example.com,2026-07-19,US
u05-003753,user3753@mail.co.in,2026-09-16,SG
u05-003754,user3754@mail.co.in,2026-06-18,AU
u05-003755,user3755@uni.edu,2026-03-25,AU
u05-003756,user3756@example.com,2026-06-14,SG
u05-003757,user3757@mail.co.in,2026-06-27,SG
u05-003758,user3758@example.com,2026-06-27,AU
u05-003759,user3759@corp.io,2026-08-23,IN
u05-003760,user3760@uni.edu,2026-06-23,US
u05-003761,user3761@example.com,2026-02-15,AU
u05-003762,user3762@corp.io,2026-07-19,GB
u05-003763,user3763@uni.edu,2026-03-12,SG
u05-003764,user3764@example.com,2026-08-28,US
u05-003765,user3765@corp.io,2026-06-28,SG
u05-003766,user3766@uni.edu,2026-07-11,SG
u05-003767,user3767@mail.co.in,2026-02-27,US
u05-003768,user3768@uni.edu,2026-01-20,SG
u05-003769,user3769@mail.co.in,2026-04-20,IN
u05-003770,user3770@example.com,2026-02-12,SG
u05-003771,user3771@corp.io,2026-06-19,SG
u05-003772,user3772@corp.io,2026-06-18,US
u05-003773,user3773@example.com,2026-02-17,SG
u05-003774,user3774@mail.co.in,2026-06-24,AU
u05-003775,user3775@corp.io,2026-02-14,SG
u05-003776,user3776@corp.io,2026-05-17,AU
u05-003777,user3777@example.com,2026-09-15,GB
u05-003778,user3778@mail.co.in,2026-05-15,IN
u05-003779,user3779@uni.edu,2026-09-24,AU
u05-003780,user3780@example.com,2026-03-10,AU
u05-003781,user3781@corp.io,2026-02-18,US
u05-003782,user3782@mail.co.in,2026-05-16,GB
u05-003783,user3783@mail.co.in,2026-02-17,DE
u05-003784,user3784@uni.edu,2026-09-25,DE
u05-003785,user3785@mail.co.in,2026-08-20,AU
u05-003786,user3786@corp.io,2026-02-16,GB
u05-003787,user3787@example.com,2026-01-17,GB
u05-003788,user3788@uni.edu,2026-05-21,DE
u05-003789,user3789@corp.io,2026-01-16,AU
u05-003790,user3790@mail.co.in,2026-04-19,US
u05-003791,user3791@corp.io,2026-03-26,DE
u05-003792,user3792@uni.edu,2026-02-19,GB
u05-003793,user3793@example.com,2026-01-13,US
u05-003794,user3794@mail.co.in,2026-03-23,DE
u05-003795,user3795@uni.edu,2026-06-19,US
u05-003796,user3796@uni.edu,2026-09-22,IN
u05-003797,user3797@uni.edu,2026-02-11,DE
u05-003798,user3798@example.com,2026-09-21,AU
u05-003799,user3799@mail.co.in,2026-01-18,IN
u05-003800,user3800@uni.edu,2026-07-27,IN
u05-003801,user3801@mail.co.in,2026-06-16,US
u05-003802,user3802@corp.io,2026-01-25,SG
u05-003803,user3803@mail.co.in,2026-07-11,AU
u05-003804,user3804@example.com,2026-07-10,AU
u05-003805,user3805@corp.io,2026-09-27,US
u05-003806,user3806@corp.io,2026-07-21,IN
u05-003807,user3807@corp.io,2026-07-27,GB
u05-003808,user3808@mail.co.in,2026-01-28,DE
u05-003809,user3809@mail.co.in,2026-08-20,IN
u05-003810,user3810@uni.edu,2026-07-19,DE
u05-003811,user3811@example.com,2026-05-11,GB
u05-003812,user3812@uni.edu,2026-06-13,US
u05-003813,user3813@mail.co.in,2026-04-23,SG
u05-003814,user3814@uni.edu,2026-03-16,SG
u05-003815,user3815@corp.io,2026-01-26,US
u05-003816,user3816@example.com,2026-06-18,DE
u05-003817,user3817@mail.co.in,2026-08-17,DE
u05-003818,user3818@corp.io,2026-03-21,US
u05-003819,user3819@corp.io,2026-02-13,IN
u05-003820,user3820@corp.io,2026-01-13,GB
u05-003821,user3821@corp.io,2026-06-27,US
u05-003822,user3822@example.com,2026-01-16,IN
u05-003823,user3823@corp.io,2026-04-12,IN
u05-003824,user3824@corp.io,2026-06-20,GB
u05-003825,user3825@corp.io,2026-04-25,SG
u05-003826,user3826@uni.edu,2026-08-23,SG
u05-003827,user3827@corp.io,2026-07-21,IN
u05-003828,user3828@mail.co.in,2026-07-25,DE
u05-003829,user3829@example.com,2026-03-10,IN
u05-003830,user3830@example.com,2026-09-22,US
u05-003831,user3831@example.com,2026-03-12,SG
u05-003832,user3832@mail.co.in,2026-01-19,DE
u05-003833,user3833@uni.edu,2026-02-10,GB
u05-003834,user3834@uni.edu,2026-01-28,SG
u05-003835,user3835@uni.edu,2026-07-19,GB
u05-003836,user3836@mail.co.in,2026-02-17,US
u05-003837,user3837@uni.edu,2026-09-19,AU
u05-003838,user3838@corp.io,2026-09-26,US
u05-003839,user3839@uni.edu,2026-04-11,DE
u05-003840,user3840@example.com,2026-04-10,US
u05-003841,user3841@corp.io,2026-02-12,AU
u05-003842,user3842@uni.edu,2026-06-22,IN
u05-003843,user3843@mail.co.in,2026-05-25,DE
u05-003844,user3844@uni.edu,2026-08-25,US
u05-003845,user3845@mail.co.in,2026-08-14,SG
u05-003846,user3846@example.com,2026-04-10,IN
u05-003847,user3847@corp.io,2026-01-18,GB
u05-003848,user3848@corp.io,2026-01-22,SG
u05-003849,user3849@example.com,2026-07-20,GB
u05-003850,user3850@uni.edu,2026-01-22,US
u05-003851,user3851@example.com,2026-08-18,DE
u05-003852,user3852@uni.edu,2026-04-21,DE
u05-003853,user3853@uni.edu,2026-05-17,GB
u05-003854,user3854@example.com,2026-09-19,GB
u05-003855,user3855@mail.co.in,2026-04-13,SG
u05-003856,user3856@mail.co.in,2026-05-16,GB
u05-003857,user3857@mail.co.in,2026-04-25,DE
u05-003858,user3858@example.com,2026-07-26,DE
u05-003859,user3859@example.com,2026-03-23,GB
u05-003860,user3860@corp.io,2026-08-27,US
u05-003861,user3861@corp.io,2026-04-13,IN
u05-003862,user3862@uni.edu,2026-06-24,SG
u05-003863,user3863@corp.io,2026-04-11,GB
u05-003864,user3864@example.com,2026-01-25,DE
u05-003865,user3865@corp.io,2026-08-14,SG
u05-003866,user3866@corp.io,2026-06-10,US
u05-003867,user3867@example.com,2026-06-18,US
u05-003868,user3868@uni.edu,2026-04-25,US
u05-003869,user3869@corp.io,2026-05-18,DE
u05-003870,user3870@uni.edu,2026-01-23,US
u05-003871,user3871@example.com,2026-08-11,US
u05-003872,user3872@corp.io,2026-06-25,AU
u05-003873,user3873@uni.edu,2026-05-14,SG
u05-003874,user3874@mail.co.in,2026-07-23,IN
u05-003875,user3875@corp.io,2026-03-28,DE
u05-003876,user3876@corp.io,2026-08-14,SG
u05-003877,user3877@example.com,2026-09-19,US
u05-003878,user3878@example.com,2026-09-26,SG
u05-003879,user3879@example.com,2026-04-10,IN
u05-003880,user3880@corp.io,2026-02-18,DE
u05-003881,user3881@example.com,2026-02-23,AU
u05-003882,user3882@uni.edu,2026-01-15,DE
u05-003883,user3883@example.com,2026-04-27,GB
u05-003884,user3884@mail.co.in,2026-07-15,AU
u05-003885,user3885@uni.edu,2026-03-17,IN
u05-003886,user3886@uni.edu,2026-03-27,DE
u05-003887,user3887@uni.edu,2026-03-16,SG
u05-003888,user3888@mail.co.in,2026-06-18,IN
u05-003889,user3889@example.com,2026-04-25,SG
u05-003890,user3890@mail.co.in,2026-08-16,DE
u05-003891,user3891@example.com,2026-04-28,IN
u05-003892,user3892@mail.co.in,2026-07-12,GB
u05-003893,user3893@example.com,2026-07-13,DE
u05-003894,user3894@corp.io,2026-09-28,DE
u05-003895,user3895@uni.edu,2026-08-25,US
u05-003896,user3896@corp.io,2026-02-11,SG
u05-003897,user3897@mail.co.in,2026-02-17,GB
u05-003898,user3898@corp.io,2026-01-22,US
u05-003899,user3899@mail.co.in,2026-04-26,SG
u05-003900,user3900@example.com,2026-07-23,DE
u05-003901,user3901@corp.io,2026-09-19,IN
u05-003902,user3902@example.com,2026-07-27,US
u05-003903,user3903@example.com,2026-07-23,SG
u05-003904,user3904@corp.io,2026-08-18,US
u05-003905,user3905@corp.io,2026-09-15,AU
u05-003906,user3906@mail.co.in,2026-06-26,DE
u05-003907,user3907@corp.io,2026-06-21,SG
u05-003908,user3908@mail.co.in,2026-09-18,AU
u05-003909,user3909@corp.io,2026-08-18,SG
u05-003910,user3910@corp.io,2026-09-14,US
u05-003911,user3911@mail.co.in,2026-09-21,AU
u05-003912,user3912@uni.edu,2026-04-18,US
u05-003913,user3913@example.com,2026-08-20,DE
u05-003914,user3914@example.com,2026-06-25,AU
u05-003915,user3915@example.com,2026-04-13,US
u05-003916,user3916@example.com,2026-07-25,US
u05-003917,user3917@mail.co.in,2026-02-10,GB
u05-003918,user3918@uni.edu,2026-08-11,SG
u05-003919,user3919@mail.co.in,2026-08-19,DE
u05-003920,user3920@uni.edu,2026-04-12,DE
u05-003921,user3921@corp.io,2026-08-26,DE
u05-003922,user3922@corp.io,2026-03-23,US
u05-003923,user3923@corp.io,2026-02-28,SG
u05-003924,user3924@uni.edu,2026-09-23,US
u05-003925,user3925@corp.io,2026-04-17,DE
u05-003926,user3926@example.com,2026-04-26,IN
u05-003927,user3927@uni.edu,2026-08-22,GB
u05-003928,user3928@mail.co.in,2026-07-28,GB
u05-003929,user3929@example.com,2026-08-28,IN
u05-003930,user3930@mail.co.in,2026-02-15,IN
u05-003931,user3931@example.com,2026-05-19,IN
u05-003932,user3932@mail.co.in,2026-01-22,US
u05-003933,user3933@example.com,2026-09-18,GB
u05-003934,user3934@corp.io,2026-04-15,SG
u05-003935,user3935@corp.io,2026-03-16,AU
u05-003936,user3936@example.com,2026-04-26,SG
u05-003937,user3937@uni.edu,2026-02-13,DE
u05-003938,user3938@corp.io,2026-03-23,US
u05-003939,user3939@mail.co.in,2026-05-18,IN
u05-003940,user3940@example.com,2026-08-22,IN
u05-003941,user3941@corp.io,2026-06-22,US
u05-003942,user3942@example.com,2026-08-16,SG
u05-003943,user3943@mail.co.in,2026-06-16,SG
u05-003944,user3944@corp.io,2026-06-27,DE
u05-003945,user3945@uni.edu,2026-05-11,AU
u05-003946,user3946@corp.io,2026-06-28,AU
u05-003947,user3947@example.com,2026-07-12,IN
u05-003948,user3948@corp.io,2026-01-23,AU
u05-003949,user3949@corp.io,2026-02-21,GB
u05-003950,user3950@mail.co.in,2026-06-14,IN
u05-003951,user3951@corp.io,2026-04-17,GB
u05-003952,user3952@corp.io,2026-05-14,IN
u05-003953,user3953@corp.io,2026-08-19,US
u05-003954,user3954@uni.edu,2026-01-21,DE
u05-003955,user3955@example.com,2026-02-25,IN
u05-003956,user3956@uni.edu,2026-08-28,AU
u05-003957,user3957.mail.co.in,2026-03-28,DE
u05-003958,user3958@example.com,2026-03-16,SG
u05-003959,user3959@uni.edu,2026-02-14,DE
u05-003960,user3960@example.com,2026-09-26,GB
u05-003961,user3961@example.com,2026-07-16,IN
u05-003962,user3962@uni.edu,2026-07-27,IN
u05-003963,user3963@mail.co.in,2026-05-21,US
u05-003964,user3964@corp.io,2026-02-16,AU
u05-003965,user3965@mail.co.in,2026-04-10,AU
u05-003966,user3966@example.com,2026-05-11,US
u05-003967,user3967@example.com,2026-05-20,DE
u05-003968,user3968@corp.io,2026-01-14,US
u05-003969,user3969@mail.co.in,2026-06-23,SG
u05-003970,user3970@mail.co.in,2026-07-14,AU
u05-003971,user3971@uni.edu,2026-09-17,GB
u05-003972,user3972@example.com,2026-07-11,SG
u05-003973,user3973@example.com,2026-08-21,GB
u05-003974,user3974@mail.co.in,2026-07-19,SG
u05-003975,user3975@uni.edu,2026-03-20,SG
u05-003976,user3976@mail.co.in,2026-09-17,AU
u05-003977,user3977@corp.io,2026-03-18,IN
u05-003978,user3978@example.com,2026-01-15,SG
u05-003979,user3979@mail.co.in,2026-08-14,SG
u05-003980,user3980@corp.io,2026-09-25,SG
u05-003981,user3981@corp.io,2026-03-27,GB
u05-003982,user3982@mail.co.in,2026-04-15,US
u05-003983,user3983@mail.co.in,2026-02-17,SG
u05-003984,user3984@corp.io,2026-08-21,AU
u05-003985,user3985@mail.co.in,2026-08-25,SG
u05-003986,user3986@uni.edu,2026-03-17,SG
u05-003987,user3987@corp.io,2026-03-18,IN
u05-003988,user3988@corp.io,2026-03-11,AU
u05-003989,user3989@mail.co.in,2026-06-24,US
u05-003990,user3990@corp.io,2026-02-27,US
u05-003991,user3991@uni.edu,2026-05-26,SG
u05-003992,user3992@mail.co.in,2026-02-18,US
u05-003993,user3993@example.com,2026-05-27,AU
u05-003994,user3994@example.com,2026-05-10,US
u05-003995,user3995@example.com,2026-06-10,AU
u05-003996,user3996@mail.co.in,2026-07-26,IN
u05-003997,user3997@uni.edu,2026-02-21,US
u05-003998,user3998@example.com,2026-08-25,GB
u05-003999,user3999@corp.io,2026-09-11,DE
u05-004000,user4000@corp..io,2026-09-17,IN
u05-004001,user4001@uni.edu,2026-05-13,GB
u05-004002,user4002@uni.edu,2026-09-17,US
u05-004003,user4003@corp.io,2026-02-12,US
u05-004004,user4004@mail.co.in,2026-05-19,IN
u05-004005,user4005@uni.edu,2026-03-12,IN
u05-004006,user4006@corp.io,2026-09-28,SG
u05-004007,user4007@example.com,2026-06-28,SG
u05-004008,user4008@uni.edu,2026-02-10,SG
u05-004009,user4009@mail.co.in,2026-09-21,US
u05-004010,user4010@uni.edu,2026-02-26,AU
u05-004011,user4011@corp.io,2026-01-20,SG
u05-004012,user4012@corp.io,2026-02-11,US
u05-004013,user4013@corp.io,2026-08-17,GB
u05-004014,user4014@example.com,2026-02-25,DE
u05-004015,user4015@mail.co.in,2026-03-23,IN
u05-004016,user4016@uni.edu,2026-04-12,DE
u05-004017,user4017@uni.edu,2026-02-21,GB
u05-004018,user4018@uni.edu,2026-06-19,DE
u05-004019,user4019@example.com,2026-03-13,SG
u05-004020,user4020@uni.edu,2026-01-11,GB
u05-004021,user4021@mail.co.in,2026-07-21,IN
u05-004022,user4022@example.com,2026-02-16,US
u05-004023,user4023@example.com,2026-05-20,AU
u05-004024,user4024@example.com,2026-01-28,AU
u05-004025,user4025@mail.co.in,2026-05-11,AU
u05-004026,user4026@mail.co.in,2026-02-15,DE
u05-004027,user4027@corp.io,2026-05-10,IN
u05-004028,user4028@mail.co.in,2026-02-26,US
u05-004029,user4029@example.com,2026-03-21,SG
u05-004030,user4030@example.com,2026-06-19,AU
u05-004031,user4031@example.com,2026-08-25,US
u05-004032,user4032@example.com,2026-02-19,DE
u05-004033,user4033@uni.edu,2026-09-26,GB
u05-004034,user4034@example.com,2026-01-22,US
u05-004035,user4035@corp.io,2026-05-17,SG
u05-004036,user4036@example.com,2026-02-13,DE
u05-004037,user4037@mail.co.in,2026-03-20,DE
u05-004038,user4038@mail.co.in,2026-07-12,IN
u05-004039,user4039@uni.edu,2026-02-20,AU
u05-004040,user4040@corp.io,2026-09-20,US
u05-004041,user4041@corp.io,2026-03-26,IN
u05-004042,user4042@corp.io,2026-04-26,US
u05-004043,user4043@corp.io,2026-07-20,DE
u05-004044,user4044@mail.co.in,2026-02-11,GB
u05-004045,user4045@uni.edu,2026-01-11,GB
u05-004046,user4046@corp.io,2026-08-27,US
u05-004047,user4047@corp.io,2026-04-24,DE
u05-004048,user4048@corp.io,2026-03-26,AU
u05-004049,user4049@uni.edu,2026-04-17,GB
u05-004050,user4050@mail.co.in,2026-04-18,US
u05-004051,user4051@mail.co.in,2026-02-12,IN
u05-004052,user4052@example.com,2026-06-14,DE
u05-004053,user4053@mail.co.in,2026-01-14,SG
u05-004054,user4054@example.com,2026-06-27,AU
u05-004055,user4055@corp.io,2026-06-27,GB
u05-004056,user4056@corp.io,2026-06-23,DE
u05-004057,user4057@example.com,2026-09-24,AU
u05-004058,user4058@uni.edu,2026-06-15,GB
u05-004059,user4059@corp.io,2026-08-14,SG
u05-004060,user4060@mail.co.in,2026-07-15,IN
u05-004061,user4061@corp.io,2026-03-10,US
u05-004062,user4062@mail.co.in,2026-04-16,SG
u05-004063,user4063@uni.edu,2026-07-10,US
u05-004064,user4064@mail.co.in,2026-05-27,SG
u05-004065,user4065@mail.co.in,2026-04-12,DE
u05-004066,user4066@example.com,2026-04-27,IN
u05-004067,user4067@example.com,2026-03-24,AU
u05-004068,user4068@mail.co.in,2026-02-22,SG
u05-004069,user4069@corp.io,2026-09-12,DE
u05-004070,user4070@corp.io,2026-05-25,IN
u05-004071,user4071@example.com,2026-06-25,IN
u05-004072,user4072@mail.co.in,2026-04-23,AU
u05-004073,user4073@example.com,2026-03-12,AU
u05-004074,user4074@mail.co.in,2026-09-12,GB
u05-004075,user4075@uni.edu,2026-08-21,IN
u05-004076,user4076@mail.co.in,2026-08-12,US
u05-004077,user4077@mail.co.in,2026-01-28,DE
u05-004078,user4078@corp.io,2026-07-10,GB
u05-004079,user4079@mail.co.in,2026-01-28,DE
u05-004080,user4080@mail.co.in,2026-09-11,GB
u05-004081,user4081@example.com,2026-03-21,SG
u05-004082,user4082@example.com,2026-02-15,US
u05-004083,user4083@corp.io,2026-02-24,SG
u05-004084,user4084@example.com,2026-04-20,GB
u05-004085,user4085@corp.io,2026-05-19,GB
u05-004086,user4086@corp.io,2026-05-25,IN
u05-004087,user4087@mail.co.in,2026-07-11,GB
u05-004088,user4088@mail.co.in,2026-09-12,US
u05-004089,user4089@example.com,2026-03-11,DE
u05-004090,user4090@uni.edu,2026-07-20,SG
u05-004091,user4091@corp.io,2026-09-27,DE
u05-004092,user4092@uni.edu,2026-08-14,IN
u05-004093,user4093@mail.co.in,2026-06-23,US
u05-004094,user4094@example.com,2026-07-23,SG
u05-004095,user4095@uni.edu,2026-04-16,GB
u05-004096,user4096@example.com,2026-06-12,US
u05-004097,user4097@corp.io,2026-05-19,IN
u05-004098,user4098@example.com,2026-08-14,US
u05-004099,user4099@uni.edu,2026-04-26,AU
u05-004100,user4100@example.com,2026-08-24,IN
u05-004101,user4101@corp.io,2026-07-11,US
u05-004102,user4102@corp.io,2026-05-27,DE
u05-004103,user4103@corp.io,2026-08-13,US
u05-004104,user4104@corp.io,2026-09-28,GB
u05-004105,user4105@corp.io,2026-05-24,GB
u05-004106,user4106@corp.io,2026-06-11,DE
u05-004107,user4107@uni.edu,2026-08-15,IN
u05-004108,user4108@example.com,2026-05-15,AU
u05-004109,user4109@mail.co.in,2026-03-15,SG
u05-004110,user4110@mail.co.in,2026-02-12,US
u05-004111,user4111@uni.edu,2026-09-17,US
u05-004112,user4112@uni.edu,2026-03-12,GB
u05-004113,user4113@corp.io,2026-07-22,GB
u05-004114,user4114@example.com,2026-04-16,SG
u05-004115,user4115@corp.io,2026-08-18,SG
u05-004116,user4116@uni.edu,2026-07-17,AU
u05-004117,user4117@example.com,2026-08-23,SG
u05-004118,user4118@uni.edu,2026-04-21,AU
u05-004119,user4119@example.com,2026-04-28,DE
u05-004120,user4120@uni.edu,2026-04-27,AU
u05-004121,user4121@corp.io,2026-08-10,DE
u05-004122,user4122@uni.edu,2026-09-17,DE
u05-004123,user4123@example.com,2026-08-21,DE
u05-004124,user4124@corp.io,2026-03-12,SG
u05-004125,user4125@mail.co.in,2026-02-12,IN
u05-004126,user4126@mail.co.in,2026-08-27,IN
u05-004127,user4127@corp.io,2026-06-11,AU
u05-004128,user4128@corp.io,2026-03-24,SG
u05-004129,user4129@corp.io,2026-03-12,IN
u05-004130,user4130@corp.io,2026-08-15,GB
u05-004131,user4131@mail.co.in,2026-01-21,US
u05-004132,user4132@mail.co.in,2026-07-20,DE
u05-004133,user4133@mail.co.in,2026-03-14,DE
u05-004134,user4134@example.com,2026-01-26,DE
u05-004135,user4135@mail.co.in,2026-07-22,GB
u05-004136,user4136@corp.io,2026-03-15,DE
u05-004137,user4137@mail.co.in,2026-03-26,DE
u05-004138,user4138@uni.edu,2026-03-12,AU
u05-004139,user4139@uni.edu,2026-04-15,AU
u05-004140,user4140@uni.edu,2026-07-25,US
u05-004141,user4141@uni.edu,2026-02-21,DE
u05-004142,user4142@example.com,2026-07-26,AU
u05-004143,user4143@uni.edu,2026-07-21,US
u05-004144,user4144@corp.io,2026-05-14,AU
u05-004145,user4145@example.com,2026-08-16,US
u05-004146,user4146@mail.co.in,2026-08-18,SG
u05-004147,user4147@example.com,2026-08-11,AU
u05-004148,user4148@uni.edu,2026-09-17,DE
u05-004149,user4149@mail.co.in,2026-06-16,DE
u05-004150,user4150@example.com,2026-05-18,SG
u05-004151,user4151@example.com,2026-08-18,SG
u05-004152,user4152@corp.io,2026-05-20,DE
u05-004153,user4153@uni.edu,2026-08-15,SG
u05-004154,user4154@uni.edu,2026-04-10,US
u05-004155,user4155@uni.edu,2026-01-16,US
u05-004156,user4156@example.com,2026-03-14,US
u05-004157,user4157@mail.co.in,2026-09-14,US
u05-004158,user4158@uni.edu,2026-03-10,US
u05-004159,user4159@mail.co.in,2026-06-14,AU
u05-004160,user4160@uni.edu,2026-01-21,GB
u05-004161,user4161@mail.co.in,2026-07-16,SG
u05-004162,user4162@corp.io,2026-03-17,US
u05-004163,user4163@uni.edu,2026-02-12,IN
u05-004164,user4164@mail.co.in,2026-06-21,DE
u05-004165,user4165@example.com,2026-08-17,IN
u05-004166,user4166@example.com,2026-08-20,GB
u05-004167,user4167@mail.co.in,2026-03-16,US
u05-004168,user4168@mail.co.in,2026-02-10,SG
u05-004169,user4169@corp.io,2026-06-15,US
u05-004170,user4170@example.com,2026-03-18,US
u05-004171,user4171@corp.io,2026-06-15,SG
u05-004172,user4172@example.com,2026-02-23,GB
u05-004173,user4173@uni.edu,2026-01-20,US
u05-004174,user4174@mail.co.in,2026-07-15,US
u05-004175,user4175@uni.edu,2026-06-20,IN
u05-004176,user4176@uni.edu,2026-01-21,GB
u05-004177,user4177@example.com,2026-02-27,US
u05-004178,user4178@mail.co.in,2026-09-23,IN
u05-004179,user4179@mail.co.in,2026-06-12,DE
u05-004180,user4180@corp.io,2026-05-15,US
u05-004181,user4181@uni.edu,2026-03-27,DE
u05-004182,user4182@mail.co.in,2026-04-23,DE
u05-004183,user4183@example.com,2026-09-12,IN
u05-004184,user4184@uni.edu,2026-07-23,SG
u05-004185,user4185@uni.edu,2026-09-20,AU
u05-004186,user4186@mail.co.in,2026-07-25,SG
u05-004187,user4187@mail.co.in,2026-03-28,US
u05-004188,user4188@corp.io,2026-08-13,AU
u05-004189,user4189@example.com,2026-07-16,DE
u05-004190,user4190@corp.io,2026-06-23,AU
u05-004191,user4191@corp.io,2026-02-13,GB
u05-004192,user4192@mail.co.in,2026-06-19,DE
u05-004193,user4193@mail.co.in,2026-05-13,GB
u05-004194,user4194@mail.co.in,2026-08-11,SG
u05-004195,user4195@mail.co.in,2026-03-19,GB
u05-004196,user4196@mail.co.in,2026-05-12,IN
u05-004197,user4197@example.com,2026-07-17,AU
u05-004198,user4198@corp.io,2026-06-14,AU
u05-004199,user4199@example.com,2026-03-18,US
u05-004200,user4200@uni.edu,2026-05-14,SG
u05-004201,user4201@corp.io,2026-09-17,IN
u05-004202,user4202@corp.io,2026-05-19,SG
u05-004203,user4203@uni.edu,2026-08-11,US
u05-004204,user4204@corp.io,2026-06-23,GB
u05-004205,user4205@corp.io,2026-05-22,US
u05-004206,user4206@uni.edu,2026-06-12,AU
u05-004207,user4207@mail.co.in,2026-01-25,DE
u05-004208,user4208@uni.edu,2026-03-23,IN
u05-004209,user4209@uni.edu,2026-02-13,US
u05-004210,user4210@corp.io,2026-01-19,US
u05-004211,user4211@uni.edu,2026-09-11,DE
u05-004212,user4212@uni.edu,2026-01-20,SG
u05-004213,user4213@example.com,2026-02-25,IN
u05-004214,user4214@example.com,2026-01-13,AU
u05-004215,user4215@mail.co.in,2026-09-22,AU
u05-004216,user4216@corp.io,2026-08-10,AU
u05-004217,user4217@mail.co.in,2026-06-23,IN
u05-004218,user4218@mail.co.in,2026-04-10,DE
u05-004219,user4219@uni.edu,2026-08-28,DE
u05-004220,user4220@mail.co.in,2026-01-25,IN
u05-004221,user4221@corp.io,2026-04-15,US
u05-004222,user4222@example.com,2026-08-10,SG
u05-004223,user4223@mail.co.in,2026-02-14,US
u05-004224,user4224@uni.edu,2026-02-17,DE
u05-004225,user4225@mail.co.in,2026-04-28,DE
u05-004226,user4226@mail.co.in,2026-05-19,US
u05-004227,user4227@corp.io,2026-02-24,IN
u05-004228,user4228@example.com,2026-02-26,GB
u05-004229,user4229@mail.co.in,2026-09-18,SG
u05-004230,user4230@example.com,2026-01-23,AU
u05-004231,user4231@uni.edu,2026-05-20,US
u05-004232,user4232@corp.io,2026-06-23,IN
u05-004233,user4233@corp.io,2026-08-23,DE
u05-004234,user4234@example.com,2026-08-27,GB
u05-004235,user4235@uni.edu,2026-06-27,SG
u05-004236,user4236@corp.io,2026-03-21,SG
u05-004237,user4237@corp.io,2026-03-12,GB
u05-004238,user4238@example.com,2026-04-17,AU
u05-004239,user4239@corp.io,2026-03-21,DE
u05-004240,user4240@corp.io,2026-01-18,SG
u05-004241,user4241@example.com,2026-03-12,GB
u05-004242,user4242@uni.edu,2026-07-18,US
u05-004243,user4243@example.com,2026-08-19,SG
u05-004244,user4244@uni.edu,2026-09-11,US
u05-004245,user4245@mail.co.in,2026-08-14,DE
u05-004246,user4246@mail.co.in,2026-01-25,DE
u05-004247,user4247@uni.edu,2026-06-26,DE
u05-004248,user4248@mail.co.in,2026-05-24,IN
u05-004249,user4249@corp.io,2026-09-22,US
u05-004250,user4250@corp.io,2026-02-12,SG
u05-004251,user4251@example.com,2026-01-25,US
u05-004252,user4252@uni.edu,2026-09-17,DE
u05-004253,user4253@uni.edu,2026-06-10,GB
u05-004254,user4254@example.com,2026-04-28,SG
u05-004255,user4255@corp.io,2026-07-26,DE
u05-004256,user4256@example.com,2026-03-13,IN
u05-004257,user4257@example.com,2026-05-10,IN
u05-004258,user4258@corp.io,2026-06-14,US
u05-004259,user4259@mail.co.in,2026-01-14,SG
u05-004260,user4260@example.com,2026-09-19,IN
u05-004261,user4261@corp.io,2026-07-24,DE
u05-004262,user4262@mail.co.in,2026-03-17,DE
u05-004263,user4263@mail.co.in,2026-04-22,IN
u05-004264,user4264@corp.io,2026-03-27,GB
u05-004265,user4265@uni.edu,2026-07-23,GB
u05-004266,user4266@corp.io,2026-07-27,SG
u05-004267,user4267@example.com,2026-06-15,GB
u05-004268,user4268@mail.co.in,2026-09-10,GB
u05-004269,user4269@mail.co.in,2026-07-20,AU
u05-004270,user4270@uni.edu,2026-05-21,GB
u05-004271,user4271@corp.io,2026-02-13,DE
u05-004272,user4272@corp.io,2026-09-18,US
u05-004273,user4273@uni.edu,2026-08-12,DE
u05-004274,user4274@corp.io,2026-05-15,US
u05-004275,user4275@corp.io,2026-03-12,DE
u05-004276,user4276@example.com,2026-01-13,AU
u05-004277,user4277@example.com,2026-02-22,IN
u05-004278,user4278@corp.io,2026-04-25,GB
u05-004279,user4279@mail.co.in,2026-02-23,DE
u05-004280,user4280@mail.co.in,2026-05-20,IN
u05-004281,user4281@mail.co.in,2026-04-21,AU
u05-004282,user4282@mail.co.in,2026-02-24,AU
u05-004283,user4283@example.com,2026-07-22,AU
u05-004284,user4284@corp.io,2026-04-19,AU
u05-004285,user4285@uni.edu,2026-09-23,GB
u05-004286,user4286@uni.edu,2026-08-16,AU
u05-004287,user4287@uni.edu,2026-04-23,DE
u05-004288,user4288@example.com,2026-04-25,AU
u05-004289,user4289@uni.edu,2026-07-23,DE
u05-004290,user4290@example.com,2026-09-24,DE
u05-004291,user4291@uni.edu,2026-09-13,SG
u05-004292,user4292@uni.edu,2026-07-13,AU
u05-004293,user4293@corp.io,2026-01-21,GB
u05-004294,user4294@example.com,2026-06-11,US
u05-004295,user4295@uni.edu,2026-03-24,DE
u05-004296,user4296@example.com,2026-06-11,SG
u05-004297,user4297@corp.io,2026-05-27,GB
u05-004298,user4298@mail.co.in,2026-05-14,GB
u05-004299,user4299@corp.io,2026-09-13,DE
u05-004300,user4300@corp.io,2026-07-11,AU
u05-004301,user4301@mail.co.in,2026-04-27,AU
u05-004302,user4302@mail.co.in,2026-01-19,IN
u05-004303,user4303@example.com,2026-04-23,SG
u05-004304,user4304@uni.edu,2026-07-12,AU
u05-004305,user4305@uni.edu,2026-05-24,AU
u05-004306,user4306@example.com,2026-02-24,AU
u05-004307,user4307@corp.io,2026-01-28,SG
u05-004308,user4308@mail.co.in,2026-02-27,US
u05-004309,user4309@mail.co.in,2026-06-25,US
u05-004310,user4310@example.com,2026-04-23,DE
u05-004311,user4311@uni.edu,2026-04-17,US
u05-004312,user4312@mail.co.in,2026-06-22,AU
u05-004313,user4313@uni.edu,2026-03-25,DE
u05-004314,user4314@mail.co.in,2026-01-24,GB
u05-004315,user4315@example.com,2026-03-28,DE
u05-004316,user4316@example.com,2026-09-12,SG
u05-004317,user4317@corp.io,2026-09-17,DE
u05-004318,user4318@example.com,2026-03-19,DE
u05-004319,user4319@corp.io,2026-01-28,DE
u05-004320,user4320@corp.io,2026-03-18,SG
u05-004321,user4321@uni.edu,2026-05-18,IN
u05-004322,user4322@corp.io,2026-01-27,AU
u05-004323,user4323@example.com,2026-05-26,AU
u05-004324,user4324@corp.io,2026-03-25,IN
u05-004325,user4325@mail.co.in,2026-05-21,IN
u05-004326,user4326@uni.edu,2026-01-26,GB
u05-004327,user4327@uni.edu,2026-08-20,AU
u05-004328,user4328@corp.io,2026-04-11,DE
u05-004329,user4329@example.com,2026-08-19,AU
u05-004330,user4330@example.com,2026-07-28,DE
u05-004331,user4331@uni.edu,2026-03-21,US
u05-004332,user4332@uni.edu,2026-09-28,IN
u05-004333,user4333@mail.co.in,2026-08-18,IN
u05-004334,user4334@uni.edu,2026-02-11,AU
u05-004335,user4335@mail.co.in,2026-08-16,AU
u05-004336,user4336@corp.io,2026-08-11,SG
u05-004337,user4337@uni.edu,2026-03-15,GB
u05-004338,user4338@example.com,2026-07-28,GB
u05-004339,user4339@uni.edu,2026-02-10,AU
u05-004340,user4340@example.com,2026-04-20,SG
u05-004341,user4341@example.com,2026-06-24,IN
u05-004342,user4342@mail.co.in,2026-02-12,IN
u05-004343,user4343@uni.edu,2026-02-14,US
u05-004344,user4344@corp.io,2026-09-27,US
u05-004345,user4345@corp.io,2026-06-22,AU
u05-004346,user4346@mail.co.in,2026-05-21,SG
u05-004347,user4347@example.com,2026-08-17,IN
u05-004348,user4348@uni.edu,2026-09-10,IN
u05-004349,user4349@corp.io,2026-07-26,DE
u05-004350,user4350@example.com,2026-03-19,DE
u05-004351,user4351@example.com,2026-08-26,DE
u05-004352,user4352@corp.io,2026-07-27,IN
u05-004353,user4353@mail.co.in,2026-06-15,AU
u05-004354,user4354@corp.io,2026-03-25,GB
u05-004355,user4355@uni.edu,2026-04-12,IN
u05-004356,user4356@mail.co.in,2026-01-19,GB
u05-004357,user4357@uni.edu,2026-07-17,US
u05-004358,user4358@example.com,2026-02-20,SG
u05-004359,user4359@corp.io,2026-06-17,AU
u05-004360,user4360@example.com,2026-07-23,DE
u05-004361,user4361@example.com,2026-02-19,IN
u05-004362,user4362@uni.edu,2026-04-27,GB
u05-004363,user4363@mail.co.in,2026-09-28,IN
u05-004364,user4364@example.com,2026-04-21,US
u05-004365,user4365@mail.co.in,2026-06-17,US
u05-004366,user4366@example.com,2026-02-15,US
u05-004367,user4367@corp.io,2026-07-16,DE
u05-004368,user4368@corp.io,2026-07-13,US
u05-004369,user4369@mail.co.in,2026-09-17,SG
u05-004370,user4370@example.com,2026-02-11,GB
u05-004371,user4371@corp.io,2026-01-13,US
u05-004372,user4372@mail.co.in,2026-09-24,IN
u05-004373,user4373@uni.edu,2026-06-23,IN
u05-004374,user4374@mail.co.in,2026-05-11,GB
u05-004375,user4375@mail.co.in,2026-04-27,GB
u05-004376,user4376@corp.io,2026-05-24,IN
u05-004377,user4377@uni.edu,2026-06-11,DE
u05-004378,user4378@mail.co.in,2026-07-25,GB
u05-004379,user4379@example.com,2026-04-16,AU
u05-004380,user4380@uni.edu,2026-07-15,AU
u05-004381,user4381@example.com,2026-05-16,GB
u05-004382,user4382@uni.edu,2026-05-16,GB
u05-004383,user4383@corp.io,2026-08-26,AU
u05-004384,user4384@uni.edu,2026-05-26,GB
u05-004385,user4385@corp.io,2026-01-18,IN
u05-004386,user4386@mail.co.in,2026-09-23,SG
u05-004387,user4387@example.com,2026-09-26,AU
u05-004388,user4388@corp.io,2026-06-13,DE
u05-004389,user4389@corp.io,2026-07-12,IN
u05-004390,user4390@uni.edu,2026-01-14,AU
u05-004391,user4391@mail.co.in,2026-07-11,AU
u05-004392,user4392@mail.co.in,2026-06-18,US
u05-004393,user4393@corp.io,2026-08-12,IN
u05-004394,user4394@uni.edu,2026-01-12,GB
u05-004395,user4395@mail.co.in,2026-07-14,AU
u05-004396,user4396@example.com,2026-09-28,US
u05-004397,user4397@example.com,2026-04-23,DE
u05-004398,user4398@corp.io,2026-07-25,IN
u05-004399,user4399@uni.edu,2026-07-15,GB
u05-004400,user4400@corp.io,2026-07-28,US
u05-004401,user4401@corp.io,2026-03-15,AU
u05-004402,user4402@uni..edu,2026-09-25,SG
u05-004403,user4403@mail.co.in,2026-04-24,GB
u05-004404,user4404@mail.co.in,2026-04-25,SG
u05-004405,user4405@corp.io,2026-03-21,GB
u05-004406,user4406@example.com,2026-08-17,DE
u05-004407,user4407@uni.edu,2026-01-27,US
u05-004408,user4408@uni.edu,2026-04-12,US
u05-004409,user4409@corp.io,2026-08-14,US
u05-004410,user4410@example.com,2026-04-12,IN
u05-004411,user4411@example.com,2026-01-19,US
u05-004412,user4412@mail.co.in,2026-06-21,DE
u05-004413,user4413@example.com,2026-01-18,US
u05-004414,user4414@uni.edu,2026-02-13,DE
u05-004415,user4415@uni.edu,2026-01-18,AU
u05-004416,user4416@uni.edu,2026-04-10,AU
u05-004417,user4417@uni.edu,2026-03-16,IN
u05-004418,user4418@corp.io,2026-02-19,DE
u05-004419,user4419@example.com,2026-09-20,SG
u05-004420,user4420@uni.edu,2026-02-23,DE
u05-004421,user4421@example.com,2026-04-21,IN
u05-004422,user4422@mail.co.in,2026-09-25,DE
u05-004423,user4423@mail.co.in,2026-03-10,DE
u05-004424,user4424@mail.co.in,2026-01-25,DE
u05-004425,user4425@corp.io,2026-02-23,DE
u05-004426,user4426@corp.io,2026-06-19,SG
u05-004427,user4427@example.com,2026-07-28,SG
u05-004428,user4428@mail.co.in,2026-08-20,DE
u05-004429,user4429@mail.co.in,2026-09-23,SG
u05-004430,user4430@example.com,2026-08-14,SG
u05-004431,user4431@uni.edu,2026-08-20,DE
u05-004432,user4432@uni.edu,2026-05-10,AU
u05-004433,user4433@mail.co.in,2026-07-24,US
u05-004434,user4434@corp.io,2026-06-24,IN
u05-004435,user4435@mail.co.in,2026-02-12,IN
u05-004436,user4436@example.com,2026-05-26,IN
u05-004437,user4437@corp.io,2026-02-24,IN
u05-004438,user4438@example.com,2026-03-21,GB
u05-004439,user4439@example.com,2026-08-11,GB
u05-004440,user4440@uni.edu,2026-04-24,IN
u05-004441,user4441@mail.co.in,2026-02-20,GB
u05-004442,user4442@mail.co.in,2026-01-15,DE
u05-004443,user4443@example.com,2026-09-23,GB
u05-004444,user4444@uni.edu,2026-03-27,IN
u05-004445,user4445@uni.edu,2026-06-23,DE
u05-004446,user4446@uni.edu,2026-04-10,US
u05-004447,user4447@example.com,2026-06-25,AU
u05-004448,user4448@corp.io,2026-05-21,AU
u05-004449,user4449@mail.co.in,2026-08-28,DE
u05-004450,user4450@example.com,2026-08-16,IN
u05-004451,user4451@uni.edu,2026-03-17,DE
u05-004452,user4452@mail.co.in,2026-06-10,IN
u05-004453,user4453@corp.io,2026-01-18,AU
u05-004454,user4454@mail.co.in,2026-03-12,IN
u05-004455,user4455@corp.io,2026-06-19,IN
u05-004456,user4456@corp.io,2026-08-11,SG
u05-004457,user4457@example.com,2026-03-19,US
u05-004458,user4458@corp.io,2026-01-19,DE
u05-004459,user4459@mail.co.in,2026-07-19,DE
u05-004460,user4460@example.com,2026-01-11,AU
u05-004461,user4461@corp.io,2026-02-11,SG
u05-004462,user4462@example.com,2026-09-15,DE
u05-004463,user4463@example.com,2026-04-10,GB
u05-004464,user4464@uni.edu,2026-07-15,IN
u05-004465,user4465@mail.co.in,2026-06-14,DE
u05-004466,user4466@uni.edu,2026-09-22,GB
u05-004467,user4467@mail.co.in,2026-09-17,SG
u05-004468,user4468@example.com,2026-02-15,IN
u05-004469,user4469@uni.edu,2026-04-23,GB
u05-004470,user4470@corp.io,2026-01-24,US
u05-004471,user4471@mail.co.in,2026-01-14,SG
u05-004472,user4472@corp.io,2026-04-12,IN
u05-004473,user4473@mail.co.in,2026-08-28,US
u05-004474,user4474@example.com,2026-08-26,US
u05-004475,user4475@corp.io,2026-05-11,SG
u05-004476,user4476@example.com,2026-01-19,SG
u05-004477,user4477@mail.co.in,2026-02-22,DE
u05-004478,user4478@uni.edu,2026-09-11,GB
u05-004479,user4479@corp.io,2026-05-16,DE
u05-004480,user4480@corp.io,2026-02-17,AU
u05-004481,user4481@mail.co.in,2026-09-22,DE
u05-004482,user4482@uni.edu,2026-07-12,US
u05-004483,user4483@uni.edu,2026-01-21,GB
u05-004484,user4484@example.com,2026-02-24,AU
u05-004485,user4485@mail.co.in,2026-06-15,SG
u05-004486,user4486@uni.edu,2026-03-26,IN
u05-004487,user4487@example.com,2026-07-19,US
u05-004488,user4488@example.com,2026-05-13,DE
u05-004489,user4489@corp.io,2026-04-17,IN
u05-004490,user4490@uni.edu,2026-06-20,IN
u05-004491,user4491@uni.edu,2026-08-21,US
u05-004492,user4492@uni.edu,2026-07-28,AU
u05-004493,user4493@corp.io,2026-06-17,SG
u05-004494,user4494@uni.edu,2026-05-24,US
u05-004495,user4495@corp.io,2026-09-10,US
u05-004496,user4496@mail.co.in,2026-02-26,AU
u05-004497,user4497@corp.io,2026-03-14,IN
u05-004498,user4498@corp.io,2026-02-22,SG
u05-004499,user4499@example.com,2026-09-11,GB
u05-004500,user4500@mail.co.in,2026-06-18,DE
u05-004501,user4501@corp.io,2026-01-16,AU
u05-004502,user4502.uni.edu,2026-02-24,AU
u05-004503,user4503@corp.io,2026-06-11,SG
u05-004504,user4504@corp.io,2026-01-21,AU
u05-004505,user4505@uni.edu,2026-02-11,SG
u05-004506,user4506@uni.edu,2026-05-24,DE
u05-004507,user4507@corp.io,2026-03-14,US
u05-004508,user4508@example.com,2026-05-15,DE
u05-004509,user4509@corp.io,2026-04-13,IN
u05-004510,user4510@mail.co.in,2026-07-20,DE
u05-004511,user4511@corp.io,2026-09-22,SG
u05-004512,user4512@example.com,2026-05-11,DE
u05-004513,user4513@uni.edu,2026-08-25,IN
u05-004514,user4514@corp.io,2026-01-11,AU
u05-004515,user4515@example.com,2026-01-15,DE
u05-004516,user4516@uni.edu,2026-06-17,SG
u05-004517,user4517@uni.edu,2026-04-13,GB
u05-004518,user4518@example.com,2026-01-16,DE
u05-004519,user4519@example.com,2026-02-23,IN
u05-004520,user4520@example.com,2026-03-26,DE
u05-004521,user4521@uni.edu,2026-01-21,IN
u05-004522,user4522@example.com,2026-05-20,DE
u05-004523,user4523@example.com,2026-04-25,SG
u05-004524,user4524@uni.edu,2026-08-20,IN
u05-004525,user4525@example.com,2026-03-19,AU
u05-004526,user4526@uni.edu,2026-06-14,DE
u05-004527,user4527@mail.co.in,2026-09-11,GB
u05-004528,user4528@example.com,2026-06-14,DE
u05-004529,user4529@example.com,2026-05-17,IN
u05-004530,user4530@mail.co.in,2026-04-28,IN
u05-004531,user4531@example.com,2026-05-28,DE
u05-004532,user4532@corp.io,2026-04-14,AU
u05-004533,user4533@mail.co.in,2026-08-15,GB
u05-004534,user4534@example.com,2026-09-10,SG
u05-004535,user4535@corp.io,2026-05-23,AU
u05-004536,user4536@mail.co.in,2026-01-16,AU
u05-004537,user4537@corp.io,2026-06-15,SG
u05-004538,user4538@mail.co.in,2026-06-23,US
u05-004539,user4539@mail.co.in,2026-09-10,GB
u05-004540,user4540@uni.edu,2026-09-28,AU
u05-004541,user4541@mail.co.in,2026-05-24,AU
u05-004542,user4542@example.com,2026-04-24,US
u05-004543,user4543@corp.io,2026-01-15,IN
u05-004544,user4544@uni.edu,2026-08-17,SG
u05-004545,user4545@uni.edu,2026-09-11,IN
u05-004546,user4546@example.com,2026-08-26,AU
u05-004547,user4547@corp.io,2026-04-22,GB
u05-004548,user4548@mail.co.in,2026-02-25,GB
u05-004549,user4549@corp.io,2026-08-21,GB
u05-004550,user4550@corp.io,2026-09-17,AU
u05-004551,user4551@example.com,2026-09-10,AU
u05-004552,user4552@example.com,2026-05-27,DE
u05-004553,user4553@corp.io,2026-05-27,AU
u05-004554,user4554@corp.io,2026-06-23,GB
u05-004555,user4555@mail.co.in,2026-07-14,IN
u05-004556,user4556@uni.edu,2026-04-24,AU
u05-004557,user4557@example.com,2026-04-22,GB
u05-004558,user4558@example.com,2026-03-19,DE
u05-004559,user4559@mail.co.in,2026-07-21,SG
u05-004560,user4560@example.com,2026-04-12,DE
u05-004561,user4561@uni.edu,2026-03-17,GB
u05-004562,user4562@example.com,2026-04-10,DE
u05-004563,user4563@example.com,2026-09-20,AU
u05-004564,user4564@corp.io,2026-02-25,DE
u05-004565,user4565@corp.io,2026-04-21,GB
u05-004566,user4566@corp.io,2026-07-19,AU
u05-004567,user4567@example.com,2026-09-24,GB
u05-004568,user4568@example.com,2026-04-26,DE
u05-004569,user4569@example.com,2026-05-11,AU
u05-004570,user4570@example.com,2026-05-28,DE
u05-004571,user4571@mail.co.in,2026-08-18,GB
u05-004572,user4572@mail.co.in,2026-09-19,IN
u05-004573,user4573@uni.edu,2026-09-14,SG
u05-004574,user4574@uni.edu,2026-09-10,SG
u05-004575,user4575@mail.co.in,2026-03-10,DE
u05-004576,user4576@example.com,2026-01-27,AU
u05-004577,user4577@corp.io,2026-06-25,AU
u05-004578,user4578@corp.io,2026-02-12,AU
u05-004579,user4579@uni.edu,2026-03-13,DE
u05-004580,user4580@corp.io,2026-01-25,US
u05-004581,user4581@example.com,2026-03-28,US
u05-004582,user4582@uni.edu,2026-08-12,US
u05-004583,user4583@uni.edu,2026-07-12,AU
u05-004584,user4584@example.com,2026-01-22,AU
u05-004585,user4585@mail.co.in,2026-06-28,IN
u05-004586,user4586@mail.co.in,2026-09-27,GB
u05-004587,user4587@example.com,2026-03-26,AU
u05-004588,user4588@mail.co.in,2026-04-15,AU
u05-004589,user4589@uni.edu,2026-02-22,DE
u05-004590,user4590@mail.co.in,2026-08-27,GB
u05-004591,user4591@corp.io,2026-07-24,DE
u05-004592,user4592@example.com,2026-07-15,GB
u05-004593,user4593@example.com,2026-08-17,SG
u05-004594,user4594@uni.edu,2026-08-27,IN
u05-004595,user4595@mail.co.in,2026-05-23,SG
u05-004596,user4596@corp.io,2026-07-10,AU
u05-004597,user4597@mail.co.in,2026-09-24,SG
u05-004598,user4598@uni.edu,2026-09-24,AU
u05-004599,user4599@example.com,2026-09-12,IN
u05-004600,user4600@example.com,2026-04-15,AU
u05-004601,user4601@mail.co.in,2026-06-18,US
u05-004602,user4602@mail.co.in,2026-04-22,US
u05-004603,user4603@mail.co.in,2026-07-21,IN
u05-004604,user4604@example.com,2026-01-27,GB
u05-004605,user4605@corp.io,2026-07-25,GB
u05-004606,user4606@mail.co.in,2026-08-20,US
u05-004607,user4607@example.com,2026-08-11,DE
u05-004608,user4608@corp.io,2026-01-10,SG
u05-004609,user4609@example.com,2026-03-12,US
u05-004610,user4610@uni.edu,2026-09-15,GB
u05-004611,user4611@uni.edu,2026-06-13,DE
u05-004612,user4612@uni.edu,2026-06-18,US
u05-004613,user4613@uni.edu,2026-08-13,GB
u05-004614,user4614@mail.co.in,2026-01-27,AU
u05-004615,user4615@example.com,2026-01-11,US
u05-004616,user4616@mail.co.in,2026-09-10,AU
u05-004617,user4617@uni.edu,2026-09-18,SG
u05-004618,user4618@mail.co.in,2026-09-20,US
u05-004619,user4619@example.com,2026-09-15,GB
u05-004620,user4620@example.com,2026-09-19,US
u05-004621,user4621@example.com,2026-07-20,GB
u05-004622,user4622@corp.io,2026-04-11,IN
u05-004623,user4623@example.com,2026-06-17,SG
u05-004624,user4624@mail.co.in,2026-04-14,GB
u05-004625,user4625@uni.edu,2026-09-19,AU
u05-004626,user4626@mail.co.in,2026-04-27,US
u05-004627,user4627@mail.co.in,2026-05-25,IN
u05-004628,user4628@mail.co.in,2026-03-16,GB
u05-004629,user4629@corp.io,2026-08-14,US
u05-004630,user4630@corp.io,2026-04-26,GB
u05-004631,user4631@uni.edu,2026-04-14,GB
u05-004632,user4632@mail.co.in,2026-06-24,SG
u05-004633,user4633@example.com,2026-07-17,SG
u05-004634,user4634@corp.io,2026-07-12,GB
u05-004635,user4635@mail.co.in,2026-05-15,DE
u05-004636,user4636@uni.edu,2026-06-16,DE
u05-004637,user4637@mail.co.in,2026-05-16,SG
u05-004638,user4638@example.com,2026-03-25,DE
u05-004639,user4639@example.com,2026-08-24,SG
u05-004640,user4640@uni.edu,2026-03-16,DE
u05-004641,user4641@example.com,2026-05-28,DE
u05-004642,user4642@mail.co.in,2026-07-26,DE
u05-004643,user4643@corp.io,2026-05-17,DE
u05-004644,user4644@uni.edu,2026-09-17,US
u05-004645,user4645@uni.edu,2026-07-27,GB
u05-004646,user4646@example.com,2026-02-19,SG
u05-004647,user4647@uni.edu,2026-05-13,DE
u05-004648,user4648@mail.co.in,2026-03-10,GB
u05-004649,user4649@mail.co.in,2026-06-17,AU
u05-004650,user4650@mail.co.in,2026-09-18,US
u05-004651,user4651@mail.co.in,2026-08-14,SG
u05-004652,user4652@corp.io,2026-08-25,SG
u05-004653,user4653@example.com,2026-04-12,SG
u05-004654,user4654@uni.edu,2026-08-19,IN
u05-004655,user4655@corp.io,2026-05-21,DE
u05-004656,user4656@example.com,2026-03-25,IN
u05-004657,user4657@mail.co.in,2026-04-11,AU
u05-004658,user4658@mail.co.in,2026-08-14,GB
u05-004659,user4659@uni.edu,2026-02-19,GB
u05-004660,user4660@mail.co.in,2026-06-28,DE
u05-004661,user4661@corp.io,2026-08-16,US
u05-004662,user4662@uni.edu,2026-09-22,SG
u05-004663,user4663@uni.edu,2026-08-21,GB
u05-004664,user4664@corp.io,2026-06-19,GB
u05-004665,user4665@example.com,2026-02-22,DE
u05-004666,user4666@example.com,2026-09-20,IN
u05-004667,user4667@corp.io,2026-07-22,IN
u05-004668,user4668@corp.io,2026-05-11,US
u05-004669,user4669@example.com,2026-06-14,US
u05-004670,user4670@example.com,2026-08-14,AU
u05-004671,user4671@corp.io,2026-06-23,US
u05-004672,user4672@corp.io,2026-05-27,GB
u05-004673,user4673@mail.co.in,2026-01-12,SG
u05-004674,user4674@corp.io,2026-02-20,SG
u05-004675,user4675@uni.edu,2026-06-21,AU
u05-004676,user4676@corp.io,2026-08-12,DE
u05-004677,user4677@example.com,2026-05-15,DE
u05-004678,user4678@uni.edu,2026-07-23,US
u05-004679,user4679@example.com,2026-07-19,GB
u05-004680,user4680@example.com,2026-03-20,IN
u05-004681,user4681@example.com,2026-09-17,IN
u05-004682,user4682@example.com,2026-04-20,GB
u05-004683,user4683@uni.edu,2026-02-24,AU
u05-004684,user4684@corp.io,2026-04-18,DE
u05-004685,user4685@mail.co.in,2026-05-15,GB
u05-004686,user4686@example.com,2026-03-19,IN
u05-004687,user4687@corp.io,2026-06-10,SG
u05-004688,user4688@mail.co.in,2026-02-20,IN
u05-004689,user4689@corp.io,2026-02-27,DE
u05-004690,user4690@corp.io,2026-06-10,DE
u05-004691,user4691.example.com,2026-08-23,IN
u05-004692,user4692@corp.io,2026-03-19,SG
u05-004693,user4693@example.com,2026-06-28,IN
u05-004694,user4694@mail.co.in,2026-02-22,SG
u05-004695,user4695@example..com,2026-01-17,IN
u05-004696,user4696@corp.io,2026-07-19,GB
u05-004697,user4697@mail.co.in,2026-03-22,SG
u05-004698,user4698@mail.co.in,2026-09-10,SG
u05-004699,user4699@example.com,2026-01-25,IN
u05-004700,user4700@uni.edu,2026-09-10,AU
u05-004701,user4701@corp.io,2026-04-16,AU
u05-004702,user4702@example.com,2026-09-10,DE
u05-004703,user4703@mail.co.in,2026-04-16,AU
u05-004704,user4704@example.com,2026-05-12,DE
u05-004705,user4705@example.com,2026-08-15,GB
u05-004706,user4706@mail.co.in,2026-06-16,GB
u05-004707,user4707@corp.io,2026-02-22,DE
u05-004708,user4708@mail.co.in,2026-04-14,DE
u05-004709,user4709@uni.edu,2026-01-18,US
u05-004710,user4710@mail.co.in,2026-01-13,GB
u05-004711,user4711@corp.io,2026-03-23,SG
u05-004712,user4712@corp.io,2026-01-22,DE
u05-004713,user4713@mail.co.in,2026-07-23,GB
u05-004714,user4714@uni.edu,2026-07-13,AU
u05-004715,user4715@uni.edu,2026-05-18,DE
u05-004716,user4716@uni.edu,2026-05-23,IN
u05-004717,user4717@corp.io,2026-01-24,AU
u05-004718,user4718@uni.edu,2026-02-23,SG
u05-004719,user4719@example.com,2026-04-19,IN
u05-004720,user4720@example.com,2026-07-28,GB
u05-004721,user4721@uni.edu,2026-05-20,AU
u05-004722,user4722@uni.edu,2026-01-18,GB
u05-004723,user4723@uni.edu,2026-04-25,DE
u05-004724,user4724@example.com,2026-07-23,AU
u05-004725,user4725@corp.io,2026-07-16,IN
u05-004726,user4726@uni.edu,2026-07-26,IN
u05-004727,user4727@uni.edu,2026-07-27,GB
u05-004728,user4728@uni.edu,2026-09-23,GB
u05-004729,user4729@mail.co.in,2026-03-10,US
u05-004730,user4730@example.com,2026-07-28,AU
u05-004731,user4731@uni.edu,2026-02-21,SG
u05-004732,user4732@example.com,2026-07-18,GB
u05-004733,user4733@mail.co.in,2026-08-15,AU
u05-004734,user4734@uni.edu,2026-08-14,US
u05-004735,user4735@mail.co.in,2026-06-15,SG
u05-004736,user4736@example.com,2026-05-16,IN
u05-004737,user4737@example.com,2026-09-28,SG
u05-004738,user4738@mail.co.in,2026-02-25,DE
u05-004739,user4739@mail.co.in,2026-04-13,SG
u05-004740,user4740@corp.io,2026-01-11,DE
u05-004741,user4741@corp.io,2026-07-12,SG
u05-004742,user4742@mail.co.in,2026-07-25,AU
u05-004743,user4743@corp.io,2026-07-25,GB
u05-004744,user4744@mail.co.in,2026-06-14,DE
u05-004745,user4745@mail.co.in,2026-01-17,IN
u05-004746,user4746@corp.io,2026-07-20,DE
u05-004747,user4747@example.com,2026-06-25,AU
u05-004748,user4748@corp.io,2026-05-14,US
u05-004749,user4749@example.com,2026-06-19,AU
u05-004750,user4750@uni.edu,2026-06-10,SG
u05-004751,user4751@corp.io,2026-07-24,DE
u05-004752,user4752@example.com,2026-05-10,GB
u05-004753,user4753@corp.io,2026-02-18,IN
u05-004754,user4754@uni.edu,2026-09-17,GB
u05-004755,user4755@corp.io,2026-07-24,IN
u05-004756,user4756@mail.co.in,2026-09-16,GB
u05-004757,user4757@uni.edu,2026-03-22,AU
u05-004758,user4758@uni.edu,2026-09-24,US
u05-004759,user4759@mail.co.in,2026-01-12,AU
u05-004760,user4760@uni.edu,2026-05-21,US
u05-004761,user4761@corp.io,2026-08-23,DE
u05-004762,user4762@mail.co.in,2026-03-10,SG
u05-004763,user4763@uni.edu,2026-01-25,IN
u05-004764,user4764@uni.edu,2026-07-10,IN
u05-004765,user4765@mail.co.in,2026-08-16,IN
u05-004766,user4766@mail.co.in,2026-04-18,GB
u05-004767,user4767@example.com,2026-05-25,AU
u05-004768,user4768@mail.co.in,2026-04-21,DE
u05-004769,user4769@mail.co.in,2026-06-19,GB
u05-004770,user4770@corp.io,2026-05-27,DE
u05-004771,user4771@corp.io,2026-06-27,DE
u05-004772,user4772@example.com,2026-01-24,US
u05-004773,user4773@example.com,2026-03-16,SG
u05-004774,user4774@example.com,2026-03-28,US
u05-004775,user4775@example.com,2026-07-23,IN
u05-004776,user4776@uni.edu,2026-01-27,AU
u05-004777,user4777@corp.io,2026-02-10,IN
u05-004778,user4778@mail.co.in,2026-03-21,IN
u05-004779,user4779@uni.edu,2026-04-14,US
u05-004780,user4780@corp.io,2026-04-14,AU
u05-004781,user4781@mail.co.in,2026-05-10,SG
u05-004782,user4782@corp.io,2026-03-18,IN
u05-004783,user4783@corp.io,2026-05-23,DE
u05-004784,user4784@corp.io,2026-09-17,US
u05-004785,user4785@corp.io,2026-07-22,US
u05-004786,user4786@mail.co.in,2026-08-24,GB
u05-004787,user4787@mail.co.in,2026-09-20,SG
u05-004788,user4788@mail.co.in,2026-06-10,SG
u05-004789,user4789@uni.edu,2026-06-25,AU
u05-004790,user4790@mail.co.in,2026-06-15,AU
u05-004791,user4791@uni.edu,2026-06-14,IN
u05-004792,user4792@mail.co.in,2026-06-27,GB
u05-004793,user4793@example.com,2026-03-13,GB
u05-004794,user4794@mail.co.in,2026-01-13,US
u05-004795,user4795@mail.co.in,2026-04-10,GB
u05-004796,user4796@corp.io,2026-04-21,GB
u05-004797,user4797@uni.edu,2026-05-19,US
u05-004798,user4798@example.com,2026-07-15,US
u05-004799,user4799@example.com,2026-08-14,DE
u05-004800,user4800@mail.co.in,2026-01-22,AU
u05-004801,user4801@mail.co.in,2026-09-21,US
u05-004802,user4802@corp.io,2026-04-25,DE
u05-004803,user4803@mail.co.in,2026-02-13,US
u05-004804,user4804@mail.co.in,2026-06-13,SG
u05-004805,user4805@corp.io,2026-04-11,AU
u05-004806,user4806@uni.edu,2026-07-16,AU
u05-004807,user4807@example.com,2026-01-15,GB
u05-004808,user4808@example.com,2026-02-10,SG
u05-004809,user4809@mail.co.in,2026-02-15,AU
u05-004810,user4810@mail.co.in,2026-04-16,AU
u05-004811,user4811@uni.edu,2026-04-26,AU
u05-004812,user4812@uni.edu,2026-06-23,AU
u05-004813,user4813@mail.co.in,2026-04-20,GB
u05-004814,user4814@corp.io,2026-01-27,SG
u05-004815,user4815@example.com,2026-03-11,AU
u05-004816,user4816@mail.co.in,2026-09-11,US
u05-004817,user4817@mail.co.in,2026-03-19,DE
u05-004818,user4818@corp.io,2026-01-28,GB
u05-004819,user4819@corp.io,2026-09-28,IN
u05-004820,user4820@example.com,2026-03-21,SG
u05-004821,user4821@mail.co.in,2026-09-23,SG
u05-004822,user4822@mail.co.in,2026-05-21,DE
u05-004823,user4823@uni.edu,2026-05-12,US
u05-004824,user4824@uni.edu,2026-05-16,GB
u05-004825,user4825@example.com,2026-03-15,GB
u05-004826,user4826@corp.io,2026-01-18,SG
u05-004827,user4827@example.com,2026-02-16,AU
u05-004828,user4828@corp.io,2026-03-26,US
u05-004829,user4829@uni.edu,2026-08-17,US
u05-004830,user4830@corp.io,2026-07-28,SG
u05-004831,user4831@uni.edu,2026-05-15,AU
u05-004832,user4832@mail.co.in,2026-01-14,SG
u05-004833,user4833@mail.co.in,2026-03-24,DE
u05-004834,user4834@mail.co.in,2026-06-21,AU
u05-004835,user4835@mail.co.in,2026-06-25,US
u05-004836,user4836@mail.co.in,2026-07-16,SG
u05-004837,user4837@example.com,2026-08-21,DE
u05-004838,user4838@mail.co.in,2026-04-24,DE
u05-004839,user4839@uni.edu,2026-02-22,IN
u05-004840,user4840@corp.io,2026-07-26,US
u05-004841,user4841@uni.edu,2026-02-12,SG
u05-004842,user4842@corp.io,2026-06-17,SG
u05-004843,user4843@corp.io,2026-08-26,AU
u05-004844,user4844@example.com,2026-05-27,SG
u05-004845,user4845@corp.io,2026-02-27,IN
u05-004846,user4846@mail.co.in,2026-03-20,AU
u05-004847,user4847@uni.edu,2026-03-24,AU
u05-004848,user4848@mail.co.in,2026-01-11,IN
u05-004849,user4849@mail.co.in,2026-05-22,US
u05-004850,user4850@uni.edu,2026-08-21,IN
u05-004851,user4851@example.com,2026-04-24,GB
u05-004852,user4852@uni.edu,2026-08-12,GB
u05-004853,user4853@mail.co.in,2026-07-17,DE
u05-004854,user4854@corp.io,2026-06-23,IN
u05-004855,user4855@mail.co.in,2026-01-22,GB
u05-004856,user4856@uni.edu,2026-03-28,AU
u05-004857,user4857@corp.io,2026-02-22,US
u05-004858,user4858@example.com,2026-03-10,AU
u05-004859,user4859@mail.co.in,2026-02-12,AU
u05-004860,user4860@example.com,2026-04-18,SG
u05-004861,user4861@corp.io,2026-04-18,SG
u05-004862,user4862@example.com,2026-09-25,DE
u05-004863,user4863@corp.io,2026-06-17,GB
u05-004864,user4864@uni.edu,2026-07-12,AU
u05-004865,user4865@corp.io,2026-03-10,US
u05-004866,user4866@example.com,2026-03-17,SG
u05-004867,user4867@uni.edu,2026-02-13,GB
u05-004868,user4868@example.com,2026-06-21,AU
u05-004869,user4869@example.com,2026-08-18,GB
u05-004870,user4870@uni.edu,2026-06-27,DE
u05-004871,user4871@example.com,2026-05-25,DE
u05-004872,user4872@uni.edu,2026-09-19,AU
u05-004873,user4873@example.com,2026-07-25,DE
u05-004874,user4874@corp.io,2026-08-15,DE
u05-004875,user4875@example.com,2026-02-25,US
u05-004876,user4876@mail.co.in,2026-01-24,GB
u05-004877,user4877@uni.edu,2026-05-26,GB
u05-004878,user4878@example.com,2026-05-24,SG
u05-004879,user4879@example.com,2026-01-12,AU
u05-004880,user4880@corp.io,2026-06-11,DE
u05-004881,user4881@corp.io,2026-08-12,DE
u05-004882,user4882@example.com,2026-08-18,IN
u05-004883,user4883@example.com,2026-04-27,DE
u05-004884,user4884@mail.co.in,2026-09-12,SG
u05-004885,user4885@example.com,2026-07-21,SG
u05-004886,user4886@example.com,2026-09-17,IN
u05-004887,user4887@uni.edu,2026-09-15,AU
u05-004888,user4888@corp.io,2026-06-13,GB
u05-004889,user4889@uni.edu,2026-08-11,GB
u05-004890,user4890@mail.co.in,2026-02-13,AU
u05-004891,user4891@uni.edu,2026-01-17,IN
u05-004892,user4892@mail.co.in,2026-08-19,DE
u05-004893,user4893@example.com,2026-06-24,DE
u05-004894,user4894@example.com,2026-07-16,AU
u05-004895,user4895@corp.io,2026-04-12,DE
u05-004896,user4896@uni.edu,2026-03-27,DE
u05-004897,user4897@uni.edu,2026-02-27,SG
u05-004898,user4898@example.com,2026-06-27,US
u05-004899,user4899@corp.io,2026-06-23,DE
u05-004900,user4900@corp.io,2026-09-17,US
u05-004901,user4901@example.com,2026-06-23,SG
u05-004902,user4902@example.com,2026-03-28,AU
u05-004903,user4903@example.com,2026-05-17,AU
u05-004904,user4904@uni.edu,2026-09-21,SG
u05-004905,user4905@uni.edu,2026-06-21,IN
u05-004906,user4906@example.com,2026-08-15,SG
u05-004907,user4907@mail.co.in,2026-07-15,AU
u05-004908,user4908@example.com,2026-06-20,IN
u05-004909,user4909@uni.edu,2026-01-13,AU
u05-004910,user4910@corp.io,2026-04-22,GB
u05-004911,user4911@mail.co.in,2026-05-22,GB
u05-004912,user4912@example.com,2026-07-25,IN
u05-004913,user4913@corp.io,2026-04-10,GB
u05-004914,user4914@corp.io,2026-09-26,SG
u05-004915,user4915@corp.io,2026-05-14,US
u05-004916,user4916@uni.edu,2026-01-28,AU
u05-004917,user4917@corp.io,2026-09-22,GB
u05-004918,user4918@example.com,2026-03-12,US
u05-004919,user4919@corp.io,2026-03-16,SG
u05-004920,user4920@uni.edu,2026-04-23,DE
u05-004921,user4921@corp.io,2026-07-23,US
u05-004922,user4922@mail.co.in,2026-03-17,IN
u05-004923,user4923@mail.co.in,2026-09-25,IN
u05-004924,user4924@mail.co.in,2026-09-18,GB
u05-004925,user4925@example.com,2026-06-27,SG
u05-004926,user4926@corp.io,2026-09-17,SG
u05-004927,user4927@mail.co.in,2026-09-20,AU
u05-004928,user4928@example.com,2026-03-23,DE
u05-004929,user4929@mail.co.in,2026-08-12,IN
u05-004930,user4930@mail.co.in,2026-03-17,AU
u05-004931,user4931@example.com,2026-01-24,AU
u05-004932,user4932@mail.co.in,2026-03-22,IN
u05-004933,user4933@mail.co.in,2026-04-20,DE
u05-004934,user4934@mail.co.in,2026-06-21,GB
u05-004935,user4935@corp.io,2026-09-11,SG
u05-004936,user4936@example.com,2026-02-18,AU
u05-004937,user4937@corp.io,2026-07-22,GB
u05-004938,user4938@example.com,2026-06-15,GB
u05-004939,user4939@mail.co.in,2026-03-12,IN
u05-004940,user4940@corp.io,2026-09-19,GB
u05-004941,user4941@example.com,2026-09-20,AU
u05-004942,user4942@corp.io,2026-04-11,SG
u05-004943,user4943@example.com,2026-06-26,US
u05-004944,user4944@corp.io,2026-06-18,SG
u05-004945,user4945@mail.co.in,2026-01-12,SG
u05-004946,user4946@uni.edu,2026-02-24,AU
u05-004947,user4947@corp.io,2026-05-26,AU
u05-004948,user4948@example.com,2026-06-24,GB
u05-004949,user4949@mail.co.in,2026-01-20,US
u05-004950,user4950@corp.io,2026-05-10,IN
u05-004951,user4951@uni.edu,2026-02-18,DE
u05-004952,user4952@uni.edu,2026-08-12,AU
u05-004953,user4953@example.com,2026-02-28,US
u05-004954,user4954@mail.co.in,2026-06-28,US
u05-004955,user4955@corp.io,2026-05-12,AU
u05-004956,user4956@uni.edu,2026-05-28,IN
u05-004957,user4957@corp.io,2026-02-23,US
u05-004958,user4958@mail.co.in,2026-07-11,IN
u05-004959,user4959@uni.edu,2026-01-17,IN
u05-004960,user4960@example.com,2026-04-19,SG
u05-004961,user4961@corp.io,2026-03-26,IN
u05-004962,user4962@corp.io,2026-09-20,AU
u05-004963,user4963@mail.co.in,2026-04-23,DE
u05-004964,user4964@uni.edu,2026-03-27,GB
u05-004965,user4965@corp.io,2026-01-23,IN
u05-004966,user4966@example.com,2026-07-11,IN
u05-004967,user4967@mail.co.in,2026-07-24,DE
u05-004968,user4968@example.com,2026-06-24,AU
u05-004969,user4969@mail.co.in,2026-03-24,SG
u05-004970,user4970@example.com,2026-02-12,SG
u05-004971,user4971@uni.edu,2026-02-22,US
u05-004972,user4972@corp.io,2026-05-25,GB
u05-004973,user4973@example.com,2026-06-19,US
u05-004974,user4974@uni.edu,2026-01-28,GB
u05-004975,user4975@uni.edu,2026-06-22,US
u05-004976,user4976@example.com,2026-09-21,SG
u05-004977,user4977@uni.edu,2026-08-12,AU
u05-004978,user4978@example.com,2026-09-20,GB
u05-004979,user4979@uni.edu,2026-01-25,AU
u05-004980,user4980@mail.co.in,2026-01-11,DE
u05-004981,user4981@uni.edu,2026-02-17,AU
u05-004982,user4982@example.com,2026-05-26,GB
u05-004983,user4983@mail.co.in,2026-06-28,SG
u05-004984,user4984@uni.edu,2026-01-16,DE
u05-004985,user4985@example.com,2026-05-24,US
u05-004986,user4986@uni.edu,2026-04-19,SG
u05-004987,user4987@uni.edu,2026-06-10,IN
u05-004988,user4988@mail.co.in,2026-05-22,SG
u05-004989,user4989@corp.io,2026-07-18,IN
u05-004990,user4990@mail.co.in,2026-09-23,SG
u05-004991,user4991@uni.edu,2026-09-21,SG
u05-004992,user4992@uni.edu,2026-05-24,GB
u05-004993,user4993@example.com,2026-01-26,GB
u05-004994,user4994@corp.io,2026-04-25,DE
u05-004995,user4995@uni.edu,2026-04-23,GB
u05-004996,user4996@uni.edu,2026-09-24,GB
u05-004997,user4997@example.com,2026-08-15,DE
u05-004998,user4998@mail.co.in,2026-04-12,AU
u05-004999,user4999@mail.co.in,2026-09-16,SG
