user_id,email,signup_date,country
u06-000000,user0@example.com,2026-04-26,GB
u06-000001,user1@mail.co.in,2026-02-22,IN
u06-000002,user2@uni.edu,2026-01-18,IN
u06-000003,user3@uni.edu,2026-01-11,GB
u06-000004,user4@uni.edu,2026-02-12,SG
u06-000005,user5@corp.io,2026-01-24,DE
u06-000006,user6@corp.io,2026-06-20,DE
u06-000007,user7@example.com,2026-09-23,AU
u06-000008,user8@mail.co.in,2026-08-18,SG
u06-000009,user9@corp.io,2026-02-16,SG
u06-000010,user10@example.com,2026-09-22,US
u06-000011,user11@mail.co.in,2026-03-21,IN
u06-000012,user12@example.com,2026-02-26,IN
u06-000013,user13@corp.io,2026-06-28,GB
u06-000014,user14@mail.co.in,2026-04-11,DE
u06-000015,user15@example.com,2026-01-25,DE
u06-000016,user16@corp.io,2026-02-20,DE
u06-000017,user17@example.com,2026-04-20,DE
u06-000018,user18@corp.io,2026-03-10,DE
u06-000019,user19@corp.io,2026-04-28,SG
u06-000020,user20@example.com,2026-08-13,AU
u06-000021,user21@uni.edu,2026-08-10,US
u06-000022,user22@uni.edu,2026-09-28,AU
u06-000023,user23@corp.io,2026-03-19,GB
u06-000024,user24@mail.co.in,2026-02-26,AU
u06-000025,user25@example.com,2026-03-22,IN
u06-000026,user26@uni.edu,2026-01-11,SG
u06-000027,user27@corp.io,2026-09-14,US
u06-000028,user28@uni.edu,2026-05-12,US
u06-000029,user29@corp.io,2026-06-10,SG
u06-000030,user30@example.com,2026-03-22,IN
u06-000031,user31@uni.edu,2026-05-22,GB
u06-000032,user32@corp.io,2026-04-17,AU
u06-000033,user33@example.com,2026-08-10,AU
u06-000034,user34@uni.edu,2026-03-11,DE
u06-000035,user35@corp.io,2026-07-14,GB
u06-000036,user36@mail.co.in,2026-08-20,AU
u06-000037,user37@example.com,2026-08-12,IN
u06-000038,user38@mail.co.in,2026-05-16,US
u06-000039,user39@corp.io,2026-03-11,AU
u06-000040,user40@corp.io,2026-06-11,GB
u06-000041,user41@uni.edu,2026-05-16,SG
u06-000042,user42@example.com,2026-04-20,US
u06-000043,user43@uni.edu,2026-08-24,US
u06-000044,user44@corp.io,2026-08-27,AU
u06-000045,user45@example.com,2026-07-21,AU
u06-000046,user46@mail.co.in,2026-09-24,DE
u06-000047,user47@example.com,2026-08-12,AU
u06-000048,user48@corp.io,2026-01-24,DE
u06-000049,user49@uni.edu,2026-03-18,DE
u06-000050,user50@corp.io,2026-08-21,DE
u06-000051,user51@mail.co.in,2026-03-19,GB
u06-000052,user52@mail.co.in,2026-09-12,IN
u06-000053,user53@corp.io,2026-08-14,US
u06-000054,user54@uni.edu,2026-02-12,US
u06-000055,user55@uni.edu,2026-02-14,AU
u06-000056,user56@example.com,2026-04-16,DE
u06-000057,user57@corp.io,2026-01-15,AU
u06-000058,user58@example.com,2026-04-28,US
u06-000059,user59@corp.io,2026-07-27,AU
u06-000060,user60@example.com,2026-09-22,GB
u06-000061,user61@example.com,2026-05-16,DE
u06-000062,user62@uni.edu,2026-09-27,IN
u06-000063,user63@mail.co.in,2026-02-10,GB
u06-000064,user64@mail.co.in,2026-02-12,AU
u06-000065,user65@mail.co.in,2026-08-26,DE
u06-000066,user66@corp.io,2026-07-23,DE
u06-000067,user67@mail.co.in,2026-09-15,GB
u06-000068,user68@example.com,2026-09-12,SG
u06-000069,user69@mail.co.in,2026-09-14,SG
u06-000070,user70@uni.edu,2026-04-14,AU
u06-000071,user71@example.com,2026-06-22,DE
u06-000072,user72@corp.io,2026-03-17,GB
u06-000073,user73@corp.io,2026-02-10,DE
u06-000074,user74@mail.co.in,2026-01-24,US
u06-000075,user75@example.com,2026-08-15,SG
u06-000076,user76@uni.edu,2026-09-18,SG
u06-000077,user77@uni.edu,2026-03-17,GB
u06-000078,user78@uni.edu,2026-03-16,AU
u06-000079,user79@corp.io,2026-04-26,IN
u06-000080,user80@example.com,2026-02-17,GB
u06-000081,user81@corp.io,2026-08-20,US
u06-000082,user82@corp.io,2026-02-28,GB
u06-000083,user83@mail.co.in,2026-07-17,SG
u06-000084,user84@example.com,2026-09-23,AU
u06-000085,user85@example.com,2026-02-28,SG
u06-000086,user86@example.com,2026-07-21,AU
u06-000087,user87@corp.io,2026-08-22,GB
u06-000088,user88@uni.edu,2026-02-14,DE
u06-000089,user89@uni.edu,2026-02-11,DE
u06-000090,user90@corp.io,2026-04-20,DE
u06-000091,user91@corp.io,2026-03-24,US
u06-000092,user92@uni.edu,2026-03-27,IN
u06-000093,user93@mail.co.in,2026-09-20,SG
u06-000094,user94@corp.io,2026-07-12,DE
u06-000095,user95@corp.io,2026-07-10,IN
u06-000096,user96@uni.edu,2026-09-19,SG
u06-000097,user97@uni.edu,2026-07-17,IN
u06-000098,user98@example.com,2026-02-23,US
u06-000099,user99@corp.io,2026-07-22,DE
u06-000100,user100@uni.edu,2026-08-14,IN
u06-000101,user101@uni..edu,2026-03-21,IN
u06-000102,user102@uni.edu,2026-09-23,SG
u06-000103,user103@corp.io,2026-08-20,SG
u06-000104,user104@example.com,2026-07-22,SG
u06-000105,user105@mail.co.in,2026-09-22,AU
u06-000106,user106@corp.io,2026-07-18,IN
u06-000107,user107@corp.io,2026-09-24,GB
u06-000108,user108@example.com,2026-09-14,US
u06-000109,user109@corp.io,2026-06-13,DE
u06-000110,user110@mail.co.in,2026-09-20,SG
u06-000111,user111@uni.edu,2026-01-23,AU
u06-000112,user112@uni.edu,2026-05-25,US
u06-000113,user113@example.com,2026-01-22,DE
u06-000114,user114@example.com,2026-02-23,IN
u06-000115,user115@corp.io,2026-04-14,SG
u06-000116,user116@mail.co.in,2026-08-20,GB
u06-000117,user117@uni.edu,2026-02-10,AU
u06-000118,user118@mail.co.in,2026-03-11,SG
u06-000119,user119@uni.edu,2026-07-26,US
u06-000120,user120@example.com,2026-04-22,GB
u06-000121,user121@corp.io,2026-02-26,GB
u06-000122,user122@example.com,2026-09-20,SG
u06-000123,user123@example.com,2026-02-13,AU
u06-000124,user124@uni.edu,2026-04-27,IN
u06-000125,user125@uni.edu,2026-08-10,DE
u06-000126,user126@corp.io,2026-03-22,SG
u06-000127,user127@mail.co.in,2026-04-21,AU
u06-000128,user128@example.com,2026-02-19,GB
u06-000129,user129@corp.io,2026-08-16,SG
u06-000130,user130@example.com,2026-03-23,SG
u06-000131,user131@mail.co.in,2026-09-18,IN
u06-000132,user132@mail.co.in,2026-08-24,AU
u06-000133,user133@mail.co.in,2026-07-11,GB
u06-000134,user134@mail.co.in,2026-05-15,AU
u06-000135,user135@corp.io,2026-03-27,GB
u06-000136,user136@mail.co.in,2026-04-22,AU
u06-000137,user137@example.com,2026-05-20,GB
u06-000138,user138@corp.io,2026-06-21,IN
u06-000139,user139@example.com,2026-04-22,DE
u06-000140,user140@uni.edu,2026-05-19,US
u06-000141,user141@mail.co.in,2026-03-23,IN
u06-000142,user142@corp.io,2026-07-28,US
u06-000143,user143@corp.io,2026-09-20,AU
u06-000144,user144@mail.co.in,2026-08-21,SG
u06-000145,user145@mail.co.in,2026-04-27,US
u06-000146,user146@corp.io,2026-03-16,AU
u06-000147,user147@uni.edu,2026-08-19,DE
u06-000148,user148@example.com,2026-02-13,AU
u06-000149,user149@corp.io,2026-05-10,DE
u06-000150,user150@corp.io,2026-06-24,IN
u06-000151,user151@mail.co.in,2026-04-13,SG
u06-000152,user152@example.com,2026-02-25,AU
u06-000153,user153@mail.co.in,2026-02-12,US
u06-000154,user154@corp.io,2026-04-17,DE
u06-000155,user155@corp.io,2026-07-13,US
u06-000156,user156@corp.io,2026-09-22,IN
u06-000157,user157@example.com,2026-06-24,IN
u06-000158,user158@uni.edu,2026-04-28,DE
u06-000159,user159@example.com,2026-03-14,AU
u06-000160,user160@uni.edu,2026-09-18,GB
u06-000161,user161@corp.io,2026-02-26,DE
u06-000162,user162@corp.io,2026-09-11,IN
u06-000163,user163@mail.co.in,2026-05-22,GB
u06-000164,user164@mail.co.in,2026-02-14,GB
u06-000165,user165@uni.edu,2026-02-17,DE
u06-000166,user166@corp.io,2026-08-21,DE
u06-000167,user167@mail.co.in,2026-06-12,AU
u06-000168,user168@mail.co.in,2026-09-28,DE
u06-000169,user169@example.com,2026-02-15,SG
u06-000170,user170@corp.io,2026-05-14,GB
u06-000171,user171@mail.co.in,2026-05-25,DE
u06-000172,user172@uni.edu,2026-07-24,IN
u06-000173,user173@example.com,2026-09-16,AU
u06-000174,user174@corp.io,2026-05-17,SG
u06-000175,user175@example.com,2026-09-23,SG
u06-000176,user176@mail.co.in,2026-09-19,GB
u06-000177,user177@corp.io,2026-04-14,IN
u06-000178,user178@mail.co.in,2026-03-11,SG
u06-000179,user179@uni.edu,2026-03-27,SG
u06-000180,user180@example.com,2026-07-25,GB
u06-000181,user181@uni.edu,2026-04-27,DE
u06-000182,user182@mail.co.in,2026-03-13,IN
u06-000183,user183@uni.edu,2026-06-17,AU
u06-000184,user184@uni.edu,2026-02-12,GB
u06-000185,user185@mail.co.in,2026-05-13,GB
u06-000186,user186@mail.co.in,2026-02-13,GB
u06-000187,user187@example.com,2026-02-20,SG
u06-000188,user188@mail.co.in,2026-02-10,IN
u06-000189,user189@example.com,2026-04-24,US
u06-000190,user190@example.com,2026-04-19,US
u06-000191,user191@example.com,2026-09-10,IN
u06-000192,user192@corp.io,2026-01-11,SG
u06-000193,user193@example.com,2026-02-22,AU
u06-000194,user194@example.com,2026-01-10,AU
u06-000195,user195@mail.co.in,2026-08-10,GB
u06-000196,user196@uni.edu,2026-05-16,GB
u06-000197,user197@mail.co.in,2026-03-28,IN
u06-000198,user198@uni.edu,2026-01-10,SG
u06-000199,user199@corp.io,2026-04-24,US
u06-000200,user200@uni.edu,2026-09-16,IN
u06-000201,user201@example.com,2026-03-22,AU
u06-000202,user202@corp.io,2026-02-20,GB
u06-000203,user203@corp.io,2026-01-24,AU
u06-000204,user204@example.com,2026-08-15,IN
u06-000205,user205@corp.io,2026-02-23,SG
u06-000206,user206@corp.io,2026-03-25,AU
u06-000207,user207@example.com,2026-02-21,GB
u06-000208,user208@mail.co.in,2026-03-23,US
u06-000209,user209@uni.edu,2026-01-13,DE
u06-000210,user210@example.com,2026-08-14,US
u06-000211,user211@mail.co.in,2026-06-25,IN
u06-000212,user212@corp.io,2026-03-16,SG
u06-000213,user213@mail.co.in,2026-07-16,SG
u06-000214,user214@uni.edu,2026-04-20,DE
u06-000215,user215@uni.edu,2026-08-20,SG
u06-000216,user216@mail.co.in,2026-03-13,SG
u06-000217,user217@uni.edu,2026-07-26,GB
u06-000218,user218@uni.edu,2026-09-15,US
u06-000219,user219@example.com,2026-01-10,AU
u06-000220,user220@example.com,2026-06-13,DE
u06-000221,user221@mail.co.in,2026-06-24,AU
u06-000222,user222@corp.io,2026-04-26,IN
u06-000223,user223@corp.io,2026-04-16,GB
u06-000224,user224@example.com,2026-09-23,GB
u06-000225,user225@corp.io,2026-04-25,AU
u06-000226,user226@corp.io,2026-03-10,DE
u06-000227,user227@uni.edu,2026-01-20,IN
u06-000228,user228@mail.co.in,2026-04-20,US
u06-000229,user229@mail.co.in,2026-01-22,IN
u06-000230,user230@mail.co.in,2026-07-11,US
u06-000231,user231@corp.io,2026-03-11,AU
u06-000232,user232@uni.edu,2026-04-24,DE
u06-000233,user233@uni.edu,2026-02-21,GB
u06-000234,user234@corp.io,2026-02-25,GB
u06-000235,user235@corp.io,2026-01-15,AU
u06-000236,user236@example.com,2026-04-12,AU
u06-000237,user237@example.com,2026-07-20,AU
u06-000238,user238@uni.edu,2026-06-22,DE
u06-000239,user239@corp.io,2026-06-21,US
u06-000240,user240@corp.io,2026-06-26,AU
u06-000241,user241@mail.co.in,2026-07-14,DE
u06-000242,user242@corp.io,2026-09-14,AU
u06-000243,user243@corp.io,2026-01-17,GB
u06-000244,user244@corp.io,2026-05-22,IN
u06-000245,user245@mail.co.in,2026-05-11,US
u06-000246,user246@corp.io,2026-07-23,AU
u06-000247,user247@uni.edu,2026-03-27,SG
u06-000248,user248@example.com,2026-09-24,IN
u06-000249,user249@mail.co.in,2026-05-22,IN
u06-000250,user250@uni.edu,2026-05-21,AU
u06-000251,user251@example.com,2026-08-24,AU
u06-000252,user252@mail.co.in,2026-09-26,AU
u06-000253,user253@uni.edu,2026-04-10,DE
u06-000254,user254@corp.io,2026-01-26,US
u06-000255,user255@corp.io,2026-02-28,US
u06-000256,user256@corp.io,2026-07-12,DE
u06-000257,user257@example.com,2026-08-20,DE
u06-000258,user258@corp.io,2026-05-26,SG
u06-000259,user259@mail.co.in,2026-07-14,SG
u06-000260,user260@mail.co.in,2026-08-28,AU
u06-000261,user261@corp.io,2026-04-22,IN
u06-000262,user262@mail.co.in,2026-07-28,AU
u06-000263,user263@uni.edu,2026-03-13,SG
u06-000264,user264@uni.edu,2026-07-19,GB
u06-000265,user265@mail.co.in,2026-07-20,US
u06-000266,user266@uni.edu,2026-06-18,DE
u06-000267,user267@corp.io,2026-04-15,GB
u06-000268,user268@mail.co.in,2026-08-23,IN
u06-000269,user269@uni.edu,2026-09-16,IN
u06-000270,user270@mail.co.in,2026-04-23,GB
u06-000271,user271@corp.io,2026-03-14,SG
u06-000272,user272@example.com,2026-04-26,AU
u06-000273,user273@corp.io,2026-07-20,GB
u06-000274,user274@mail.co.in,2026-02-24,IN
u06-000275,user275@corp.io,2026-06-24,IN
u06-000276,user276@uni.edu,2026-01-27,SG
u06-000277,user277@corp.io,2026-05-17,AU
u06-000278,user278@uni.edu,2026-07-25,SG
u06-000279,user279@mail.co.in,2026-02-26,AU
u06-000280,user280@mail.co.in,2026-03-11,IN
u06-000281,user281@corp.io,2026-09-12,DE
u06-000282,user282@mail.co.in,2026-04-25,AU
u06-000283,user283@uni.edu,2026-01-25,DE
u06-000284,user284@mail.co.in,2026-02-18,GB
u06-000285,user285@corp.io,2026-07-12,DE
u06-000286,user286@uni.edu,2026-07-17,GB
u06-000287,user287@example.com,2026-05-25,GB
u06-000288,user288@example.com,2026-02-18,US
u06-000289,user289@mail.co.in,2026-06-20,IN
u06-000290,user290@corp.io,2026-04-16,GB
u06-000291,user291@mail.co.in,2026-09-16,AU
u06-000292,user292@example.com,2026-08-15,IN
u06-000293,user293@corp.io,2026-03-16,AU
u06-000294,user294@uni.edu,2026-01-23,IN
u06-000295,user295@example.com,2026-01-14,IN
u06-000296,user296@example.com,2026-02-24,DE
u06-000297,user297@uni.edu,2026-01-12,AU
u06-000298,user298@uni.edu,2026-07-19,US
u06-000299,user299@mail.co.in,2026-07-27,GB
u06-000300,user300@example.com,2026-06-24,IN
u06-000301,user301@example.com,2026-01-27,GB
u06-000302,user302@uni.edu,2026-04-12,US
u06-000303,user303@uni.edu,2026-08-20,SG
u06-000304,user304@corp.io,2026-06-26,SG
u06-000305,user305@corp.io,2026-09-19,IN
u06-000306,user306@mail.co.in,2026-03-28,DE
u06-000307,user307@uni.edu,2026-04-21,IN
u06-000308,user308@corp.io,2026-09-16,SG
u06-000309,user309@example.com,2026-04-26,AU
u06-000310,user310@example.com,2026-01-25,IN
u06-000311,user311@uni.edu,2026-08-19,GB
u06-000312,user312@mail.co.in,2026-02-11,SG
u06-000313,user313@uni.edu,2026-07-20,AU
u06-000314,user314@mail.co.in,2026-02-24,GB
u06-000315,user315@corp.io,2026-01-16,US
u06-000316,user316@example.com,2026-02-18,IN
u06-000317,user317@mail.co.in,2026-03-21,AU
u06-000318,user318@uni.edu,2026-09-28,AU
u06-000319,user319@mail.co.in,2026-02-24,AU
u06-000320,user320@uni.edu,2026-03-28,DE
u06-000321,user321@example.com,2026-03-23,IN
u06-000322,user322@mail.co.in,2026-02-28,DE
u06-000323,user323@uni.edu,2026-02-26,IN
u06-000324,user324@corp.io,2026-08-15,IN
u06-000325,user325@corp.io,2026-08-14,SG
u06-000326,user326@example.com,2026-09-18,US
u06-000327,user327@mail.co.in,2026-05-23,US
u06-000328,user328@uni.edu,2026-05-10,GB
u06-000329,user329@uni.edu,2026-04-25,DE
u06-000330,user330@corp.io,2026-06-25,IN
u06-000331,user331@example.com,2026-05-15,DE
u06-000332,user332@mail.co.in,2026-08-23,AU
u06-000333,user333@example.com,2026-04-19,US
u06-000334,user334@corp.io,2026-02-13,DE
u06-000335,user335@example.com,2026-02-15,IN
u06-000336,user336@example.com,2026-05-15,GB
u06-000337,user337@corp.io,2026-06-14,GB
u06-000338,user338@mail.co.in,2026-07-15,GB
u06-000339,user339@example.com,2026-07-23,IN
u06-000340,user340@corp.io,2026-06-16,GB
u06-000341,user341@uni.edu,2026-05-19,GB
u06-000342,user342@uni.edu,2026-02-23,AU
u06-000343,user343@uni.edu,2026-01-28,GB
u06-000344,user344@example.com,2026-08-12,IN
u06-000345,user345@corp.io,2026-09-11,US
u06-000346,user346@mail.co.in,2026-03-16,DE
u06-000347,user347@corp.io,2026-08-13,GB
u06-000348,user348@uni.edu,2026-02-16,DE
u06-000349,user349@mail.co.in,2026-07-14,DE
u06-000350,user350@uni.edu,2026-03-28,AU
u06-000351,user351@mail.co.in,2026-08-10,GB
u06-000352,user352@example.com,2026-01-16,IN
u06-000353,user353@corp.io,2026-01-13,SG
u06-000354,user354@corp.io,2026-01-17,GB
u06-000355,user355@corp.io,2026-03-18,GB
u06-000356,user356@corp.io,2026-07-25,DE
u06-000357,user357@example.com,2026-04-23,AU
u06-000358,user358@uni.edu,2026-08-23,SG
u06-000359,user359@mail.co.in,2026-05-11,DE
u06-000360,user360@corp.io,2026-01-26,US
u06-000361,user361@example.com,2026-08-11,DE
u06-000362,user362@uni.edu,2026-01-27,AU
u06-000363,user363@corp.io,2026-08-23,AU
u06-000364,user364@uni.edu,2026-08-27,GB
u06-000365,user365@uni.edu,2026-02-27,AU
u06-000366,user366@mail.co.in,2026-09-13,AU
u06-000367,user367@mail.co.in,2026-02-27,GB
u06-000368,user368@corp.io,2026-04-10,SG
u06-000369,user369@corp.io,2026-04-24,SG
u06-000370,user370@uni.edu,2026-07-27,SG
u06-000371,user371@mail.co.in,2026-09-23,US
u06-000372,user372@example.com,2026-08-16,AU
u06-000373,user373@corp.io,2026-03-22,US
u06-000374,user374@mail.co.in,2026-04-19,US
u06-000375,user375@mail.co.in,2026-02-20,DE
u06-000376,user376@mail.co.in,2026-08-27,GB
u06-000377,user377@uni.edu,2026-07-10,IN
u06-000378,user378@mail.co.in,2026-03-14,DE
u06-000379,user379@mail.co.in,2026-08-13,SG
u06-000380,user380@mail.co.in,2026-07-28,US
u06-000381,user381@mail.co.in,2026-03-11,GB
u06-000382,user382@uni.edu,2026-04-21,GB
u06-000383,user383@example.com,2026-03-12,SG
u06-000384,user384@uni.edu,2026-07-17,IN
u06-000385,user385@corp.io,2026-04-23,US
u06-000386,user386@mail.co.in,2026-05-27,DE
u06-000387,user387@uni.edu,2026-06-18,AU
u06-000388,user388@uni.edu,2026-07-22,GB
u06-000389,user389@corp.io,2026-04-26,SG
u06-000390,user390@corp.io,2026-06-16,GB
u06-000391,user391@uni.edu,2026-03-12,US
u06-000392,user392@mail.co.in,2026-07-27,AU
u06-000393,user393@uni.edu,2026-08-12,GB
u06-000394,user394@uni.edu,2026-09-13,DE
u06-000395,user395@mail.co.in,2026-08-12,AU
u06-000396,user396@uni.edu,2026-04-13,US
u06-000397,user397@uni.edu,2026-07-27,IN
u06-000398,user398@mail.co.in,2026-02-14,DE
u06-000399,user399@corp.io,2026-01-20,SG
u06-000400,user400@corp.io,2026-09-26,GB
u06-000401,user401@mail.co.in,2026-09-23,AU
u06-000402,user402@example.com,2026-02-22,AU
u06-000403,user403@example.com,2026-03-17,SG
u06-000404,user404@example.com,2026-09-15,AU
u06-000405,user405@example.com,2026-01-26,GB
u06-000406,user406@mail.co.in,2026-03-20,IN
u06-000407,user407@example.com,2026-09-12,SG
u06-000408,user408@example.com,2026-07-10,AU
u06-000409,user409@mail.co.in,2026-02-20,AU
u06-000410,user410@example.com,2026-05-21,GB
u06-000411,user411@corp.io,2026-08-12,GB
u06-000412,user412@uni.edu,2026-08-14,GB
u06-000413,user413@example.com,2026-02-12,DE
u06-000414,user414@example.com,2026-06-22,SG
u06-000415,user415@corp.io,2026-09-25,DE
u06-000416,user416@mail.co.in,2026-09-17,US
u06-000417,user417@uni.edu,2026-07-19,US
u06-000418,user418@corp.io,2026-09-17,AU
u06-000419,user419@corp.io,2026-01-11,IN
u06-000420,user420@mail.co.in,2026-09-25,US
u06-000421,user421@example.com,2026-07-25,US
u06-000422,user422@corp.io,2026-01-17,IN
u06-000423,user423@example.com,2026-04-13,AU
u06-000424,user424@example.com,2026-02-11,DE
u06-000425,user425@example.com,2026-09-28,DE
u06-000426,user426@corp.io,2026-09-16,SG
u06-000427,user427@mail.co.in,2026-09-14,AU
u06-000428,user428@mail.co.in,2026-04-12,AU
u06-000429,user429@example.com,2026-08-16,DE
u06-000430,user430@mail.co.in,2026-02-28,AU
u06-000431,user431@mail.co.in,2026-05-28,GB
u06-000432,user432@uni.edu,2026-08-12,IN
u06-000433,user433@mail.co.in,2026-01-11,GB
u06-000434,user434@example.com,2026-05-22,DE
u06-000435,user435@uni.edu,2026-03-20,US
u06-000436,user436@uni.edu,2026-08-13,GB
u06-000437,user437@uni.edu,2026-09-17,GB
u06-000438,user438@uni.edu,2026-07-17,GB
u06-000439,user439@example.com,2026-05-15,IN
u06-000440,user440@corp.io,2026-04-10,AU
u06-000441,user441@uni.edu,2026-05-18,SG
u06-000442,user442@corp.io,2026-05-19,DE
u06-000443,user443@corp.io,2026-06-17,US
u06-000444,user444@uni.edu,2026-07-20,AU
u06-000445,user445@corp.io,2026-04-15,SG
u06-000446,user446@corp.io,2026-06-12,GB
u06-000447,user447@example.com,2026-07-12,US
u06-000448,user448@uni.edu,2026-03-13,US
u06-000449,user449@mail.co.in,2026-04-20,GB
u06-000450,user450@example.com,2026-01-25,GB
u06-000451,user451@uni.edu,2026-02-19,AU
u06-000452,user452@uni.edu,2026-05-18,GB
u06-000453,user453@corp.io,2026-04-26,GB
u06-000454,user454@uni.edu,2026-08-18,GB
u06-000455,user455@uni.edu,2026-08-15,GB
u06-000456,user456@mail.co.in,2026-07-28,IN
u06-000457,user457@example..com,2026-06-25,AU
u06-000458,user458@example.com,2026-02-16,IN
u06-000459,user459@uni.edu,2026-09-21,AU
u06-000460,user460@corp.io,2026-06-20,US
u06-000461,user461@mail.co.in,2026-03-21,SG
u06-000462,user462@uni.edu,2026-02-10,US
u06-000463,user463@corp.io,2026-09-21,AU
u06-000464,user464@mail.co.in,2026-02-12,GB
u06-000465,user465@corp.io,2026-01-15,GB
u06-000466,user466@mail.co.in,2026-07-11,IN
u06-000467,user467@example.com,2026-08-26,DE
u06-000468,user468@uni.edu,2026-01-14,US
u06-000469,user469@mail.co.in,2026-09-21,GB
u06-000470,user470@corp.io,2026-07-27,SG
u06-000471,user471@example.com,2026-05-21,AU
u06-000472,user472@uni.edu,2026-06-17,SG
u06-000473,user473@corp.io,2026-08-26,GB
u06-000474,user474@corp.io,2026-03-10,GB
u06-000475,user475@corp.io,2026-02-23,DE
u06-000476,user476@uni.edu,2026-08-27,GB
u06-000477,user477@mail.co.in,2026-07-26,US
u06-000478,user478@mail.co.in,2026-09-28,DE
u06-000479,user479@example.com,2026-04-22,IN
u06-000480,user480@corp.io,2026-05-15,IN
u06-000481,user481@mail.co.in,2026-09-15,GB
u06-000482,user482@uni.edu,2026-01-23,AU
u06-000483,user483@uni.edu,2026-04-15,US
u06-000484,user484@example.com,2026-01-10,US
u06-000485,user485@mail.co.in,2026-09-22,DE
u06-000486,user486@mail.co.in,2026-02-24,DE
u06-000487,user487@uni.edu,2026-04-15,DE
u06-000488,user488@mail.co.in,2026-05-10,AU
u06-000489,user489@example.com,2026-09-23,AU
u06-000490,user490@corp.io,2026-03-17,US
u06-000491,user491@example.com,2026-09-21,SG
u06-000492,user492@example.com,2026-03-20,SG
u06-000493,user493@mail.co.in,2026-07-22,SG
u06-000494,user494@example.com,2026-09-11,SG
u06-000495,user495@example.com,2026-05-25,SG
u06-000496,user496@uni.edu,2026-01-20,SG
u06-000497,user497@corp.io,2026-04-26,SG
u06-000498,user498@example.com,2026-07-24,AU
u06-000499,user499@corp.io,2026-07-18,US
u06-000500,user500@example.com,2026-08-28,DE
u06-000501,user501@example.com,2026-03-17,US
u06-000502,user502@uni.edu,2026-04-17,IN
u06-000503,user503@uni.edu,2026-03-26,SG
u06-000504,user504@mail.co.in,2026-02-17,GB
u06-000505,user505@uni.edu,2026-08-22,US
u06-000506,user506@corp.io,2026-06-24,SG
u06-000507,user507@uni.edu,2026-09-12,GB
u06-000508,user508@corp.io,2026-07-20,GB
u06-000509,user509@uni.edu,2026-09-16,SG
u06-000510,user510@example.com,2026-04-26,IN
u06-000511,user511@example.com,2026-08-26,IN
u06-000512,user512@uni.edu,2026-08-24,GB
u06-000513,user513@corp.io,2026-01-26,DE
u06-000514,user514@example.com,2026-07-11,DE
u06-000515,user515@corp.io,2026-08-10,AU
u06-000516,user516@uni.edu,2026-08-17,SG
u06-000517,user517@corp.io,2026-03-24,GB
u06-000518,user518@uni.edu,2026-04-25,GB
u06-000519,user519@example.com,2026-06-23,IN
u06-000520,user520@uni.edu,2026-07-25,DE
u06-000521,user521@mail.co.in,2026-08-17,IN
u06-000522,user522@uni.edu,2026-06-22,SG
u06-000523,user523@example.com,2026-07-22,DE
u06-000524,user524@mail.co.in,2026-03-10,DE
u06-000525,user525@example.com,2026-04-25,US
u06-000526,user526@example.com,2026-02-25,DE
u06-000527,user527@mail.co.in,2026-08-12,SG
u06-000528,user528@uni.edu,2026-04-27,DE
u06-000529,user529@mail.co.in,2026-04-15,US
u06-000530,user530@uni.edu,2026-09-11,DE
u06-000531,user531@uni.edu,2026-07-27,DE
u06-000532,user532@example.com,2026-01-19,AU
u06-000533,user533@uni.edu,2026-06-20,IN
u06-000534,user534@corp.io,2026-07-26,DE
u06-000535,user535@uni.edu,2026-01-17,SG
u06-000536,user536@mail.co.in,2026-05-21,GB
u06-000537,user537@corp.io,2026-02-26,SG
u06-000538,user538@corp.io,2026-03-15,SG
u06-000539,user539@example.com,2026-04-25,SG
u06-000540,user540@corp.io,2026-03-18,US
u06-000541,user541@uni.edu,2026-09-12,GB
u06-000542,user542@uni.edu,2026-09-18,US
u06-000543,user543@corp.io,2026-03-28,US
u06-000544,user544@uni.edu,2026-03-27,DE
u06-000545,user545@mail.co.in,2026-07-12,IN
u06-000546,user546@uni.edu,2026-02-16,AU
u06-000547,user547@mail.co.in,2026-05-15,DE
u06-000548,user548@mail.co.in,2026-08-18,DE
u06-000549,user549@example.com,2026-03-15,US
u06-000550,user550@uni.edu,2026-02-23,DE
u06-000551,user551@uni.edu,2026-04-12,US
u06-000552,user552@example.com,2026-01-11,SG
u06-000553,user553@corp.io,2026-04-10,DE
u06-000554,user554@mail.co.in,2026-07-14,AU
u06-000555,user555@mail.co.in,2026-05-16,IN
u06-000556,user556@corp.io,2026-08-27,AU
u06-000557,user557@corp.io,2026-07-18,SG
u06-000558,user558@example.com,2026-09-19,GB
u06-000559,user559@example.com,2026-07-24,AU
u06-000560,user560@mail.co.in,2026-05-13,DE
u06-000561,user561@mail.co.in,2026-01-20,GB
u06-000562,user562@uni.edu,2026-01-25,AU
u06-000563,user563@corp.io,2026-01-13,DE
u06-000564,user564@mail.co.in,2026-02-27,DE
u06-000565,user565@mail.co.in,2026-02-19,AU
u06-000566,user566@mail.co.in,2026-08-25,US
u06-000567,user567@corp.io,2026-08-19,SG
u06-000568,user568@mail.co.in,2026-07-27,US
u06-000569,user569@mail.co.in,2026-04-16,DE
u06-000570,user570@example.com,2026-03-10,US
u06-000571,user571@example.com,2026-05-16,SG
u06-000572,user572@example.com,2026-03-13,IN
u06-000573,user573@corp.io,2026-08-19,US
u06-000574,user574@example.com,2026-04-17,US
u06-000575,user575@example.com,2026-07-25,IN
u06-000576,user576@example.com,2026-04-16,IN
u06-000577,user577@mail.co.in,2026-07-20,IN
u06-000578,user578@example.com,2026-03-17,US
u06-000579,user579@uni.edu,2026-06-19,US
u06-000580,user580@example.com,2026-09-24,IN
u06-000581,user581@mail.co.in,2026-01-22,AU
u06-000582,user582@mail.co.in,2026-01-15,GB
u06-000583,user583@mail.co.in,2026-05-21,GB
u06-000584,user584@mail.co.in,2026-07-19,DE
u06-000585,user585@uni.edu,2026-05-10,GB
u06-000586,user586@corp.io,2026-04-11,US
u06-000587,user587@corp.io,2026-01-14,IN
u06-000588,user588@uni.edu,2026-02-12,IN
u06-000589,user589@uni.edu,2026-03-25,AU
u06-000590,user590@mail.co.in,2026-09-10,GB
u06-000591,user591@uni.edu,2026-08-19,DE
u06-000592,user592@corp.io,2026-02-15,US
u06-000593,user593@example.com,2026-04-15,SG
u06-000594,user594@uni.edu,2026-07-10,SG
u06-000595,user595@mail.co.in,2026-08-25,AU
u06-000596,user596@corp.io,2026-06-22,US
u06-000597,user597@corp.io,2026-08-21,AU
u06-000598,user598@example.com,2026-03-13,US
u06-000599,user599@example.com,2026-05-22,SG
u06-000600,user600@example.com,2026-02-21,AU
u06-000601,user601@corp.io,2026-05-27,SG
u06-000602,user602@example.com,2026-07-23,IN
u06-000603,user603@corp.io,2026-03-27,US
u06-000604,user604@mail.co.in,2026-05-10,AU
u06-000605,user605@uni.edu,2026-01-14,IN
u06-000606,user606@uni.edu,2026-04-22,DE
u06-000607,user607@uni.edu,2026-03-16,US
u06-000608,user608@uni.edu,2026-04-17,GB
u06-000609,user609@example.com,2026-06-12,US
u06-000610,user610@example.com,2026-06-13,IN
u06-000611,user611@example.com,2026-05-15,US
u06-000612,user612@corp.io,2026-08-21,SG
u06-000613,user613@example.com,2026-04-10,US
u06-000614,user614@uni.edu,2026-09-18,IN
u06-000615,user615@mail.co.in,2026-01-20,IN
u06-000616,user616@mail.co.in,2026-08-19,US
u06-000617,user617@mail.co.in,2026-07-26,US
u06-000618,user618@uni.edu,2026-06-17,US
u06-000619,user619@uni.edu,2026-08-27,IN
u06-000620,user620@mail.co.in,2026-08-18,DE
u06-000621,user621@example.com,2026-09-28,US
u06-000622,user622@corp.io,2026-01-14,DE
u06-000623,user623@corp.io,2026-03-12,IN
u06-000624,user624@uni.edu,2026-03-21,AU
u06-000625,user625@example.com,2026-01-16,SG
u06-000626,user626@uni.edu,2026-04-27,GB
u06-000627,user627@mail.co.in,2026-04-24,GB
u06-000628,user628@corp.io,2026-07-12,GB
u06-000629,user629@corp.io,2026-08-26,SG
u06-000630,user630@corp.io,2026-01-14,DE
u06-000631,user631@uni.edu,2026-04-15,IN
u06-000632,user632@example.com,2026-06-21,GB
u06-000633,user633@uni.edu,2026-05-28,DE
u06-000634,user634@uni.edu,2026-03-17,SG
u06-000635,user635@uni.edu,2026-04-12,IN
u06-000636,user636@uni.edu,2026-07-25,US
u06-000637,user637@corp.io,2026-07-22,IN
u06-000638,user638@example.com,2026-09-12,AU
u06-000639,user639@corp.io,2026-01-25,DE
u06-000640,user640@corp.io,2026-07-21,SG
u06-000641,user641@mail.co.in,2026-01-17,GB
u06-000642,user642@corp.io,2026-02-21,US
u06-000643,user643@corp.io,2026-01-25,GB
u06-000644,user644@example.com,2026-08-26,AU
u06-000645,user645@mail.co.in,2026-02-14,DE
u06-000646,user646@mail.co.in,2026-08-12,AU
u06-000647,user647@uni.edu,2026-01-23,AU
u06-000648,user648@corp.io,2026-02-23,IN
u06-000649,user649@corp.io,2026-06-15,SG
u06-000650,user650@uni.edu,2026-01-22,US
u06-000651,user651@corp.io,2026-05-16,US
u06-000652,user652@example.com,2026-02-16,IN
u06-000653,user653@mail.co.in,2026-04-11,US
u06-000654,user654@mail.co.in,2026-08-23,AU
u06-000655,user655@example.com,2026-07-17,DE
u06-000656,user656@mail.co.in,2026-02-19,DE
u06-000657,user657@uni.edu,2026-07-13,SG
u06-000658,user658@mail.co.in,2026-03-14,DE
u06-000659,user659@corp.io,2026-07-24,AU
u06-000660,user660@uni.edu,2026-09-12,DE
u06-000661,user661@mail.co.in,2026-02-17,GB
u06-000662,user662@example.com,2026-03-27,DE
u06-000663,user663@uni.edu,2026-02-27,GB
u06-000664,user664@mail.co.in,2026-02-16,GB
u06-000665,user665@example.com,2026-02-24,GB
u06-000666,user666@corp.io,2026-06-19,GB
u06-000667,user667@uni.edu,2026-01-17,SG
u06-000668,user668@corp.io,2026-02-14,GB
u06-000669,user669@mail.co.in,2026-08-10,GB
u06-000670,user670@example.com,2026-08-24,US
u06-000671,user671@uni.edu,2026-09-18,AU
u06-000672,user672@example.com,2026-06-28,IN
u06-000673,user673@example.com,2026-09-10,US
u06-000674,user674@uni.edu,2026-08-10,IN
u06-000675,user675@corp.io,2026-02-13,AU
u06-000676,user676@example.com,2026-08-25,IN
u06-000677,user677@mail.co.in,2026-01-26,IN
u06-000678,user678@mail.co.in,2026-09-10,US
u06-000679,user679@uni.edu,2026-02-16,AU
u06-000680,user680@corp.io,2026-04-10,GB
u06-000681,user681@uni.edu,2026-01-23,GB
u06-000682,user682@uni.edu,2026-08-15,SG
u06-000683,user683@corp.io,2026-09-20,US
u06-000684,user684@corp.io,2026-01-28,US
u06-000685,user685@uni.edu,2026-05-16,GB
u06-000686,user686@example.com,2026-04-13,AU
u06-000687,user687@uni.edu,2026-03-14,AU
u06-000688,user688@uni.edu,2026-05-15,SG
u06-000689,user689@uni.edu,2026-09-13,DE
u06-000690,user690@example.com,2026-06-11,GB
u06-000691,user691@example.com,2026-05-11,AU
u06-000692,user692@example.com,2026-06-15,SG
u06-000693,user693@uni.edu,2026-06-10,SG
u06-000694,user694@uni.edu,2026-01-24,SG
u06-000695,user695@corp.io,2026-03-24,DE
u06-000696,user696@corp.io,2026-09-27,IN
u06-000697,user697@corp.io,2026-08-28,GB
u06-000698,user698@example.com,2026-05-27,SG
u06-000699,user699@uni.edu,2026-01-15,GB
u06-000700,user700@uni.edu,2026-06-12,DE
u06-000701,user701@uni.edu,2026-08-10,AU
u06-000702,user702@mail.co.in,2026-02-22,GB
u06-000703,user703@corp.io,2026-09-28,US
u06-000704,user704@mail.co.in,2026-06-28,AU
u06-000705,user705@corp.io,2026-05-18,GB
u06-000706,user706@corp.io,2026-07-13,IN
u06-000707,user707@corp.io,2026-06-15,DE
u06-000708,user708@example.com,2026-02-14,GB
u06-000709,user709@corp.io,2026-07-10,GB
u06-000710,user710@mail.co.in,2026-09-22,IN
u06-000711,user711@corp.io,2026-03-18,DE
u06-000712,user712@uni.edu,2026-08-10,IN
u06-000713,user713@mail.co.in,2026-05-27,SG
u06-000714,user714@example.com,2026-06-24,GB
u06-000715,user715@mail.co.in,2026-04-12,DE
u06-000716,user716@mail.co.in,2026-03-11,SG
u06-000717,user717@uni.edu,2026-02-21,DE
u06-000718,user718@mail.co.in,2026-09-18,US
u06-000719,user719@mail.co.in,2026-09-20,AU
u06-000720,user720@uni.edu,2026-04-16,SG
u06-000721,user721@example.com,2026-09-22,DE
u06-000722,user722@example.com,2026-03-23,AU
u06-000723,user723@uni.edu,2026-03-16,US
u06-000724,user724@uni.edu,2026-02-10,US
u06-000725,user725@uni.edu,2026-03-18,US
u06-000726,user726@corp.io,2026-04-19,IN
u06-000727,user727@uni.edu,2026-06-16,IN
u06-000728,user728@mail.co.in,2026-05-28,DE
u06-000729,user729@example.com,2026-02-19,GB
u06-000730,user730@uni.edu,2026-01-28,IN
u06-000731,user731@mail.co.in,2026-07-28,DE
u06-000732,user732@corp.io,2026-01-18,DE
u06-000733,user733@example.com,2026-09-16,US
u06-000734,user734@uni.edu,2026-08-20,GB
u06-000735,user735@corp.io,2026-08-25,GB
u06-000736,user736@example.com,2026-08-19,SG
u06-000737,user737@mail.co.in,2026-01-28,IN
u06-000738,user738@mail.co.in,2026-03-11,IN
u06-000739,user739@mail.co.in,2026-02-19,GB
u06-000740,user740@mail.co.in,2026-08-19,DE
u06-000741,user741@mail.co.in,2026-02-14,SG
u06-000742,user742@uni.edu,2026-09-14,DE
u06-000743,user743@corp.io,2026-04-19,DE
u06-000744,user744@uni.edu,2026-07-19,AU
u06-000745,user745@mail.co.in,2026-03-15,IN
u06-000746,user746@uni.edu,2026-02-10,DE
u06-000747,user747@example.com,2026-05-22,IN
u06-000748,user748@uni.edu,2026-02-18,DE
u06-000749,user749@uni.edu,2026-03-27,AU
u06-000750,user750@uni.edu,2026-01-17,SG
u06-000751,user751@uni.edu,2026-02-25,IN
u06-000752,user752@corp.io,2026-09-13,AU
u06-000753,user753@example.com,2026-04-13,AU
u06-000754,user754@corp.io,2026-01-20,AU
u06-000755,user755@corp.io,2026-03-27,GB
u06-000756,user756@mail.co.in,2026-04-18,SG
u06-000757,user757@example.com,2026-07-15,DE
u06-000758,user758@uni.edu,2026-05-17,US
u06-000759,user759@example.com,2026-01-21,AU
u06-000760,user760@mail.co.in,2026-06-22,DE
u06-000761,user761@example.com,2026-01-17,AU
u06-000762,user762@example.com,2026-06-28,IN
u06-000763,user763@uni.edu,2026-07-11,AU
u06-000764,user764@mail.co.in,2026-06-11,SG
u06-000765,user765@mail.co.in,2026-05-15,DE
u06-000766,user766@mail.co.in,2026-04-14,DE
u06-000767,user767@mail.co.in,2026-04-15,IN
u06-000768,user768@corp.io,2026-09-23,AU
u06-000769,user769@uni.edu,2026-01-22,DE
u06-000770,user770@mail.co.in,2026-01-23,DE
u06-000771,user771@mail.co.in,2026-08-15,SG
u06-000772,user772@uni.edu,2026-02-17,US
u06-000773,user773@corp.io,2026-08-26,SG
u06-000774,user774@corp.io,2026-04-16,IN
u06-000775,user775@uni.edu,2026-02-14,SG
u06-000776,user776@uni.edu,2026-09-20,US
u06-000777,user777@uni.edu,2026-05-24,SG
u06-000778,user778@mail.co.in,2026-02-22,IN
u06-000779,user779@mail.co.in,2026-05-25,DE
u06-000780,user780@example.com,2026-06-23,SG
u06-000781,user781@example.com,2026-09-13,US
u06-000782,user782@uni.edu,2026-09-21,DE
u06-000783,user783@uni.edu,2026-01-14,GB
u06-000784,user784@uni.edu,2026-07-13,SG
u06-000785,user785@corp.io,2026-05-16,IN
u06-000786,user786@example.com,2026-09-20,DE
u06-000787,user787@corp.io,2026-05-27,AU
u06-000788,user788@corp.io,2026-01-12,AU
u06-000789,user789@corp.io,2026-07-28,GB
u06-000790,user790@mail.co.in,2026-07-26,GB
u06-000791,user791@uni.edu,2026-02-21,AU
u06-000792,user792@example.com,2026-04-17,US
u06-000793,user793@mail.co.in,2026-01-24,AU
u06-000794,user794@uni.edu,2026-06-25,AU
u06-000795,user795@example.com,2026-05-23,AU
u06-000796,user796@example.com,2026-03-20,AU
u06-000797,user797@mail.co.in,2026-02-13,GB
u06-000798,user798@mail.co.in,2026-02-21,AU
u06-000799,user799@uni.edu,2026-01-14,DE
u06-000800,user800@example.com,2026-08-25,AU
u06-000801,user801@example.com,2026-01-24,GB
u06-000802,user802@uni.edu,2026-03-17,AU
u06-000803,user803@uni.edu,2026-02-20,GB
u06-000804,user804@corp.io,2026-03-24,AU
u06-000805,user805@corp.io,2026-03-18,DE
u06-000806,user806@corp.io,2026-01-14,US
u06-000807,user807@uni.edu,2026-02-13,AU
u06-000808,user808@mail.co.in,2026-09-19,US
u06-000809,user809@example.com,2026-01-17,SG
u06-000810,user810@example.com,2026-06-17,GB
u06-000811,user811@example.com,2026-03-16,DE
u06-000812,user812@example.com,2026-07-21,GB
u06-000813,user813@uni.edu,2026-09-10,AU
u06-000814,user814@corp.io,2026-03-20,IN
u06-000815,user815@example.com,2026-01-27,DE
u06-000816,user816@example.com,2026-07-13,AU
u06-000817,user817@example.com,2026-01-27,AU
u06-000818,user818@example.com,2026-05-13,GB
u06-000819,user819@uni.edu,2026-05-18,DE
u06-000820,user820@uni.edu,2026-08-20,IN
u06-000821,user821@corp.io,2026-03-19,GB
u06-000822,user822@example.com,2026-05-19,SG
u06-000823,user823@example.com,2026-07-12,SG
u06-000824,user824@corp.io,2026-02-26,US
u06-000825,user825@mail.co.in,2026-08-18,SG
u06-000826,user826@uni.edu,2026-01-22,IN
u06-000827,user827@corp.io,2026-03-24,AU
u06-000828,user828@mail.co.in,2026-09-21,US
u06-000829,user829@corp.io,2026-06-25,AU
u06-000830,user830@uni.edu,2026-01-25,AU
u06-000831,user831@example.com,2026-01-20,US
u06-000832,user832@mail.co.in,2026-01-20,SG
u06-000833,user833@corp.io,2026-07-14,IN
u06-000834,user834@corp.io,2026-08-27,DE
u06-000835,user835@example.com,2026-03-13,AU
u06-000836,user836@corp.io,2026-06-15,GB
u06-000837,user837@example.com,2026-06-10,US
u06-000838,user838@corp.io,2026-06-17,IN
u06-000839,user839@example.com,2026-07-11,US
u06-000840,user840@uni.edu,2026-09-25,AU
u06-000841,user841@uni.edu,2026-01-20,IN
u06-000842,user842@example.com,2026-08-20,AU
u06-000843,user843@corp.io,2026-04-19,SG
u06-000844,user844@mail.co.in,2026-06-13,SG
u06-000845,user845@example.com,2026-06-20,US
u06-000846,user846@example.com,2026-06-21,GB
u06-000847,user847@mail.co.in,2026-06-25,IN
u06-000848,user848@corp.io,2026-09-18,DE
u06-000849,user849@example.com,2026-07-18,AU
u06-000850,user850@example.com,2026-01-20,SG
u06-000851,user851@uni.edu,2026-09-12,IN
u06-000852,user852@corp.io,2026-09-15,IN
u06-000853,user853@example.com,2026-09-20,IN
u06-000854,user854@example.com,2026-05-20,SG
u06-000855,user855@example.com,2026-03-25,DE
u06-000856,user856@mail.co.in,2026-09-22,SG
u06-000857,user857@example.com,2026-04-24,SG
u06-000858,user858@example.com,2026-02-11,DE
u06-000859,user859@example.com,2026-05-16,GB
u06-000860,user860@mail.co.in,2026-01-10,GB
u06-000861,user861@corp.io,2026-01-19,IN
u06-000862,user862@mail.co.in,2026-07-22,GB
u06-000863,user863@corp.io,2026-08-10,SG
u06-000864,user864@mail.co.in,2026-06-25,US
u06-000865,user865@corp.io,2026-03-25,SG
u06-000866,user866@mail.co.in,2026-05-28,DE
u06-000867,user867@mail.co.in,2026-04-23,US
u06-000868,user868@example.com,2026-02-24,DE
u06-000869,user869@mail.co.in,2026-02-18,DE
u06-000870,user870@mail.co.in,2026-04-18,US
u06-000871,user871@corp.io,2026-08-23,DE
u06-000872,user872@mail.co.in,2026-08-22,US
u06-000873,user873@mail.co.in,2026-02-19,AU
u06-000874,user874@uni.edu,2026-05-19,SG
u06-000875,user875@uni.edu,2026-07-28,GB
u06-000876,user876@example.com,2026-06-15,GB
u06-000877,user877@corp.io,2026-05-16,AU
u06-000878,user878@uni.edu,2026-08-16,GB
u06-000879,user879@corp.io,2026-05-10,DE
u06-000880,user880@mail.co.in,2026-05-21,US
u06-000881,user881@uni.edu,2026-01-12,GB
u06-000882,user882@example.com,2026-05-19,AU
u06-000883,user883@mail.co.in,2026-09-23,DE
u06-000884,user884@corp.io,2026-05-16,AU
u06-000885,user885@uni.edu,2026-02-18,US
u06-000886,user886@corp.io,2026-03-20,US
u06-000887,user887@mail.co.in,2026-04-20,IN
u06-000888,user888@corp.io,2026-06-27,GB
u06-000889,user889@mail.co.in,2026-09-11,US
u06-000890,user890@example.com,2026-06-19,AU
u06-000891,user891@uni.edu,2026-08-15,IN
u06-000892,user892@example.com,2026-03-13,IN
u06-000893,user893@example.com,2026-05-13,GB
u06-000894,user894@mail.co.in,2026-03-27,SG
u06-000895,user895@uni.edu,2026-03-12,IN
u06-000896,user896@uni.edu,2026-08-16,AU
u06-000897,user897@uni.edu,2026-01-11,IN
u06-000898,user898@mail.co.in,2026-09-13,SG
u06-000899,user899@uni.edu,2026-05-15,SG
u06-000900,user900@corp.io,2026-01-27,IN
u06-000901,user901@corp.io,2026-08-15,GB
u06-000902,user902@uni.edu,2026-09-24,AU
u06-000903,user903@mail.co.in,2026-04-14,AU
u06-000904,user904@corp.io,2026-01-23,DE
u06-000905,user905@mail.co.in,2026-05-11,SG
u06-000906,user906@uni.edu,2026-01-15,DE
u06-000907,user907@example.com,2026-06-22,US
u06-000908,user908@example.com,2026-07-15,US
u06-000909,user909@uni.edu,2026-01-23,GB
u06-000910,user910@mail.co.in,2026-04-20,AU
u06-000911,user911@uni.edu,2026-07-10,IN
u06-000912,user912@mail.co.in,2026-07-17,SG
u06-000913,user913@example.com,2026-09-27,GB
u06-000914,user914@corp.io,2026-02-11,GB
u06-000915,user915@mail.co.in,2026-04-15,IN
u06-000916,user916@example.com,2026-04-12,SG
u06-000917,user917@uni.edu,2026-04-11,DE
u06-000918,user918@uni.edu,2026-07-18,US
u06-000919,user919@mail.co.in,2026-07-12,US
u06-000920,user920@uni.edu,2026-02-19,US
u06-000921,user921@mail.co.in,2026-04-11,AU
u06-000922,user922@uni.edu,2026-06-18,DE
u06-000923,user923@uni.edu,2026-04-16,DE
u06-000924,user924@uni.edu,2026-02-22,DE
u06-000925,user925@example.com,2026-02-11,GB
u06-000926,user926@mail.co.in,2026-02-21,AU
u06-000927,user927@mail.co.in,2026-09-19,US
u06-000928,user928@corp.io,2026-01-13,IN
u06-000929,user929@uni.edu,2026-04-16,SG
u06-000930,user930@mail.co.in,2026-08-14,DE
u06-000931,user931@example.com,2026-02-17,AU
u06-000932,user932@example.com,2026-09-23,GB
u06-000933,user933@mail.co.in,2026-05-21,SG
u06-000934,user934@example.com,2026-02-10,DE
u06-000935,user935@mail.co.in,2026-07-21,DE
u06-000936,user936@example.com,2026-01-13,IN
u06-000937,user937@mail.co.in,2026-09-28,SG
u06-000938,user938@example.com,2026-02-25,AU
u06-000939,user939@mail.co.in,2026-04-14,US
u06-000940,user940@uni.edu,2026-01-14,US
u06-000941,user941@corp.io,2026-03-21,AU
u06-000942,user942@uni.edu,2026-06-11,GB
u06-000943,user943@uni.edu,2026-09-13,IN
u06-000944,user944@example.com,2026-06-21,US
u06-000945,user945@example.com,2026-01-24,DE
u06-000946,user946@example.com,2026-07-28,AU
u06-000947,user947@example.com,2026-09-24,SG
u06-000948,user948@example.com,2026-02-23,AU
u06-000949,user949@example.com,2026-02-19,GB
u06-000950,user950@example.com,2026-05-15,DE
u06-000951,user951@example.com,2026-06-15,US
u06-000952,user952@example.com,2026-04-25,IN
u06-000953,user953@example.com,2026-01-18,DE
u06-000954,user954@example.com,2026-03-16,AU
u06-000955,user955@mail.co.in,2026-05-22,US
u06-000956,user956@mail.co.in,2026-07-10,SG
u06-000957,user957@mail.co.in,2026-09-22,DE
u06-000958,user958@mail.co.in,2026-08-28,DE
u06-000959,user959@uni.edu,2026-05-25,GB
u06-000960,user960@example.com,2026-05-25,IN
u06-000961,user961@example.com,2026-04-11,GB
u06-000962,user962@example.com,2026-01-26,DE
u06-000963,user963@example.com,2026-07-14,AU
u06-000964,user964@mail.co.in,2026-06-10,GB
u06-000965,user965@corp.io,2026-06-11,GB
u06-000966,user966@mail.co.in,2026-04-16,SG
u06-000967,user967@corp.io,2026-05-18,AU
u06-000968,user968@corp.io,2026-04-22,DE
u06-000969,user969@example.com,2026-07-10,AU
u06-000970,user970@uni.edu,2026-04-16,US
u06-000971,user971@mail.co.in,2026-04-20,US
u06-000972,user972@example.com,2026-03-11,DE
u06-000973,user973@uni.edu,2026-03-19,DE
u06-000974,user974@example.com,2026-07-25,DE
u06-000975,user975@example.com,2026-04-12,AU
u06-000976,user976@example.com,2026-06-24,DE
u06-000977,user977@mail.co.in,2026-05-25,GB
u06-000978,user978@mail.co.in,2026-03-21,GB
u06-000979,user979@example.com,2026-05-12,AU
u06-000980,user980@example.com,2026-05-16,IN
u06-000981,user981@example.com,2026-04-22,IN
u06-000982,user982@uni.edu,2026-05-27,DE
u06-000983,user983@corp.io,2026-04-23,GB
u06-000984,user984@mail.co.in,2026-09-20,US
u06-000985,user985@example.com,2026-06-28,SG
u06-000986,user986@mail.co.in,2026-06-11,AU
u06-000987,user987@example.com,2026-05-19,AU
u06-000988,user988@mail.co.in,2026-08-24,AU
u06-000989,user989@uni.edu,2026-02-14,US
u06-000990,user990@mail.co.in,2026-08-21,AU
u06-000991,user991@mail.co.in,2026-05-25,SG
u06-000992,user992@mail.co.in,2026-04-21,AU
u06-000993,user993@mail.co.in,2026-09-15,IN
u06-000994,user994@example.com,2026-01-28,GB
u06-000995,user995@corp.io,2026-04-20,US
u06-000996,user996@uni.edu,2026-04-13,DE
u06-000997,user997@uni.edu,2026-03-28,DE
u06-000998,user998@uni.edu,2026-05-16,US
u06-000999,user999@uni.edu,2026-07-21,US
u06-001000,user1000@corp.io,2026-01-18,DE
u06-001001,user1001@corp.io,2026-09-28,AU
u06-001002,user1002@uni.edu,2026-01-27,AU
u06-001003,user1003@example.com,2026-02-10,US
u06-001004,user1004@uni.edu,2026-02-19,US
u06-001005,user1005@corp.io,2026-04-19,SG
u06-001006,user1006@mail.co.in,2026-04-25,US
u06-001007,user1007@corp.io,2026-08-13,IN
u06-001008,user1008@mail.co.in,2026-03-27,AU
u06-001009,user1009@uni.edu,2026-02-18,SG
u06-001010,user1010@mail.co.in,2026-01-14,DE
u06-001011,user1011@corp.io,2026-01-24,IN
u06-001012,user1012@example.com,2026-06-21,US
u06-001013,user1013@corp.io,2026-07-18,IN
u06-001014,user1014@example.com,2026-02-10,IN
u06-001015,user1015@example.com,2026-08-18,IN
u06-001016,user1016@mail.co.in,2026-04-11,US
u06-001017,user1017@mail.co.in,2026-08-26,US
u06-001018,user1018@uni.edu,2026-03-18,IN
u06-001019,user1019@corp.io,2026-09-13,AU
u06-001020,user1020@uni.edu,2026-01-12,US
u06-001021,user1021@mail.co.in,2026-05-10,DE
u06-001022,user1022@mail.co.in,2026-02-16,GB
u06-001023,user1023@example.com,2026-01-13,DE
u06-001024,user1024@uni.edu,2026-02-26,AU
u06-001025,user1025@uni.edu,2026-04-16,AU
u06-001026,user1026@uni.edu,2026-04-18,GB
u06-001027,user1027@example.com,2026-03-12,IN
u06-001028,user1028@uni.edu,2026-02-24,SG
u06-001029,user1029@uni.edu,2026-01-18,SG
u06-001030,user1030@corp.io,2026-03-15,US
u06-001031,user1031@uni.edu,2026-01-20,DE
u06-001032,user1032@example.com,2026-01-17,SG
u06-001033,user1033@corp.io,2026-06-23,GB
u06-001034,user1034@example.com,2026-05-17,AU
u06-001035,user1035@example.com,2026-01-16,AU
u06-001036,user1036@corp.io,2026-08-15,GB
u06-001037,user1037@uni.edu,2026-01-14,US
u06-001038,user1038@corp.io,2026-02-19,SG
u06-001039,user1039@corp.io,2026-06-12,GB
u06-001040,user1040@example.com,2026-07-21,DE
u06-001041,user1041@corp.io,2026-04-25,GB
u06-001042,user1042@example.com,2026-09-23,IN
u06-001043,user1043@uni.edu,2026-03-14,AU
u06-001044,user1044@mail.co.in,2026-01-24,DE
u06-001045,user1045@mail.co.in,2026-01-17,GB
u06-001046,user1046@uni.edu,2026-05-13,DE
u06-001047,user1047@uni.edu,2026-07-28,GB
u06-001048,user1048@corp.io,2026-03-14,IN
u06-001049,user1049@example.com,2026-07-17,AU
u06-001050,user1050@uni.edu,2026-08-18,DE
u06-001051,user1051@corp.io,2026-06-26,GB
u06-001052,user1052@mail.co.in,2026-03-17,AU
u06-001053,user1053@mail.co.in,2026-05-12,DE
u06-001054,user1054@corp.io,2026-09-27,AU
u06-001055,user1055@uni.edu,2026-04-20,AU
u06-001056,user1056@uni.edu,2026-05-17,US
u06-001057,user1057@corp.io,2026-07-18,SG
u06-001058,user1058@example.com,2026-07-21,DE
u06-001059,user1059@mail.co.in,2026-06-14,DE
u06-001060,user1060@example.com,2026-03-26,US
u06-001061,user1061@example.com,2026-01-10,US
u06-001062,user1062@example.com,2026-03-15,AU
u06-001063,user1063@mail.co.in,2026-08-17,AU
u06-001064,user1064@mail.co.in,2026-08-18,AU
u06-001065,user1065@uni.edu,2026-04-14,GB
u06-001066,user1066@uni.edu,2026-05-21,US
u06-001067,user1067@uni.edu,2026-01-10,IN
u06-001068,user1068@uni.edu,2026-04-23,AU
u06-001069,user1069@mail.co.in,2026-07-27,AU
u06-001070,user1070@example.com,2026-01-22,SG
u06-001071,user1071@example.com,2026-01-27,DE
u06-001072,user1072@uni.edu,2026-01-22,US
u06-001073,user1073@mail.co.in,2026-03-28,DE
u06-001074,user1074@uni.edu,2026-02-20,GB
u06-001075,user1075@uni.edu,2026-05-21,AU
u06-001076,user1076@mail.co.in,2026-08-14,IN
u06-001077,user1077@mail.co.in,2026-06-26,SG
u06-001078,user1078@uni.edu,2026-09-11,IN
u06-001079,user1079@example.com,2026-02-17,US
u06-001080,user1080@example.com,2026-04-18,US
u06-001081,user1081@uni.edu,2026-09-16,DE
u06-001082,user1082@example.com,2026-06-22,DE
u06-001083,user1083@corp.io,2026-08-14,SG
u06-001084,user1084@uni.edu,2026-08-21,DE
u06-001085,user1085@example.com,2026-09-11,DE
u06-001086,user1086@example.com,2026-05-15,GB
u06-001087,user1087@uni.edu,2026-07-25,GB
u06-001088,user1088@example.com,2026-04-25,SG
u06-001089,user1089@mail.co.in,2026-08-28,SG
u06-001090,user1090@corp.io,2026-01-19,GB
u06-001091,user1091@corp.io,2026-03-12,AU
u06-001092,user1092@mail.co.in,2026-03-11,US
u06-001093,user1093@example.com,2026-01-16,DE
u06-001094,user1094@example.com,2026-06-17,IN
u06-001095,user1095@mail.co.in,2026-01-20,IN
u06-001096,user1096@example.com,2026-06-19,DE
u06-001097,user1097@uni.edu,2026-04-23,SG
u06-001098,user1098@mail.co.in,2026-07-26,IN
u06-001099,user1099@corp.io,2026-03-15,GB
u06-001100,user1100@example.com,2026-06-14,DE
u06-001101,user1101@example.com,2026-03-12,US
u06-001102,user1102@corp.io,2026-06-11,US
u06-001103,user1103@corp.io,2026-06-11,AU
u06-001104,user1104@example.com,2026-08-10,AU
u06-001105,user1105@mail.co.in,2026-07-14,US
u06-001106,user1106@corp.io,2026-07-20,SG
u06-001107,user1107@uni.edu,2026-09-21,IN
u06-001108,user1108@uni.edu,2026-01-26,AU
u06-001109,user1109@corp.io,2026-06-14,SG
u06-001110,user1110@uni.edu,2026-08-16,IN
u06-001111,user1111@uni.edu,2026-06-16,AU
u06-001112,user1112@uni.edu,2026-07-20,GB
u06-001113,user1113@mail.co.in,2026-04-21,SG
u06-001114,user1114@corp.io,2026-06-11,SG
u06-001115,user1115@mail.co.in,2026-08-20,GB
u06-001116,user1116@corp.io,2026-03-22,SG
u06-001117,user1117@uni.edu,2026-05-28,DE
u06-001118,user1118@mail.co.in,2026-07-19,GB
u06-001119,user1119@corp.io,2026-02-24,SG
u06-001120,user1120@uni.edu,2026-03-21,SG
u06-001121,user1121@corp.io,2026-08-15,GB
u06-001122,user1122@example.com,2026-05-11,IN
u06-001123,user1123@uni.edu,2026-07-16,IN
u06-001124,user1124@mail.co.in,2026-01-19,IN
u06-001125,user1125@corp.io,2026-07-13,DE
u06-001126,user1126@mail.co.in,2026-09-27,DE
u06-001127,user1127@mail.co.in,2026-07-17,AU
u06-001128,user1128@example.com,2026-06-23,SG
u06-001129,user1129@mail.co.in,2026-05-11,SG
u06-001130,user1130@mail.co.in,2026-02-12,DE
u06-001131,user1131@example.com,2026-05-21,US
u06-001132,user1132@uni.edu,2026-05-23,US
u06-001133,user1133@mail.co.in,2026-08-26,AU
u06-001134,user1134@example.com,2026-05-18,GB
u06-001135,user1135@mail.co.in,2026-05-19,US
u06-001136,user1136@mail.co.in,2026-03-17,US
u06-001137,user1137@mail.co.in,2026-03-13,GB
u06-001138,user1138@mail.co.in,2026-05-15,US
u06-001139,user1139@example.com,2026-02-24,IN
u06-001140,user1140@uni.edu,2026-04-27,DE
u06-001141,user1141@example.com,2026-07-10,US
u06-001142,user1142@example.com,2026-03-14,IN
u06-001143,user1143@uni.edu,2026-02-15,GB
u06-001144,user1144@example.com,2026-09-15,DE
u06-001145,user1145@uni.edu,2026-06-26,AU
u06-001146,user1146@corp.io,2026-03-25,DE
u06-001147,user1147@mail.co.in,2026-03-19,AU
u06-001148,user1148@uni.edu,2026-01-18,DE
u06-001149,user1149@uni.edu,2026-05-18,DE
u06-001150,user1150@mail.co.in,2026-05-22,GB
u06-001151,user1151@mail.co.in,2026-06-18,SG
u06-001152,user1152@example.com,2026-06-26,AU
u06-001153,user1153@corp.io,2026-08-26,AU
u06-001154,user1154@corp.io,2026-02-20,IN
u06-001155,user1155@corp.io,2026-01-19,IN
u06-001156,user1156@mail.co.in,2026-01-24,IN
u06-001157,user1157@uni.edu,2026-04-12,US
u06-001158,user1158@uni.edu,2026-09-16,IN
u06-001159,user1159@corp.io,2026-02-26,AU
u06-001160,user1160@mail.co.in,2026-07-12,GB
u06-001161,user1161@corp.io,2026-07-14,IN
u06-001162,user1162@example.com,2026-05-26,DE
u06-001163,user1163@corp.io,2026-07-17,IN
u06-001164,user1164@uni.edu,2026-08-17,IN
u06-001165,user1165@corp.io,2026-09-24,GB
u06-001166,user1166@mail.co.in,2026-01-10,GB
u06-001167,user1167@mail.co.in,2026-07-13,GB
u06-001168,user1168@example.com,2026-03-11,GB
u06-001169,user1169@example.com,2026-03-18,AU
u06-001170,user1170@example.com,2026-02-24,DE
u06-001171,user1171@corp.io,2026-09-27,US
u06-001172,user1172@mail.co.in,2026-01-19,AU
u06-001173,user1173@corp.io,2026-01-10,AU
u06-001174,user1174@mail.co.in,2026-02-17,DE
u06-001175,user1175@uni.edu,2026-09-17,GB
u06-001176,user1176@uni.edu,2026-07-25,SG
u06-001177,user1177@corp.io,2026-04-21,AU
u06-001178,user1178@corp.io,2026-07-12,GB
u06-001179,user1179@mail.co.in,2026-03-23,GB
u06-001180,user1180@uni.edu,2026-01-23,AU
u06-001181,user1181@corp.io,2026-08-19,IN
u06-001182,user1182@example.com,2026-07-21,IN
u06-001183,user1183@mail.co.in,2026-03-12,AU
u06-001184,user1184@uni.edu,2026-02-24,SG
u06-001185,user1185@example.com,2026-03-10,GB
u06-001186,user1186@example.com,2026-05-11,DE
u06-001187,user1187@mail.co.in,2026-02-14,DE
u06-001188,user1188@uni.edu,2026-02-21,DE
u06-001189,user1189@corp.io,2026-02-22,DE
u06-001190,user1190@corp.io,2026-04-16,DE
u06-001191,user1191@mail.co.in,2026-04-20,SG
u06-001192,user1192@uni.edu,2026-02-11,AU
u06-001193,user1193@mail.co.in,2026-02-10,GB
u06-001194,user1194@corp.io,2026-08-26,US
u06-001195,user1195@mail.co.in,2026-01-10,AU
u06-001196,user1196@corp.io,2026-02-12,IN
u06-001197,user1197@corp.io,2026-05-16,US
u06-001198,user1198@corp.io,2026-06-21,DE
u06-001199,user1199@uni.edu,2026-06-11,GB
u06-001200,user1200@uni.edu,2026-09-25,US
u06-001201,user1201@example.com,2026-03-18,AU
u06-001202,user1202@example.com,2026-04-11,US
u06-001203,user1203@uni.edu,2026-04-22,DE
u06-001204,user1204@mail.co.in,2026-05-21,US
u06-001205,user1205@mail.co.in,2026-09-22,AU
u06-001206,user1206@mail.co.in,2026-08-11,DE
u06-001207,user1207@corp.io,2026-07-19,AU
u06-001208,user1208@mail.co.in,2026-06-17,SG
u06-001209,user1209@example.com,2026-04-18,US
u06-001210,user1210@corp.io,2026-02-10,GB
u06-001211,user1211@corp.io,2026-09-12,GB
u06-001212,user1212@example.com,2026-01-16,GB
u06-001213,user1213@mail.co.in,2026-01-15,SG
u06-001214,user1214@uni.edu,2026-07-26,DE
u06-001215,user1215@example.com,2026-01-23,IN
u06-001216,user1216@mail.co.in,2026-04-17,US
u06-001217,user1217@mail.co.in,2026-08-21,DE
u06-001218,user1218@corp.io,2026-01-25,SG
u06-001219,user1219@mail.co.in,2026-06-23,IN
u06-001220,user1220@example.com,2026-01-12,SG
u06-001221,user1221@corp.io,2026-04-25,GB
u06-001222,user1222@uni.edu,2026-06-24,DE
u06-001223,user1223@uni.edu,2026-07-22,IN
u06-001224,user1224@corp.io,2026-02-25,GB
u06-001225,user1225@mail.co.in,2026-03-14,IN
u06-001226,user1226@mail.co.in,2026-07-28,DE
u06-001227,user1227@example.com,2026-05-25,IN
u06-001228,user1228@mail.co.in,2026-09-12,AU
u06-001229,user1229@example.com,2026-07-17,AU
u06-001230,user1230@mail.co.in,2026-09-20,AU
u06-001231,user1231@mail.co.in,2026-04-17,DE
u06-001232,user1232@mail.co.in,2026-09-11,DE
u06-001233,user1233@mail.co.in,2026-05-23,GB
u06-001234,user1234@uni.edu,2026-05-14,SG
u06-001235,user1235@uni.edu,2026-08-14,GB
u06-001236,user1236@example.com,2026-04-11,AU
u06-001237,user1237@mail.co.in,2026-02-26,AU
u06-001238,user1238@mail.co.in,2026-03-23,IN
u06-001239,user1239@mail.co.in,2026-06-27,AU
u06-001240,user1240@uni.edu,2026-09-15,US
u06-001241,user1241@uni.edu,2026-08-15,GB
u06-001242,user1242@uni.edu,2026-06-21,DE
u06-001243,user1243@mail.co.in,2026-06-21,SG
u06-001244,user1244@uni.edu,2026-05-19,AU
u06-001245,user1245@uni.edu,2026-01-28,DE
u06-001246,user1246@mail.co.in,2026-03-28,DE
u06-001247,user1247@uni.edu,2026-05-23,IN
u06-001248,user1248@corp.io,2026-04-20,US
u06-001249,user1249@mail.co.in,2026-03-18,GB
u06-001250,user1250@corp.io,2026-04-17,US
u06-001251,user1251@mail.co.in,2026-09-21,SG
u06-001252,user1252@uni.edu,2026-06-22,US
u06-001253,user1253@example.com,2026-03-28,IN
u06-001254,user1254@corp.io,2026-03-25,IN
u06-001255,user1255@corp.io,2026-01-17,US
u06-001256,user1256@uni.edu,2026-05-14,AU
u06-001257,user1257@mail.co.in,2026-06-25,SG
u06-001258,user1258@uni.edu,2026-06-26,GB
u06-001259,user1259@corp.io,2026-04-25,US
u06-001260,user1260@mail.co.in,2026-05-26,IN
u06-001261,user1261@mail.co.in,2026-03-11,AU
u06-001262,user1262@mail.co.in,2026-08-25,IN
u06-001263,user1263@example.com,2026-05-17,DE
u06-001264,user1264@corp.io,2026-03-24,DE
u06-001265,user1265@corp.io,2026-06-11,GB
u06-001266,user1266@mail.co.in,2026-04-22,US
u06-001267,user1267@uni.edu,2026-01-25,SG
u06-001268,user1268@corp.io,2026-09-14,AU
u06-001269,user1269@example.com,2026-04-15,GB
u06-001270,user1270@uni.edu,2026-03-20,US
u06-001271,user1271@mail.co.in,2026-09-27,DE
u06-001272,user1272@corp.io,2026-01-11,SG
u06-001273,user1273@mail.co.in,2026-07-12,US
u06-001274,user1274@example.com,2026-02-11,GB
u06-001275,user1275@example.com,2026-06-19,IN
u06-001276,user1276@uni.edu,2026-08-14,SG
u06-001277,user1277@example.com,2026-09-27,AU
u06-001278,user1278@mail.co.in,2026-06-18,DE
u06-001279,user1279@uni.edu,2026-02-25,GB
u06-001280,user1280@mail.co.in,2026-03-13,SG
u06-001281,user1281@uni.edu,2026-04-24,DE
u06-001282,user1282@mail.co.in,2026-01-12,SG
u06-001283,user1283@corp.io,2026-04-21,DE
u06-001284,user1284@mail.co.in,2026-09-24,AU
u06-001285,user1285@corp.io,2026-07-27,GB
u06-001286,user1286@corp.io,2026-06-19,DE
u06-001287,user1287@uni.edu,2026-01-13,IN
u06-001288,user1288@uni.edu,2026-06-11,IN
u06-001289,user1289@mail.co.in,2026-05-13,SG
u06-001290,user1290@uni.edu,2026-01-25,GB
u06-001291,user1291@mail.co.in,2026-07-25,AU
u06-001292,user1292@mail.co.in,2026-03-25,DE
u06-001293,user1293@corp.io,2026-06-21,GB
u06-001294,user1294@mail.co.in,2026-09-25,GB
u06-001295,user1295@uni.edu,2026-04-10,SG
u06-001296,user1296@uni.edu,2026-03-22,DE
u06-001297,user1297@corp.io,2026-02-18,DE
u06-001298,user1298@mail.co.in,2026-09-10,SG
u06-001299,user1299@mail.co.in,2026-04-28,GB
u06-001300,user1300@uni.edu,2026-01-23,SG
u06-001301,user1301@corp.io,2026-03-18,AU
u06-001302,user1302@uni.edu,2026-03-26,IN
u06-001303,user1303@corp.io,2026-05-28,IN
u06-001304,user1304@uni.edu,2026-07-12,AU
u06-001305,user1305@mail.co.in,2026-05-22,SG
u06-001306,user1306@mail.co.in,2026-05-21,DE
u06-001307,user1307@corp.io,2026-07-11,SG
u06-001308,user1308@example.com,2026-04-28,AU
u06-001309,user1309@corp.io,2026-08-19,GB
u06-001310,user1310@example.com,2026-08-17,DE
u06-001311,user1311@corp.io,2026-05-12,AU
u06-001312,user1312@mail.co.in,2026-04-10,SG
u06-001313,user1313@uni.edu,2026-01-21,AU
u06-001314,user1314@mail.co.in,2026-05-24,GB
u06-001315,user1315@example.com,2026-06-12,AU
u06-001316,user1316@corp.io,2026-05-23,GB
u06-001317,user1317@example.com,2026-06-22,IN
u06-001318,user1318@uni.edu,2026-01-16,IN
u06-001319,user1319@mail.co.in,2026-08-20,US
u06-001320,user1320@uni.edu,2026-06-12,AU
u06-001321,user1321@example.com,2026-08-26,GB
u06-001322,user1322@corp.io,2026-06-25,GB
u06-001323,user1323@example.com,2026-01-16,GB
u06-001324,user1324@example.com,2026-08-15,DE
u06-001325,user1325@example.com,2026-09-25,IN
u06-001326,user1326@example.com,2026-08-20,GB
u06-001327,user1327@corp.io,2026-04-28,US
u06-001328,user1328@example.com,2026-03-10,US
u06-001329,user1329@mail.co.in,2026-01-10,SG
u06-001330,user1330@corp.io,2026-05-28,IN
u06-001331,user1331@uni.edu,2026-05-23,AU
u06-001332,user1332@mail.co.in,2026-06-18,GB
u06-001333,user1333@example.com,2026-02-27,DE
u06-001334,user1334@example.com,2026-01-21,IN
u06-001335,user1335@example.com,2026-04-19,US
u06-001336,user1336@example.com,2026-04-28,DE
u06-001337,user1337@mail.co.in,2026-05-15,US
u06-001338,user1338@corp.io,2026-06-17,GB
u06-001339,user1339@corp.io,2026-09-26,US
u06-001340,user1340@corp.io,2026-01-23,AU
u06-001341,user1341@corp.io,2026-03-18,SG
u06-001342,user1342@corp.io,2026-03-19,DE
u06-001343,user1343@example.com,2026-04-13,SG
u06-001344,user1344@uni.edu,2026-09-26,IN
u06-001345,user1345@example.com,2026-01-19,DE
u06-001346,user1346@corp.io,2026-07-24,DE
u06-001347,user1347@corp.io,2026-08-19,DE
u06-001348,user1348@mail.co.in,2026-06-14,GB
u06-001349,user1349@corp.io,2026-06-12,DE
u06-001350,user1350@example.com,2026-02-16,DE
u06-001351,user1351@mail.co.in,2026-09-14,IN
u06-001352,user1352@uni.edu,2026-06-28,SG
u06-001353,user1353@mail.co.in,2026-05-13,SG
u06-001354,user1354@example.com,2026-07-27,US
u06-001355,user1355@example.com,2026-08-16,AU
u06-001356,user1356@uni.edu,2026-03-19,IN
u06-001357,user1357@mail.co.in,2026-02-25,IN
u06-001358,user1358@mail.co.in,2026-04-23,IN
u06-001359,user1359@uni.edu,2026-03-19,DE
u06-001360,user1360@corp.io,2026-01-20,AU
u06-001361,user1361@mail.co.in,2026-06-24,DE
u06-001362,user1362@uni.edu,2026-03-28,GB
u06-001363,user1363@corp.io,2026-01-19,IN
u06-001364,user1364@uni.edu,2026-08-23,IN
u06-001365,user1365@mail.co.in,2026-04-11,SG
u06-001366,user1366@corp.io,2026-03-11,SG
u06-001367,user1367@mail.co.in,2026-09-25,GB
u06-001368,user1368@mail.co.in,2026-08-19,IN
u06-001369,user1369@uni.edu,2026-05-22,SG
u06-001370,user1370@corp.io,2026-06-13,GB
u06-001371,user1371@example.com,2026-07-25,GB
u06-001372,user1372@uni.edu,2026-01-21,AU
u06-001373,user1373@mail.co.in,2026-07-10,AU
u06-001374,user1374@uni.edu,2026-02-15,US
u06-001375,user1375@mail.co.in,2026-03-27,AU
u06-001376,user1376@uni.edu,2026-02-24,DE
u06-001377,user1377@uni.edu,2026-04-14,AU
u06-001378,user1378@corp.io,2026-08-15,DE
u06-001379,user1379@uni.edu,2026-06-11,IN
u06-001380,user1380@corp.io,2026-02-10,AU
u06-001381,user1381@mail.co.in,2026-06-26,DE
u06-001382,user1382@mail.co.in,2026-09-13,IN
u06-001383,user1383@mail.co.in,2026-01-10,DE
u06-001384,user1384@mail.co.in,2026-03-28,SG
u06-001385,user1385@example.com,2026-07-15,US
u06-001386,user1386@corp.io,2026-08-18,US
u06-001387,user1387@mail.co.in,2026-02-11,SG
u06-001388,user1388@example.com,2026-08-15,GB
u06-001389,user1389@example.com,2026-01-16,IN
u06-001390,user1390@mail.co.in,2026-08-12,AU
u06-001391,user1391@example.com,2026-08-11,DE
u06-001392,user1392@corp.io,2026-06-22,DE
u06-001393,user1393@example.com,2026-04-17,DE
u06-001394,user1394@uni.edu,2026-01-15,IN
u06-001395,user1395@corp.io,2026-05-21,IN
u06-001396,user1396@uni.edu,2026-08-19,AU
u06-001397,user1397@example.com,2026-02-22,GB
u06-001398,user1398@uni.edu,2026-08-24,GB
u06-001399,user1399@uni.edu,2026-04-27,IN
u06-001400,user1400@example.com,2026-02-26,GB
u06-001401,user1401@corp.io,2026-07-15,DE
u06-001402,user1402@mail.co.in,2026-09-14,IN
u06-001403,user1403@example.com,2026-05-12,AU
u06-001404,user1404@example.com,2026-07-22,SG
u06-001405,user1405@mail.co.in,2026-04-16,US
u06-001406,user1406@mail.co.in,2026-07-14,IN
u06-001407,user1407@uni.edu,2026-06-24,AU
u06-001408,user1408@example.com,2026-09-26,SG
u06-001409,user1409@example.com,2026-04-23,AU
u06-001410,user1410@corp.io,2026-04-25,IN
u06-001411,user1411@uni.edu,2026-09-14,US
u06-001412,user1412@mail.co.in,2026-09-25,IN
u06-001413,user1413@corp.io,2026-09-20,SG
u06-001414,user1414@mail.co.in,2026-08-20,US
u06-001415,user1415@example.com,2026-07-23,US
u06-001416,user1416@mail.co.in,2026-02-12,DE
u06-001417,user1417@corp.io,2026-05-24,US
u06-001418,user1418@mail.co.in,2026-07-26,DE
u06-001419,user1419@example.com,2026-06-26,IN
u06-001420,user1420@mail.co.in,2026-08-18,US
u06-001421,user1421@mail.co.in,2026-05-23,AU
u06-001422,user1422@mail.co.in,2026-05-17,DE
u06-001423,user1423@uni.edu,2026-02-22,GB
u06-001424,user1424@corp.io,2026-03-15,US
u06-001425,user1425@corp.io,2026-06-24,SG
u06-001426,user1426@corp.io,2026-02-27,AU
u06-001427,user1427@mail.co.in,2026-09-17,SG
u06-001428,user1428@mail.co.in,2026-07-12,AU
u06-001429,user1429@corp.io,2026-02-15,AU
u06-001430,user1430@example.com,2026-08-20,AU
u06-001431,user1431@mail.co.in,2026-08-14,AU
u06-001432,user1432@corp.io,2026-02-23,AU
u06-001433,user1433@corp.io,2026-08-24,US
u06-001434,user1434@mail.co.in,2026-07-16,SG
u06-001435,user1435@corp.io,2026-06-24,AU
u06-001436,user1436@corp.io,2026-04-14,GB
u06-001437,user1437@mail.co.in,2026-08-21,GB
u06-001438,user1438@corp.io,2026-04-10,AU
u06-001439,user1439@example.com,2026-04-24,AU
u06-001440,user1440@mail.co.in,2026-05-18,SG
u06-001441,user1441@example.com,2026-07-21,SG
u06-001442,user1442@corp.io,2026-01-14,US
u06-001443,user1443@mail.co.in,2026-07-14,DE
u06-001444,user1444@example.com,2026-05-13,SG
u06-001445,user1445@example.com,2026-06-26,SG
u06-001446,user1446@mail.co.in,2026-03-25,AU
u06-001447,user1447@corp.io,2026-09-25,SG
u06-001448,user1448@example.com,2026-01-15,DE
u06-001449,user1449@corp.io,2026-03-15,GB
u06-001450,user1450@example.com,2026-09-17,US
u06-001451,user1451@example.com,2026-07-13,AU
u06-001452,user1452@corp.io,2026-03-20,SG
u06-001453,user1453@uni.edu,2026-06-20,GB
u06-001454,user1454@corp.io,2026-09-27,AU
u06-001455,user1455@mail.co.in,2026-07-25,US
u06-001456,user1456@corp.io,2026-05-28,SG
u06-001457,user1457@uni.edu,2026-01-27,GB
u06-001458,user1458@uni.edu,2026-09-23,AU
u06-001459,user1459@uni.edu,2026-08-21,US
u06-001460,user1460@mail.co.in,2026-04-26,AU
u06-001461,user1461@mail.co.in,2026-07-28,AU
u06-001462,user1462@corp.io,2026-01-15,GB
u06-001463,user1463@mail.co.in,2026-07-20,SG
u06-001464,user1464@corp.io,2026-07-10,DE
u06-001465,user1465@mail.co.in,2026-06-22,SG
u06-001466,user1466@uni.edu,2026-09-10,IN
u06-001467,user1467@mail.co.in,2026-04-16,AU
u06-001468,user1468@uni.edu,2026-09-19,GB
u06-001469,user1469@example.com,2026-04-12,SG
u06-001470,user1470@example.com,2026-05-19,US
u06-001471,user1471@uni.edu,2026-08-15,GB
u06-001472,user1472@mail.co.in,2026-07-20,IN
u06-001473,user1473@mail.co.in,2026-01-14,SG
u06-001474,user1474@uni.edu,2026-07-14,GB
u06-001475,user1475@mail.co.in,2026-05-24,IN
u06-001476,user1476@mail.co.in,2026-05-19,IN
u06-001477,user1477@mail.co.in,2026-09-18,US
u06-001478,user1478@mail.co.in,2026-05-24,GB
u06-001479,user1479@corp.io,2026-08-14,SG
u06-001480,user1480@uni.edu,2026-08-11,IN
u06-001481,user1481@example.com,2026-04-14,IN
u06-001482,user1482@corp.io,2026-09-25,IN
u06-001483,user1483@example.com,2026-04-14,IN
u06-001484,user1484@example.com,2026-06-19,AU
u06-001485,user1485@corp.io,2026-03-17,SG
u06-001486,user1486@uni.edu,2026-02-22,IN
u06-001487,user1487@uni.edu,2026-01-23,SG
u06-001488,user1488@example.com,2026-05-16,SG
u06-001489,user1489@mail.co.in,2026-07-25,GB
u06-001490,user1490@corp.io,2026-01-27,GB
u06-001491,user1491@corp.io,2026-05-17,IN
u06-001492,user1492@mail.co.in,2026-07-26,AU
u06-001493,user1493@example.com,2026-02-22,IN
u06-001494,user1494@mail.co.in,2026-07-11,AU
u06-001495,user1495@corp.io,2026-03-20,US
u06-001496,user1496@mail.co.in,2026-02-23,SG
u06-001497,user1497@example.com,2026-06-28,SG
u06-001498,user1498@example.com,2026-05-26,GB
u06-001499,user1499@mail.co.in,2026-07-26,IN
u06-001500,user1500@uni.edu,2026-04-11,SG
u06-001501,user1501@corp.io,2026-06-14,AU
u06-001502,user1502@corp.io,2026-01-15,SG
u06-001503,user1503@corp.io,2026-06-19,IN
u06-001504,user1504@mail.co.in,2026-06-16,GB
u06-001505,user1505@corp.io,2026-05-17,AU
u06-001506,user1506@example.com,2026-07-11,IN
u06-001507,user1507@example.com,2026-09-16,IN
u06-001508,user1508@mail.co.in,2026-01-24,IN
u06-001509,user1509@uni.edu,2026-07-16,AU
u06-001510,user1510@mail.co.in,2026-06-28,DE
u06-001511,user1511@uni.edu,2026-06-21,SG
u06-001512,user1512@corp.io,2026-09-16,AU
u06-001513,user1513@example.com,2026-07-18,IN
u06-001514,user1514@corp.io,2026-08-25,IN
u06-001515,user1515@mail.co.in,2026-08-23,AU
u06-001516,user1516@uni.edu,2026-02-26,GB
u06-001517,user1517@example.com,2026-08-15,DE
u06-001518,user1518@uni.edu,2026-01-19,DE
u06-001519,user1519@example.com,2026-05-13,SG
u06-001520,user1520@corp.io,2026-04-15,DE
u06-001521,user1521@example.com,2026-04-26,US
u06-001522,user1522@uni.edu,2026-03-16,IN
u06-001523,user1523@mail.co.in,2026-03-10,SG
u06-001524,user1524@corp.io,2026-08-10,DE
u06-001525,user1525@mail.co.in,2026-06-10,SG
u06-001526,user1526@corp.io,2026-03-16,IN
u06-001527,user1527@uni.edu,2026-02-13,IN
u06-001528,user1528@corp.io,2026-05-22,SG
u06-001529,user1529@example.com,2026-08-21,SG
u06-001530,user1530@mail.co.in,2026-04-12,GB
u06-001531,user1531@corp.io,2026-04-21,DE
u06-001532,user1532@example.com,2026-06-24,DE
u06-001533,user1533@uni.edu,2026-05-25,GB
u06-001534,user1534@corp.io,2026-02-19,US
u06-001535,user1535@uni.edu,2026-09-23,AU
u06-001536,user1536@corp.io,2026-03-19,IN
u06-001537,user1537@corp.io,2026-01-13,SG
u06-001538,user1538@example.com,2026-08-13,IN
u06-001539,user1539@mail.co.in,2026-02-22,GB
u06-001540,user1540@example.com,2026-08-12,US
u06-001541,user1541@corp.io,2026-06-13,IN
u06-001542,user1542@uni.edu,2026-01-12,IN
u06-001543,user1543@mail.co.in,2026-05-28,GB
u06-001544,user1544@example.com,2026-05-26,IN
u06-001545,user1545@corp.io,2026-03-13,DE
u06-001546,user1546@corp.io,2026-07-25,IN
u06-001547,user1547@example.com,2026-04-13,GB
u06-001548,user1548@example.com,2026-04-23,AU
u06-001549,user1549@corp.io,2026-02-27,US
u06-001550,user1550@uni.edu,2026-06-10,IN
u06-001551,user1551@uni.edu,2026-02-24,SG
u06-001552,user1552@uni.edu,2026-07-10,GB
u06-001553,user1553@uni.edu,2026-05-13,DE
u06-001554,user1554@corp.io,2026-09-23,US
u06-001555,user1555@corp.io,2026-01-12,US
u06-001556,user1556@example.com,2026-02-13,IN
u06-001557,user1557@example.com,2026-07-27,US
u06-001558,user1558@mail.co.in,2026-08-19,AU
u06-001559,user1559@example.com,2026-03-16,GB
u06-001560,user1560@corp.io,2026-07-20,DE
u06-001561,user1561@example.com,2026-04-18,SG
u06-001562,user1562@corp.io,2026-02-18,GB
u06-001563,user1563@example.com,2026-04-28,SG
u06-001564,user1564@corp.io,2026-07-21,SG
u06-001565,user1565@uni.edu,2026-02-25,GB
u06-001566,user1566@uni.edu,2026-05-14,DE
u06-001567,user1567@mail.co.in,2026-06-22,GB
u06-001568,user1568@example.com,2026-04-11,SG
u06-001569,user1569@corp.io,2026-02-27,IN
u06-001570,user1570@uni.edu,2026-06-15,IN
u06-001571,user1571@mail.co.in,2026-09-27,US
u06-001572,user1572@uni.edu,2026-01-13,IN
u06-001573,user1573@example.com,2026-06-11,US
u06-001574,user1574@uni.edu,2026-04-13,GB
u06-001575,user1575@corp.io,2026-02-23,US
u06-001576,user1576@uni.edu,2026-04-12,GB
u06-001577,user1577@mail.co.in,2026-05-15,AU
u06-001578,user1578@corp.io,2026-04-14,DE
u06-001579,user1579@uni.edu,2026-07-21,AU
u06-001580,user1580@corp.io,2026-06-10,SG
u06-001581,user1581@example.com,2026-06-11,US
u06-001582,user1582@corp.io,2026-07-12,DE
u06-001583,user1583@mail.co.in,2026-05-27,IN
u06-001584,user1584@example.com,2026-08-28,DE
u06-001585,user1585@corp.io,2026-01-18,SG
u06-001586,user1586@mail.co.in,2026-04-17,US
u06-001587,user1587@corp.io,2026-01-21,IN
u06-001588,user1588@example.com,2026-09-11,AU
u06-001589,user1589@example.com,2026-09-24,US
u06-001590,user1590@corp.io,2026-03-12,IN
u06-001591,user1591@mail.co.in,2026-03-17,DE
u06-001592,user1592@mail.co.in,2026-09-18,GB
u06-001593,user1593@mail.co.in,2026-08-11,SG
u06-001594,user1594@corp.io,2026-08-12,DE
u06-001595,user1595@example.com,2026-02-25,IN
u06-001596,user1596@corp.io,2026-01-26,US
u06-001597,user1597@example.com,2026-06-19,AU
u06-001598,user1598@corp.io,2026-09-19,SG
u06-001599,user1599@mail.co.in,2026-04-17,DE
u06-001600,user1600@corp.io,2026-08-25,GB
u06-001601,user1601@corp.io,2026-02-11,GB
u06-001602,user1602@example.com,2026-01-26,SG
u06-001603,user1603@example.com,2026-02-17,AU
u06-001604,user1604@corp.io,2026-07-14,GB
u06-001605,user1605@uni.edu,2026-09-20,US
u06-001606,user1606@mail.co.in,2026-09-26,IN
u06-001607,user1607@corp.io,2026-08-17,US
u06-001608,user1608@corp.io,2026-09-17,US
u06-001609,user1609@example.com,2026-08-25,GB
u06-001610,user1610@corp.io,2026-05-21,IN
u06-001611,user1611@example.com,2026-02-26,SG
u06-001612,user1612@mail.co.in,2026-01-28,US
u06-001613,user1613@uni.edu,2026-03-14,AU
u06-001614,user1614@example.com,2026-02-17,GB
u06-001615,user1615@corp.io,2026-01-25,GB
u06-001616,user1616@mail.co.in,2026-07-13,IN
u06-001617,user1617@uni.edu,2026-01-16,IN
u06-001618,user1618@mail.co.in,2026-01-17,IN
u06-001619,user1619@corp.io,2026-08-14,US
u06-001620,user1620@uni.edu,2026-03-24,AU
u06-001621,user1621@mail.co.in,2026-09-12,DE
u06-001622,user1622@mail.co.in,2026-05-10,AU
u06-001623,user1623@corp.io,2026-09-26,DE
u06-001624,user1624@example.com,2026-09-23,AU
u06-001625,user1625@uni.edu,2026-05-17,IN
u06-001626,user1626@uni.edu,2026-04-23,US
u06-001627,user1627@uni.edu,2026-07-25,US
u06-001628,user1628@mail.co.in,2026-07-25,SG
u06-001629,user1629@uni.edu,2026-06-12,SG
u06-001630,user1630@corp.io,2026-04-21,SG
u06-001631,user1631@uni.edu,2026-08-17,IN
u06-001632,user1632@example.com,2026-07-15,DE
u06-001633,user1633@uni.edu,2026-01-23,IN
u06-001634,user1634@uni.edu,2026-06-12,IN
u06-001635,user1635@corp.io,2026-05-26,SG
u06-001636,user1636@uni.edu,2026-07-24,SG
u06-001637,user1637@example.com,2026-03-10,IN
u06-001638,user1638@uni.edu,2026-08-22,DE
u06-001639,user1639@example.com,2026-02-18,GB
u06-001640,user1640@example.com,2026-08-21,DE
u06-001641,user1641@corp.io,2026-04-26,IN
u06-001642,user1642@mail.co.in,2026-07-21,IN
u06-001643,user1643@mail.co.in,2026-05-27,DE
u06-001644,user1644@mail.co.in,2026-07-20,AU
u06-001645,user1645@corp.io,2026-06-13,GB
u06-001646,user1646@corp.io,2026-05-20,DE
u06-001647,user1647@corp.io,2026-01-11,GB
u06-001648,user1648@mail.co.in,2026-07-15,AU
u06-001649,user1649@corp.io,2026-04-27,AU
u06-001650,user1650@uni.edu,2026-07-22,US
u06-001651,user1651@corp.io,2026-03-14,DE
u06-001652,user1652@mail.co.in,2026-01-16,US
u06-001653,user1653@mail.co.in,2026-06-20,IN
u06-001654,user1654@mail.co.in,2026-01-12,DE
u06-001655,user1655@example.com,2026-09-22,DE
u06-001656,user1656@mail.co.in,2026-03-13,GB
u06-001657,user1657@uni.edu,2026-03-18,US
u06-001658,user1658@corp.io,2026-08-17,AU
u06-001659,user1659@example.com,2026-09-14,GB
u06-001660,user1660@example.com,2026-02-16,GB
u06-001661,user1661@mail.co.in,2026-06-18,AU
u06-001662,user1662@uni.edu,2026-01-16,DE
u06-001663,user1663@mail.co.in,2026-09-26,AU
u06-001664,user1664@uni.edu,2026-05-25,IN
u06-001665,user1665@mail.co.in,2026-05-25,DE
u06-001666,user1666@uni.edu,2026-01-22,IN
u06-001667,user1667@example.com,2026-04-24,DE
u06-001668,user1668@corp.io,2026-09-17,DE
u06-001669,user1669@uni.edu,2026-09-20,GB
u06-001670,user1670@mail.co.in,2026-02-13,SG
u06-001671,user1671@mail.co.in,2026-07-12,SG
u06-001672,user1672@corp.io,2026-02-16,AU
u06-001673,user1673@uni.edu,2026-07-21,DE
u06-001674,user1674@corp.io,2026-02-22,IN
u06-001675,user1675@corp.io,2026-06-17,DE
u06-001676,user1676@mail.co.in,2026-01-23,AU
u06-001677,user1677@mail.co.in,2026-08-19,IN
u06-001678,user1678@example.com,2026-02-15,DE
u06-001679,user1679@corp.io,2026-09-11,AU
u06-001680,user1680@example..com,2026-02-11,IN
u06-001681,user1681@uni.edu,2026-01-28,SG
u06-001682,user1682@corp.io,2026-08-12,IN
u06-001683,user1683@example.com,2026-08-26,US
u06-001684,user1684@mail.co.in,2026-06-25,AU
u06-001685,user1685@example.com,2026-09-12,DE
u06-001686,user1686@corp.io,2026-04-24,AU
u06-001687,user1687@uni.edu,2026-03-17,SG
u06-001688,user1688@example.com,2026-08-27,DE
u06-001689,user1689@uni.edu,2026-06-23,GB
u06-001690,user1690@mail.co.in,2026-04-26,IN
u06-001691,user1691@mail.co.in,2026-08-11,SG
u06-001692,user1692@example.com,2026-02-12,DE
u06-001693,user1693@corp.io,2026-06-26,AU
u06-001694,user1694@example.com,2026-02-22,GB
u06-001695,user1695@uni.edu,2026-09-15,DE
u06-001696,user1696@uni.edu,2026-07-11,DE
u06-001697,user1697@uni.edu,2026-01-27,SG
u06-001698,user1698@mail.co.in,2026-01-20,AU
u06-001699,user1699@corp.io,2026-03-19,AU
u06-001700,user1700@example.com,2026-04-15,DE
u06-001701,user1701@mail.co.in,2026-02-18,IN
u06-001702,user1702@mail.co.in,2026-07-21,AU
u06-001703,user1703@example.com,2026-03-13,GB
u06-001704,user1704@corp.io,2026-09-28,IN
u06-001705,user1705@mail.co.in,2026-07-16,US
u06-001706,user1706@uni.edu,2026-08-16,IN
u06-001707,user1707@uni.edu,2026-05-11,IN
u06-001708,user1708@example.com,2026-05-26,SG
u06-001709,user1709@uni.edu,2026-04-11,DE
u06-001710,user1710@uni.edu,2026-04-14,US
u06-001711,user1711@example.com,2026-05-12,SG
u06-001712,user1712@uni.edu,2026-09-17,AU
u06-001713,user1713@mail.co.in,2026-01-19,SG
u06-001714,user1714@example.com,2026-07-14,IN
u06-001715,user1715@corp.io,2026-05-13,IN
u06-001716,user1716@uni.edu,2026-01-27,US
u06-001717,user1717@corp.io,2026-07-17,AU
u06-001718,user1718@example.com,2026-05-18,US
u06-001719,user1719@uni.edu,2026-05-20,DE
u06-001720,user1720@corp.io,2026-06-10,IN
u06-001721,user1721@mail.co.in,2026-02-15,IN
u06-001722,user1722@example.com,2026-09-15,AU
u06-001723,user1723@example.com,2026-06-17,AU
u06-001724,user1724@mail.co.in,2026-08-20,AU
u06-001725,user1725@corp.io,2026-08-11,IN
u06-001726,user1726@mail.co.in,2026-09-18,AU
u06-001727,user1727@uni.edu,2026-08-28,AU
u06-001728,user1728@uni.edu,2026-04-27,IN
u06-001729,user1729@corp.io,2026-06-20,GB
u06-001730,user1730@mail.co.in,2026-01-12,GB
u06-001731,user1731@example.com,2026-01-26,IN
u06-001732,user1732@mail.co.in,2026-07-20,US
u06-001733,user1733@example.com,2026-08-25,US
u06-001734,user1734@corp.io,2026-01-21,AU
u06-001735,user1735@example.com,2026-01-15,DE
u06-001736,user1736@mail.co.in,2026-06-17,GB
u06-001737,user1737@mail.co.in,2026-05-26,IN
u06-001738,user1738@example.com,2026-03-21,AU
u06-001739,user1739@example.com,2026-05-23,GB
u06-001740,user1740@example.com,2026-05-22,DE
u06-001741,user1741@corp.io,2026-08-24,DE
u06-001742,user1742@uni.edu,2026-06-21,IN
u06-001743,user1743@mail.co.in,2026-04-26,IN
u06-001744,user1744@mail.co.in,2026-07-10,GB
u06-001745,user1745@uni.edu,2026-02-24,SG
u06-001746,user1746@example.com,2026-03-11,SG
u06-001747,user1747@mail.co.in,2026-08-14,US
u06-001748,user1748@mail.co.in,2026-04-21,GB
u06-001749,user1749@example.com,2026-02-15,DE
u06-001750,user1750@example.com,2026-03-11,SG
u06-001751,user1751@uni.edu,2026-05-15,IN
u06-001752,user1752@uni.edu,2026-08-15,SG
u06-001753,user1753@corp.io,2026-01-18,IN
u06-001754,user1754@corp.io,2026-09-19,DE
u06-001755,user1755@example.com,2026-02-10,AU
u06-001756,user1756@corp.io,2026-08-18,US
u06-001757,user1757@mail.co.in,2026-06-26,SG
u06-001758,user1758@example.com,2026-05-28,IN
u06-001759,user1759@mail.co.in,2026-03-10,IN
u06-001760,user1760@corp.io,2026-08-14,IN
u06-001761,user1761@mail.co.in,2026-05-13,IN
u06-001762,user1762@example.com,2026-09-27,SG
u06-001763,user1763@corp.io,2026-01-18,IN
u06-001764,user1764@mail.co.in,2026-07-25,AU
u06-001765,user1765@mail.co.in,2026-07-27,US
u06-001766,user1766@mail.co.in,2026-04-13,DE
u06-001767,user1767@example.com,2026-07-20,DE
u06-001768,user1768@corp.io,2026-05-24,AU
u06-001769,user1769@mail.co.in,2026-09-17,DE
u06-001770,user1770@uni.edu,2026-03-27,AU
u06-001771,user1771@corp.io,2026-09-18,SG
u06-001772,user1772@example.com,2026-07-22,SG
u06-001773,user1773@corp.io,2026-09-22,GB
u06-001774,user1774@corp.io,2026-05-28,GB
u06-001775,user1775@uni.edu,2026-08-11,AU
u06-001776,user1776@example.com,2026-01-24,AU
u06-001777,user1777@mail.co.in,2026-08-14,SG
u06-001778,user1778@corp.io,2026-05-15,DE
u06-001779,user1779@mail.co.in,2026-05-19,AU
u06-001780,user1780@uni.edu,2026-01-21,GB
u06-001781,user1781@corp.io,2026-03-16,IN
u06-001782,user1782@example.com,2026-04-17,GB
u06-001783,user1783@mail.co.in,2026-07-17,DE
u06-001784,user1784@corp.io,2026-08-20,IN
u06-001785,user1785@corp.io,2026-05-17,IN
u06-001786,user1786@example.com,2026-06-10,SG
u06-001787,user1787@corp.io,2026-03-28,DE
u06-001788,user1788@corp.io,2026-01-20,SG
u06-001789,user1789@corp.io,2026-08-12,DE
u06-001790,user1790@uni.edu,2026-08-26,US
u06-001791,user1791@uni.edu,2026-02-28,IN
u06-001792,user1792@uni.edu,2026-07-13,DE
u06-001793,user1793@uni.edu,2026-01-20,AU
u06-001794,user1794@corp.io,2026-09-13,AU
u06-001795,user1795@example.com,2026-07-21,AU
u06-001796,user1796@corp.io,2026-03-16,AU
u06-001797,user1797@mail.co.in,2026-07-13,AU
u06-001798,user1798@corp.io,2026-08-20,US
u06-001799,user1799@corp.io,2026-09-24,GB
u06-001800,user1800@corp.io,2026-06-22,AU
u06-001801,user1801@corp.io,2026-06-23,US
u06-001802,user1802@corp.io,2026-08-18,DE
u06-001803,user1803@corp.io,2026-03-19,IN
u06-001804,user1804@example.com,2026-01-23,GB
u06-001805,user1805@corp.io,2026-09-17,GB
u06-001806,user1806@corp.io,2026-03-28,GB
u06-001807,user1807@uni.edu,2026-05-10,GB
u06-001808,user1808@mail.co.in,2026-03-20,DE
u06-001809,user1809@example.com,2026-02-18,AU
u06-001810,user1810@example.com,2026-02-13,DE
u06-001811,user1811@uni.edu,2026-04-20,IN
u06-001812,user1812@mail.co.in,2026-03-14,SG
u06-001813,user1813@uni.edu,2026-01-13,DE
u06-001814,user1814@corp.io,2026-07-24,GB
u06-001815,user1815@corp.io,2026-03-20,SG
u06-001816,user1816@example.com,2026-04-23,GB
u06-001817,user1817@uni.edu,2026-03-24,DE
u06-001818,user1818@example.com,2026-06-20,US
u06-001819,user1819@example.com,2026-02-17,SG
u06-001820,user1820@uni.edu,2026-08-28,AU
u06-001821,user1821@example.com,2026-06-23,SG
u06-001822,user1822@mail.co.in,2026-08-27,SG
u06-001823,user1823@corp.io,2026-02-24,GB
u06-001824,user1824@uni.edu,2026-02-25,US
u06-001825,user1825@uni.edu,2026-03-21,DE
u06-001826,user1826@mail.co.in,2026-07-21,GB
u06-001827,user1827@uni.edu,2026-03-26,AU
u06-001828,user1828@uni.edu,2026-09-19,GB
u06-001829,user1829@example.com,2026-09-13,AU
u06-001830,user1830@corp.io,2026-07-14,GB
u06-001831,user1831@corp.io,2026-01-22,SG
u06-001832,user1832@uni.edu,2026-03-14,GB
u06-001833,user1833@example.com,2026-02-19,GB
u06-001834,user1834@uni.edu,2026-04-17,AU
u06-001835,user1835@uni.edu,2026-03-15,AU
u06-001836,user1836@mail.co.in,2026-04-12,AU
u06-001837,user1837@example.com,2026-01-17,IN
u06-001838,user1838@corp.io,2026-04-28,AU
u06-001839,user1839@corp.io,2026-09-16,GB
u06-001840,user1840@corp.io,2026-06-12,IN
u06-001841,user1841@mail.co.in,2026-08-18,SG
u06-001842,user1842@corp.io,2026-01-11,IN
u06-001843,user1843@mail.co.in,2026-03-22,US
u06-001844,user1844@example.com,2026-02-12,GB
u06-001845,user1845@corp.io,2026-01-11,GB
u06-001846,user1846@corp.io,2026-01-11,GB
u06-001847,user1847@uni.edu,2026-02-28,AU
u06-001848,user1848@corp.io,2026-07-27,DE
u06-001849,user1849@example.com,2026-06-18,GB
u06-001850,user1850@corp.io,2026-05-16,IN
u06-001851,user1851@corp.io,2026-02-14,SG
u06-001852,user1852@mail.co.in,2026-05-20,SG
u06-001853,user1853@uni.edu,2026-01-25,SG
u06-001854,user1854@example.com,2026-07-10,AU
u06-001855,user1855@example.com,2026-09-21,AU
u06-001856,user1856@uni.edu,2026-05-22,GB
u06-001857,user1857@corp.io,2026-04-23,US
u06-001858,user1858@mail.co.in,2026-07-18,US
u06-001859,user1859@mail.co.in,2026-04-13,GB
u06-001860,user1860@example.com,2026-03-17,US
u06-001861,user1861@example.com,2026-07-19,DE
u06-001862,user1862@example.com,2026-06-24,US
u06-001863,user1863@example.com,2026-02-24,DE
u06-001864,user1864@example.com,2026-03-16,IN
u06-001865,user1865@corp.io,2026-03-13,IN
u06-001866,user1866@example.com,2026-05-11,SG
u06-001867,user1867@corp.io,2026-09-25,IN
u06-001868,user1868@mail.co.in,2026-04-18,US
u06-001869,user1869@mail.co.in,2026-03-11,DE
u06-001870,user1870@example.com,2026-07-10,US
u06-001871,user1871@corp.io,2026-05-23,AU
u06-001872,user1872@example.com,2026-09-13,US
u06-001873,user1873@corp..io,2026-05-23,IN
u06-001874,user1874@uni.edu,2026-06-18,SG
u06-001875,user1875@example.com,2026-09-11,AU
u06-001876,user1876@example.com,2026-07-17,GB
u06-001877,user1877@example.com,2026-05-28,US
u06-001878,user1878@example.com,2026-01-27,DE
u06-001879,user1879@uni.edu,2026-05-28,US
u06-001880,user1880@mail.co.in,2026-02-15,AU
u06-001881,user1881@corp.io,2026-07-10,IN
u06-001882,user1882@mail.co.in,2026-08-10,IN
u06-001883,user1883@example.com,2026-09-19,DE
u06-001884,user1884@example.com,2026-01-17,IN
u06-001885,user1885@uni.edu,2026-02-18,DE
u06-001886,user1886@mail.co.in,2026-08-27,IN
u06-001887,user1887@corp.io,2026-04-11,US
u06-001888,user1888@example.com,2026-02-27,SG
u06-001889,user1889@example.com,2026-04-27,SG
u06-001890,user1890@corp.io,2026-03-25,GB
u06-001891,user1891@uni.edu,2026-09-25,SG
u06-001892,user1892@corp.io,2026-05-11,GB
u06-001893,user1893@uni.edu,2026-05-13,IN
u06-001894,user1894@example.com,2026-09-16,SG
u06-001895,user1895@mail.co.in,2026-03-22,GB
u06-001896,user1896@corp.io,2026-08-16,IN
u06-001897,user1897@example.com,2026-04-12,GB
u06-001898,user1898@corp.io,2026-05-20,IN
u06-001899,user1899@example.com,2026-06-15,US
u06-001900,user1900@uni.edu,2026-01-27,US
u06-001901,user1901@example.com,2026-05-18,GB
u06-001902,user1902@example.com,2026-06-14,GB
u06-001903,user1903@corp.io,2026-03-16,US
u06-001904,user1904@example.com,2026-04-16,DE
u06-001905,user1905@corp.io,2026-07-20,US
u06-001906,user1906@uni.edu,2026-07-23,IN
u06-001907,user1907@corp.io,2026-06-22,IN
u06-001908,user1908@mail.co.in,2026-03-28,SG
u06-001909,user1909@uni.edu,2026-02-19,DE
u06-001910,user1910@mail.co.in,2026-05-24,AU
u06-001911,user1911@example.com,2026-08-23,US
u06-001912,user1912@corp.io,2026-06-10,DE
u06-001913,user1913@example.com,2026-09-27,IN
u06-001914,user1914@example.com,2026-07-27,DE
u06-001915,user1915@mail.co.in,2026-07-20,SG
u06-001916,user1916@uni.edu,2026-05-19,US
u06-001917,user1917@uni.edu,2026-02-23,GB
u06-001918,user1918@corp.io,2026-04-16,DE
u06-001919,user1919@mail.co.in,2026-08-28,AU
u06-001920,user1920@corp.io,2026-01-16,US
u06-001921,user1921@mail.co.in,2026-06-25,AU
u06-001922,user1922@corp.io,2026-05-19,IN
u06-001923,user1923@corp.io,2026-09-22,SG
u06-001924,user1924@mail.co.in,2026-04-22,US
u06-001925,user1925@mail.co.in,2026-02-25,IN
u06-001926,user1926@uni.edu,2026-09-20,DE
u06-001927,user1927@example.com,2026-08-20,AU
u06-001928,user1928@corp.io,2026-04-24,US
u06-001929,user1929@corp.io,2026-01-18,US
u06-001930,user1930@uni.edu,2026-05-19,DE
u06-001931,user1931@corp.io,2026-02-13,DE
u06-001932,user1932@corp.io,2026-02-10,GB
u06-001933,user1933@mail.co.in,2026-09-25,GB
u06-001934,user1934@uni.edu,2026-04-14,AU
u06-001935,user1935@example.com,2026-07-13,DE
u06-001936,user1936@corp.io,2026-09-19,IN
u06-001937,user1937@uni.edu,2026-08-25,SG
u06-001938,user1938@mail.co.in,2026-08-21,DE
u06-001939,user1939@mail.co.in,2026-03-20,SG
u06-001940,user1940@example.com,2026-06-15,US
u06-001941,user1941@corp.io,2026-05-21,GB
u06-001942,user1942@uni.edu,2026-01-21,US
u06-001943,user1943@corp.io,2026-05-12,DE
u06-001944,user1944@mail.co.in,2026-08-20,DE
u06-001945,user1945@uni.edu,2026-08-14,SG
u06-001946,user1946@example.com,2026-01-24,US
u06-001947,user1947@corp.io,2026-06-15,SG
u06-001948,user1948@uni.edu,2026-02-11,DE
u06-001949,user1949@mail.co.in,2026-02-14,US
u06-001950,user1950@mail.co.in,2026-05-25,GB
u06-001951,user1951@example.com,2026-02-23,GB
u06-001952,user1952@mail.co.in,2026-04-20,GB
u06-001953,user1953@uni.edu,2026-08-24,AU
u06-001954,user1954@uni.edu,2026-03-13,DE
u06-001955,user1955@corp.io,2026-05-14,US
u06-001956,user1956@corp.io,2026-06-24,DE
u06-001957,user1957@mail.co.in,2026-06-22,IN
u06-001958,user1958@corp.io,2026-02-17,SG
u06-001959,user1959@corp.io,2026-07-15,AU
u06-001960,user1960@corp.io,2026-07-27,GB
u06-001961,user1961@example.com,2026-08-21,IN
u06-001962,user1962@mail.co.in,2026-01-26,SG
u06-001963,user1963@mail.co.in,2026-02-13,AU
u06-001964,user1964@example.com,2026-08-13,AU
u06-001965,user1965@uni.edu,2026-09-19,US
u06-001966,user1966@uni.edu,2026-08-16,SG
u06-001967,user1967@corp.io,2026-04-25,GB
u06-001968,user1968@example.com,2026-06-21,AU
u06-001969,user1969@mail.co.in,2026-03-14,IN
u06-001970,user1970@corp.io,2026-06-24,IN
u06-001971,user1971@example.com,2026-06-22,GB
u06-001972,user1972@example.com,2026-06-28,GB
u06-001973,user1973@corp.io,2026-05-15,AU
u06-001974,user1974@example.com,2026-02-28,SG
u06-001975,user1975@uni.edu,2026-08-28,US
u06-001976,user1976@mail.co.in,2026-03-24,SG
u06-001977,user1977@uni.edu,2026-03-15,DE
u06-001978,user1978@mail.co.in,2026-09-10,GB
u06-001979,user1979@uni.edu,2026-08-13,US
u06-001980,user1980@example.com,2026-09-22,US
u06-001981,user1981@corp.io,2026-05-24,GB
u06-001982,user1982@example.com,2026-03-16,GB
u06-001983,user1983@example.com,2026-04-23,DE
u06-001984,user1984@uni.edu,2026-01-17,US
u06-001985,user1985@example.com,2026-07-22,US
u06-001986,user1986@uni.edu,2026-06-12,GB
u06-001987,user1987@example.com,2026-06-15,SG
u06-001988,user1988@example.com,2026-08-18,DE
u06-001989,user1989@uni.edu,2026-05-18,US
u06-001990,user1990@mail.co.in,2026-04-23,DE
u06-001991,user1991@mail.co.in,2026-01-16,IN
u06-001992,user1992@example.com,2026-07-17,AU
u06-001993,user1993@mail.co.in,2026-02-27,AU
u06-001994,user1994@mail.co.in,2026-02-21,US
u06-001995,user1995@example.com,2026-07-13,US
u06-001996,user1996@uni.edu,2026-06-25,US
u06-001997,user1997@mail.co.in,2026-08-24,DE
u06-001998,user1998@corp.io,2026-02-17,US
u06-001999,user1999@uni.edu,2026-03-13,GB
u06-002000,user2000@corp.io,2026-09-18,SG
u06-002001,user2001@mail.co.in,2026-08-21,IN
u06-002002,user2002@corp.io,2026-03-25,US
u06-002003,user2003@corp.io,2026-02-24,IN
u06-002004,user2004@corp.io,2026-08-11,SG
u06-002005,user2005@mail.co.in,2026-01-21,GB
u06-002006,user2006@mail.co.in,2026-06-24,GB
u06-002007,user2007@corp.io,2026-08-25,DE
u06-002008,user2008@corp.io,2026-03-27,DE
u06-002009,user2009@example.com,2026-07-19,AU
u06-002010,user2010@mail.co.in,2026-04-15,IN
u06-002011,user2011@example.com,2026-09-14,IN
u06-002012,user2012@corp.io,2026-02-10,US
u06-002013,user2013@corp.io,2026-09-13,SG
u06-002014,user2014@uni.edu,2026-03-22,GB
u06-002015,user2015@example.com,2026-08-22,GB
u06-002016,user2016@mail.co.in,2026-07-25,IN
u06-002017,user2017@corp.io,2026-01-20,SG
u06-002018,user2018@corp.io,2026-07-11,SG
u06-002019,user2019@corp.io,2026-09-20,SG
u06-002020,user2020@uni.edu,2026-08-21,DE
u06-002021,user2021@corp.io,2026-09-26,GB
u06-002022,user2022@uni.edu,2026-08-10,AU
u06-002023,user2023@uni.edu,2026-04-23,GB
u06-002024,user2024@uni.edu,2026-05-15,SG
u06-002025,user2025@corp.io,2026-03-22,IN
u06-002026,user2026@uni.edu,2026-04-24,DE
u06-002027,user2027@example.com,2026-06-17,AU
u06-002028,user2028@example.com,2026-01-28,IN
u06-002029,user2029@uni.edu,2026-04-23,US
u06-002030,user2030@uni.edu,2026-08-21,SG
u06-002031,user2031@example.com,2026-09-11,AU
u06-002032,user2032@uni.edu,2026-03-15,DE
u06-002033,user2033@mail.co.in,2026-02-27,US
u06-002034,user2034@corp.io,2026-04-26,US
u06-002035,user2035@mail.co.in,2026-06-22,US
u06-002036,user2036@example.com,2026-04-25,AU
u06-002037,user2037@corp.io,2026-02-20,SG
u06-002038,user2038@uni.edu,2026-08-22,SG
u06-002039,user2039@uni.edu,2026-01-18,DE
u06-002040,user2040@uni.edu,2026-08-18,DE
u06-002041,user2041@example.com,2026-07-15,GB
u06-002042,user2042@uni.edu,2026-06-26,SG
u06-002043,user2043@uni.edu,2026-08-22,AU
u06-002044,user2044@example.com,2026-06-17,AU
u06-002045,user2045@mail.co.in,2026-02-24,SG
u06-002046,user2046@mail.co.in,2026-03-23,AU
u06-002047,user2047@example.com,2026-02-27,SG
u06-002048,user2048@mail.co.in,2026-01-13,GB
u06-002049,user2049@uni.edu,2026-04-28,US
u06-002050,user2050@uni.edu,2026-01-28,DE
u06-002051,user2051@corp.io,2026-04-13,DE
u06-002052,user2052@uni.edu,2026-04-12,AU
u06-002053,user2053@uni.edu,2026-08-14,IN
u06-002054,user2054@corp.io,2026-05-10,US
u06-002055,user2055@mail.co.in,2026-01-27,GB
u06-002056,user2056@uni.edu,2026-03-10,SG
u06-002057,user2057@corp.io,2026-01-19,AU
u06-002058,user2058@example.com,2026-09-26,IN
u06-002059,user2059@corp.io,2026-07-27,US
u06-002060,user2060@example.com,2026-02-28,SG
u06-002061,user2061@uni.edu,2026-07-15,SG
u06-002062,user2062@example.com,2026-02-10,GB
u06-002063,user2063@example.com,2026-01-13,US
u06-002064,user2064@corp.io,2026-04-12,GB
u06-002065,user2065@corp.io,2026-03-24,AU
u06-002066,user2066@corp.io,2026-08-13,US
u06-002067,user2067@corp.io,2026-04-17,DE
u06-002068,user2068@corp.io,2026-05-22,IN
u06-002069,user2069@mail.co.in,2026-06-28,GB
u06-002070,user2070@mail.co.in,2026-09-12,SG
u06-002071,user2071@uni.edu,2026-03-22,IN
u06-002072,user2072@uni.edu,2026-08-19,GB
u06-002073,user2073@uni.edu,2026-03-18,IN
u06-002074,user2074@mail.co.in,2026-06-27,GB
u06-002075,user2075@mail.co.in,2026-09-18,AU
u06-002076,user2076@corp.io,2026-08-28,US
u06-002077,user2077@uni.edu,2026-03-25,AU
u06-002078,user2078@example.com,2026-08-26,US
u06-002079,user2079@corp.io,2026-04-24,DE
u06-002080,user2080@mail.co.in,2026-09-21,GB
u06-002081,user2081@mail.co.in,2026-07-20,SG
u06-002082,user2082@corp.io,2026-08-22,GB
u06-002083,user2083@corp.io,2026-05-20,SG
u06-002084,user2084@mail.co.in,2026-04-19,SG
u06-002085,user2085@uni.edu,2026-06-10,GB
u06-002086,user2086@example.com,2026-05-14,SG
u06-002087,user2087@example.com,2026-07-20,DE
u06-002088,user2088@uni.edu,2026-04-20,US
u06-002089,user2089@example.com,2026-07-27,DE
u06-002090,user2090@mail.co.in,2026-04-19,SG
u06-002091,user2091@example.com,2026-01-24,GB
u06-002092,user2092@uni.edu,2026-06-14,IN
u06-002093,user2093@example.com,2026-01-17,US
u06-002094,user2094@mail.co.in,2026-04-19,DE
u06-002095,user2095@example.com,2026-02-19,DE
u06-002096,user2096@mail.co.in,2026-03-16,IN
u06-002097,user2097@uni.edu,2026-05-23,US
u06-002098,user2098@corp.io,2026-08-21,US
u06-002099,user2099@mail.co.in,2026-02-24,IN
u06-002100,user2100@mail.co.in,2026-01-26,SG
u06-002101,user2101@corp.io,2026-01-14,DE
u06-002102,user2102@example.com,2026-02-14,SG
u06-002103,user2103@uni.edu,2026-01-10,IN
u06-002104,user2104@mail.co.in,2026-07-26,AU
u06-002105,user2105@corp.io,2026-04-20,SG
u06-002106,user2106@mail.co.in,2026-07-15,AU
u06-002107,user2107@example.com,2026-08-14,SG
u06-002108,user2108@corp.io,2026-06-19,DE
u06-002109,user2109@uni.edu,2026-09-15,AU
u06-002110,user2110@example.com,2026-08-21,AU
u06-002111,user2111@mail.co.in,2026-01-28,IN
u06-002112,user2112@mail.co.in,2026-01-11,SG
u06-002113,user2113@example.com,2026-05-20,US
u06-002114,user2114@uni.edu,2026-04-12,AU
u06-002115,user2115@mail.co.in,2026-01-19,IN
u06-002116,user2116@uni.edu,2026-01-11,SG
u06-002117,user2117@mail.co.in,2026-04-14,DE
u06-002118,user2118@uni.edu,2026-05-28,SG
u06-002119,user2119@corp.io,2026-02-19,DE
u06-002120,user2120@example.com,2026-05-13,SG
u06-002121,user2121@example.com,2026-02-22,IN
u06-002122,user2122@mail.co.in,2026-06-18,US
u06-002123,user2123@example.com,2026-09-14,GB
u06-002124,user2124@example.com,2026-07-16,US
u06-002125,user2125@corp.io,2026-09-12,IN
u06-002126,user2126@corp.io,2026-09-15,DE
u06-002127,user2127@uni.edu,2026-02-20,IN
u06-002128,user2128@mail.co.in,2026-09-18,DE
u06-002129,user2129@mail.co.in,2026-03-11,IN
u06-002130,user2130@corp.io,2026-06-20,GB
u06-002131,user2131@uni.edu,2026-08-28,AU
u06-002132,user2132@mail.co.in,2026-05-24,GB
u06-002133,user2133@example.com,2026-05-19,IN
u06-002134,user2134@mail.co.in,2026-03-18,US
u06-002135,user2135@uni.edu,2026-08-24,DE
u06-002136,user2136@corp.io,2026-06-25,AU
u06-002137,user2137@uni.edu,2026-08-27,GB
u06-002138,user2138@mail.co.in,2026-08-10,GB
u06-002139,user2139@example.com,2026-06-27,AU
u06-002140,user2140@example.com,2026-06-26,SG
u06-002141,user2141@uni.edu,2026-02-24,IN
u06-002142,user2142@uni.edu,2026-09-28,DE
u06-002143,user2143@uni.edu,2026-09-24,US
u06-002144,user2144@mail.co.in,2026-05-20,GB
u06-002145,user2145@corp.io,2026-09-26,US
u06-002146,user2146@uni.edu,2026-04-25,AU
u06-002147,user2147@corp.io,2026-05-14,US
u06-002148,user2148@uni.edu,2026-02-26,US
u06-002149,user2149@uni.edu,2026-04-19,IN
u06-002150,user2150@corp.io,2026-05-17,GB
u06-002151,user2151@corp.io,2026-02-13,GB
u06-002152,user2152@uni.edu,2026-03-25,US
u06-002153,user2153@corp.io,2026-03-20,AU
u06-002154,user2154@corp.io,2026-02-27,DE
u06-002155,user2155@mail.co.in,2026-09-28,US
u06-002156,user2156@mail.co.in,2026-05-10,SG
u06-002157,user2157@corp.io,2026-03-28,DE
u06-002158,user2158@example.com,2026-07-13,GB
u06-002159,user2159@example.com,2026-06-17,GB
u06-002160,user2160@example.com,2026-04-28,DE
u06-002161,user2161@example.com,2026-08-14,US
u06-002162,user2162@mail.co.in,2026-01-15,US
u06-002163,user2163@example.com,2026-06-24,US
u06-002164,user2164@corp.io,2026-09-20,DE
u06-002165,user2165@example.com,2026-01-24,SG
u06-002166,user2166@uni.edu,2026-06-20,DE
u06-002167,user2167@uni.edu,2026-06-18,GB
u06-002168,user2168@uni.edu,2026-07-10,GB
u06-002169,user2169@corp.io,2026-04-24,GB
u06-002170,user2170@mail.co.in,2026-04-14,IN
u06-002171,user2171@uni.edu,2026-02-13,IN
u06-002172,user2172@uni.edu,2026-07-25,DE
u06-002173,user2173@mail.co.in,2026-08-13,AU
u06-002174,user2174@example.com,2026-09-14,AU
u06-002175,user2175@corp.io,2026-02-18,AU
u06-002176,user2176@mail.co.in,2026-01-12,IN
u06-002177,user2177@example.com,2026-01-27,GB
u06-002178,user2178@example.com,2026-01-11,US
u06-002179,user2179@corp.io,2026-04-15,US
u06-002180,user2180@mail.co.in,2026-01-21,AU
u06-002181,user2181@uni.edu,2026-09-12,IN
u06-002182,user2182@uni.edu,2026-01-11,DE
u06-002183,user2183@example.com,2026-01-12,DE
u06-002184,user2184@mail.co.in,2026-02-20,IN
u06-002185,user2185@corp.io,2026-06-24,AU
u06-002186,user2186@mail.co.in,2026-07-28,US
u06-002187,user2187@uni.edu,2026-03-24,AU
u06-002188,user2188@example.com,2026-03-10,IN
u06-002189,user2189@mail.co.in,2026-07-24,IN
u06-002190,user2190@corp.io,2026-02-24,AU
u06-002191,user2191@mail.co.in,2026-03-28,SG
u06-002192,user2192@example.com,2026-04-28,AU
u06-002193,user2193@example.com,2026-04-25,GB
u06-002194,user2194@example.com,2026-04-22,AU
u06-002195,user2195@uni.edu,2026-09-17,GB
u06-002196,user2196@uni.edu,2026-06-20,US
u06-002197,user2197@corp.io,2026-03-28,GB
u06-002198,user2198@mail.co.in,2026-05-13,DE
u06-002199,user2199@corp.io,2026-06-13,GB
u06-002200,user2200@uni.edu,2026-04-18,DE
u06-002201,user2201@mail.co.in,2026-01-16,SG
u06-002202,user2202@uni.edu,2026-08-20,GB
u06-002203,user2203@uni.edu,2026-07-22,DE
u06-002204,user2204@uni.edu,2026-03-16,GB
u06-002205,user2205@mail.co.in,2026-08-22,IN
u06-002206,user2206@example.com,2026-07-26,GB
u06-002207,user2207@corp.io,2026-08-19,DE
u06-002208,user2208@mail.co.in,2026-05-11,GB
u06-002209,user2209@mail.co.in,2026-09-26,SG
u06-002210,user2210@corp.io,2026-02-13,AU
u06-002211,user2211@example.com,2026-06-28,GB
u06-002212,user2212@uni.edu,2026-09-23,GB
u06-002213,user2213@uni.edu,2026-09-12,GB
u06-002214,user2214@mail.co.in,2026-07-18,AU
u06-002215,user2215@mail.co.in,2026-07-26,GB
u06-002216,user2216@example.com,2026-08-28,SG
u06-002217,user2217@example.com,2026-09-16,GB
u06-002218,user2218@example.com,2026-07-26,SG
u06-002219,user2219@example.com,2026-04-13,DE
u06-002220,user2220@uni.edu,2026-07-12,GB
u06-002221,user2221@mail.co.in,2026-05-22,GB
u06-002222,user2222@mail.co.in,2026-03-23,GB
u06-002223,user2223@mail.co.in,2026-07-13,GB
u06-002224,user2224@mail.co.in,2026-04-14,IN
u06-002225,user2225@corp.io,2026-02-16,DE
u06-002226,user2226@corp.io,2026-02-15,IN
u06-002227,user2227@mail.co.in,2026-06-10,GB
u06-002228,user2228@corp.io,2026-09-28,AU
u06-002229,user2229@mail.co.in,2026-05-26,AU
u06-002230,user2230@mail.co.in,2026-02-24,IN
u06-002231,user2231@example.com,2026-02-21,US
u06-002232,user2232@corp.io,2026-05-27,IN
u06-002233,user2233@mail.co.in,2026-04-16,DE
u06-002234,user2234@uni.edu,2026-07-17,SG
u06-002235,user2235@example.com,2026-07-23,SG
u06-002236,user2236@uni.edu,2026-04-18,SG
u06-002237,user2237@uni.edu,2026-08-19,GB
u06-002238,user2238@corp.io,2026-03-21,DE
u06-002239,user2239@mail.co.in,2026-07-12,SG
u06-002240,user2240@uni.edu,2026-08-26,DE
u06-002241,user2241@example.com,2026-05-12,GB
u06-002242,user2242@corp.io,2026-03-11,AU
u06-002243,user2243@uni.edu,2026-01-13,IN
u06-002244,user2244@corp.io,2026-05-22,AU
u06-002245,user2245@example.com,2026-07-15,GB
u06-002246,user2246@uni.edu,2026-08-11,AU
u06-002247,user2247@mail.co.in,2026-07-28,AU
u06-002248,user2248@uni.edu,2026-09-25,US
u06-002249,user2249@mail.co.in,2026-06-19,US
u06-002250,user2250@corp.io,2026-01-17,IN
u06-002251,user2251@uni.edu,2026-09-27,SG
u06-002252,user2252@uni.edu,2026-01-21,AU
u06-002253,user2253@example.com,2026-01-26,DE
u06-002254,user2254@corp.io,2026-05-25,AU
u06-002255,user2255@corp.io,2026-08-24,DE
u06-002256,user2256@example.com,2026-03-11,GB
u06-002257,user2257@corp.io,2026-06-26,AU
u06-002258,user2258@corp.io,2026-02-11,US
u06-002259,user2259@uni.edu,2026-04-16,SG
u06-002260,user2260@corp.io,2026-04-20,DE
u06-002261,user2261@mail.co.in,2026-09-10,SG
u06-002262,user2262@example.com,2026-09-28,AU
u06-002263,user2263@mail.co.in,2026-03-12,SG
u06-002264,user2264@mail.co.in,2026-02-17,US
u06-002265,user2265@corp.io,2026-08-13,SG
u06-002266,user2266@uni.edu,2026-01-28,DE
u06-002267,user2267@example.com,2026-09-11,US
u06-002268,user2268@mail.co.in,2026-06-19,IN
u06-002269,user2269@mail.co.in,2026-04-16,US
u06-002270,user2270@uni.edu,2026-06-15,IN
u06-002271,user2271@mail.co.in,2026-04-26,IN
u06-002272,user2272@mail.co.in,2026-05-20,IN
u06-002273,user2273@example.com,2026-09-27,US
u06-002274,user2274@example.com,2026-03-13,AU
u06-002275,user2275@mail.co.in,2026-04-18,IN
u06-002276,user2276@uni.edu,2026-08-14,SG
u06-002277,user2277@corp.io,2026-09-26,DE
u06-002278,user2278@example.com,2026-07-17,SG
u06-002279,user2279@mail.co.in,2026-09-20,DE
u06-002280,user2280@example.com,2026-04-15,US
u06-002281,user2281@corp.io,2026-09-14,US
u06-002282,user2282@corp.io,2026-03-20,AU
u06-002283,user2283@example.com,2026-07-15,AU
u06-002284,user2284@mail.co.in,2026-03-28,GB
u06-002285,user2285@uni.edu,2026-03-27,SG
u06-002286,user2286@example.com,2026-07-12,SG
u06-002287,user2287@mail.co.in,2026-05-14,SG
u06-002288,user2288@example.com,2026-02-20,AU
u06-002289,user2289@mail.co.in,2026-05-21,GB
u06-002290,user2290@mail.co.in,2026-03-17,US
u06-002291,user2291@mail.co.in,2026-08-13,SG
u06-002292,user2292@example.com,2026-06-19,DE
u06-002293,user2293@corp.io,2026-01-15,AU
u06-002294,user2294@corp.io,2026-09-16,AU
u06-002295,user2295@corp.io,2026-04-18,GB
u06-002296,user2296@example.com,2026-09-14,AU
u06-002297,user2297@uni.edu,2026-05-22,GB
u06-002298,user2298@uni.edu,2026-05-27,US
u06-002299,user2299@example.com,2026-02-27,SG
u06-002300,user2300@corp.io,2026-07-24,AU
u06-002301,user2301@corp.io,2026-01-22,US
u06-002302,user2302@corp.io,2026-06-14,AU
u06-002303,user2303@uni.edu,2026-06-23,US
u06-002304,user2304@corp.io,2026-02-23,GB
u06-002305,user2305@uni.edu,2026-04-26,SG
u06-002306,user2306@uni.edu,2026-04-12,SG
u06-002307,user2307@uni.edu,2026-09-12,SG
u06-002308,user2308@uni.edu,2026-04-24,DE
u06-002309,user2309@uni.edu,2026-03-12,AU
u06-002310,user2310@example.com,2026-02-28,GB
u06-002311,user2311@uni.edu,2026-02-24,GB
u06-002312,user2312@corp.io,2026-05-19,IN
u06-002313,user2313@corp.io,2026-09-13,AU
u06-002314,user2314@uni.edu,2026-05-10,DE
u06-002315,user2315@corp.io,2026-03-14,DE
u06-002316,user2316@example.com,2026-03-23,DE
u06-002317,user2317@corp.io,2026-05-22,US
u06-002318,user2318@example.com,2026-08-24,US
u06-002319,user2319@corp.io,2026-01-16,AU
u06-002320,user2320@example.com,2026-03-22,GB
u06-002321,user2321@uni.edu,2026-02-26,US
u06-002322,user2322@uni.edu,2026-03-20,GB
u06-002323,user2323@uni.edu,2026-04-15,DE
u06-002324,user2324@mail.co.in,2026-08-15,IN
u06-002325,user2325@example.com,2026-09-21,DE
u06-002326,user2326@uni.edu,2026-07-22,SG
u06-002327,user2327@corp.io,2026-04-11,GB
u06-002328,user2328@uni.edu,2026-09-28,DE
u06-002329,user2329@mail.co.in,2026-04-14,DE
u06-002330,user2330@mail.co.in,2026-01-28,DE
u06-002331,user2331@mail.co.in,2026-06-25,US
u06-002332,user2332@example.com,2026-04-28,AU
u06-002333,user2333@corp.io,2026-08-11,AU
u06-002334,user2334@corp.io,2026-01-18,AU
u06-002335,user2335@mail.co.in,2026-07-26,SG
u06-002336,user2336@corp.io,2026-09-11,SG
u06-002337,user2337@corp.io,2026-09-17,DE
u06-002338,user2338@mail.co.in,2026-06-28,GB
u06-002339,user2339@corp.io,2026-06-10,GB
u06-002340,user2340@uni.edu,2026-02-20,GB
u06-002341,user2341@example.com,2026-04-26,AU
u06-002342,user2342@corp.io,2026-05-23,SG
u06-002343,user2343@mail.co.in,2026-04-22,SG
u06-002344,user2344@example.com,2026-05-24,DE
u06-002345,user2345@mail.co.in,2026-04-17,GB
u06-002346,user2346@corp.io,2026-07-24,DE
u06-002347,user2347@mail.co.in,2026-03-26,DE
u06-002348,user2348@mail.co.in,2026-08-17,IN
u06-002349,user2349@corp.io,2026-08-17,IN
u06-002350,user2350@example.com,2026-08-23,IN
u06-002351,user2351@corp.io,2026-04-10,US
u06-002352,user2352@uni.edu,2026-07-18,AU
u06-002353,user2353@corp.io,2026-04-27,IN
u06-002354,user2354@example.com,2026-04-18,US
u06-002355,user2355@mail.co.in,2026-04-11,GB
u06-002356,user2356@mail.co.in,2026-03-20,AU
u06-002357,user2357@example.com,2026-01-16,IN
u06-002358,user2358@example.com,2026-04-15,DE
u06-002359,user2359@corp.io,2026-04-18,US
u06-002360,user2360@example.com,2026-06-24,IN
u06-002361,user2361@corp.io,2026-03-19,AU
u06-002362,user2362@example.com,2026-06-14,SG
u06-002363,user2363@mail.co.in,2026-04-16,DE
u06-002364,user2364@uni.edu,2026-06-14,DE
u06-002365,user2365@corp.io,2026-04-21,IN
u06-002366,user2366@corp.io,2026-05-23,US
u06-002367,user2367@mail.co.in,2026-06-21,SG
u06-002368,user2368@example.com,2026-07-12,IN
u06-002369,user2369@uni.edu,2026-09-10,DE
u06-002370,user2370@uni.edu,2026-02-27,IN
u06-002371,user2371@mail.co.in,2026-06-18,DE
u06-002372,user2372@mail.co.in,2026-09-22,US
u06-002373,user2373@uni.edu,2026-01-24,GB
u06-002374,user2374@corp.io,2026-09-27,DE
u06-002375,user2375@example.com,2026-08-26,SG
u06-002376,user2376@corp.io,2026-05-12,GB
u06-002377,user2377@mail.co.in,2026-02-24,SG
u06-002378,user2378@uni.edu,2026-03-17,US
u06-002379,user2379@corp.io,2026-09-22,AU
u06-002380,user2380@example.com,2026-04-27,SG
u06-002381,user2381@corp.io,2026-04-26,US
u06-002382,user2382@example.com,2026-01-27,IN
u06-002383,user2383@uni.edu,2026-09-27,SG
u06-002384,user2384@uni.edu,2026-07-26,IN
u06-002385,user2385@mail.co.in,2026-07-18,DE
u06-002386,user2386@example.com,2026-04-26,IN
u06-002387,user2387@mail.co.in,2026-07-28,IN
u06-002388,user2388@example.com,2026-08-22,SG
u06-002389,user2389@corp.io,2026-03-16,US
u06-002390,user2390@mail.co.in,2026-05-17,AU
u06-002391,user2391@uni.edu,2026-05-24,AU
u06-002392,user2392@uni.edu,2026-01-14,SG
u06-002393,user2393@corp.io,2026-01-17,SG
u06-002394,user2394@example.com,2026-04-18,AU
u06-002395,user2395@uni.edu,2026-02-25,SG
u06-002396,user2396@example.com,2026-09-26,AU
u06-002397,user2397@corp.io,2026-06-25,GB
u06-002398,user2398@mail.co.in,2026-01-22,IN
u06-002399,user2399@example.com,2026-01-16,SG
u06-002400,user2400@mail.co.in,2026-04-22,DE
u06-002401,user2401@uni.edu,2026-06-27,US
u06-002402,user2402@uni.edu,2026-03-28,GB
u06-002403,user2403@corp.io,2026-04-25,DE
u06-002404,user2404@uni.edu,2026-02-17,DE
u06-002405,user2405@example.com,2026-08-26,IN
u06-002406,user2406@corp.io,2026-09-22,AU
u06-002407,user2407@uni.edu,2026-01-22,GB
u06-002408,user2408@example.com,2026-02-18,SG
u06-002409,user2409@mail.co.in,2026-05-12,US
u06-002410,user2410@uni.edu,2026-07-10,GB
u06-002411,user2411@uni.edu,2026-06-11,US
u06-002412,user2412@example.com,2026-07-28,IN
u06-002413,user2413@uni.edu,2026-09-17,SG
u06-002414,user2414@example.com,2026-02-14,US
u06-002415,user2415@mail.co.in,2026-05-19,AU
u06-002416,user2416@mail.co.in,2026-02-22,GB
u06-002417,user2417@example.com,2026-04-21,GB
u06-002418,user2418@corp.io,2026-09-16,AU
u06-002419,user2419@mail.co.in,2026-04-24,AU
u06-002420,user2420@corp.io,2026-07-22,GB
u06-002421,user2421@uni.edu,2026-07-17,DE
u06-002422,user2422@uni.edu,2026-01-28,US
u06-002423,user2423@uni.edu,2026-02-23,DE
u06-002424,user2424@mail.co.in,2026-07-16,SG
u06-002425,user2425@mail.co.in,2026-03-14,SG
u06-002426,user2426@example.com,2026-04-15,SG
u06-002427,user2427@example.com,2026-01-17,US
u06-002428,user2428@mail.co.in,2026-03-25,US
u06-002429,user2429@uni.edu,2026-03-18,SG
u06-002430,user2430@corp.io,2026-02-13,US
u06-002431,user2431@uni.edu,2026-07-18,US
u06-002432,user2432@uni.edu,2026-03-28,GB
u06-002433,user2433@mail.co.in,2026-03-24,GB
u06-002434,user2434@example.com,2026-06-12,SG
u06-002435,user2435@mail.co.in,2026-01-12,IN
u06-002436,user2436@example.com,2026-05-23,IN
u06-002437,user2437@mail.co.in,2026-02-28,DE
u06-002438,user2438@example.com,2026-06-11,IN
u06-002439,user2439@mail.co.in,2026-02-18,AU
u06-002440,user2440@corp.io,2026-09-15,SG
u06-002441,user2441@mail.co.in,2026-05-22,US
u06-002442,user2442@mail.co.in,2026-01-28,DE
u06-002443,user2443@mail.co.in,2026-09-17,DE
u06-002444,user2444@uni.edu,2026-01-13,SG
u06-002445,user2445@example.com,2026-01-13,SG
u06-002446,user2446@mail.co.in,2026-02-12,DE
u06-002447,user2447@example.com,2026-09-22,IN
u06-002448,user2448@mail.co.in,2026-08-22,AU
u06-002449,user2449@corp.io,2026-04-17,IN
u06-002450,user2450@uni.edu,2026-06-20,US
u06-002451,user2451@corp.io,2026-05-11,SG
u06-002452,user2452@uni.edu,2026-01-17,IN
u06-002453,user2453@example.com,2026-07-22,US
u06-002454,user2454@example.com,2026-05-17,GB
u06-002455,user2455@uni.edu,2026-04-20,DE
u06-002456,user2456@uni.edu,2026-05-24,IN
u06-002457,user2457@corp.io,2026-09-12,GB
u06-002458,user2458@uni.edu,2026-05-27,SG
u06-002459,user2459@uni.edu,2026-02-17,AU
u06-002460,user2460@corp.io,2026-06-25,AU
u06-002461,user2461@mail.co.in,2026-04-10,DE
u06-002462,user2462@mail.co.in,2026-04-19,DE
u06-002463,user2463@uni.edu,2026-06-17,US
u06-002464,user2464@corp.io,2026-06-18,IN
u06-002465,user2465@example.com,2026-03-28,GB
u06-002466,user2466@example.com,2026-02-23,IN
u06-002467,user2467@example.com,2026-06-21,IN
u06-002468,user2468@uni.edu,2026-05-11,SG
u06-002469,user2469@uni.edu,2026-03-16,GB
u06-002470,user2470@example.com,2026-04-20,SG
u06-002471,user2471@uni.edu,2026-07-15,IN
u06-002472,user2472@uni.edu,2026-01-11,DE
u06-002473,user2473@mail.co.in,2026-04-21,AU
u06-002474,user2474@example.com,2026-06-19,GB
u06-002475,user2475@uni.edu,2026-05-24,US
u06-002476,user2476@corp.io,2026-05-21,IN
u06-002477,user2477@uni.edu,2026-05-28,US
u06-002478,user2478@corp.io,2026-01-21,IN
u06-002479,user2479@uni.edu,2026-04-10,SG
u06-002480,user2480@mail.co.in,2026-04-13,US
u06-002481,user2481@example.com,2026-04-18,DE
u06-002482,user2482@corp.io,2026-03-22,IN
u06-002483,user2483@mail.co.in,2026-09-20,AU
u06-002484,user2484@corp.io,2026-08-21,GB
u06-002485,user2485@example.com,2026-05-15,DE
u06-002486,user2486@corp.io,2026-04-16,GB
u06-002487,user2487@uni.edu,2026-05-15,IN
u06-002488,user2488@mail.co.in,2026-06-27,GB
u06-002489,user2489@example.com,2026-07-23,GB
u06-002490,user2490@corp.io,2026-01-17,IN
u06-002491,user2491@uni.edu,2026-04-23,DE
u06-002492,user2492@mail.co.in,2026-02-17,IN
u06-002493,user2493@example.com,2026-06-22,DE
u06-002494,user2494@uni.edu,2026-02-21,IN
u06-002495,user2495@uni.edu,2026-04-22,IN
u06-002496,user2496@mail.co.in,2026-02-17,IN
u06-002497,user2497@example.com,2026-04-23,DE
u06-002498,user2498@uni.edu,2026-09-22,US
u06-002499,user2499@uni.edu,2026-04-15,SG
u06-002500,user2500@uni.edu,2026-04-11,IN
u06-002501,user2501@mail.co.in,2026-07-28,GB
u06-002502,user2502@corp.io,2026-04-22,AU
u06-002503,user2503@uni.edu,2026-08-11,IN
u06-002504,user2504@uni.edu,2026-01-13,GB
u06-002505,user2505@uni.edu,2026-05-22,IN
u06-002506,user2506@example.com,2026-03-18,GB
u06-002507,user2507@uni.edu,2026-04-18,GB
u06-002508,user2508@mail.co.in,2026-04-12,GB
u06-002509,user2509@corp.io,2026-07-22,US
u06-002510,user2510@corp.io,2026-08-23,AU
u06-002511,user2511@corp.io,2026-05-22,AU
u06-002512,user2512@mail.co.in,2026-02-11,GB
u06-002513,user2513@uni.edu,2026-01-26,GB
u06-002514,user2514@mail.co.in,2026-02-17,US
u06-002515,user2515@uni.edu,2026-09-28,GB
u06-002516,user2516@corp.io,2026-03-14,GB
u06-002517,user2517@uni.edu,2026-02-14,AU
u06-002518,user2518@uni.edu,2026-08-16,US
u06-002519,user2519@example.com,2026-01-16,DE
u06-002520,user2520@mail.co.in,2026-01-16,SG
u06-002521,user2521@uni.edu,2026-09-25,DE
u06-002522,user2522@example.com,2026-05-15,US
u06-002523,user2523@example.com,2026-01-11,AU
u06-002524,user2524@uni.edu,2026-07-12,DE
u06-002525,user2525@example.com,2026-04-15,SG
u06-002526,user2526@mail.co.in,2026-04-28,GB
u06-002527,user2527@example.com,2026-08-20,IN
u06-002528,user2528@example.com,2026-03-19,AU
u06-002529,user2529@example.com,2026-07-23,US
u06-002530,user2530@corp.io,2026-07-19,US
u06-002531,user2531@mail.co.in,2026-09-20,AU
u06-002532,user2532@corp.io,2026-07-24,GB
u06-002533,user2533@corp.io,2026-09-16,IN
u06-002534,user2534@example.com,2026-07-17,US
u06-002535,user2535@mail.co.in,2026-02-18,IN
u06-002536,user2536@mail.co.in,2026-07-10,US
u06-002537,user2537@example.com,2026-09-28,AU
u06-002538,user2538@corp.io,2026-09-26,US
u06-002539,user2539@example.com,2026-09-21,US
u06-002540,user2540@example.com,2026-09-12,GB
u06-002541,user2541@uni.edu,2026-07-20,GB
u06-002542,user2542@corp.io,2026-09-16,DE
u06-002543,user2543@uni.edu,2026-09-19,US
u06-002544,user2544@corp.io,2026-04-21,US
u06-002545,user2545@uni.edu,2026-04-22,SG
u06-002546,user2546@example.com,2026-06-19,GB
u06-002547,user2547@example.com,2026-01-22,GB
u06-002548,user2548@example.com,2026-04-24,IN
u06-002549,user2549@mail.co.in,2026-06-16,IN
u06-002550,user2550@example.com,2026-05-12,US
u06-002551,user2551@uni.edu,2026-06-10,SG
u06-002552,user2552@mail.co.in,2026-06-23,AU
u06-002553,user2553@uni.edu,2026-09-24,SG
u06-002554,user2554@uni.edu,2026-06-13,AU
u06-002555,user2555@uni.edu,2026-08-11,US
u06-002556,user2556@corp.io,2026-02-15,IN
u06-002557,user2557@uni.edu,2026-09-23,GB
u06-002558,user2558@mail.co.in,2026-03-10,DE
u06-002559,user2559@mail.co.in,2026-08-20,AU
u06-002560,user2560@mail.co.in,2026-07-16,IN
u06-002561,user2561@mail.co.in,2026-03-11,DE
u06-002562,user2562@uni.edu,2026-02-26,DE
u06-002563,user2563@mail.co.in,2026-04-27,SG
u06-002564,user2564@example.com,2026-05-15,SG
u06-002565,user2565@corp.io,2026-01-11,SG
u06-002566,user2566@corp.io,2026-04-21,DE
u06-002567,user2567@corp.io,2026-01-22,SG
u06-002568,user2568@corp.io,2026-08-11,IN
u06-002569,user2569@mail.co.in,2026-01-11,DE
u06-002570,user2570@corp.io,2026-06-23,SG
u06-002571,user2571@uni.edu,2026-07-27,SG
u06-002572,user2572@uni.edu,2026-04-21,US
u06-002573,user2573@example.com,2026-05-21,SG
u06-002574,user2574@uni.edu,2026-01-16,US
u06-002575,user2575@corp.io,2026-02-19,GB
u06-002576,user2576@mail.co.in,2026-02-26,GB
u06-002577,user2577@corp.io,2026-06-14,SG
u06-002578,user2578@example.com,2026-03-22,AU
u06-002579,user2579@corp.io,2026-06-14,US
u06-002580,user2580@uni.edu,2026-04-26,DE
u06-002581,user2581@corp.io,2026-03-24,AU
u06-002582,user2582@corp.io,2026-05-10,AU
u06-002583,user2583@corp.io,2026-04-22,SG
u06-002584,user2584@uni.edu,2026-05-12,US
u06-002585,user2585@example.com,2026-06-20,IN
u06-002586,user2586@corp.io,2026-06-24,GB
u06-002587,user2587@uni.edu,2026-05-13,DE
u06-002588,user2588@example.com,2026-04-12,IN
u06-002589,user2589@uni.edu,2026-04-14,SG
u06-002590,user2590@uni.edu,2026-03-16,IN
u06-002591,user2591@mail.co.in,2026-04-25,DE
u06-002592,user2592@uni.edu,2026-05-20,US
u06-002593,user2593@example.com,2026-02-11,IN
u06-002594,user2594@example.com,2026-09-10,AU
u06-002595,user2595@example.com,2026-03-24,GB
u06-002596,user2596@uni.edu,2026-02-23,IN
u06-002597,user2597@mail.co.in,2026-06-14,SG
u06-002598,user2598@corp.io,2026-01-11,GB
u06-002599,user2599@mail.co.in,2026-04-26,DE
u06-002600,user2600@corp.io,2026-08-22,DE
u06-002601,user2601@uni.edu,2026-03-16,SG
u06-002602,user2602@example.com,2026-07-15,US
u06-002603,user2603@uni.edu,2026-04-14,SG
u06-002604,user2604@corp.io,2026-02-20,GB
u06-002605,user2605@corp.io,2026-03-23,SG
u06-002606,user2606@example.com,2026-09-10,DE
u06-002607,user2607@mail.co.in,2026-04-20,AU
u06-002608,user2608@corp.io,2026-01-10,DE
u06-002609,user2609@corp.io,2026-09-19,SG
u06-002610,user2610@example.com,2026-04-18,GB
u06-002611,user2611@uni.edu,2026-02-18,SG
u06-002612,user2612@corp.io,2026-02-14,IN
u06-002613,user2613@uni.edu,2026-05-18,DE
u06-002614,user2614@example.com,2026-01-16,DE
u06-002615,user2615@uni.edu,2026-01-24,DE
u06-002616,user2616@mail.co.in,2026-08-10,AU
u06-002617,user2617@uni.edu,2026-09-12,GB
u06-002618,user2618@corp.io,2026-08-20,SG
u06-002619,user2619@example.com,2026-03-14,DE
u06-002620,user2620@mail.co.in,2026-01-20,SG
u06-002621,user2621@mail.co.in,2026-01-26,DE
u06-002622,user2622@mail.co.in,2026-01-24,US
u06-002623,user2623@example.com,2026-09-16,IN
u06-002624,user2624@mail.co.in,2026-08-27,IN
u06-002625,user2625@corp.io,2026-06-28,AU
u06-002626,user2626@example.com,2026-03-21,GB
u06-002627,user2627@uni.edu,2026-02-26,SG
u06-002628,user2628@corp.io,2026-05-27,AU
u06-002629,user2629@uni.edu,2026-05-14,SG
u06-002630,user2630@uni.edu,2026-03-14,IN
u06-002631,user2631@example.com,2026-07-14,US
u06-002632,user2632@example.com,2026-05-13,IN
u06-002633,user2633@example.com,2026-06-22,GB
u06-002634,user2634@mail.co.in,2026-05-19,IN
u06-002635,user2635@corp.io,2026-05-12,US
u06-002636,user2636@mail.co.in,2026-01-18,US
u06-002637,user2637@example.com,2026-02-25,US
u06-002638,user2638@example.com,2026-06-19,GB
u06-002639,user2639@mail.co.in,2026-08-26,IN
u06-002640,user2640@mail.co.in,2026-07-18,IN
u06-002641,user2641@uni.edu,2026-09-18,IN
u06-002642,user2642@mail.co.in.,2026-09-24,GB
u06-002643,user2643@mail.co.in,2026-09-21,GB
u06-002644,user2644@corp.io,2026-09-17,AU
u06-002645,user2645@uni.edu,2026-08-19,DE
u06-002646,user2646@example.com,2026-06-17,DE
u06-002647,user2647@corp.io,2026-05-23,GB
u06-002648,user2648@mail.co.in,2026-03-14,GB
u06-002649,user2649@corp.io,2026-05-17,US
u06-002650,user2650@example.com,2026-01-25,GB
u06-002651,user2651@uni.edu,2026-03-28,GB
u06-002652,user2652@example.com,2026-02-15,IN
u06-002653,user2653@mail.co.in,2026-03-17,AU
u06-002654,user2654@corp.io,2026-04-12,US
u06-002655,user2655@example.com,2026-05-13,SG
u06-002656,user2656@uni.edu,2026-04-13,AU
u06-002657,user2657@mail.co.in,2026-09-16,GB
u06-002658,user2658@mail.co.in,2026-03-17,DE
u06-002659,user2659@mail.co.in,2026-02-27,AU
u06-002660,user2660@mail.co.in,2026-07-11,IN
u06-002661,user2661@example.com,2026-04-23,IN
u06-002662,user2662@corp.io,2026-01-11,US
u06-002663,user2663@example.com,2026-04-14,GB
u06-002664,user2664@example.com,2026-03-17,GB
u06-002665,user2665@example.com,2026-08-19,US
u06-002666,user2666@example.com,2026-03-18,GB
u06-002667,user2667@corp.io,2026-05-23,AU
u06-002668,user2668@example.com,2026-02-14,SG
u06-002669,user2669@uni.edu,2026-06-22,IN
u06-002670,user2670@example.com,2026-01-14,AU
u06-002671,user2671@uni.edu,2026-08-22,US
u06-002672,user2672@mail.co.in,2026-09-21,DE
u06-002673,user2673@corp.io,2026-07-24,SG
u06-002674,user2674@corp.io,2026-09-23,IN
u06-002675,user2675@mail.co.in,2026-02-16,SG
u06-002676,user2676@corp.io,2026-06-10,DE
u06-002677,user2677@uni.edu,2026-05-15,DE
u06-002678,user2678@example.com,2026-08-12,SG
u06-002679,user2679@corp.io,2026-09-23,GB
u06-002680,user2680@mail.co.in,2026-07-17,SG
u06-002681,user2681@uni.edu,2026-09-26,GB
u06-002682,user2682@example.com,2026-03-24,AU
u06-002683,user2683@corp.io,2026-01-17,AU
u06-002684,user2684@corp.io,2026-08-19,IN
u06-002685,user2685@uni.edu,2026-07-26,SG
u06-002686,user2686@mail.co.in,2026-01-28,SG
u06-002687,user2687@corp.io,2026-01-28,GB
u06-002688,user2688@uni.edu,2026-05-28,IN
u06-002689,user2689@mail.co.in,2026-08-14,SG
u06-002690,user2690@mail.co.in,2026-06-17,AU
u06-002691,user2691@mail.co.in,2026-09-11,GB
u06-002692,user2692@mail.co.in,2026-08-14,US
u06-002693,user2693@mail.co.in,2026-06-21,GB
u06-002694,user2694@uni.edu,2026-09-26,GB
u06-002695,user2695@corp.io,2026-07-14,US
u06-002696,user2696@example.com,2026-09-20,DE
u06-002697,user2697@example.com,2026-06-20,US
u06-002698,user2698@mail.co.in,2026-01-15,IN
u06-002699,user2699@mail.co.in,2026-07-26,GB
u06-002700,user2700@example.com,2026-02-18,SG
u06-002701,user2701@example.com,2026-05-28,GB
u06-002702,user2702@corp.io,2026-04-15,US
u06-002703,user2703@example.com,2026-07-17,DE
u06-002704,user2704@mail.co.in,2026-07-22,IN
u06-002705,user2705@mail.co.in,2026-07-26,DE
u06-002706,user2706@mail.co.in,2026-01-19,IN
u06-002707,user2707@uni.edu,2026-09-21,IN
u06-002708,user2708@example.com,2026-02-15,AU
u06-002709,user2709@mail.co.in,2026-08-20,DE
u06-002710,user2710@mail.co.in,2026-03-26,GB
u06-002711,user2711@mail.co.in,2026-08-14,DE
u06-002712,user2712@example.com,2026-02-24,US
u06-002713,user2713@corp.io,2026-06-23,SG
u06-002714,user2714@example.com,2026-04-16,SG
u06-002715,user2715@uni.edu,2026-09-28,GB
u06-002716,user2716@mail.co.in,2026-09-16,GB
u06-002717,user2717@uni.edu,2026-01-14,US
u06-002718,user2718@mail.co.in,2026-01-11,US
u06-002719,user2719@corp.io,2026-05-10,IN
u06-002720,user2720@corp.io,2026-04-17,AU
u06-002721,user2721@mail.co.in,2026-08-19,US
u06-002722,user2722@uni.edu,2026-04-28,IN
u06-002723,user2723@corp.io,2026-07-10,GB
u06-002724,user2724@corp.io,2026-04-20,US
u06-002725,user2725@mail.co.in,2026-06-20,DE
u06-002726,user2726@mail.co.in,2026-05-28,DE
u06-002727,user2727@mail.co.in,2026-03-16,US
u06-002728,user2728@example.com,2026-03-27,DE
u06-002729,user2729@corp.io,2026-05-14,AU
u06-002730,user2730@mail.co.in,2026-09-24,DE
u06-002731,user2731@mail.co.in,2026-04-10,SG
u06-002732,user2732@example.com,2026-08-15,IN
u06-002733,user2733@corp.io,2026-08-28,GB
u06-002734,user2734@corp.io,2026-09-25,GB
u06-002735,user2735@mail.co.in,2026-04-22,IN
u06-002736,user2736@mail.co.in,2026-02-16,SG
u06-002737,user2737@uni.edu,2026-09-17,DE
u06-002738,user2738@example.com,2026-06-20,US
u06-002739,user2739@corp.io,2026-09-14,US
u06-002740,user2740@mail.co.in,2026-03-19,DE
u06-002741,user2741@uni.edu,2026-09-25,IN
u06-002742,user2742@uni.edu,2026-03-25,SG
u06-002743,user2743@corp.io,2026-05-23,GB
u06-002744,user2744@corp.io,2026-09-14,IN
u06-002745,user2745@mail.co.in,2026-02-13,US
u06-002746,user2746@mail.co.in,2026-04-27,IN
u06-002747,user2747@corp.io,2026-05-26,GB
u06-002748,user2748@corp.io,2026-05-22,DE
u06-002749,user2749@example.com,2026-02-13,AU
u06-002750,user2750@example.com,2026-04-26,US
u06-002751,user2751@corp.io,2026-01-21,SG
u06-002752,user2752@uni.edu,2026-09-21,US
u06-002753,user2753@mail.co.in,2026-05-22,GB
u06-002754,user2754@uni.edu,2026-06-11,IN
u06-002755,user2755@example.com,2026-07-19,US
u06-002756,user2756@uni.edu,2026-01-16,GB
u06-002757,user2757@mail.co.in,2026-04-28,AU
u06-002758,user2758@mail.co.in,2026-04-17,SG
u06-002759,user2759@mail.co.in,2026-04-17,AU
u06-002760,user2760@corp.io,2026-09-23,US
u06-002761,user2761@corp.io,2026-04-19,US
u06-002762,user2762@corp.io,2026-03-20,IN
u06-002763,user2763@mail.co.in,2026-06-27,DE
u06-002764,user2764@mail.co.in,2026-01-26,DE
u06-002765,user2765@example.com,2026-09-17,AU
u06-002766,user2766@example.com,2026-04-21,IN
u06-002767,user2767@corp.io,2026-07-13,IN
u06-002768,user2768@mail.co.in,2026-06-13,IN
u06-002769,user2769@mail.co.in,2026-02-17,DE
u06-002770,user2770@mail.co.in,2026-05-27,AU
u06-002771,user2771@corp.io,2026-08-26,IN
u06-002772,user2772@mail.co.in,2026-03-25,GB
u06-002773,user2773@example.com,2026-02-22,AU
u06-002774,user2774@uni.edu,2026-04-16,SG
u06-002775,user2775@corp.io,2026-02-19,GB
u06-002776,user2776@mail.co.in,2026-08-18,SG
u06-002777,user2777@corp.io,2026-01-27,IN
u06-002778,user2778@corp.io,2026-06-17,AU
u06-002779,user2779@mail.co.in,2026-06-25,AU
u06-002780,user2780@mail.co.in,2026-01-18,AU
u06-002781,user2781@mail.co.in,2026-01-11,SG
u06-002782,user2782@mail.co.in,2026-07-10,AU
u06-002783,user2783@corp.io,2026-03-22,US
u06-002784,user2784@uni.edu,2026-06-25,AU
u06-002785,user2785@example.com,2026-02-11,SG
u06-002786,user2786@corp.io,2026-06-24,IN
u06-002787,user2787@uni.edu,2026-09-16,AU
u06-002788,user2788@example.com,2026-09-27,US
u06-002789,user2789@uni.edu,2026-07-27,DE
u06-002790,user2790@example.com,2026-01-22,GB
u06-002791,user2791@uni.edu,2026-07-27,DE
u06-002792,user2792@uni.edu,2026-06-18,GB
u06-002793,user2793@mail.co.in,2026-05-21,GB
u06-002794,user2794@example.com,2026-04-15,IN
u06-002795,user2795@uni.edu,2026-05-10,AU
u06-002796,user2796@uni.edu,2026-07-19,IN
u06-002797,user2797@corp.io,2026-06-18,DE
u06-002798,user2798@uni.edu,2026-08-12,US
u06-002799,user2799@mail.co.in,2026-06-10,DE
u06-002800,user2800@uni.edu,2026-08-27,US
u06-002801,user2801@mail.co.in,2026-06-10,AU
u06-002802,user2802@uni.edu,2026-05-21,SG
u06-002803,user2803@uni.edu,2026-02-22,US
u06-002804,user2804@mail.co.in,2026-07-18,AU
u06-002805,user2805@corp.io,2026-08-27,AU
u06-002806,user2806@corp.io,2026-04-26,IN
u06-002807,user2807@corp.io,2026-05-18,US
u06-002808,user2808@example.com,2026-06-12,DE
u06-002809,user2809@uni.edu,2026-02-15,AU
u06-002810,user2810@mail.co.in,2026-04-11,US
u06-002811,user2811@uni.edu,2026-07-16,US
u06-002812,user2812@mail.co.in,2026-08-18,DE
u06-002813,user2813@mail.co.in,2026-03-23,DE
u06-002814,user2814@example.com,2026-09-22,US
u06-002815,user2815@example.com,2026-07-26,IN
u06-002816,user2816@corp.io,2026-07-22,SG
u06-002817,user2817@mail.co.in,2026-07-24,US
u06-002818,user2818@uni.edu,2026-08-23,IN
u06-002819,user2819@example.com,2026-07-28,AU
u06-002820,user2820@corp.io,2026-01-14,GB
u06-002821,user2821@uni.edu,2026-05-24,GB
u06-002822,user2822@uni.edu,2026-04-11,GB
u06-002823,user2823@example.com,2026-05-10,AU
u06-002824,user2824@corp.io,2026-07-15,SG
u06-002825,user2825@mail.co.in,2026-09-13,DE
u06-002826,user2826@uni.edu,2026-01-20,IN
u06-002827,user2827@uni.edu,2026-03-14,IN
u06-002828,user2828@mail.co.in,2026-04-22,DE
u06-002829,user2829@corp.io,2026-03-17,IN
u06-002830,user2830@example.com,2026-04-24,GB
u06-002831,user2831@example.com,2026-07-13,GB
u06-002832,user2832@mail.co.in,2026-04-13,DE
u06-002833,user2833@mail.co.in,2026-04-27,DE
u06-002834,user2834@example.com,2026-01-15,DE
u06-002835,user2835@mail.co.in,2026-02-23,US
u06-002836,user2836@example.com,2026-04-12,SG
u06-002837,user2837@corp.io,2026-04-20,IN
u06-002838,user2838@mail.co.in,2026-06-22,IN
u06-002839,user2839@example.com,2026-02-18,
u06-002840,user2840@example.com,2026-01-21,US
u06-002841,user2841@uni.edu,2026-01-15,US
u06-002842,user2842@example.com,2026-03-16,US
u06-002843,user2843@uni.edu,2026-09-19,IN
u06-002844,user2844@corp.io,2026-05-27,AU
u06-002845,user2845@uni.edu,2026-09-12,US
u06-002846,user2846@mail.co.in,2026-07-18,AU
u06-002847,user2847@mail.co.in,2026-02-23,GB
u06-002848,user2848@corp.io,2026-07-10,GB
u06-002849,user2849@corp.io,2026-03-26,US
u06-002850,user2850@mail.co.in,2026-07-14,SG
u06-002851,user2851@corp.io,2026-07-16,SG
u06-002852,user2852@mail.co.in,2026-08-11,AU
u06-002853,user2853@corp.io,2026-04-23,SG
u06-002854,user2854@example.com,2026-05-11,DE
u06-002855,user2855@mail.co.in,2026-06-17,GB
u06-002856,user2856@uni.edu,2026-08-20,IN
u06-002857,user2857@uni.edu,2026-08-19,DE
u06-002858,user2858@mail.co.in,2026-05-10,AU
u06-002859,user2859@corp.io,2026-06-23,AU
u06-002860,user2860@uni.edu,2026-03-24,DE
u06-002861,user2861@corp.io,2026-02-18,SG
u06-002862,user2862@uni.edu,2026-09-20,IN
u06-002863,user2863@example.com,2026-05-14,DE
u06-002864,user2864@uni.edu,2026-05-20,IN
u06-002865,user2865@example.com,2026-07-27,SG
u06-002866,user2866@corp.io,2026-05-23,US
u06-002867,user2867@corp.io,2026-06-26,DE
u06-002868,user2868@mail.co.in,2026-01-24,SG
u06-002869,user2869@example.com,2026-05-22,GB
u06-002870,user2870@uni.edu,2026-09-20,AU
u06-002871,user2871@corp.io,2026-03-12,SG
u06-002872,user2872@mail.co.in,2026-01-13,DE
u06-002873,user2873@example.com,2026-03-19,IN
u06-002874,user2874@mail.co.in,2026-09-18,IN
u06-002875,user2875@mail.co.in,2026-03-10,US
u06-002876,user2876@mail.co.in,2026-01-14,DE
u06-002877,user2877@example.com,2026-08-24,US
u06-002878,user2878@uni.edu,2026-02-26,AU
u06-002879,user2879@example.com,2026-03-12,IN
u06-002880,user2880@uni.edu,2026-08-19,AU
u06-002881,user2881@mail.co.in,2026-08-25,AU
u06-002882,user2882@uni.edu,2026-04-21,SG
u06-002883,user2883@uni.edu,2026-02-19,SG
u06-002884,user2884@uni.edu,2026-09-23,GB
u06-002885,user2885@example.com,2026-01-27,DE
u06-002886,user2886@uni.edu,2026-05-13,DE
u06-002887,user2887@uni.edu,2026-08-18,DE
u06-002888,user2888@example.com,2026-06-20,SG
u06-002889,user2889@mail.co.in,2026-08-27,US
u06-002890,user2890@uni.edu,2026-01-12,IN
u06-002891,user2891@example.com,2026-07-24,AU
u06-002892,user2892@mail.co.in,2026-05-13,SG
u06-002893,user2893@example.com,2026-09-11,DE
u06-002894,user2894@mail.co.in,2026-09-18,SG
u06-002895,user2895@mail.co.in,2026-02-27,IN
u06-002896,user2896@uni.edu,2026-08-21,US
u06-002897,user2897@mail.co.in,2026-01-19,DE
u06-002898,user2898@corp.io,2026-07-14,GB
u06-002899,user2899@corp.io,2026-02-26,DE
u06-002900,user2900@example.com,2026-08-23,US
u06-002901,user2901@corp.io,2026-08-14,DE
u06-002902,user2902@mail.co.in,2026-01-16,IN
u06-002903,user2903@corp.io,2026-05-17,DE
u06-002904,user2904@uni.edu,2026-04-11,SG
u06-002905,user2905@example.com,2026-05-15,US
u06-002906,user2906@corp.io,2026-09-22,AU
u06-002907,user2907@example.com,2026-09-27,SG
u06-002908,user2908@corp.io,2026-02-11,AU
u06-002909,user2909@corp.io,2026-03-10,AU
u06-002910,user2910@uni.edu,2026-03-21,AU
u06-002911,user2911@uni.edu,2026-09-17,AU
u06-002912,user2912@mail.co.in,2026-09-12,GB
u06-002913,user2913@example.com,2026-03-11,AU
u06-002914,user2914@mail.co.in,2026-05-23,SG
u06-002915,user2915@uni.edu,2026-03-25,SG
u06-002916,user2916@corp.io,2026-01-21,SG
u06-002917,user2917@mail.co.in,2026-02-21,DE
u06-002918,user2918@uni.edu,2026-03-20,DE
u06-002919,user2919@uni.edu,2026-08-28,IN
u06-002920,user2920@mail.co.in,2026-03-23,DE
u06-002921,user2921@corp.io,2026-04-27,IN
u06-002922,user2922@corp.io,2026-03-16,AU
u06-002923,user2923@corp.io,2026-03-10,SG
u06-002924,user2924@mail.co.in,2026-06-27,DE
u06-002925,user2925@corp.io,2026-04-22,SG
u06-002926,user2926@corp.io,2026-05-25,IN
u06-002927,user2927@uni.edu,2026-05-22,SG
u06-002928,user2928@example.com,2026-04-22,GB
u06-002929,user2929@mail.co.in,2026-05-26,GB
u06-002930,user2930@uni.edu,2026-01-20,SG
u06-002931,user2931@uni.edu,2026-05-17,AU
u06-002932,user2932@uni.edu,2026-03-25,AU
u06-002933,user2933@mail.co.in,2026-06-13,DE
u06-002934,user2934@corp.io,2026-04-27,SG
u06-002935,user2935@example.com,2026-07-20,DE
u06-002936,user2936@mail.co.in,2026-01-11,SG
u06-002937,user2937@corp.io,2026-06-24,IN
u06-002938,user2938@corp.io,2026-01-12,DE
u06-002939,user2939@corp.io,2026-09-22,DE
u06-002940,user2940@example.com,2026-06-21,SG
u06-002941,user2941@example.com,2026-07-17,IN
u06-002942,user2942@uni.edu,2026-03-18,IN
u06-002943,user2943@example.com,2026-06-22,IN
u06-002944,user2944@uni.edu,2026-07-28,IN
u06-002945,user2945@example.com,2026-03-26,IN
u06-002946,user2946@corp.io,2026-03-19,SG
u06-002947,user2947@example.com,2026-05-20,SG
u06-002948,user2948@mail.co.in,2026-09-21,DE
u06-002949,user2949@corp.io,2026-03-14,AU
u06-002950,user2950@example.com,2026-02-28,GB
u06-002951,user2951@example.com,2026-02-20,AU
u06-002952,user2952@mail.co.in,2026-01-27,US
u06-002953,user2953@uni.edu,2026-03-11,GB
u06-002954,user2954@mail.co.in,2026-04-23,DE
u06-002955,user2955@mail.co.in,2026-03-26,GB
u06-002956,user2956@mail.co.in,2026-03-26,GB
u06-002957,user2957@uni.edu,2026-07-13,AU
u06-002958,user2958@example.com,2026-02-14,IN
u06-002959,user2959@uni.edu,2026-04-16,US
u06-002960,user2960@uni.edu,2026-02-17,US
u06-002961,user2961@uni.edu,2026-03-24,AU
u06-002962,user2962@corp.io,2026-06-21,DE
u06-002963,user2963@corp.io,2026-09-17,SG
u06-002964,user2964@mail.co.in,2026-08-18,IN
u06-002965,user2965@example.com,2026-02-26,US
u06-002966,user2966@uni.edu,2026-09-17,SG
u06-002967,user2967@corp.io,2026-06-18,GB
u06-002968,user2968@example.com,2026-09-21,IN
u06-002969,user2969@uni.edu,2026-06-18,IN
u06-002970,user2970@corp.io,2026-08-22,GB
u06-002971,user2971@corp.io,2026-06-17,DE
u06-002972,user2972@example.com,2026-09-28,AU
u06-002973,user2973@example.com,2026-04-28,US
u06-002974,user2974@mail.co.in,2026-05-10,IN
u06-002975,user2975@example.com,2026-08-10,DE
u06-002976,user2976@mail.co.in,2026-02-15,AU
u06-002977,user2977@corp.io,2026-01-11,AU
u06-002978,user2978@corp.io,2026-04-19,AU
u06-002979,user2979@mail.co.in,2026-08-25,IN
u06-002980,user2980@corp.io,2026-01-13,IN
u06-002981,user2981@corp.io,2026-04-14,AU
u06-002982,user2982@mail.co.in,2026-06-20,GB
u06-002983,user2983@uni.edu,2026-05-11,AU
u06-002984,user2984@mail.co.in,2026-07-21,IN
u06-002985,user2985@corp.io,2026-02-26,IN
u06-002986,user2986@corp.io,2026-04-13,IN
u06-002987,user2987@corp.io,2026-06-23,AU
u06-002988,user2988@mail.co.in,2026-07-18,SG
u06-002989,user2989@example.com,2026-06-12,IN
u06-002990,user2990@example.com,2026-03-14,SG
u06-002991,user2991@example.com,2026-06-15,AU
u06-002992,user2992@example.com,2026-08-22,GB
u06-002993,user2993@mail.co.in,2026-03-20,SG
u06-002994,user2994@mail.co.in,2026-04-17,US
u06-002995,user2995@example.com,2026-06-18,DE
u06-002996,user2996@example.com,2026-05-20,IN
u06-002997,user2997@mail.co.in,2026-07-14,IN
u06-002998,user2998@mail.co.in,2026-01-26,GB
u06-002999,user2999@uni.edu,2026-09-28,DE
u06-003000,user3000@uni.edu,2026-04-14,DE
u06-003001,user3001@uni.edu,2026-06-16,US
u06-003002,user3002@mail.co.in,2026-02-19,IN
u06-003003,user3003@example.com,2026-08-11,AU
u06-003004,user3004@corp.io,2026-08-20,GB
u06-003005,user3005@mail.co.in,2026-09-25,US
u06-003006,user3006@uni.edu,2026-02-26,SG
u06-003007,user3007@uni.edu,2026-05-26,IN
u06-003008,user3008@example.com,2026-09-17,AU
u06-003009,user3009@corp.io,2026-05-18,SG
u06-003010,user3010@example.com,2026-08-21,US
u06-003011,user3011@uni.edu,2026-05-11,AU
u06-003012,user3012@corp.io,2026-04-28,GB
u06-003013,user3013@uni.edu,2026-01-24,DE
u06-003014,user3014@uni.edu,2026-03-25,SG
u06-003015,user3015@corp.io,2026-06-17,US
u06-003016,user3016@corp.io,2026-09-26,DE
u06-003017,user3017@mail.co.in,2026-09-27,AU
u06-003018,user3018@example.com,2026-08-13,GB
u06-003019,user3019@corp.io,2026-05-23,AU
u06-003020,user3020@corp.io,2026-05-11,SG
u06-003021,user3021@uni.edu,2026-06-11,SG
u06-003022,user3022@mail.co.in,2026-07-28,GB
u06-003023,user3023@mail.co.in,2026-03-14,SG
u06-003024,user3024@mail.co.in,2026-05-24,US
u06-003025,user3025@uni.edu,2026-02-16,GB
u06-003026,user3026@example.com,2026-05-11,GB
u06-003027,user3027@uni.edu,2026-01-24,IN
u06-003028,user3028@mail.co.in,2026-06-22,AU
u06-003029,user3029@mail.co.in,2026-09-14,US
u06-003030,user3030@mail.co.in,2026-03-21,DE
u06-003031,user3031@mail.co.in,2026-01-15,GB
u06-003032,user3032@uni.edu,2026-07-16,GB
u06-003033,user3033@mail.co.in,2026-06-22,SG
u06-003034,user3034@uni.edu,2026-06-18,US
u06-003035,user3035@corp.io,2026-02-26,IN
u06-003036,user3036@uni.edu,2026-02-28,IN
u06-003037,user3037@corp.io,2026-05-16,IN
u06-003038,user3038@example.com,2026-08-13,DE
u06-003039,user3039@corp.io,2026-09-21,US
u06-003040,user3040@corp.io,2026-01-23,US
u06-003041,user3041@example.com,2026-09-11,AU
u06-003042,user3042@example.com,2026-06-17,US
u06-003043,user3043@corp.io,2026-02-20,SG
u06-003044,user3044@corp.io,2026-07-14,US
u06-003045,user3045@corp.io,2026-09-11,SG
u06-003046,user3046@mail.co.in,2026-08-10,AU
u06-003047,user3047@uni.edu,2026-01-26,SG
u06-003048,user3048@corp.io,2026-08-10,AU
u06-003049,user3049@uni.edu,2026-08-13,GB
u06-003050,user3050@mail.co.in,2026-03-10,GB
u06-003051,user3051@example.com,2026-07-25,SG
u06-003052,user3052@example.com,2026-09-20,US
u06-003053,user3053@corp.io,2026-06-20,GB
u06-003054,user3054@uni.edu,2026-05-17,AU
u06-003055,user3055@example.com,2026-02-15,AU
u06-003056,user3056@example.com,2026-08-14,IN
u06-003057,user3057@corp.io,2026-02-15,SG
u06-003058,user3058@mail.co.in,2026-05-26,GB
u06-003059,user3059@uni.edu,2026-01-22,GB
u06-003060,user3060@uni.edu,2026-04-21,US
u06-003061,user3061@uni.edu,2026-04-14,IN
u06-003062,user3062@corp.io,2026-03-16,GB
u06-003063,user3063@corp.io,2026-01-19,DE
u06-003064,user3064@mail.co.in,2026-05-12,GB
u06-003065,user3065@example.com,2026-02-18,AU
u06-003066,user3066@uni.edu,2026-09-10,AU
u06-003067,user3067@mail.co.in,2026-01-21,GB
u06-003068,user3068@corp.io,2026-05-24,AU
u06-003069,user3069@corp.io,2026-05-16,SG
u06-003070,user3070@mail.co.in,2026-07-27,IN
u06-003071,user3071@mail.co.in,2026-09-12,AU
u06-003072,user3072@mail.co.in,2026-05-18,GB
u06-003073,user3073@mail.co.in,2026-07-26,US
u06-003074,user3074@mail.co.in,2026-09-23,SG
u06-003075,user3075@mail.co.in,2026-09-20,SG
u06-003076,user3076@uni.edu,2026-02-10,DE
u06-003077,user3077@corp.io,2026-04-24,IN
u06-003078,user3078@corp.io,2026-04-26,DE
u06-003079,user3079@mail.co.in,2026-08-23,DE
u06-003080,user3080@mail.co.in,2026-02-24,AU
u06-003081,user3081@example.com,2026-07-25,US
u06-003082,user3082@uni.edu,2026-02-16,AU
u06-003083,user3083@uni.edu,2026-07-24,SG
u06-003084,user3084@example.com,2026-04-27,DE
u06-003085,user3085@uni.edu,2026-09-19,SG
u06-003086,user3086@uni.edu,2026-09-25,US
u06-003087,user3087@uni.edu,2026-01-23,SG
u06-003088,user3088@uni.edu,2026-05-16,IN
u06-003089,user3089@corp.io,2026-02-24,US
u06-003090,user3090@corp.io,2026-08-14,SG
u06-003091,user3091@uni.edu,2026-05-13,GB
u06-003092,user3092@mail.co.in,2026-04-10,SG
u06-003093,user3093@corp.io,2026-02-21,US
u06-003094,user3094@example.com,2026-09-16,AU
u06-003095,user3095@mail.co.in,2026-01-23,SG
u06-003096,user3096@mail.co.in,2026-03-19,US
u06-003097,user3097@mail.co.in,2026-06-21,DE
u06-003098,user3098@mail.co.in,2026-09-28,US
u06-003099,user3099@example.com,2026-03-23,SG
u06-003100,user3100@mail.co.in,2026-02-12,DE
u06-003101,user3101@corp.io,2026-05-18,AU
u06-003102,user3102@mail.co.in,2026-04-11,GB
u06-003103,user3103@uni.edu,2026-04-15,DE
u06-003104,user3104@example.com,2026-04-25,US
u06-003105,user3105@example.com,2026-02-12,DE
u06-003106,user3106@example.com,2026-06-26,SG
u06-003107,user3107@example.com,2026-04-21,GB
u06-003108,user3108@mail.co.in,2026-07-17,AU
u06-003109,user3109@mail.co.in,2026-04-24,GB
u06-003110,user3110@mail.co.in,2026-07-17,SG
u06-003111,user3111@mail.co.in,2026-01-21,IN
u06-003112,user3112@corp.io,2026-07-12,AU
u06-003113,user3113@example.com,2026-08-22,IN
u06-003114,user3114@example.com,2026-09-23,US
u06-003115,user3115@mail.co.in,2026-06-24,SG
u06-003116,user3116@example.com,2026-01-26,AU
u06-003117,user3117@mail.co.in,2026-01-28,SG
u06-003118,user3118@example.com,2026-06-11,DE
u06-003119,user3119@corp.io,2026-09-21,SG
u06-003120,user3120@corp.io,2026-01-27,IN
u06-003121,user3121@mail.co.in,2026-04-25,US
u06-003122,user3122@mail.co.in,2026-07-12,IN
u06-003123,user3123@example.com,2026-02-20,US
u06-003124,user3124@corp.io,2026-04-15,IN
u06-003125,user3125@uni.edu,2026-06-12,AU
u06-003126,user3126@example.com,2026-06-14,IN
u06-003127,user3127@mail.co.in,2026-07-15,IN
u06-003128,user3128@corp.io,2026-04-24,IN
u06-003129,user3129@uni.edu,2026-04-17,AU
u06-003130,user3130@uni.edu,2026-05-28,US
u06-003131,user3131@example.com,2026-07-14,AU
u06-003132,user3132@corp.io,2026-01-16,AU
u06-003133,user3133@uni.edu,2026-05-10,DE
u06-003134,user3134@uni.edu,2026-08-27,IN
u06-003135,user3135@example.com,2026-05-18,DE
u06-003136,user3136@corp.io,2026-02-23,GB
u06-003137,user3137@example.com,2026-04-18,DE
u06-003138,user3138@uni.edu,2026-07-26,GB
u06-003139,user3139@corp.io,2026-05-12,AU
u06-003140,user3140@mail.co.in,2026-05-26,US
u06-003141,user3141@example.com,2026-09-10,GB
u06-003142,user3142@example.com,2026-01-24,SG
u06-003143,user3143@example.com,2026-01-22,AU
u06-003144,user3144@example.com,2026-06-10,GB
u06-003145,user3145@mail.co.in,2026-05-10,IN
u06-003146,user3146@example.com,2026-07-18,SG
u06-003147,user3147@example.com,2026-08-16,GB
u06-003148,user3148@mail.co.in,2026-02-16,SG
u06-003149,user3149@mail.co.in,2026-09-16,DE
u06-003150,user3150@mail.co.in,2026-02-22,DE
u06-003151,user3151@corp.io,2026-06-17,AU
u06-003152,user3152@corp.io,2026-09-26,SG
u06-003153,user3153@example.com,2026-07-10,SG
u06-003154,user3154@uni.edu,2026-06-28,SG
u06-003155,user3155@mail.co.in,2026-01-16,US
u06-003156,user3156@corp.io,2026-01-23,SG
u06-003157,user3157@mail.co.in,2026-08-20,US
u06-003158,user3158@mail.co.in,2026-04-19,DE
u06-003159,user3159@uni.edu,2026-09-16,DE
u06-003160,user3160@uni.edu,2026-02-27,IN
u06-003161,user3161@corp.io,2026-07-15,AU
u06-003162,user3162@mail.co.in,2026-01-17,IN
u06-003163,user3163@example.com,2026-05-24,IN
u06-003164,user3164@example.com,2026-02-10,SG
u06-003165,user3165@corp.io,2026-06-15,AU
u06-003166,user3166@example.com,2026-06-12,GB
u06-003167,user3167@example.com,2026-04-15,IN
u06-003168,user3168@uni.edu,2026-06-10,GB
u06-003169,user3169@uni.edu,2026-09-22,US
u06-003170,user3170@example.com,2026-06-12,US
u06-003171,user3171@corp.io,2026-09-16,GB
u06-003172,user3172@uni.edu,2026-01-20,IN
u06-003173,user3173@mail.co.in,2026-03-17,US
u06-003174,user3174@example.com,2026-03-14,US
u06-003175,user3175@uni.edu,2026-05-19,DE
u06-003176,user3176@corp.io,2026-04-16,US
u06-003177,user3177@mail.co.in,2026-03-25,AU
u06-003178,user3178@corp.io,2026-09-22,GB
u06-003179,user3179@uni.edu,2026-01-14,GB
u06-003180,user3180@example.com,2026-03-18,SG
u06-003181,user3181@example.com,2026-01-25,DE
u06-003182,user3182@uni.edu,2026-07-24,US
u06-003183,user3183@mail.co.in,2026-01-13,DE
u06-003184,user3184@mail.co.in,2026-03-26,AU
u06-003185,user3185@mail.co.in,2026-03-26,SG
u06-003186,user3186@uni.edu,2026-05-17,GB
u06-003187,user3187@uni.edu,2026-02-24,SG
u06-003188,user3188@example.com,2026-07-22,IN
u06-003189,user3189@corp.io,2026-05-22,GB
u06-003190,user3190@mail.co.in,2026-06-24,AU
u06-003191,user3191@uni.edu,2026-07-14,AU
u06-003192,user3192@example.com,2026-04-20,IN
u06-003193,user3193@corp.io,2026-05-19,AU
u06-003194,user3194@mail.co.in,2026-04-20,SG
u06-003195,user3195@corp.io,2026-09-23,AU
u06-003196,user3196@mail.co.in,2026-06-16,AU
u06-003197,user3197@uni.edu,2026-06-13,SG
u06-003198,user3198@mail.co.in,2026-07-19,GB
u06-003199,user3199@corp.io,2026-08-25,DE
u06-003200,user3200@corp.io,2026-04-12,GB
u06-003201,user3201@uni.edu,2026-05-20,US
u06-003202,user3202@example.com,2026-03-21,GB
u06-003203,user3203@uni.edu,2026-01-13,DE
u06-003204,user3204@mail.co.in,2026-07-22,IN
u06-003205,user3205@corp.io,2026-05-14,AU
u06-003206,user3206@corp.io,2026-05-23,SG
u06-003207,user3207@example.com,2026-09-17,AU
u06-003208,user3208@mail.co.in,2026-08-16,IN
u06-003209,user3209@example.com,2026-07-13,SG
u06-003210,user3210@corp.io,2026-02-12,GB
u06-003211,user3211@corp.io,2026-03-27,US
u06-003212,user3212@mail.co.in,2026-05-12,SG
u06-003213,user3213@corp.io,2026-01-13,SG
u06-003214,user3214@uni.edu,2026-09-24,US
u06-003215,user3215@corp.io,2026-09-25,IN
u06-003216,user3216@corp.io,2026-04-14,AU
u06-003217,user3217@corp.io,2026-02-11,US
u06-003218,user3218@uni.edu,2026-08-22,US
u06-003219,user3219@example.com,2026-07-28,DE
u06-003220,user3220@mail.co.in,2026-01-15,IN
u06-003221,user3221@example.com,2026-05-13,SG
u06-003222,user3222@example.com,2026-04-21,IN
u06-003223,user3223@example.com,2026-05-26,GB
u06-003224,user3224@example.com,2026-06-19,SG
u06-003225,user3225@corp.io,2026-03-20,DE
u06-003226,user3226@corp.io,2026-06-20,DE
u06-003227,user3227@corp.io,2026-05-12,AU
u06-003228,user3228@example.com,2026-07-23,IN
u06-003229,user3229@example.com,2026-02-23,GB
u06-003230,user3230@example.com,2026-02-27,GB
u06-003231,user3231@corp.io,2026-02-16,GB
u06-003232,user3232@example.com,2026-01-10,SG
u06-003233,user3233@mail.co.in,2026-08-13,DE
u06-003234,user3234@uni.edu,2026-08-28,AU
u06-003235,user3235@uni.edu,2026-05-14,AU
u06-003236,user3236@example.com,2026-01-26,AU
u06-003237,user3237@corp.io,2026-01-20,SG
u06-003238,user3238@example.com,2026-09-10,GB
u06-003239,user3239@uni.edu,2026-07-20,US
u06-003240,user3240@corp.io,2026-08-28,SG
u06-003241,user3241@uni.edu,2026-04-22,SG
u06-003242,user3242@uni.edu,2026-08-21,IN
u06-003243,user3243@uni.edu,2026-04-18,GB
u06-003244,user3244@uni.edu,2026-02-19,DE
u06-003245,user3245@uni.edu,2026-07-21,AU
u06-003246,user3246@mail.co.in,2026-02-22,AU
u06-003247,user3247@example.com,2026-02-25,GB
u06-003248,user3248@mail.co.in,2026-09-27,US
u06-003249,user3249@mail.co.in,2026-06-22,US
u06-003250,user3250@corp.io,2026-07-14,DE
u06-003251,user3251@mail.co.in,2026-05-11,US
u06-003252,user3252@example.com,2026-02-10,DE
u06-003253,user3253@example.com,2026-05-17,IN
u06-003254,user3254@corp.io,2026-01-24,GB
u06-003255,user3255@example.com,2026-06-25,DE
u06-003256,user3256@mail.co.in,2026-09-15,DE
u06-003257,user3257@uni.edu,2026-04-19,US
u06-003258,user3258@corp.io,2026-03-15,SG
u06-003259,user3259@corp.io,2026-09-18,GB
u06-003260,user3260@uni.edu,2026-08-16,DE
u06-003261,user3261@uni.edu,2026-05-24,SG
u06-003262,user3262@corp.io,2026-06-10,US
u06-003263,user3263@mail.co.in,2026-08-14,IN
u06-003264,user3264@uni.edu,2026-07-26,GB
u06-003265,user3265@uni.edu,2026-08-12,AU
u06-003266,user3266@corp.io,2026-09-28,DE
u06-003267,user3267@uni.edu,2026-05-25,DE
u06-003268,user3268@example.com,2026-02-13,GB
u06-003269,user3269@corp.io,2026-01-28,US
u06-003270,user3270@example.com,2026-07-20,DE
u06-003271,user3271@uni.edu,2026-08-17,DE
u06-003272,user3272@uni.edu,2026-06-16,SG
u06-003273,user3273@example.com,2026-06-19,DE
u06-003274,user3274@uni.edu,2026-06-15,SG
u06-003275,user3275@uni.edu,2026-05-10,SG
u06-003276,user3276@corp.io,2026-09-11,AU
u06-003277,user3277@example.com,2026-01-18,US
u06-003278,user3278@example.com,2026-08-17,SG
u06-003279,user3279@example.com,2026-08-20,AU
u06-003280,user3280@example.com,2026-01-22,IN
u06-003281,user3281@mail.co.in,2026-09-24,US
u06-003282,user3282@example.com,2026-05-24,AU
u06-003283,user3283@example.com,2026-01-25,DE
u06-003284,user3284@mail.co.in,2026-03-21,US
u06-003285,user3285@uni.edu,2026-06-20,AU
u06-003286,user3286@uni.edu,2026-09-26,AU
u06-003287,user3287@uni.edu,2026-06-24,AU
u06-003288,user3288@corp.io,2026-05-14,US
u06-003289,user3289@mail.co.in,2026-05-23,DE
u06-003290,user3290@example.com,2026-07-24,GB
u06-003291,user3291@uni.edu,2026-07-11,US
u06-003292,user3292@mail.co.in,2026-08-24,US
u06-003293,user3293@example.com,2026-06-26,DE
u06-003294,user3294@mail.co.in,2026-01-14,IN
u06-003295,user3295@uni.edu,2026-05-26,GB
u06-003296,user3296@uni.edu,2026-07-11,US
u06-003297,user3297@example.com,2026-09-15,IN
u06-003298,user3298@mail.co.in,2026-01-27,IN
u06-003299,user3299@mail.co.in,2026-05-25,SG
u06-003300,user3300@uni.edu,2026-02-20,AU
u06-003301,user3301@corp.io,2026-07-13,IN
u06-003302,user3302@example.com,2026-02-12,GB
u06-003303,user3303@mail.co.in,2026-02-28,SG
u06-003304,user3304@example.com,2026-07-23,GB
u06-003305,user3305@example.com,2026-07-19,GB
u06-003306,user3306@corp.io,2026-08-17,DE
u06-003307,user3307@example.com,2026-04-25,US
u06-003308,user3308@corp.io,2026-04-20,AU
u06-003309,user3309@mail.co.in,2026-03-14,US
u06-003310,user3310@example.com,2026-07-16,AU
u06-003311,user3311@example.com,2026-02-21,DE
u06-003312,user3312@uni.edu,2026-09-26,SG
u06-003313,user3313@uni.edu,2026-01-21,GB
u06-003314,user3314@example.com,2026-09-16,US
u06-003315,user3315@corp.io,2026-09-28,US
u06-003316,user3316@mail.co.in,2026-05-19,IN
u06-003317,user3317@mail.co.in,2026-03-13,DE
u06-003318,user3318@uni.edu,2026-01-18,GB
u06-003319,user3319@corp.io,2026-06-10,DE
u06-003320,user3320@corp.io,2026-02-27,US
u06-003321,user3321@mail.co.in,2026-03-11,SG
u06-003322,user3322@uni.edu,2026-01-16,IN
u06-003323,user3323@uni.edu,2026-03-21,SG
u06-003324,user3324@corp.io,2026-03-19,GB
u06-003325,user3325@mail.co.in,2026-06-13,US
u06-003326,user3326@uni.edu,2026-05-20,SG
u06-003327,user3327@corp.io,2026-04-10,IN
u06-003328,user3328@corp.io,2026-09-17,SG
u06-003329,user3329@mail.co.in,2026-05-12,US
u06-003330,user3330@mail.co.in,2026-08-10,IN
u06-003331,user3331@uni.edu,2026-07-14,GB
u06-003332,user3332@corp.io,2026-01-25,IN
u06-003333,user3333@example.com,2026-01-15,IN
u06-003334,user3334@example.com,2026-02-20,IN
u06-003335,user3335@corp.io,2026-08-19,US
u06-003336,user3336@mail.co.in,2026-02-18,DE
u06-003337,user3337@corp.io,2026-09-14,DE
u06-003338,user3338@mail.co.in,2026-06-26,AU
u06-003339,user3339@corp.io,2026-08-25,US
u06-003340,user3340@corp.io,2026-06-19,AU
u06-003341,user3341@example.com,2026-04-20,US
u06-003342,user3342@example.com,2026-05-18,DE
u06-003343,user3343@corp.io,2026-02-10,US
u06-003344,user3344@example.com,2026-02-27,GB
u06-003345,user3345@mail.co.in,2026-09-16,SG
u06-003346,user3346@example.com,2026-08-10,GB
u06-003347,user3347@uni.edu,2026-03-18,AU
u06-003348,user3348@mail.co.in,2026-03-14,DE
u06-003349,user3349@mail.co.in,2026-02-28,SG
u06-003350,user3350@uni.edu,2026-08-13,IN
u06-003351,user3351@mail.co.in,2026-05-21,SG
u06-003352,user3352@corp.io,2026-05-11,IN
u06-003353,user3353@uni.edu,2026-09-24,DE
u06-003354,user3354@mail.co.in,2026-04-23,SG
u06-003355,user3355@uni.edu,2026-09-25,GB
u06-003356,user3356@uni.edu,2026-03-21,US
u06-003357,user3357@example.com,2026-09-24,AU
u06-003358,user3358@mail.co.in,2026-07-14,AU
u06-003359,user3359@corp.io,2026-08-25,GB
u06-003360,user3360@mail.co.in,2026-04-26,US
u06-003361,user3361@mail.co.in,2026-06-16,DE
u06-003362,user3362@corp.io,2026-08-23,US
u06-003363,user3363@corp.io,2026-04-14,US
u06-003364,user3364@example.com,2026-09-10,US
u06-003365,user3365@corp.io,2026-06-17,GB
u06-003366,user3366@mail.co.in,2026-07-16,US
u06-003367,user3367@mail.co.in,2026-07-28,IN
u06-003368,user3368@example.com,2026-04-11,AU
u06-003369,user3369@uni.edu,2026-06-24,SG
u06-003370,user3370@mail.co.in,2026-02-14,GB
u06-003371,user3371@uni.edu,2026-09-14,SG
u06-003372,user3372@example.com,2026-03-26,DE
u06-003373,user3373@example.com,2026-04-25,SG
u06-003374,user3374@example.com,2026-01-21,GB
u06-003375,user3375@uni.edu,2026-09-16,DE
u06-003376,user3376@uni.edu,2026-05-11,SG
u06-003377,user3377@corp.io,2026-06-27,AU
u06-003378,user3378@uni.edu,2026-08-19,IN
u06-003379,user3379@uni.edu,2026-08-27,US
u06-003380,user3380@uni.edu,2026-03-24,IN
u06-003381,user3381@example.com,2026-01-23,DE
u06-003382,user3382@uni.edu,2026-05-13,GB
u06-003383,user3383@mail.co.in,2026-06-14,US
u06-003384,user3384@corp.io,2026-05-13,DE
u06-003385,user3385@example.com,2026-06-13,GB
u06-003386,user3386@corp.io,2026-02-16,DE
u06-003387,user3387@corp.io,2026-04-12,US
u06-003388,user3388@corp.io,2026-07-28,US
u06-003389,user3389@mail.co.in,2026-05-10,GB
u06-003390,user3390@uni.edu,2026-01-20,US
u06-003391,user3391@example.com,2026-02-10,DE
u06-003392,user3392@example.com,2026-03-22,GB
u06-003393,user3393@example.com,2026-04-28,DE
u06-003394,user3394@example.com,2026-02-21,US
u06-003395,user3395@example.com,2026-03-17,IN
u06-003396,user3396@mail.co.in,2026-04-13,IN
u06-003397,user3397@mail.co.in,2026-02-26,GB
u06-003398,user3398@example.com,2026-03-14,SG
u06-003399,user3399@mail.co.in,2026-08-25,IN
u06-003400,user3400@uni.edu,2026-03-25,US
u06-003401,user3401@uni.edu,2026-04-22,IN
u06-003402,user3402@uni.edu,2026-07-24,SG
u06-003403,user3403@mail.co.in,2026-09-27,AU
u06-003404,user3404@uni.edu,2026-06-12,GB
u06-003405,user3405@uni.edu,2026-03-24,US
u06-003406,user3406@example.com,2026-01-23,AU
u06-003407,user3407@uni.edu,2026-07-22,GB
u06-003408,user3408@mail.co.in,2026-07-14,US
u06-003409,user3409@example.com,2026-08-11,GB
u06-003410,user3410@mail.co.in,2026-02-23,IN
u06-003411,user3411@mail.co.in,2026-04-21,SG
u06-003412,user3412@corp.io,2026-05-10,GB
u06-003413,user3413@example.com,2026-08-26,US
u06-003414,user3414@uni.edu,2026-01-21,GB
u06-003415,user3415@corp.io,2026-06-12,US
u06-003416,user3416@example.com,2026-07-13,IN
u06-003417,user3417@example.com,2026-05-12,DE
u06-003418,user3418@mail.co.in,2026-01-14,GB
u06-003419,user3419@example.com,2026-02-24,SG
u06-003420,user3420@uni.edu,2026-07-27,AU
u06-003421,user3421@mail.co.in,2026-07-16,GB
u06-003422,user3422@example.com,2026-07-20,IN
u06-003423,user3423@mail.co.in,2026-05-22,GB
u06-003424,user3424@uni.edu,2026-03-18,DE
u06-003425,user3425@mail.co.in,2026-01-16,GB
u06-003426,user3426@uni.edu,2026-08-10,US
u06-003427,user3427@mail.co.in,2026-01-20,DE
u06-003428,user3428@uni.edu,2026-02-15,US
u06-003429,user3429@example.com,2026-07-21,IN
u06-003430,user3430@corp.io,2026-08-25,US
u06-003431,user3431@mail.co.in,2026-02-14,DE
u06-003432,user3432@corp.io,2026-02-11,AU
u06-003433,user3433@corp.io,2026-05-27,DE
u06-003434,user3434@corp.io,2026-01-27,US
u06-003435,user3435@example.com,2026-04-25,SG
u06-003436,user3436@mail.co.in,2026-02-12,GB
u06-003437,user3437@uni.edu,2026-02-21,US
u06-003438,user3438@mail.co.in,2026-08-21,IN
u06-003439,user3439@example.com,2026-03-12,US
u06-003440,user3440@mail.co.in,2026-05-19,GB
u06-003441,user3441@mail.co.in,2026-08-20,SG
u06-003442,user3442@example.com,2026-06-12,US
u06-003443,user3443@corp.io,2026-05-13,AU
u06-003444,user3444@uni.edu,2026-08-24,AU
u06-003445,user3445@mail.co.in,2026-06-11,IN
u06-003446,user3446@uni.edu,2026-05-24,IN
u06-003447,user3447@corp.io,2026-08-25,AU
u06-003448,user3448@corp.io,2026-05-11,SG
u06-003449,user3449@mail.co.in,2026-04-22,DE
u06-003450,user3450@example.com,2026-04-13,GB
u06-003451,user3451@mail.co.in,2026-05-20,IN
u06-003452,user3452@corp.io,2026-04-23,IN
u06-003453,user3453@corp.io,2026-03-22,IN
u06-003454,user3454@example.com,2026-04-21,DE
u06-003455,user3455@uni.edu,2026-08-20,US
u06-003456,user3456@corp.io,2026-04-22,SG
u06-003457,user3457@uni.edu,2026-07-12,AU
u06-003458,user3458@mail.co.in,2026-01-24,GB
u06-003459,user3459@mail.co.in,2026-06-27,AU
u06-003460,user3460@mail.co.in,2026-06-12,AU
u06-003461,user3461@example.com,2026-03-16,GB
u06-003462,user3462@corp.io,2026-09-12,SG
u06-003463,user3463@example.com,2026-09-25,AU
u06-003464,user3464@uni.edu,2026-08-22,GB
u06-003465,user3465@uni.edu,2026-08-12,AU
u06-003466,user3466@corp.io,2026-01-16,US
u06-003467,user3467@corp.io,2026-02-20,AU
u06-003468,user3468@example.com,2026-07-22,GB
u06-003469,user3469@mail.co.in,2026-09-14,AU
u06-003470,user3470@uni.edu,2026-03-10,GB
u06-003471,user3471@example.com,2026-08-26,GB
u06-003472,user3472@mail.co.in,2026-04-11,GB
u06-003473,user3473@uni.edu,2026-03-18,GB
u06-003474,user3474@mail.co.in,2026-07-13,DE
u06-003475,user3475@corp.io,2026-08-22,US
u06-003476,user3476@example.com,2026-06-13,GB
u06-003477,user3477@corp.io,2026-04-14,DE
u06-003478,user3478@example.com,2026-01-23,GB
u06-003479,user3479@mail.co.in,2026-01-10,AU
u06-003480,user3480@example.com,2026-09-24,IN
u06-003481,user3481@mail.co.in,2026-07-25,IN
u06-003482,user3482@uni.edu,2026-03-19,AU
u06-003483,user3483@example.com,2026-05-26,US
u06-003484,user3484@corp.io,2026-05-25,IN
u06-003485,user3485@example.com,2026-05-26,US
u06-003486,user3486@example.com,2026-06-26,IN
u06-003487,user3487@corp.io,2026-07-18,IN
u06-003488,user3488@uni.edu,2026-01-16,AU
u06-003489,user3489@example.com,2026-06-12,US
u06-003490,user3490@uni.edu,2026-07-16,IN
u06-003491,user3491@mail.co.in,2026-07-28,SG
u06-003492,user3492@uni.edu,2026-04-17,AU
u06-003493,user3493@uni.edu,2026-04-28,AU
u06-003494,user3494@example.com,2026-01-16,DE
u06-003495,user3495@mail.co.in,2026-02-12,US
u06-003496,user3496@corp.io,2026-07-22,AU
u06-003497,user3497@example.com,2026-01-25,GB
u06-003498,user3498@mail.co.in,2026-08-26,AU
u06-003499,user3499@mail.co.in,2026-03-10,SG
u06-003500,user3500@corp.io,2026-02-20,IN
u06-003501,user3501@mail.co.in,2026-05-16,AU
u06-003502,user3502@uni.edu,2026-08-26,GB
u06-003503,user3503@corp.io,2026-09-10,GB
u06-003504,user3504@example.com,2026-05-26,SG
u06-003505,user3505@corp.io,2026-09-10,GB
u06-003506,user3506@uni.edu,2026-08-19,SG
u06-003507,user3507@mail.co.in,2026-05-24,GB
u06-003508,user3508@uni.edu,2026-06-18,DE
u06-003509,user3509@uni.edu,2026-04-26,AU
u06-003510,user3510@corp.io,2026-05-23,DE
u06-003511,user3511@mail.co.in,2026-02-24,SG
u06-003512,user3512@uni.edu,2026-06-13,GB
u06-003513,user3513@uni.edu,2026-04-10,SG
u06-003514,user3514@corp.io,2026-02-19,DE
u06-003515,user3515@mail.co.in,2026-02-19,US
u06-003516,user3516@example.com,2026-07-12,IN
u06-003517,user3517@mail.co.in,2026-06-12,US
u06-003518,user3518@uni.edu,2026-01-23,DE
u06-003519,user3519@corp.io,2026-06-22,AU
u06-003520,user3520@uni.edu,2026-02-22,DE
u06-003521,user3521@corp.io,2026-08-21,GB
u06-003522,user3522@uni.edu,2026-08-26,US
u06-003523,user3523@mail.co.in,2026-09-24,DE
u06-003524,user3524@mail.co.in,2026-03-18,US
u06-003525,user3525@mail.co.in,2026-09-18,US
u06-003526,user3526@corp.io,2026-02-20,US
u06-003527,user3527@mail.co.in,2026-08-11,DE
u06-003528,user3528@example.com,2026-06-20,US
u06-003529,user3529@uni.edu,2026-07-17,AU
u06-003530,user3530@uni.edu,2026-01-15,IN
u06-003531,user3531@example.com,2026-05-22,GB
u06-003532,user3532@uni.edu,2026-01-20,AU
u06-003533,user3533@uni.edu,2026-03-19,US
u06-003534,user3534@uni.edu,2026-05-16,AU
u06-003535,user3535@uni.edu,2026-06-14,US
u06-003536,user3536@example.com,2026-03-15,DE
u06-003537,user3537@corp.io,2026-01-12,US
u06-003538,user3538@example.com,2026-07-20,IN
u06-003539,user3539@uni.edu,2026-06-22,IN
u06-003540,user3540@mail.co.in,2026-09-20,AU
u06-003541,user3541@example.com,2026-02-17,GB
u06-003542,user3542@uni.edu,2026-04-28,GB
u06-003543,user3543@uni.edu,2026-02-11,GB
u06-003544,user3544@example.com,2026-03-15,SG
u06-003545,user3545@mail.co.in,2026-01-14,IN
u06-003546,user3546@example.com,2026-03-11,SG
u06-003547,user3547@mail.co.in,2026-08-24,SG
u06-003548,user3548@example.com,2026-03-28,DE
u06-003549,user3549@mail.co.in,2026-04-10,IN
u06-003550,user3550@corp.io,2026-04-12,US
u06-003551,user3551@mail.co.in,2026-05-16,DE
u06-003552,user3552@uni.edu,2026-03-25,GB
u06-003553,user3553@corp.io,2026-05-27,AU
u06-003554,user3554@example.com,2026-02-17,SG
u06-003555,user3555@corp.io,2026-08-15,SG
u06-003556,user3556@corp.io,2026-01-15,AU
u06-003557,user3557@uni.edu,2026-03-17,DE
u06-003558,user3558@example.com,2026-05-20,IN
u06-003559,user3559@uni.edu,2026-01-22,GB
u06-003560,user3560@uni.edu,2026-01-19,SG
u06-003561,user3561@example.com,2026-02-11,DE
u06-003562,user3562@corp.io,2026-08-26,US
u06-003563,user3563@corp.io,2026-04-26,AU
u06-003564,user3564@uni.edu,2026-07-21,SG
u06-003565,user3565@example.com,2026-01-25,GB
u06-003566,user3566@example.com,2026-06-25,AU
u06-003567,user3567@corp.io,2026-05-19,GB
u06-003568,user3568@corp.io,2026-06-27,GB
u06-003569,user3569@uni.edu,2026-03-16,US
u06-003570,user3570@mail.co.in,2026-08-28,AU
u06-003571,user3571@corp.io,2026-03-20,US
u06-003572,user3572@uni.edu,2026-08-25,AU
u06-003573,user3573@mail.co.in,2026-05-12,US
u06-003574,user3574@mail.co.in,2026-07-25,US
u06-003575,user3575@uni.edu,2026-05-19,AU
u06-003576,user3576@corp.io,2026-08-20,GB
u06-003577,user3577@corp.io,2026-02-21,GB
u06-003578,user3578@mail.co.in,2026-04-21,AU
u06-003579,user3579@uni.edu,2026-01-21,IN
u06-003580,user3580@example.com,2026-01-10,AU
u06-003581,user3581@mail.co.in,2026-05-17,IN
u06-003582,user3582@uni.edu,2026-05-21,AU
u06-003583,user3583@mail.co.in,2026-03-21,SG
u06-003584,user3584@example.com,2026-05-24,IN
u06-003585,user3585@corp.io,2026-01-11,SG
u06-003586,user3586@uni.edu,2026-08-20,AU
u06-003587,user3587@uni.edu,2026-04-16,DE
u06-003588,user3588@example.com,2026-09-21,SG
u06-003589,user3589@mail.co.in,2026-01-25,AU
u06-003590,user3590@mail.co.in,2026-04-22,AU
u06-003591,user3591@corp.io,2026-02-11,DE
u06-003592,user3592@example.com,2026-01-25,GB
u06-003593,user3593@mail.co.in,2026-02-28,US
u06-003594,user3594@uni.edu,2026-02-28,US
u06-003595,user3595@mail.co.in,2026-08-10,SG
u06-003596,user3596@uni.edu,2026-06-28,IN
u06-003597,user3597@corp.io,2026-04-28,IN
u06-003598,user3598@mail.co.in,2026-01-26,SG
u06-003599,user3599@uni.edu,2026-09-13,DE
u06-003600,user3600@uni.edu,2026-02-23,SG
u06-003601,user3601@example.com,2026-07-24,SG
u06-003602,user3602@mail.co.in,2026-08-19,US
u06-003603,user3603@mail.co.in,2026-01-21,US
u06-003604,user3604@uni.edu,2026-08-20,AU
u06-003605,user3605@uni.edu,2026-02-17,AU
u06-003606,user3606@mail.co.in,2026-01-21,AU
u06-003607,user3607@mail.co.in,2026-06-28,IN
u06-003608,user3608@example.com,2026-06-21,GB
u06-003609,user3609@uni.edu,2026-05-23,DE
u06-003610,user3610@corp.io,2026-05-22,AU
u06-003611,user3611@example.com,2026-07-23,GB
u06-003612,user3612@uni.edu,2026-01-15,IN
u06-003613,user3613@mail.co.in,2026-03-23,US
u06-003614,user3614@example.com,2026-02-14,DE
u06-003615,user3615@corp.io,2026-04-15,DE
u06-003616,user3616@uni.edu,2026-06-26,IN
u06-003617,user3617@corp.io,2026-02-17,AU
u06-003618,user3618@mail.co.in,2026-03-19,GB
u06-003619,user3619@uni.edu,2026-03-16,IN
u06-003620,user3620@example.com,2026-04-15,IN
u06-003621,user3621@corp.io,2026-07-24,SG
u06-003622,user3622@mail.co.in,2026-09-10,IN
u06-003623,user3623@example.com,2026-07-24,US
u06-003624,user3624@mail.co.in,2026-06-11,IN
u06-003625,user3625@uni.edu,2026-08-14,US
u06-003626,user3626@uni.edu,2026-03-22,DE
u06-003627,user3627@corp.io,2026-04-23,IN
u06-003628,user3628@corp.io,2026-01-13,US
u06-003629,user3629@uni.edu,2026-06-13,SG
u06-003630,user3630@corp.io,2026-07-24,DE
u06-003631,user3631@example.com,2026-04-28,GB
u06-003632,user3632@corp.io,2026-07-27,US
u06-003633,user3633@example.com,2026-07-27,DE
u06-003634,user3634@corp.io,2026-05-24,GB
u06-003635,user3635@mail..co.in,2026-07-21,SG
u06-003636,user3636@mail.co.in,2026-06-20,DE
u06-003637,user3637@example.com,2026-01-11,DE
u06-003638,user3638@uni.edu,2026-09-18,IN
u06-003639,user3639@corp.io,2026-07-15,GB
u06-003640,user3640@corp.io,2026-06-22,GB
u06-003641,user3641@mail.co.in,2026-04-11,SG
u06-003642,user3642@example.com,2026-02-13,US
u06-003643,user3643@corp.io,2026-05-13,DE
u06-003644,user3644@corp.io,2026-02-18,SG
u06-003645,user3645@corp.io,2026-02-17,US
u06-003646,user3646@uni.edu,2026-03-28,SG
u06-003647,user3647@example.com,2026-02-26,SG
u06-003648,user3648@corp.io,2026-04-14,AU
u06-003649,user3649@example.com,2026-08-14,IN
u06-003650,user3650@example.com,2026-06-17,GB
u06-003651,user3651@corp.io,2026-03-18,US
u06-003652,user3652@uni.edu,2026-03-18,SG
u06-003653,user3653@corp.io,2026-04-11,GB
u06-003654,user3654@corp.io,2026-09-18,US
u06-003655,user3655@mail.co.in,2026-09-12,DE
u06-003656,user3656@example.com,2026-03-11,SG
u06-003657,user3657@example.com,2026-01-14,US
u06-003658,user3658@mail.co.in,2026-05-12,DE
u06-003659,user3659@mail.co.in,2026-06-27,US
u06-003660,user3660@mail.co.in,2026-07-23,US
u06-003661,user3661@uni.edu,2026-05-18,AU
u06-003662,user3662@example.com,2026-01-23,US
u06-003663,user3663@mail.co.in,2026-07-21,GB
u06-003664,user3664@uni.edu,2026-06-26,SG
u06-003665,user3665@mail.co.in,2026-03-26,US
u06-003666,user3666@uni.edu,2026-08-21,DE
u06-003667,user3667@mail.co.in,2026-07-27,US
u06-003668,user3668@uni.edu,2026-01-27,US
u06-003669,user3669@mail.co.in,2026-04-21,US
u06-003670,user3670@corp.io,2026-06-24,US
u06-003671,user3671@example.com,2026-08-14,AU
u06-003672,user3672@example.com,2026-01-24,US
u06-003673,user3673@mail.co.in,2026-02-10,SG
u06-003674,user3674@mail.co.in,2026-05-11,IN
u06-003675,user3675@uni.edu,2026-09-20,GB
u06-003676,user3676@example.com,2026-06-25,AU
u06-003677,user3677@mail.co.in,2026-05-13,GB
u06-003678,user3678@mail.co.in,2026-03-23,GB
u06-003679,user3679@mail.co.in,2026-07-11,DE
u06-003680,user3680@mail.co.in,2026-08-12,GB
u06-003681,user3681@mail.co.in,2026-03-27,DE
u06-003682,user3682@mail.co.in,2026-08-23,AU
u06-003683,user3683@example.com,2026-04-27,US
u06-003684,user3684@corp.io,2026-03-16,IN
u06-003685,user3685@mail.co.in,2026-09-22,SG
u06-003686,user3686@example.com,2026-05-11,DE
u06-003687,user3687@corp.io,2026-05-14,AU
u06-003688,user3688@corp.io,2026-07-26,SG
u06-003689,user3689@example.com,2026-09-15,GB
u06-003690,user3690@mail.co.in,2026-08-12,DE
u06-003691,user3691@uni.edu,2026-09-11,GB
u06-003692,user3692@example.com,2026-07-10,GB
u06-003693,user3693@uni.edu,2026-07-22,DE
u06-003694,user3694@example.com,2026-04-28,US
u06-003695,user3695@mail.co.in,2026-02-15,AU
u06-003696,user3696@example.com,2026-09-27,AU
u06-003697,user3697@mail.co.in,2026-06-25,AU
u06-003698,user3698@uni.edu,2026-08-10,DE
u06-003699,user3699@mail.co.in,2026-09-27,DE
u06-003700,user3700@mail.co.in,2026-03-22,DE
u06-003701,user3701@mail.co.in,2026-01-11,AU
u06-003702,user3702@corp.io,2026-02-10,US
u06-003703,user3703@corp.io,2026-08-23,US
u06-003704,user3704@uni.edu,2026-04-23,US
u06-003705,user3705@corp.io,2026-08-21,SG
u06-003706,user3706@uni.edu,2026-03-26,SG
u06-003707,user3707@corp.io,2026-01-13,DE
u06-003708,user3708@uni.edu,2026-06-18,DE
u06-003709,user3709@corp.io,2026-04-12,AU
u06-003710,user3710@uni.edu,2026-09-17,IN
u06-003711,user3711@uni.edu,2026-04-15,US
u06-003712,user3712@corp.io,2026-02-19,AU
u06-003713,user3713@mail.co.in,2026-01-13,US
u06-003714,user3714@mail.co.in,2026-06-10,IN
u06-003715,user3715@mail.co.in,2026-06-20,IN
u06-003716,user3716@mail.co.in,2026-08-22,AU
u06-003717,user3717@uni.edu,2026-06-17,US
u06-003718,user3718@mail.co.in,2026-05-15,IN
u06-003719,user3719@uni.edu,2026-01-24,AU
u06-003720,user3720@uni.edu,2026-02-11,AU
u06-003721,user3721@uni.edu,2026-04-26,GB
u06-003722,user3722@uni.edu,2026-06-19,DE
u06-003723,user3723@uni.edu,2026-07-23,AU
u06-003724,user3724@uni.edu,2026-03-21,DE
u06-003725,user3725@example.com,2026-06-14,DE
u06-003726,user3726@example.com,2026-06-14,AU
u06-003727,user3727@mail.co.in,2026-04-21,US
u06-003728,user3728@example.com,2026-09-27,GB
u06-003729,user3729@example.com,2026-09-11,IN
u06-003730,user3730@uni.edu,2026-03-22,DE
u06-003731,user3731@example.com,2026-07-16,AU
u06-003732,user3732@mail.co.in,2026-07-14,US
u06-003733,user3733@uni.edu,2026-08-23,AU
u06-003734,user3734@corp.io,2026-08-19,GB
u06-003735,user3735@corp.io,2026-02-19,SG
u06-003736,user3736@corp.io,2026-09-12,IN
u06-003737,user3737@corp.io,2026-06-10,GB
u06-003738,user3738@corp.io,2026-05-28,GB
u06-003739,user3739@uni.edu,2026-07-17,DE
u06-003740,user3740@mail.co.in,2026-04-17,US
u06-003741,user3741@corp.io,2026-01-18,DE
u06-003742,user3742@corp.io,2026-07-17,US
u06-003743,user3743@mail.co.in,2026-07-23,GB
u06-003744,user3744@corp.io,2026-09-19,DE
u06-003745,user3745@mail.co.in,2026-05-22,SG
u06-003746,user3746@mail.co.in,2026-07-15,DE
u06-003747,user3747@corp.io,2026-07-21,AU
u06-003748,user3748@mail.co.in,2026-09-25,DE
u06-003749,user3749@example.com,2026-06-13,DE
u06-003750,user3750@uni.edu,2026-05-15,AU
u06-003751,user3751@uni.edu,2026-02-23,US
u06-003752,user3752@corp.io,2026-06-25,AU
u06-003753,user3753@mail.co.in,2026-06-21,DE
u06-003754,user3754@example.com,2026-05-25,GB
u06-003755,user3755@corp.io,2026-04-15,IN
u06-003756,user3756@uni.edu,2026-02-20,IN
u06-003757,user3757@mail.co.in,2026-09-11,US
u06-003758,user3758@mail.co.in,2026-04-19,US
u06-003759,user3759@uni.edu,2026-02-14,US
u06-003760,user3760@example.com,2026-01-16,US
u06-003761,user3761@corp.io,2026-01-28,GB
u06-003762,user3762@corp.io,2026-02-14,SG
u06-003763,user3763@corp.io,2026-04-16,AU
u06-003764,user3764@corp.io,2026-08-10,DE
u06-003765,user3765@mail.co.in,2026-06-24,SG
u06-003766,user3766@example.com,2026-02-17,AU
u06-003767,user3767@corp.io,2026-05-17,AU
u06-003768,user3768@corp.io,2026-09-15,SG
u06-003769,user3769@example.com,2026-08-25,DE
u06-003770,user3770@corp.io,2026-03-17,SG
u06-003771,user3771@example.com,2026-02-20,DE
u06-003772,user3772@mail.co.in,2026-06-28,DE
u06-003773,user3773@mail.co.in,2026-05-28,SG
u06-003774,user3774@uni.edu,2026-03-13,AU
u06-003775,user3775@mail.co.in,2026-06-22,US
u06-003776,user3776@example.com,2026-06-22,DE
u06-003777,user3777@corp.io,2026-09-27,DE
u06-003778,user3778@uni.edu,2026-04-10,AU
u06-003779,user3779@mail.co.in,2026-04-16,SG
u06-003780,user3780@example.com,2026-09-27,AU
u06-003781,user3781@uni.edu,2026-01-25,US
u06-003782,user3782@mail.co.in,2026-02-23,SG
u06-003783,user3783@example.com,2026-07-21,IN
u06-003784,user3784@mail.co.in,2026-06-22,SG
u06-003785,user3785@uni.edu,2026-02-12,US
u06-003786,user3786@example.com,2026-03-13,US
u06-003787,user3787@corp.io,2026-08-16,US
u06-003788,user3788@example.com,2026-09-16,DE
u06-003789,user3789@corp.io,2026-02-23,GB
u06-003790,user3790@uni.edu,2026-08-13,SG
u06-003791,user3791@mail.co.in,2026-09-21,AU
u06-003792,user3792@corp.io,2026-09-15,SG
u06-003793,user3793@mail.co.in,2026-01-27,DE
u06-003794,user3794@uni.edu,2026-02-24,IN
u06-003795,user3795@mail.co.in,2026-07-10,GB
u06-003796,user3796@corp.io,2026-08-21,US
u06-003797,user3797@example.com,2026-05-11,SG
u06-003798,user3798@example.com,2026-09-17,SG
u06-003799,user3799@uni.edu,2026-07-17,IN
u06-003800,user3800@uni.edu,2026-03-14,US
u06-003801,user3801@example.com,2026-01-17,SG
u06-003802,user3802@uni.edu,2026-09-21,SG
u06-003803,user3803@mail.co.in,2026-09-20,GB
u06-003804,user3804@corp.io,2026-01-21,SG
u06-003805,user3805@corp.io,2026-07-21,SG
u06-003806,user3806@example.com,2026-05-17,US
u06-003807,user3807@mail.co.in,2026-06-25,DE
u06-003808,user3808@uni.edu,2026-04-21,DE
u06-003809,user3809@corp.io,2026-07-19,US
u06-003810,user3810@corp.io,2026-06-22,GB
u06-003811,user3811@example.com,2026-08-12,SG
u06-003812,user3812@mail.co.in,2026-03-28,US
u06-003813,user3813@uni.edu,2026-03-25,SG
u06-003814,user3814@uni.edu,2026-02-17,IN
u06-003815,user3815@uni.edu,2026-01-19,US
u06-003816,user3816@mail.co.in,2026-07-14,AU
u06-003817,user3817@corp.io,2026-04-13,DE
u06-003818,user3818@corp.io,2026-09-11,SG
u06-003819,user3819@mail.co.in,2026-01-12,AU
u06-003820,user3820@mail.co.in,2026-04-12,AU
u06-003821,user3821@corp.io,2026-07-11,DE
u06-003822,user3822@corp.io,2026-05-27,GB
u06-003823,user3823@uni.edu,2026-07-12,IN
u06-003824,user3824@corp.io,2026-07-15,SG
u06-003825,user3825@uni.edu,2026-07-25,IN
u06-003826,user3826@uni.edu,2026-01-18,US
u06-003827,user3827@corp.io,2026-04-22,AU
u06-003828,user3828@example.com,2026-03-28,SG
u06-003829,user3829@mail.co.in,2026-07-13,IN
u06-003830,user3830@corp.io,2026-04-16,GB
u06-003831,user3831@example.com,2026-04-23,DE
u06-003832,user3832@example.com,2026-01-10,DE
u06-003833,user3833@example.com,2026-07-19,IN
u06-003834,user3834@uni.edu,2026-06-11,SG
u06-003835,user3835@uni.edu,2026-05-25,US
u06-003836,user3836@mail.co.in,2026-04-17,SG
u06-003837,user3837@mail.co.in,2026-08-28,IN
u06-003838,user3838@example.com,2026-07-24,AU
u06-003839,user3839@uni.edu,2026-08-23,SG
u06-003840,user3840@mail.co.in,2026-03-22,SG
u06-003841,user3841@mail.co.in,2026-03-28,IN
u06-003842,user3842@uni.edu,2026-09-20,SG
u06-003843,user3843@mail.co.in,2026-03-22,DE
u06-003844,user3844@uni.edu,2026-07-25,AU
u06-003845,user3845@uni.edu,2026-02-25,GB
u06-003846,user3846@uni.edu,2026-05-27,SG
u06-003847,user3847@corp.io,2026-02-24,IN
u06-003848,user3848@mail.co.in,2026-05-12,AU
u06-003849,user3849@example.com,2026-08-22,DE
u06-003850,user3850@example.com,2026-02-21,IN
u06-003851,user3851@corp.io,2026-07-28,GB
u06-003852,user3852@corp.io,2026-07-15,SG
u06-003853,user3853@mail.co.in,2026-02-13,AU
u06-003854,user3854@corp.io,2026-02-10,US
u06-003855,user3855@mail.co.in,2026-09-26,US
u06-003856,user3856@uni.edu,2026-02-17,SG
u06-003857,user3857@example.com,2026-03-25,US
u06-003858,user3858@example.com,2026-09-22,IN
u06-003859,user3859@mail.co.in,2026-05-24,IN
u06-003860,user3860@mail.co.in,2026-01-10,DE
u06-003861,user3861@uni.edu,2026-08-10,US
u06-003862,user3862@example.com,2026-09-20,GB
u06-003863,user3863@corp.io,2026-03-14,AU
u06-003864,user3864@example.com,2026-01-17,US
u06-003865,user3865@uni.edu,2026-01-13,DE
u06-003866,user3866@mail.co.in,2026-02-22,US
u06-003867,user3867@corp.io,2026-03-26,AU
u06-003868,user3868@example.com,2026-09-11,US
u06-003869,user3869@example.com,2026-04-15,DE
u06-003870,user3870@example.com,2026-05-11,GB
u06-003871,user3871@mail.co.in,2026-06-23,SG
u06-003872,user3872@uni.edu,2026-06-27,DE
u06-003873,user3873@example.com,2026-03-24,AU
u06-003874,user3874@corp.io,2026-09-12,DE
u06-003875,user3875@mail.co.in,2026-05-16,SG
u06-003876,user3876@corp.io,2026-01-20,DE
u06-003877,user3877@example.com,2026-01-12,US
u06-003878,user3878@corp.io,2026-09-17,IN
u06-003879,user3879@example.com,2026-04-25,AU
u06-003880,user3880@mail.co.in,2026-07-13,IN
u06-003881,user3881@corp.io,2026-04-17,IN
u06-003882,user3882@uni.edu,2026-08-22,GB
u06-003883,user3883@uni.edu,2026-05-21,GB
u06-003884,user3884@corp.io,2026-03-22,IN
u06-003885,user3885@example.com,2026-01-28,US
u06-003886,user3886@mail.co.in,2026-06-17,SG
u06-003887,user3887@mail.co.in,2026-08-28,IN
u06-003888,user3888@example.com,2026-08-11,DE
u06-003889,user3889@uni.edu,2026-04-15,DE
u06-003890,user3890@uni.edu,2026-07-18,DE
u06-003891,user3891@uni.edu,2026-09-13,DE
u06-003892,user3892@mail.co.in,2026-07-22,DE
u06-003893,user3893@example.com,2026-05-27,AU
u06-003894,user3894@example.com,2026-06-13,SG
u06-003895,user3895@example.com,2026-04-27,DE
u06-003896,user3896@corp.io,2026-04-26,AU
u06-003897,user3897@mail.co.in,2026-05-19,IN
u06-003898,user3898@uni.edu,2026-05-23,DE
u06-003899,user3899@corp.io,2026-03-14,DE
u06-003900,user3900@corp.io,2026-06-22,DE
u06-003901,user3901@corp.io,2026-08-21,GB
u06-003902,user3902@uni.edu,2026-09-10,US
u06-003903,user3903@uni.edu,2026-06-19,IN
u06-003904,user3904@example.com,2026-05-22,GB
u06-003905,user3905@example.com,2026-01-15,AU
u06-003906,user3906@mail.co.in,2026-09-15,DE
u06-003907,user3907@example.com,2026-09-22,SG
u06-003908,user3908@corp.io,2026-03-22,GB
u06-003909,user3909@mail.co.in,2026-07-14,SG
u06-003910,user3910@uni.edu,2026-02-28,AU
u06-003911,user3911@corp.io,2026-05-25,AU
u06-003912,user3912@corp.io,2026-05-18,DE
u06-003913,user3913@corp.io,2026-05-14,SG
u06-003914,user3914@example.com,2026-09-20,SG
u06-003915,user3915@uni.edu,2026-08-19,DE
u06-003916,user3916@corp.io,2026-04-13,GB
u06-003917,user3917@mail.co.in,2026-08-16,GB
u06-003918,user3918@mail.co.in,2026-09-11,DE
u06-003919,user3919@uni.edu,2026-05-26,GB
u06-003920,user3920@corp.io,2026-01-12,GB
u06-003921,user3921@example.com,2026-09-27,US
u06-003922,user3922@mail.co.in,2026-06-13,AU
u06-003923,user3923@corp.io,2026-06-14,GB
u06-003924,user3924@example.com,2026-02-23,SG
u06-003925,user3925@uni.edu,2026-04-25,AU
u06-003926,user3926@corp.io,2026-03-20,DE
u06-003927,user3927@corp.io,2026-09-26,US
u06-003928,user3928@uni.edu,2026-01-16,US
u06-003929,user3929@corp.io,2026-02-11,GB
u06-003930,user3930@example.com,2026-01-13,GB
u06-003931,user3931@mail.co.in,2026-09-22,AU
u06-003932,user3932@uni.edu,2026-02-13,AU
u06-003933,user3933@uni.edu,2026-04-28,US
u06-003934,user3934@mail.co.in,2026-01-28,US
u06-003935,user3935@mail.co.in,2026-08-20,AU
u06-003936,user3936@mail.co.in,2026-09-22,GB
u06-003937,user3937@example.com,2026-02-11,IN
u06-003938,user3938@uni.edu,2026-03-22,GB
u06-003939,user3939@corp.io,2026-03-27,AU
u06-003940,user3940@corp.io,2026-09-10,GB
u06-003941,user3941@corp.io,2026-05-28,SG
u06-003942,user3942@mail.co.in,2026-03-27,SG
u06-003943,user3943@mail.co.in,2026-03-12,IN
u06-003944,user3944@corp.io,2026-07-26,US
u06-003945,user3945@mail.co.in,2026-01-23,GB
u06-003946,user3946@uni.edu,2026-02-19,GB
u06-003947,user3947@uni.edu,2026-04-13,IN
u06-003948,user3948@corp.io,2026-09-11,DE
u06-003949,user3949@corp.io,2026-04-21,GB
u06-003950,user3950@corp.io,2026-02-23,SG
u06-003951,user3951@uni.edu,2026-07-22,GB
u06-003952,user3952@example.com,2026-01-24,DE
u06-003953,user3953@example.com,2026-07-18,SG
u06-003954,user3954@mail.co.in,2026-04-16,SG
u06-003955,user3955@uni.edu,2026-06-16,GB
u06-003956,user3956@uni.edu,2026-01-22,GB
u06-003957,user3957@example.com,2026-08-23,DE
u06-003958,user3958@corp.io,2026-03-28,DE
u06-003959,user3959@corp.io,2026-09-17,AU
u06-003960,user3960@uni.edu,2026-07-21,GB
u06-003961,user3961@corp.io,2026-02-14,IN
u06-003962,user3962@example.com,2026-03-23,GB
u06-003963,user3963@corp.io,2026-06-19,DE
u06-003964,user3964@corp.io,2026-06-21,GB
u06-003965,user3965@corp.io,2026-04-14,SG
u06-003966,user3966@corp.io,2026-01-18,AU
u06-003967,user3967@example.com,2026-03-27,SG
u06-003968,user3968@corp.io,2026-08-11,IN
u06-003969,user3969@corp.io,2026-09-16,DE
u06-003970,user3970@example.com,2026-08-15,IN
u06-003971,user3971@uni.edu,2026-08-11,SG
u06-003972,user3972@corp.io,2026-01-15,AU
u06-003973,user3973@example.com,2026-02-25,US
u06-003974,user3974@mail.co.in,2026-06-23,SG
u06-003975,user3975@uni.edu,2026-02-18,US
u06-003976,user3976@uni.edu,2026-01-15,SG
u06-003977,user3977@mail.co.in,2026-09-21,AU
u06-003978,user3978@example.com,2026-06-16,AU
u06-003979,user3979@example.com,2026-08-15,DE
u06-003980,user3980@example.com,2026-04-23,SG
u06-003981,user3981@uni.edu,2026-09-23,IN
u06-003982,user3982@corp.io,2026-01-15,GB
u06-003983,user3983@example.com,2026-08-19,DE
u06-003984,user3984@uni.edu,2026-08-15,US
u06-003985,user3985@corp.io,2026-01-20,AU
u06-003986,user3986@uni.edu,2026-08-11,GB
u06-003987,user3987@example.com,2026-06-10,AU
u06-003988,user3988@mail.co.in,2026-03-20,GB
u06-003989,user3989@uni.edu,2026-09-21,DE
u06-003990,user3990@uni.edu,2026-09-16,IN
u06-003991,user3991@example.com,2026-03-27,GB
u06-003992,user3992@uni.edu,2026-02-18,AU
u06-003993,user3993@corp.io,2026-08-28,US
u06-003994,user3994@example.com,2026-04-23,GB
u06-003995,user3995@uni.edu,2026-01-21,SG
u06-003996,user3996@corp.io,2026-07-10,DE
u06-003997,user3997@corp.io,2026-03-22,US
u06-003998,user3998@uni.edu,2026-03-17,SG
u06-003999,user3999@example.com,2026-06-18,SG
u06-004000,user4000@corp.io,2026-08-25,IN
u06-004001,user4001@uni.edu,2026-05-16,AU
u06-004002,user4002@example.com,2026-06-20,DE
u06-004003,user4003@uni.edu,2026-06-16,IN
u06-004004,user4004@corp.io,2026-02-23,US
u06-004005,user4005@uni.edu,2026-03-11,DE
u06-004006,user4006@mail.co.in,2026-02-12,US
u06-004007,user4007@mail.co.in,2026-05-26,IN
u06-004008,user4008@uni.edu,2026-01-11,GB
u06-004009,user4009@corp.io,2026-03-18,US
u06-004010,user4010@uni.edu,2026-08-25,IN
u06-004011,user4011@corp.io,2026-07-28,GB
u06-004012,user4012@uni.edu,2026-04-16,GB
u06-004013,user4013@uni.edu,2026-02-23,SG
u06-004014,user4014@uni.edu,2026-07-27,AU
u06-004015,user4015@corp.io,2026-08-12,IN
u06-004016,user4016@example.com,2026-07-25,US
u06-004017,user4017@uni.edu,2026-06-18,US
u06-004018,user4018@uni.edu,2026-03-21,DE
u06-004019,user4019@uni.edu,2026-03-25,AU
u06-004020,user4020@mail.co.in,2026-06-24,SG
u06-004021,user4021@uni.edu,2026-02-26,AU
u06-004022,user4022@uni.edu,2026-07-27,US
u06-004023,user4023@example.com,2026-03-10,SG
u06-004024,user4024@corp.io,2026-02-16,GB
u06-004025,user4025@uni.edu,2026-01-21,AU
u06-004026,user4026@example.com,2026-04-25,GB
u06-004027,user4027@mail.co.in,2026-07-28,GB
u06-004028,user4028@corp.io,2026-06-23,SG
u06-004029,user4029@mail.co.in,2026-05-20,DE
u06-004030,user4030@uni.edu,2026-04-21,AU
u06-004031,user4031@example.com,2026-08-12,GB
u06-004032,user4032@corp.io,2026-09-12,IN
u06-004033,user4033@example.com,2026-06-26,GB
u06-004034,user4034@uni.edu,2026-07-26,GB
u06-004035,user4035@example.com,2026-01-27,US
u06-004036,user4036@mail.co.in,2026-06-25,SG
u06-004037,user4037@uni.edu,2026-05-26,SG
u06-004038,user4038@uni.edu,2026-09-16,GB
u06-004039,user4039@corp.io,2026-08-22,DE
u06-004040,user4040@mail.co.in,2026-02-12,GB
u06-004041,user4041@example.com,2026-07-22,DE
u06-004042,user4042@uni.edu,2026-03-12,US
u06-004043,user4043@mail.co.in,2026-05-21,SG
u06-004044,user4044@example.com,2026-09-15,DE
u06-004045,user4045@example.com,2026-06-15,SG
u06-004046,user4046@corp.io,2026-03-22,IN
u06-004047,user4047@mail.co.in,2026-05-25,AU
u06-004048,user4048@mail.co.in,2026-08-20,SG
u06-004049,user4049@uni.edu,2026-04-15,IN
u06-004050,user4050@example.com,2026-05-21,US
u06-004051,user4051@uni.edu,2026-09-10,DE
u06-004052,user4052@mail.co.in,2026-01-16,SG
u06-004053,user4053@example.com,2026-01-24,US
u06-004054,user4054@mail.co.in,2026-02-14,AU
u06-004055,user4055@example.com,2026-03-24,US
u06-004056,user4056@example.com,2026-06-22,DE
u06-004057,user4057@mail.co.in,2026-09-16,SG
u06-004058,user4058@corp.io,2026-01-26,US
u06-004059,user4059@example.com,2026-04-15,GB
u06-004060,user4060@uni.edu,2026-04-27,DE
u06-004061,user4061@uni.edu,2026-02-13,AU
u06-004062,user4062@mail.co.in,2026-04-24,AU
u06-004063,user4063@uni.edu,2026-07-13,IN
u06-004064,user4064@example.com,2026-03-22,DE
u06-004065,user4065@mail.co.in,2026-05-14,US
u06-004066,user4066@uni.edu,2026-07-28,DE
u06-004067,user4067@corp.io,2026-06-14,US
u06-004068,user4068@uni.edu,2026-03-17,SG
u06-004069,user4069@example.com,2026-03-25,AU
u06-004070,user4070@uni.edu,2026-09-17,AU
u06-004071,user4071@corp.io,2026-09-17,DE
u06-004072,user4072@example.com,2026-05-15,DE
u06-004073,user4073@example.com,2026-07-26,SG
u06-004074,user4074@mail.co.in,2026-06-12,GB
u06-004075,user4075@uni.edu,2026-02-12,AU
u06-004076,user4076@uni.edu,2026-04-23,US
u06-004077,user4077@example.com,2026-03-20,GB
u06-004078,user4078@corp.io,2026-07-10,SG
u06-004079,user4079@corp.io,2026-02-19,DE
u06-004080,user4080@mail.co.in,2026-06-14,DE
u06-004081,user4081@example.com,2026-06-11,GB
u06-004082,user4082@uni.edu,2026-04-22,GB
u06-004083,user4083@corp.io,2026-07-22,AU
u06-004084,user4084@uni.edu,2026-07-11,SG
u06-004085,user4085@corp.io,2026-03-21,US
u06-004086,user4086@example.com,2026-02-18,GB
u06-004087,user4087@corp.io,2026-05-22,DE
u06-004088,user4088@mail.co.in,2026-07-12,DE
u06-004089,user4089@corp.io,2026-01-15,SG
u06-004090,user4090@uni.edu,2026-01-14,DE
u06-004091,user4091@example.com,2026-06-23,DE
u06-004092,user4092@example.com,2026-04-13,DE
u06-004093,user4093@corp.io,2026-04-10,GB
u06-004094,user4094@corp.io,2026-01-25,IN
u06-004095,user4095@example.com,2026-04-13,US
u06-004096,user4096@uni.edu,2026-08-25,IN
u06-004097,user4097@corp.io,2026-02-13,IN
u06-004098,user4098@example.com,2026-03-15,AU
u06-004099,user4099@corp.io,2026-04-22,GB
u06-004100,user4100@mail.co.in,2026-06-25,DE
u06-004101,user4101@uni.edu,2026-09-21,US
u06-004102,user4102@mail.co.in,2026-01-12,US
u06-004103,user4103@uni.edu,2026-04-27,DE
u06-004104,user4104@uni.edu,2026-02-20,GB
u06-004105,user4105@example.com,2026-07-16,IN
u06-004106,user4106@uni.edu,2026-06-27,SG
u06-004107,user4107@corp.io,2026-01-24,DE
u06-004108,user4108@uni.edu,2026-01-25,US
u06-004109,user4109@uni.edu,2026-04-10,SG
u06-004110,user4110@corp.io,2026-07-18,IN
u06-004111,user4111@example.com,2026-06-27,SG
u06-004112,user4112@uni.edu,2026-06-10,DE
u06-004113,user4113@uni.edu,2026-04-12,GB
u06-004114,user4114@mail.co.in,2026-07-23,DE
u06-004115,user4115@uni.edu,2026-06-25,GB
u06-004116,user4116@mail.co.in,2026-03-25,AU
u06-004117,user4117@uni.edu,2026-08-25,GB
u06-004118,user4118@corp.io,2026-06-19,AU
u06-004119,user4119@uni.edu,2026-01-24,IN
u06-004120,user4120@corp.io,2026-04-18,GB
u06-004121,user4121@uni.edu,2026-09-21,US
u06-004122,user4122@mail.co.in,2026-06-26,SG
u06-004123,user4123@uni.edu,2026-09-27,AU
u06-004124,user4124@mail.co.in,2026-09-27,US
u06-004125,user4125@example.com,2026-06-11,AU
u06-004126,user4126@example.com,2026-06-19,DE
u06-004127,user4127@mail.co.in,2026-06-25,GB
u06-004128,user4128@example.com,2026-08-28,SG
u06-004129,user4129@uni.edu,2026-05-26,GB
u06-004130,user4130@example.com,2026-06-11,IN
u06-004131,user4131@uni.edu,2026-07-21,US
u06-004132,user4132@uni.edu,2026-09-17,IN
u06-004133,user4133@mail.co.in,2026-06-25,DE
u06-004134,user4134@uni.edu,2026-02-13,GB
u06-004135,user4135@corp.io,2026-05-18,AU
u06-004136,user4136@uni.edu,2026-07-27,AU
u06-004137,user4137@mail.co.in,2026-04-17,DE
u06-004138,user4138@corp.io,2026-01-16,DE
u06-004139,user4139@corp.io,2026-05-16,US
u06-004140,user4140@corp.io,2026-03-16,SG
u06-004141,user4141@uni.edu,2026-03-19,GB
u06-004142,user4142@mail.co.in,2026-09-16,DE
u06-004143,user4143@uni.edu,2026-08-23,AU
u06-004144,user4144@corp.io,2026-06-14,GB
u06-004145,user4145@mail.co.in,2026-02-23,AU
u06-004146,user4146@example.com,2026-01-26,IN
u06-004147,user4147@example.com,2026-05-21,AU
u06-004148,user4148@uni.edu,2026-07-11,IN
u06-004149,user4149@example.com,2026-02-26,IN
u06-004150,user4150@corp.io,2026-03-23,DE
u06-004151,user4151@mail.co.in,2026-03-26,SG
u06-004152,user4152@example.com,2026-08-28,SG
u06-004153,user4153@example.com,2026-05-25,US
u06-004154,user4154@uni.edu,2026-09-12,US
u06-004155,user4155@uni.edu,2026-05-25,AU
u06-004156,user4156@uni.edu,2026-09-17,IN
u06-004157,user4157@example.com,2026-03-18,US
u06-004158,user4158@uni.edu,2026-04-10,US
u06-004159,user4159@example.com,2026-06-10,US
u06-004160,user4160@example.com,2026-06-24,US
u06-004161,user4161@uni.edu,2026-02-13,GB
u06-004162,user4162@uni.edu,2026-08-24,DE
u06-004163,user4163@uni.edu,2026-04-27,IN
u06-004164,user4164@mail.co.in,2026-02-24,IN
u06-004165,user4165@uni.edu,2026-04-27,SG
u06-004166,user4166@corp.io,2026-07-22,US
u06-004167,user4167@corp.io,2026-01-17,SG
u06-004168,user4168@uni.edu,2026-07-24,GB
u06-004169,user4169@uni.edu,2026-04-12,GB
u06-004170,user4170@corp.io,2026-02-23,GB
u06-004171,user4171@mail.co.in,2026-03-22,SG
u06-004172,user4172@mail.co.in,2026-03-16,GB
u06-004173,user4173@mail.co.in,2026-02-27,AU
u06-004174,user4174@example.com,2026-02-12,SG
u06-004175,user4175@corp.io,2026-09-19,IN
u06-004176,user4176@corp.io,2026-01-10,GB
u06-004177,user4177@uni.edu,2026-03-26,DE
u06-004178,user4178@corp.io,2026-02-22,GB
u06-004179,user4179@example.com,2026-08-23,US
u06-004180,user4180@corp.io,2026-06-11,AU
u06-004181,user4181@corp.io,2026-09-21,DE
u06-004182,user4182@mail.co.in,2026-06-16,AU
u06-004183,user4183@example.com,2026-05-24,GB
u06-004184,user4184@example.com,2026-01-18,US
u06-004185,user4185@example.com,2026-07-12,AU
u06-004186,user4186@uni.edu,2026-08-24,US
u06-004187,user4187@uni.edu,2026-02-20,DE
u06-004188,user4188@uni.edu,2026-04-23,DE
u06-004189,user4189@corp.io,2026-01-15,DE
u06-004190,user4190@example.com,2026-01-13,SG
u06-004191,user4191@corp.io,2026-07-17,US
u06-004192,user4192@mail.co.in,2026-03-10,AU
u06-004193,user4193@corp.io,2026-03-23,US
u06-004194,user4194@uni.edu,2026-07-26,AU
u06-004195,user4195@example.com,2026-02-25,DE
u06-004196,user4196@example.com,2026-04-20,AU
u06-004197,user4197@example.com,2026-06-15,GB
u06-004198,user4198@mail.co.in,2026-05-27,DE
u06-004199,user4199@mail.co.in,2026-02-15,AU
u06-004200,user4200@example.com,2026-02-19,GB
u06-004201,user4201@mail.co.in,2026-08-24,GB
u06-004202,user4202@example.com,2026-09-23,DE
u06-004203,user4203@example.com,2026-01-22,GB
u06-004204,user4204@corp.io,2026-04-12,US
u06-004205,user4205@uni.edu,2026-04-19,SG
u06-004206,user4206@example.com,2026-07-10,SG
u06-004207,user4207@mail.co.in,2026-02-19,GB
u06-004208,user4208@example.com,2026-06-25,GB
u06-004209,user4209@uni.edu,2026-05-28,SG
u06-004210,user4210@mail.co.in,2026-04-10,SG
u06-004211,user4211@uni.edu,2026-04-22,GB
u06-004212,user4212@example.com,2026-06-14,AU
u06-004213,user4213@uni.edu,2026-06-23,IN
u06-004214,user4214@uni.edu,2026-03-12,GB
u06-004215,user4215@uni.edu,2026-03-21,US
u06-004216,user4216@mail.co.in,2026-08-13,US
u06-004217,user4217@uni.edu,2026-05-23,US
u06-004218,user4218@example.com,2026-07-23,US
u06-004219,user4219@example.com,2026-05-21,IN
u06-004220,user4220@mail.co.in,2026-04-24,US
u06-004221,user4221@mail.co.in,2026-06-23,GB
u06-004222,user4222@example.com,2026-04-13,SG
u06-004223,user4223@example.com,2026-05-21,IN
u06-004224,user4224@uni.edu,2026-09-21,AU
u06-004225,user4225@corp.io,2026-05-23,SG
u06-004226,user4226@mail.co.in,2026-04-24,SG
u06-004227,user4227@mail.co.in,2026-05-16,US
u06-004228,user4228@mail.co.in,2026-01-15,DE
u06-004229,user4229@corp.io,2026-07-18,IN
u06-004230,user4230@example.com,2026-01-17,AU
u06-004231,user4231@mail.co.in,2026-09-24,IN
u06-004232,user4232@mail.co.in,2026-09-10,GB
u06-004233,user4233@corp.io,2026-07-15,AU
u06-004234,user4234@example.com,2026-01-27,US
u06-004235,user4235@corp.io,2026-06-27,US
u06-004236,user4236@example.com,2026-07-11,AU
u06-004237,user4237@uni.edu,2026-08-19,AU
u06-004238,user4238@corp.io,2026-05-13,US
u06-004239,user4239@uni.edu,2026-07-12,SG
u06-004240,user4240@example.com,2026-07-15,AU
u06-004241,user4241@corp.io,2026-01-24,IN
u06-004242,user4242@example.com,2026-07-19,GB
u06-004243,user4243@corp.io,2026-04-25,GB
u06-004244,user4244@mail.co.in,2026-02-28,SG
u06-004245,user4245@example.com,2026-06-20,GB
u06-004246,user4246@mail.co.in,2026-03-22,IN
u06-004247,user4247@uni.edu,2026-01-25,GB
u06-004248,user4248@uni.edu,2026-06-20,DE
u06-004249,user4249@mail.co.in,2026-09-12,SG
u06-004250,user4250@mail.co.in,2026-08-23,AU
u06-004251,user4251@example.com,2026-09-16,DE
u06-004252,user4252@uni.edu,2026-05-21,AU
u06-004253,user4253@mail.co.in,2026-03-17,DE
u06-004254,user4254@mail.co.in,2026-09-25,DE
u06-004255,user4255@corp.io,2026-03-24,IN
u06-004256,user4256@example.com,2026-02-21,AU
u06-004257,user4257@uni.edu,2026-02-21,US
u06-004258,user4258@corp.io,2026-04-26,IN
u06-004259,user4259@mail.co.in,2026-09-26,IN
u06-004260,user4260@mail.co.in,2026-01-12,SG
u06-004261,user4261@mail.co.in,2026-03-24,SG
u06-004262,user4262@corp.io,2026-03-10,AU
u06-004263,user4263@uni.edu,2026-04-19,DE
u06-004264,user4264@uni.edu,2026-06-28,GB
u06-004265,user4265@mail.co.in,2026-01-26,US
u06-004266,user4266@example.com,2026-03-13,SG
u06-004267,user4267@uni.edu,2026-02-22,AU
u06-004268,user4268@example.com,2026-07-13,IN
u06-004269,user4269@example.com,2026-04-19,AU
u06-004270,user4270@corp.io,2026-02-18,GB
u06-004271,user4271@corp.io,2026-09-17,AU
u06-004272,user4272@example.com,2026-03-25,GB
u06-004273,user4273@mail.co.in,2026-06-16,US
u06-004274,user4274@mail.co.in,2026-02-11,US
u06-004275,user4275@uni.edu,2026-02-10,IN
u06-004276,user4276@uni.edu,2026-02-12,GB
u06-004277,user4277@uni.edu,2026-09-14,IN
u06-004278,user4278@corp.io,2026-09-23,US
u06-004279,user4279@example.com,2026-04-18,DE
u06-004280,user4280@uni.edu,2026-02-28,US
u06-004281,user4281@mail.co.in,2026-08-13,DE
u06-004282,user4282@corp.io,2026-01-11,IN
u06-004283,user4283@mail.co.in,2026-01-28,DE
u06-004284,user4284@uni.edu,2026-05-14,IN
u06-004285,user4285@mail.co.in,2026-03-27,AU
u06-004286,user4286@uni.edu,2026-08-11,AU
u06-004287,user4287@mail.co.in,2026-07-18,DE
u06-004288,user4288@mail.co.in,2026-06-18,SG
u06-004289,user4289@uni.edu,2026-03-12,DE
u06-004290,user4290@example.com,2026-08-27,IN
u06-004291,user4291@corp.io,2026-01-15,GB
u06-004292,user4292@mail.co.in,2026-03-20,SG
u06-004293,user4293@mail.co.in,2026-05-26,IN
u06-004294,user4294@corp.io,2026-03-22,IN
u06-004295,user4295@mail.co.in,2026-06-16,IN
u06-004296,user4296@example.com,2026-05-24,GB
u06-004297,user4297@uni.edu,2026-06-21,AU
u06-004298,user4298@corp.io,2026-07-14,DE
u06-004299,user4299@corp.io,2026-06-12,US
u06-004300,user4300@mail.co.in,2026-03-14,SG
u06-004301,user4301@example.com,2026-01-26,IN
u06-004302,user4302@example.com,2026-06-16,US
u06-004303,user4303@uni.edu,2026-02-28,GB
u06-004304,user4304@uni.edu,2026-02-20,DE
u06-004305,user4305@corp.io,2026-06-23,GB
u06-004306,user4306@uni.edu,2026-02-19,SG
u06-004307,user4307@corp.io,2026-02-21,SG
u06-004308,user4308@mail.co.in,2026-03-25,DE
u06-004309,user4309@example.com,2026-04-17,DE
u06-004310,user4310@uni.edu,2026-03-27,GB
u06-004311,user4311@mail.co.in,2026-04-17,AU
u06-004312,user4312@mail.co.in,2026-06-20,US
u06-004313,user4313@uni.edu,2026-07-26,US
u06-004314,user4314@corp.io,2026-04-19,IN
u06-004315,user4315@uni.edu,2026-04-21,DE
u06-004316,user4316@example.com,2026-06-13,IN
u06-004317,user4317@example.com,2026-08-17,AU
u06-004318,user4318@example.com,2026-08-20,SG
u06-004319,user4319@uni.edu,2026-02-26,SG
u06-004320,user4320@corp.io,2026-08-15,IN
u06-004321,user4321@example.com,2026-09-24,GB
u06-004322,user4322@mail.co.in,2026-06-21,SG
u06-004323,user4323@corp.io,2026-09-25,US
u06-004324,user4324@example.com,2026-06-20,SG
u06-004325,user4325@example.com,2026-02-11,SG
u06-004326,user4326@example.com,2026-02-14,GB
u06-004327,user4327@example.com,2026-01-17,DE
u06-004328,user4328@mail.co.in,2026-08-28,GB
u06-004329,user4329@uni.edu,2026-05-28,US
u06-004330,user4330@mail.co.in,2026-02-25,US
u06-004331,user4331@corp.io,2026-03-14,US
u06-004332,user4332@uni.edu,2026-08-14,SG
u06-004333,user4333@uni.edu,2026-02-17,GB
u06-004334,user4334@uni.edu,2026-02-27,SG
u06-004335,user4335@uni.edu,2026-05-25,US
u06-004336,user4336@corp.io,2026-09-15,AU
u06-004337,user4337@uni.edu,2026-06-26,DE
u06-004338,user4338@mail.co.in,2026-09-22,DE
u06-004339,user4339@example.com,2026-07-17,AU
u06-004340,user4340@example.com,2026-09-19,IN
u06-004341,user4341@corp.io,2026-05-18,GB
u06-004342,user4342@uni.edu,2026-05-15,SG
u06-004343,user4343@corp.io,2026-04-24,GB
u06-004344,user4344@uni.edu,2026-05-26,AU
u06-004345,user4345@uni.edu,2026-08-25,AU
u06-004346,user4346@corp.io,2026-02-12,IN
u06-004347,user4347@corp.io,2026-04-20,AU
u06-004348,user4348@mail.co.in,2026-09-26,GB
u06-004349,user4349@mail.co.in,2026-08-28,AU
u06-004350,user4350@uni.edu,2026-04-16,DE
u06-004351,user4351@uni.edu,2026-08-18,GB
u06-004352,user4352@mail.co.in,2026-06-12,US
u06-004353,user4353@example.com,2026-08-12,AU
u06-004354,user4354@mail.co.in,2026-03-15,SG
u06-004355,user4355@corp.io,2026-01-24,IN
u06-004356,user4356@corp.io,2026-07-19,GB
u06-004357,user4357@example.com,2026-03-14,AU
u06-004358,user4358@corp.io,2026-06-26,IN
u06-004359,user4359@uni.edu,2026-09-12,GB
u06-004360,user4360@example.com,2026-04-27,US
u06-004361,user4361@mail.co.in,2026-06-23,GB
u06-004362,user4362@corp.io,2026-06-13,IN
u06-004363,user4363@example.com,2026-05-24,US
u06-004364,user4364@corp.io,2026-09-18,GB
u06-004365,user4365@example.com,2026-08-25,US
u06-004366,user4366@corp.io,2026-02-26,GB
u06-004367,user4367@uni.edu,2026-08-17,US
u06-004368,user4368@corp.io,2026-08-15,GB
u06-004369,user4369@corp.io,2026-04-16,US
u06-004370,user4370@corp.io,2026-02-11,SG
u06-004371,user4371@corp.io,2026-01-10,AU
u06-004372,user4372@corp.io,2026-09-17,GB
u06-004373,user4373@example.com,2026-06-14,SG
u06-004374,user4374@uni.edu,2026-04-25,US
u06-004375,user4375@mail.co.in,2026-04-19,GB
u06-004376,user4376@uni.edu,2026-04-22,US
u06-004377,user4377@uni.edu,2026-03-21,SG
u06-004378,user4378@example.com,2026-09-21,US
u06-004379,user4379@mail.co.in,2026-02-20,DE
u06-004380,user4380@example.com,2026-08-10,DE
u06-004381,user4381@corp.io,2026-04-13,GB
u06-004382,user4382@uni.edu,2026-05-15,US
u06-004383,user4383@corp.io,2026-04-13,GB
u06-004384,user4384@example.com,2026-02-17,DE
u06-004385,user4385@corp.io,2026-03-10,IN
u06-004386,user4386@example.com,2026-08-24,US
u06-004387,user4387@example.com,2026-05-14,GB
u06-004388,user4388@uni.edu,2026-02-24,US
u06-004389,user4389@example.com,2026-06-17,SG
u06-004390,user4390@mail.co.in,2026-09-14,SG
u06-004391,user4391@mail.co.in,2026-07-24,GB
u06-004392,user4392@uni.edu,2026-02-18,US
u06-004393,user4393@mail.co.in,2026-03-24,US
u06-004394,user4394@uni.edu,2026-07-22,IN
u06-004395,user4395@mail.co.in,2026-05-15,IN
u06-004396,user4396@uni.edu,2026-01-21,GB
u06-004397,user4397@example.com,2026-07-27,AU
u06-004398,user4398@mail.co.in,2026-01-17,US
u06-004399,user4399@uni.edu,2026-06-19,GB
u06-004400,user4400@example.com,2026-03-22,IN
u06-004401,user4401@mail.co.in,2026-07-21,AU
u06-004402,user4402@mail.co.in,2026-04-27,US
u06-004403,user4403@uni.edu,2026-01-16,IN
u06-004404,user4404@example.com,2026-08-25,DE
u06-004405,user4405@mail.co.in,2026-02-26,SG
u06-004406,user4406@mail.co.in,2026-09-15,GB
u06-004407,user4407@uni.edu,2026-03-12,AU
u06-004408,user4408@example.com,2026-08-23,GB
u06-004409,user4409@mail.co.in,2026-05-10,GB
u06-004410,user4410@uni.edu,2026-06-13,SG
u06-004411,user4411@mail.co.in,2026-09-24,GB
u06-004412,user4412@mail.co.in,2026-08-18,GB
u06-004413,user4413@corp.io,2026-03-16,SG
u06-004414,user4414@example.com,2026-03-17,AU
u06-004415,user4415@corp.io,2026-07-28,AU
u06-004416,user4416@example.com,2026-06-15,AU
u06-004417,user4417@uni.edu,2026-01-25,IN
u06-004418,user4418@corp.io,2026-02-19,US
u06-004419,user4419@example.com,2026-03-23,GB
u06-004420,user4420@uni.edu,2026-03-27,SG
u06-004421,user4421@uni.edu,2026-03-26,GB
u06-004422,user4422@corp.io,2026-09-24,SG
u06-004423,user4423@mail.co.in,2026-02-18,IN
u06-004424,user4424@mail.co.in,2026-08-19,IN
u06-004425,user4425@corp.io,2026-09-24,IN
u06-004426,user4426@uni.edu,2026-01-16,AU
u06-004427,user4427@corp.io,2026-02-27,IN
u06-004428,user4428@mail.co.in,2026-06-15,DE
u06-004429,user4429@uni.edu,2026-01-21,IN
u06-004430,user4430@example.com,2026-01-26,DE
u06-004431,user4431@corp.io,2026-07-28,GB
u06-004432,user4432@corp.io,2026-04-26,US
u06-004433,user4433@mail.co.in,2026-06-11,AU
u06-004434,user4434@mail.co.in,2026-07-14,IN
u06-004435,user4435@corp.io,2026-05-14,DE
u06-004436,user4436@uni.edu,2026-06-15,US
u06-004437,user4437@uni.edu,2026-01-11,DE
u06-004438,user4438@mail.co.in,2026-04-23,DE
u06-004439,user4439@corp.io,2026-05-26,SG
u06-004440,user4440@uni.edu,2026-09-24,GB
u06-004441,user4441@uni.edu,2026-06-17,AU
u06-004442,user4442@mail.co.in,2026-02-16,AU
u06-004443,user4443@corp.io,2026-08-10,AU
u06-004444,user4444@mail.co.in,2026-02-23,SG
u06-004445,user4445@example.com,2026-09-15,IN
u06-004446,user4446@example.com,2026-01-20,DE
u06-004447,user4447@example.com,2026-04-18,SG
u06-004448,user4448@example.com,2026-09-25,DE
u06-004449,user4449@example.com,2026-06-22,IN
u06-004450,user4450@example.com,2026-06-11,IN
u06-004451,user4451@corp.io,2026-07-22,US
u06-004452,user4452@example.com,2026-07-27,SG
u06-004453,user4453@corp.io,2026-02-24,SG
u06-004454,user4454@example.com,2026-01-14,IN
u06-004455,user4455@uni.edu,2026-06-11,IN
u06-004456,user4456@example.com,2026-05-25,DE
u06-004457,user4457@example.com,2026-02-16,DE
u06-004458,user4458@corp.io,2026-08-10,IN
u06-004459,user4459@corp.io,2026-02-23,IN
u06-004460,user4460@corp.io,2026-01-11,IN
u06-004461,user4461@corp.io,2026-06-28,AU
u06-004462,user4462@example.com,2026-04-24,DE
u06-004463,user4463@example.com,2026-07-19,DE
u06-004464,user4464@example.com,2026-03-18,DE
u06-004465,user4465@uni.edu,2026-02-14,GB
u06-004466,user4466@uni.edu,2026-09-17,IN
u06-004467,user4467@corp.io,2026-03-26,DE
u06-004468,user4468@corp.io,2026-05-23,AU
u06-004469,user4469@example.com,2026-09-27,DE
u06-004470,user4470@mail.co.in,2026-03-16,GB
u06-004471,user4471@example.com,2026-07-26,GB
u06-004472,user4472@mail.co.in,2026-02-18,GB
u06-004473,user4473@uni.edu,2026-08-10,IN
u06-004474,user4474@example.com,2026-05-21,GB
u06-004475,user4475@uni.edu,2026-08-25,AU
u06-004476,user4476@mail.co.in,2026-05-18,AU
u06-004477,user4477@corp.io,2026-02-15,SG
u06-004478,user4478@corp.io,2026-04-15,AU
u06-004479,user4479@mail.co.in,2026-01-21,SG
u06-004480,user4480@corp.io,2026-03-28,SG
u06-004481,user4481@example.com,2026-03-24,SG
u06-004482,user4482@mail.co.in,2026-05-19,SG
u06-004483,user4483@corp.io,2026-07-12,DE
u06-004484,user4484@example.com,2026-06-16,AU
u06-004485,user4485@uni.edu,2026-01-27,IN
u06-004486,user4486@corp.io,2026-07-22,US
u06-004487,user4487@mail.co.in,2026-05-12,US
u06-004488,user4488@uni.edu,2026-05-27,DE
u06-004489,user4489@mail.co.in,2026-02-28,US
u06-004490,user4490@uni.edu,2026-09-26,US
u06-004491,user4491@corp.io,2026-05-27,DE
u06-004492,user4492@example.com,2026-07-24,AU
u06-004493,user4493@uni.edu,2026-01-27,DE
u06-004494,user4494@mail.co.in,2026-03-11,IN
u06-004495,user4495@example.com,2026-08-16,GB
u06-004496,user4496@corp.io,2026-09-14,IN
u06-004497,user4497@uni.edu,2026-08-11,AU
u06-004498,user4498@example.com,2026-06-26,SG
u06-004499,user4499@corp.io,2026-03-10,DE
u06-004500,user4500@mail.co.in,2026-05-24,AU
u06-004501,user4501@example.com,2026-09-12,SG
u06-004502,user4502@corp.io,2026-05-16,IN
u06-004503,user4503@corp.io,2026-04-17,US
u06-004504,user4504@corp.io,2026-05-25,IN
u06-004505,user4505@example.com,2026-05-13,AU
u06-004506,user4506@corp.io,2026-07-23,US
u06-004507,user4507@mail.co.in,2026-04-22,SG
u06-004508,user4508@uni.edu,2026-02-17,AU
u06-004509,user4509@corp.io,2026-01-13,DE
u06-004510,user4510@example.com,2026-09-17,AU
u06-004511,user4511@example.com,2026-03-11,AU
u06-004512,user4512@mail.co.in,2026-04-16,GB
u06-004513,user4513@corp.io,2026-07-22,GB
u06-004514,user4514@mail.co.in,2026-01-14,GB
u06-004515,user4515@corp.io,2026-09-19,GB
u06-004516,user4516@mail.co.in,2026-02-13,DE
u06-004517,user4517@uni.edu,2026-01-27,AU
u06-004518,user4518@corp.io,2026-02-15,DE
u06-004519,user4519@example.com,2026-06-17,SG
u06-004520,user4520@mail.co.in,2026-03-17,DE
u06-004521,user4521@example.com,2026-08-22,GB
u06-004522,user4522@corp.io,2026-02-12,DE
u06-004523,user4523@corp.io,2026-09-22,SG
u06-004524,user4524@example.com,2026-08-19,GB
u06-004525,user4525@mail.co.in,2026-06-24,AU
u06-004526,user4526@uni.edu,2026-06-24,AU
u06-004527,user4527@mail.co.in,2026-08-15,SG
u06-004528,user4528@mail.co.in,2026-06-16,US
u06-004529,user4529@mail.co.in,2026-08-28,DE
u06-004530,user4530@mail.co.in,2026-06-14,GB
u06-004531,user4531@example.com,2026-02-19,GB
u06-004532,user4532@uni.edu,2026-05-24,US
u06-004533,user4533@uni.edu,2026-02-11,AU
u06-004534,user4534@corp.io,2026-01-26,US
u06-004535,user4535@mail.co.in,2026-05-16,SG
u06-004536,user4536@example.com,2026-09-17,US
u06-004537,user4537@corp.io,2026-02-19,SG
u06-004538,user4538@uni.edu,2026-05-16,US
u06-004539,user4539@uni.edu,2026-08-20,DE
u06-004540,user4540@corp.io,2026-01-27,GB
u06-004541,user4541@example.com,2026-07-11,SG
u06-004542,user4542@corp.io,2026-06-14,SG
u06-004543,user4543@uni.edu,2026-01-28,SG
u06-004544,user4544@uni.edu,2026-06-17,SG
u06-004545,user4545@example.com,2026-03-22,US
u06-004546,user4546@uni.edu,2026-02-16,GB
u06-004547,user4547@corp.io,2026-04-11,DE
u06-004548,user4548@example.com,2026-08-15,AU
u06-004549,user4549@uni.edu,2026-02-14,SG
u06-004550,user4550@example.com,2026-08-21,US
u06-004551,user4551@corp.io,2026-06-14,AU
u06-004552,user4552@uni.edu,2026-09-15,AU
u06-004553,user4553@example.com,2026-04-17,SG
u06-004554,user4554@uni.edu,2026-06-12,IN
u06-004555,user4555@corp.io,2026-08-23,DE
u06-004556,user4556@mail.co.in,2026-07-22,GB
u06-004557,user4557@example.com,2026-07-10,AU
u06-004558,user4558@mail.co.in,2026-08-26,GB
u06-004559,user4559@example.com,2026-07-15,GB
u06-004560,user4560@mail.co.in,2026-05-26,AU
u06-004561,user4561@corp.io,2026-03-28,GB
u06-004562,user4562@mail.co.in,2026-05-28,US
u06-004563,user4563@corp.io,2026-06-24,DE
u06-004564,user4564@mail.co.in,2026-02-19,AU
u06-004565,user4565@example.com,2026-04-14,US
u06-004566,user4566@corp.io,2026-01-22,DE
u06-004567,user4567@corp.io,2026-07-24,DE
u06-004568,user4568@example.com,2026-08-24,GB
u06-004569,user4569@uni.edu,2026-05-20,US
u06-004570,user4570@corp.io,2026-09-22,DE
u06-004571,user4571@mail.co.in,2026-04-26,SG
u06-004572,user4572@example.com,2026-01-21,GB
u06-004573,user4573@example.com,2026-09-25,DE
u06-004574,user4574@corp.io,2026-01-16,GB
u06-004575,user4575@mail.co.in,2026-02-12,AU
u06-004576,user4576@example.com,2026-06-10,DE
u06-004577,user4577@mail.co.in,2026-09-10,US
u06-004578,user4578@uni.edu,2026-09-15,GB
u06-004579,user4579@mail.co.in,2026-04-26,US
u06-004580,user4580@uni.edu,2026-02-17,GB
u06-004581,user4581@corp.io,2026-04-11,US
u06-004582,user4582@example.com,2026-08-26,DE
u06-004583,user4583@uni.edu,2026-09-24,DE
u06-004584,user4584@example.com,2026-01-24,IN
u06-004585,user4585@corp.io,2026-05-25,DE
u06-004586,user4586@corp.io,2026-04-27,AU
u06-004587,user4587@example.com,2026-09-25,GB
u06-004588,user4588@example.com,2026-07-19,IN
u06-004589,user4589@uni.edu,2026-05-11,AU
u06-004590,user4590@corp.io,2026-07-27,IN
u06-004591,user4591@mail.co.in,2026-01-26,US
u06-004592,user4592@mail.co.in,2026-01-12,SG
u06-004593,user4593@corp.io,2026-09-27,DE
u06-004594,user4594@example.com,2026-03-19,SG
u06-004595,user4595@example.com,2026-07-21,US
u06-004596,user4596@example.com,2026-02-13,AU
u06-004597,user4597@uni.edu,2026-04-26,AU
u06-004598,user4598@mail.co.in,2026-05-17,GB
u06-004599,user4599@mail.co.in,2026-04-17,SG
u06-004600,user4600@example.com,2026-07-17,IN
u06-004601,user4601@example.com,2026-04-18,SG
u06-004602,user4602@uni.edu,2026-03-12,SG
u06-004603,user4603@corp.io,2026-07-13,SG
u06-004604,user4604@uni.edu,2026-06-10,SG
u06-004605,user4605@uni.edu,2026-07-25,GB
u06-004606,user4606@mail.co.in,2026-08-15,IN
u06-004607,user4607@corp.io,2026-01-26,US
u06-004608,user4608@corp.io,2026-07-16,DE
u06-004609,user4609@corp.io,2026-04-14,AU
u06-004610,user4610@corp.io,2026-08-25,AU
u06-004611,user4611@mail.co.in,2026-08-21,AU
u06-004612,user4612@mail.co.in,2026-01-19,IN
u06-004613,user4613@corp.io,2026-06-25,AU
u06-004614,user4614@corp.io,2026-06-19,DE
u06-004615,user4615@corp.io,2026-06-10,AU
u06-004616,user4616@example.com,2026-06-28,GB
u06-004617,user4617@uni.edu,2026-01-22,IN
u06-004618,user4618@corp.io,2026-01-24,IN
u06-004619,user4619@corp.io,2026-05-22,US
u06-004620,user4620@example.com,2026-02-17,IN
u06-004621,user4621@corp.io,2026-01-12,GB
u06-004622,user4622@example.com,2026-03-26,GB
u06-004623,user4623@corp.io,2026-03-24,AU
u06-004624,user4624@corp.io,2026-06-17,SG
u06-004625,user4625@corp.io,2026-01-13,GB
u06-004626,user4626@uni.edu,2026-07-22,DE
u06-004627,user4627@mail.co.in,2026-08-24,DE
u06-004628,user4628@mail.co.in,2026-06-17,AU
u06-004629,user4629@example.com,2026-01-19,GB
u06-004630,user4630@example.com,2026-08-19,GB
u06-004631,user4631@example.com,2026-09-23,US
u06-004632,user4632@uni.edu,2026-01-10,AU
u06-004633,user4633@uni.edu,2026-09-11,GB
u06-004634,user4634@uni.edu,2026-05-27,US
u06-004635,user4635@example.com,2026-02-17,DE
u06-004636,user4636@corp.io,2026-01-23,US
u06-004637,user4637@mail.co.in,2026-04-20,DE
u06-004638,user4638@example.com,2026-09-18,IN
u06-004639,user4639@corp.io,2026-03-16,US
u06-004640,user4640@uni.edu,2026-05-14,DE
u06-004641,user4641@mail.co.in,2026-07-24,DE
u06-004642,user4642@example.com,2026-07-11,IN
u06-004643,user4643@mail.co.in,2026-02-28,GB
u06-004644,user4644@corp.io,2026-02-11,SG
u06-004645,user4645@uni.edu,2026-08-14,SG
u06-004646,user4646@mail.co.in,2026-06-24,SG
u06-004647,user4647@corp.io,2026-01-24,IN
u06-004648,user4648@mail.co.in,2026-07-17,SG
u06-004649,user4649@mail.co.in,2026-06-23,DE
u06-004650,user4650@mail.co.in,2026-08-20,DE
u06-004651,user4651@example.com,2026-02-15,IN
u06-004652,user4652@corp.io,2026-03-28,AU
u06-004653,user4653@uni.edu,2026-05-13,GB
u06-004654,user4654@example.com,2026-04-27,AU
u06-004655,user4655@uni.edu,2026-07-26,DE
u06-004656,user4656@uni.edu,2026-04-22,SG
u06-004657,user4657@uni.edu,2026-09-23,US
u06-004658,user4658@example.com,2026-01-19,IN
u06-004659,user4659@example.com,2026-08-20,DE
u06-004660,user4660@uni.edu,2026-08-12,IN
u06-004661,user4661@corp.io,2026-01-28,US
u06-004662,user4662@uni.edu,2026-07-16,SG
u06-004663,user4663@corp.io,2026-05-16,AU
u06-004664,user4664@corp.io,2026-04-26,US
u06-004665,user4665@example.com,2026-06-13,SG
u06-004666,user4666@example.com,2026-08-15,IN
u06-004667,user4667@corp.io,2026-05-12,SG
u06-004668,user4668@mail.co.in,2026-03-21,DE
u06-004669,user4669@example.com,2026-01-26,AU
u06-004670,user4670@corp.io,2026-01-14,GB
u06-004671,user4671@corp.io,2026-06-27,AU
u06-004672,user4672@mail.co.in,2026-07-16,GB
u06-004673,user4673@uni.edu,2026-04-24,GB
u06-004674,user4674@corp.io,2026-05-14,US
u06-004675,user4675@corp.io,2026-07-14,DE
u06-004676,user4676@example.com,2026-09-16,AU
u06-004677,user4677@mail.co.in,2026-04-28,SG
u06-004678,user4678@uni.edu,2026-02-27,IN
u06-004679,user4679@corp.io,2026-06-24,DE
u06-004680,user4680@example.com,2026-07-15,IN
u06-004681,user4681@uni.edu,2026-06-14,IN
u06-004682,user4682@corp.io,2026-07-27,DE
u06-004683,user4683@mail.co.in,2026-09-13,SG
u06-004684,user4684@corp.io,2026-04-24,SG
u06-004685,user4685@mail.co.in,2026-01-22,AU
u06-004686,user4686@corp.io,2026-01-14,US
u06-004687,user4687@mail.co.in,2026-08-28,DE
u06-004688,user4688@corp.io,2026-05-14,IN
u06-004689,user4689@example.com,2026-07-19,US
u06-004690,user4690@corp.io,2026-03-25,SG
u06-004691,user4691@corp.io,2026-09-19,GB
u06-004692,user4692@example.com,2026-07-21,GB
u06-004693,user4693@uni.edu,2026-04-25,AU
u06-004694,user4694@corp.io,2026-04-14,DE
u06-004695,user4695@mail.co.in,2026-09-24,US
u06-004696,user4696@mail.co.in,2026-05-10,US
u06-004697,user4697@mail.co.in,2026-01-13,AU
u06-004698,user4698@mail.co.in,2026-04-11,AU
u06-004699,user4699@example.com,2026-02-15,AU
u06-004700,user4700@uni.edu,2026-05-17,DE
u06-004701,user4701@corp.io,2026-01-28,SG
u06-004702,user4702@example.com,2026-07-12,DE
u06-004703,user4703@example.com,2026-04-16,AU
u06-004704,user4704@corp.io,2026-05-10,DE
u06-004705,user4705@mail.co.in,2026-05-18,DE
u06-004706,user4706@uni.edu,2026-04-23,GB
u06-004707,user4707@corp.io,2026-09-27,AU
u06-004708,user4708@mail.co.in,2026-06-23,US
u06-004709,user4709@mail.co.in,2026-04-13,IN
u06-004710,user4710@mail.co.in,2026-08-16,IN
u06-004711,user4711@uni.edu,2026-06-16,SG
u06-004712,user4712@corp.io,2026-03-22,GB
u06-004713,user4713@mail.co.in,2026-01-15,SG
u06-004714,user4714@uni.edu,2026-03-11,AU
u06-004715,user4715@example.com,2026-05-18,AU
u06-004716,user4716@example.com,2026-07-25,AU
u06-004717,user4717@mail.co.in,2026-09-17,US
u06-004718,user4718@uni.edu,2026-04-18,AU
u06-004719,user4719@corp.io,2026-02-21,SG
u06-004720,user4720@uni.edu,2026-01-14,AU
u06-004721,user4721@mail.co.in,2026-04-10,US
u06-004722,user4722@uni.edu,2026-04-19,SG
u06-004723,user4723@uni.edu,2026-05-28,IN
u06-004724,user4724@corp.io,2026-07-24,AU
u06-004725,user4725@example.com,2026-05-12,GB
u06-004726,user4726@example.com,2026-02-18,AU
u06-004727,user4727@mail.co.in,2026-07-27,GB
u06-004728,user4728@example.com,2026-02-17,IN
u06-004729,user4729@corp.io,2026-02-12,US
u06-004730,user4730@corp.io,2026-09-19,SG
u06-004731,user4731.mail.co.in,2026-01-20,SG
u06-004732,user4732@uni.edu,2026-05-15,AU
u06-004733,user4733@example.com,2026-05-17,DE
u06-004734,user4734@corp.io,2026-06-19,DE
u06-004735,user4735@mail.co.in,2026-02-26,SG
u06-004736,user4736@example.com,2026-06-16,SG
u06-004737,user4737@mail.co.in,2026-09-22,DE
u06-004738,user4738@uni.edu,2026-06-25,GB
u06-004739,user4739@corp.io,2026-02-14,GB
u06-004740,user4740@uni.edu,2026-03-18,SG
u06-004741,user4741@uni.edu,2026-08-22,GB
u06-004742,user4742@corp.io,2026-08-20,GB
u06-004743,user4743@corp.io,2026-04-25,SG
u06-004744,user4744@mail.co.in,2026-05-14,IN
u06-004745,user4745@uni.edu,2026-09-16,SG
u06-004746,user4746@corp.io,2026-09-21,AU
u06-004747,user4747@corp.io,2026-03-15,SG
u06-004748,user4748@mail.co.in,2026-03-24,SG
u06-004749,user4749@uni.edu,2026-09-28,GB
u06-004750,user4750@example.com,2026-05-14,GB
u06-004751,user4751@example.com,2026-06-18,AU
u06-004752,user4752@example.com,2026-03-18,AU
u06-004753,user4753@mail.co.in,2026-02-23,GB
u06-004754,user4754@uni.edu,2026-01-12,DE
u06-004755,user4755@mail.co.in,2026-06-25,IN
u06-004756,user4756@mail.co.in,2026-04-15,IN
u06-004757,user4757@uni.edu,2026-08-24,DE
u06-004758,user4758@mail.co.in,2026-06-16,IN
u06-004759,user4759@mail.co.in,2026-01-20,GB
u06-004760,user4760@example.com,2026-06-17,AU
u06-004761,user4761@corp.io,2026-07-19,GB
u06-004762,user4762@corp.io,2026-07-27,DE
u06-004763,user4763@example.com,2026-09-26,US
u06-004764,user4764@uni.edu,2026-07-17,DE
u06-004765,user4765@uni.edu,2026-08-24,US
u06-004766,user4766@corp.io,2026-01-16,SG
u06-004767,user4767@uni.edu,2026-09-22,AU
u06-004768,user4768@mail.co.in,2026-08-26,IN
u06-004769,user4769@uni.edu,2026-04-15,AU
u06-004770,user4770@mail.co.in,2026-02-18,US
u06-004771,user4771@corp.io,2026-03-26,SG
u06-004772,user4772@corp.io,2026-02-22,GB
u06-004773,user4773@uni.edu,2026-09-22,US
u06-004774,user4774@corp.io,2026-01-26,SG
u06-004775,user4775@corp.io,2026-05-19,AU
u06-004776,user4776@uni.edu,2026-06-15,AU
u06-004777,user4777@mail.co.in,2026-01-18,SG
u06-004778,user4778@mail.co.in,2026-06-16,GB
u06-004779,user4779@uni.edu,2026-06-12,GB
u06-004780,user4780@uni.edu,2026-04-23,AU
u06-004781,user4781@uni.edu,2026-04-11,US
u06-004782,user4782@example.com,2026-07-11,US
u06-004783,user4783@example.com,2026-01-28,IN
u06-004784,user4784@corp.io,2026-08-12,IN
u06-004785,user4785@corp.io,2026-08-11,IN
u06-004786,user4786@mail.co.in,2026-06-11,US
u06-004787,user4787@corp.io,2026-01-14,IN
u06-004788,user4788@mail.co.in,2026-09-26,DE
u06-004789,user4789@corp.io,2026-09-15,AU
u06-004790,user4790@mail.co.in,2026-05-14,SG
u06-004791,user4791@corp.io,2026-04-24,DE
u06-004792,user4792@example.com,2026-06-23,AU
u06-004793,user4793@mail.co.in,2026-03-13,SG
u06-004794,user4794@example.com,2026-06-12,US
u06-004795,user4795@example.com,2026-08-22,AU
u06-004796,user4796@mail.co.in,2026-07-17,SG
u06-004797,user4797@uni.edu,2026-01-19,IN
u06-004798,user4798@corp.io,2026-04-13,IN
u06-004799,user4799@uni.edu,2026-02-14,DE
u06-004800,user4800@corp.io,2026-08-22,SG
u06-004801,user4801@corp.io,2026-07-25,IN
u06-004802,user4802@uni.edu,2026-09-21,GB
u06-004803,user4803@corp.io,2026-07-16,SG
u06-004804,user4804@example.com,2026-02-24,SG
u06-004805,user4805@example.com,2026-08-28,DE
u06-004806,user4806@example.com,2026-06-24,DE
u06-004807,user4807@uni.edu,2026-03-24,AU
u06-004808,user4808@corp.io,2026-04-23,AU
u06-004809,user4809@example.com,2026-01-26,GB
u06-004810,user4810@example.com,2026-08-25,GB
u06-004811,user4811@example.com,2026-08-13,DE
u06-004812,user4812@mail.co.in,2026-03-15,SG
u06-004813,user4813@corp.io,2026-09-24,AU
u06-004814,user4814@mail.co.in,2026-08-13,AU
u06-004815,user4815@corp.io,2026-02-21,DE
u06-004816,user4816@mail.co.in,2026-09-13,SG
u06-004817,user4817@corp.io,2026-06-10,AU
u06-004818,user4818@mail.co.in,2026-08-13,SG
u06-004819,user4819@corp.io,2026-04-16,AU
u06-004820,user4820@corp.io,2026-08-14,GB
u06-004821,user4821@uni.edu,2026-03-12,GB
u06-004822,user4822@corp.io,2026-06-28,AU
u06-004823,user4823@corp.io,2026-08-20,SG
u06-004824,user4824@mail.co.in,2026-02-28,US
u06-004825,user4825@corp.io,2026-09-23,SG
u06-004826,user4826@corp.io,2026-09-10,AU
u06-004827,user4827@uni.edu,2026-06-14,GB
u06-004828,user4828@corp.io,2026-08-22,GB
u06-004829,user4829@corp.io,2026-08-13,DE
u06-004830,user4830@corp.io,2026-08-21,IN
u06-004831,user4831@example.com,2026-07-27,GB
u06-004832,user4832@corp.io,2026-02-17,US
u06-004833,user4833@corp.io,2026-09-24,US
u06-004834,user4834@mail.co.in,2026-03-13,DE
u06-004835,user4835@mail.co.in,2026-04-21,DE
u06-004836,user4836@mail.co.in,2026-07-18,AU
u06-004837,user4837@mail.co.in,2026-09-10,US
u06-004838,user4838@example.com,2026-06-28,GB
u06-004839,user4839@uni.edu,2026-03-21,DE
u06-004840,user4840@example.com,2026-04-15,AU
u06-004841,user4841@example.com,2026-07-26,SG
u06-004842,user4842@mail.co.in,2026-06-15,SG
u06-004843,user4843@uni.edu,2026-06-14,IN
u06-004844,user4844@example.com,2026-03-12,US
u06-004845,user4845@example.com,2026-01-20,IN
u06-004846,user4846@mail.co.in,2026-03-25,AU
u06-004847,user4847@example.com,2026-03-17,DE
u06-004848,user4848@example.com,2026-03-28,US
u06-004849,user4849@corp.io,2026-02-26,DE
u06-004850,user4850@corp.io,2026-04-21,GB
u06-004851,user4851@uni.edu,2026-08-17,DE
u06-004852,user4852@uni.edu,2026-05-27,GB
u06-004853,user4853@mail.co.in,2026-04-22,DE
u06-004854,user4854@corp.io,2026-02-22,IN
u06-004855,user4855@mail.co.in,2026-07-21,SG
u06-004856,user4856@mail.co.in,2026-01-15,IN
u06-004857,user4857@corp.io,2026-06-10,GB
u06-004858,user4858@corp.io,2026-06-26,US
u06-004859,user4859@example.com,2026-04-27,US
u06-004860,user4860@example.com,2026-02-25,IN
u06-004861,user4861@example.com,2026-05-22,GB
u06-004862,user4862@mail.co.in,2026-04-17,AU
u06-004863,user4863@example.com,2026-07-22,US
u06-004864,user4864@corp.io,2026-03-24,US
u06-004865,user4865@uni.edu,2026-03-15,IN
u06-004866,user4866@mail.co.in,2026-07-14,GB
u06-004867,user4867@corp.io,2026-09-12,GB
u06-004868,user4868@mail.co.in,2026-09-18,IN
u06-004869,user4869@example.com,2026-07-14,SG
u06-004870,user4870@example.com,2026-05-28,AU
u06-004871,user4871@uni.edu,2026-01-18,SG
u06-004872,user4872@uni.edu,2026-08-24,GB
u06-004873,user4873@mail.co.in,2026-06-14,SG
u06-004874,user4874@corp.io,2026-05-20,DE
u06-004875,user4875@uni.edu,2026-07-12,SG
u06-004876,user4876@mail.co.in,2026-05-14,IN
u06-004877,user4877@corp.io,2026-02-10,AU
u06-004878,user4878@mail.co.in,2026-07-16,AU
u06-004879,user4879@example.com,2026-01-15,SG
u06-004880,user4880@uni.edu,2026-02-24,AU
u06-004881,user4881@uni.edu,2026-01-26,GB
u06-004882,user4882@example.com,2026-09-26,IN
u06-004883,user4883@corp.io,2026-04-13,AU
u06-004884,user4884@example.com,2026-08-18,AU
u06-004885,user4885@mail.co.in,2026-06-10,AU
u06-004886,user4886@mail.co.in,2026-05-19,IN
u06-004887,user4887@corp.io,2026-05-11,AU
u06-004888,user4888@uni.edu,2026-08-11,DE
u06-004889,user4889@corp.io,2026-05-13,AU
u06-004890,user4890@example.com,2026-06-23,US
u06-004891,user4891@example.com,2026-04-21,US
u06-004892,user4892@uni.edu,2026-01-28,IN
u06-004893,user4893@mail.co.in,2026-06-21,DE
u06-004894,user4894@corp.io,2026-01-21,DE
u06-004895,user4895@mail.co.in,2026-02-15,SG
u06-004896,user4896@mail.co.in,2026-06-10,IN
u06-004897,user4897@example.com,2026-01-12,AU
u06-004898,user4898@corp.io,2026-09-16,US
u06-004899,user4899@example.com,2026-08-11,DE
u06-004900,user4900@example.com,2026-05-26,DE
u06-004901,user4901@example.com,2026-06-24,GB
u06-004902,user4902@example.com,2026-02-18,US
u06-004903,user4903@mail.co.in,2026-07-22,DE
u06-004904,user4904@mail.co.in,2026-09-14,AU
u06-004905,user4905@uni.edu,2026-04-25,DE
u06-004906,user4906@corp.io,2026-08-25,GB
u06-004907,user4907@example.com,2026-03-14,GB
u06-004908,user4908@mail.co.in,2026-08-27,US
u06-004909,user4909@uni.edu,2026-03-21,US
u06-004910,user4910@uni.edu,2026-07-25,AU
u06-004911,user4911@mail.co.in,2026-09-20,IN
u06-004912,user4912@uni.edu,2026-08-26,US
u06-004913,user4913@example.com,2026-06-26,US
u06-004914,user4914@corp.io,2026-02-28,IN
u06-004915,user4915@mail.co.in,2026-08-22,AU
u06-004916,user4916@example.com,2026-04-21,GB
u06-004917,user4917@example.com,2026-08-18,DE
u06-004918,user4918@example.com,2026-04-21,IN
u06-004919,user4919@corp.io,2026-07-28,SG
u06-004920,user4920@example.com,2026-05-24,GB
u06-004921,user4921@corp.io,2026-04-16,AU
u06-004922,user4922@uni.edu,2026-08-28,GB
u06-004923,user4923@uni.edu,2026-06-15,US
u06-004924,user4924@uni.edu,2026-05-27,GB
u06-004925,user4925@corp.io,2026-02-15,DE
u06-004926,user4926@mail.co.in,2026-08-15,IN
u06-004927,user4927@uni.edu,2026-06-13,US
u06-004928,user4928@uni.edu,2026-06-14,SG
u06-004929,user4929@mail.co.in,2026-07-23,SG
u06-004930,user4930@uni.edu,2026-06-11,GB
u06-004931,user4931@mail.co.in,2026-07-10,AU
u06-004932,user4932@corp.io,2026-08-20,US
u06-004933,user4933@corp.io,2026-02-10,DE
u06-004934,user4934@mail.co.in,2026-03-24,DE
u06-004935,user4935@corp.io,2026-01-14,US
u06-004936,user4936@uni.edu,2026-02-21,AU
u06-004937,user4937@corp.io,2026-05-18,SG
u06-004938,user4938@uni.edu,2026-04-18,GB
u06-004939,user4939@corp.io,2026-06-21,AU
u06-004940,user4940@uni.edu,2026-07-12,IN
u06-004941,user4941@example.com,2026-01-11,GB
u06-004942,user4942@corp.io,2026-04-10,US
u06-004943,user4943@mail.co.in,2026-02-22,SG
u06-004944,user4944@example.com,2026-06-25,US
u06-004945,user4945@corp.io,2026-04-28,US
u06-004946,user4946@mail.co.in,2026-08-22,US
u06-004947,user4947@example.com,2026-07-25,GB
u06-004948,user4948@example.com,2026-05-12,DE
u06-004949,user4949@mail.co.in,2026-09-15,GB
u06-004950,user4950@corp.io,2026-05-16,AU
u06-004951,user4951@example.com,2026-04-25,US
u06-004952,user4952@example.com,2026-07-27,US
u06-004953,user4953@example.com,2026-03-22,AU
u06-004954,user4954@example.com,2026-01-19,IN
u06-004955,user4955@uni.edu,2026-02-13,AU
u06-004956,user4956@example.com,2026-03-22,AU
u06-004957,user4957@uni.edu,2026-01-23,GB
u06-004958,user4958@mail.co.in,2026-06-23,AU
u06-004959,user4959@example.com,2026-07-13,US
u06-004960,user4960@mail.co.in,2026-06-25,US
u06-004961,user4961@mail.co.in,2026-07-15,US
u06-004962,user4962@corp.io,2026-02-11,US
u06-004963,user4963@uni.edu,2026-09-13,US
u06-004964,user4964@corp.io,2026-05-21,IN
u06-004965,user4965@mail.co.in,2026-06-23,GB
u06-004966,user4966@corp.io,2026-03-12,GB
u06-004967,user4967@example.com,2026-04-23,GB
u06-004968,user4968@corp.io,2026-05-12,GB
u06-004969,user4969@corp.io,2026-01-23,US
u06-004970,user4970@corp.io,2026-07-19,GB
u06-004971,user4971@uni.edu,2026-08-26,AU
u06-004972,user4972@corp.io,2026-09-17,AU
u06-004973,user4973@mail.co.in,2026-06-28,AU
u06-004974,user4974@corp.io,2026-01-25,DE
u06-004975,user4975@corp.io,2026-04-25,US
u06-004976,user4976@corp.io,2026-08-24,IN
u06-004977,user4977@corp.io,2026-02-11,AU
u06-004978,user4978@mail.co.in,2026-06-28,SG
u06-004979,user4979@uni.edu,2026-05-12,IN
u06-004980,user4980@example.com,2026-05-28,AU
u06-004981,user4981@corp.io,2026-04-22,AU
u06-004982,user4982@uni.edu,2026-03-20,AU
u06-004983,user4983@mail.co.in,2026-09-14,DE
u06-004984,user4984@example.com,2026-04-17,SG
u06-004985,user4985@example.com,2026-01-12,AU
u06-004986,user4986@mail.co.in,2026-04-18,US
u06-004987,user4987@uni.edu,2026-08-28,AU
u06-004988,user4988@corp.io,2026-01-13,GB
u06-004989,user4989@corp.io,2026-02-19,SG
u06-004990,user4990@uni.edu,2026-01-15,GB
u06-004991,user4991@mail.co.in,2026-02-21,AU
u06-004992,user4992@uni.edu,2026-08-14,DE
u06-004993,user4993@mail.co.in,2026-06-26,GB
u06-004994,user4994@uni.edu,2026-05-25,IN
u06-004995,user4995@uni.edu,2026-04-10,SG
u06-004996,user4996@mail.co.in,2026-06-28,SG
u06-004997,user4997@example.com,2026-08-11,US
u06-004998,user4998@mail.co.in,2026-03-23,IN
u06-004999,user4999@example.com,2026-05-12,DE
